{"type": "FeatureCollection", "features": [{"type": "Feature", "geometry": {"type": "LineString", "coordinates": [[11.5865302, 48.1647676], [11.5865128, 48.1651469]]}, "properties": {"group": "way", "way_id": 4701144, "tags": {"highway": "secondary"}, "bridge": false, "node_ids": [31861958, 3213296429], "n_nodes": 2, "stroke": "#999999", "stroke-width": 6, "stroke-opacity": 0.4}}, {"type": "Feature", "geometry": {"type": "LineString", "coordinates": [[11.5855087, 48.1776921], [11.5854925, 48.1777998], [11.5854771, 48.177847], [11.5854464, 48.1779], [11.585405, 48.177963], [11.5853567, 48.1780204]]}, "properties": {"group": "way", "way_id": 25402986, "tags": {"highway": "primary"}, "bridge": false, "node_ids": [13888060, 1015946167, 3759740597, 1015956648, 2709446864, 1015956637], "n_nodes": 6, "stroke": "#999999", "stroke-width": 6, "stroke-opacity": 0.4}}, {"type": "Feature", "geometry": {"type": "LineString", "coordinates": [[11.585226, 48.1760994], [11.5852664, 48.1759666], [11.585284, 48.175924], [11.5852937, 48.1758945], [11.5854238, 48.1755007], [11.5854672, 48.1753093], [11.5855117, 48.1749373], [11.5856066, 48.1738605], [11.5856127, 48.1737918]]}, "properties": {"group": "way", "way_id": 25402988, "tags": {"highway": "secondary"}, "bridge": false, "node_ids": [243508598, 2709448529, 264023426, 1473221234, 243508706, 1473221313, 243508707, 2138722653, 5330131511], "n_nodes": 9, "stroke": "#999999", "stroke-width": 6, "stroke-opacity": 0.4}}, {"type": "Feature", "geometry": {"type": "LineString", "coordinates": [[11.5865502, 48.1642151], [11.5865491, 48.1642892]]}, "properties": {"group": "way", "way_id": 27135800, "tags": {"highway": "secondary"}, "bridge": false, "node_ids": [21092022, 21495319], "n_nodes": 2, "stroke": "#999999", "stroke-width": 6, "stroke-opacity": 0.4}}, {"type": "Feature", "geometry": {"type": "LineString", "coordinates": [[11.5844579, 48.157246], [11.584501, 48.1573376], [11.58462, 48.1575907], [11.5847661, 48.1579379]]}, "properties": {"group": "way", "way_id": 31344436, "tags": {"highway": "secondary"}, "bridge": false, "node_ids": [1652860049, 2329230943, 442906285, 13051886611], "n_nodes": 4, "stroke": "#999999", "stroke-width": 6, "stroke-opacity": 0.4}}, {"type": "Feature", "geometry": {"type": "LineString", "coordinates": [[11.586236, 48.1633369], [11.5861972, 48.1628655], [11.5861886, 48.162761], [11.5861756, 48.1625982], [11.586175, 48.1625903], [11.5861744, 48.1625828], [11.5861663, 48.1624942], [11.5861404, 48.1623322], [11.5861196, 48.1619709]]}, "properties": {"group": "way", "way_id": 33487023, "tags": {"highway": "cycleway"}, "bridge": false, "node_ids": [371663701, 3746970769, 10783723331, 3149361107, 3149361106, 3149361105, 1482725935, 12982051204, 3392905425], "n_nodes": 9, "stroke": "#999999", "stroke-width": 6, "stroke-opacity": 0.4}}, {"type": "Feature", "geometry": {"type": "LineString", "coordinates": [[11.5852235, 48.1592892], [11.5851958, 48.159228], [11.5852066, 48.159176], [11.5851863, 48.1591321], [11.5851406, 48.1590359], [11.5847588, 48.1582289], [11.5844327, 48.1575017], [11.5843792, 48.1573911], [11.5843372, 48.1573516], [11.5842982, 48.1572692], [11.5842672, 48.1571967]]}, "properties": {"group": "way", "way_id": 33487024, "tags": {"highway": "cycleway"}, "bridge": false, "node_ids": [371644443, 1078797575, 1078797561, 3953447066, 418766159, 371644455, 1156427676, 2329230952, 922831064, 371644432, 922879365], "n_nodes": 11, "stroke": "#999999", "stroke-width": 6, "stroke-opacity": 0.4}}, {"type": "Feature", "geometry": {"type": "LineString", "coordinates": [[11.5855853, 48.1593399], [11.5859263, 48.1600881], [11.5859807, 48.1601994], [11.5860858, 48.1603978], [11.5863359, 48.1609379], [11.5863548, 48.1609838], [11.5863845, 48.1611409], [11.586465, 48.1613297], [11.58662, 48.1616644], [11.586654, 48.1616931]]}, "properties": {"group": "way", "way_id": 33487025, "tags": {"highway": "cycleway"}, "bridge": false, "node_ids": [3953447070, 361056770, 371644481, 361056771, 361056772, 371644486, 5324199919, 5324199920, 361056773, 1078797520], "n_nodes": 10, "stroke": "#999999", "stroke-width": 6, "stroke-opacity": 0.4}}, {"type": "Feature", "geometry": {"type": "LineString", "coordinates": [[11.5868191, 48.1619859], [11.586874, 48.1621265], [11.5868783, 48.1621412], [11.5868796, 48.1621535], [11.5868728, 48.1621699], [11.5868586, 48.1621886], [11.5868161, 48.16225], [11.5867815, 48.1623061], [11.5866485, 48.1624987], [11.5865811, 48.1625463], [11.5865356, 48.1625804], [11.5865188, 48.1625945], [11.5865063, 48.162608], [11.5864529, 48.162675]]}, "properties": {"group": "way", "way_id": 33487030, "tags": {"highway": "cycleway"}, "bridge": false, "node_ids": [3388424657, 2145851206, 3779376112, 3779376113, 3779376115, 3388424656, 2640786608, 2962877945, 2640786637, 361056782, 3569802605, 11919872185, 10899170995, 3392905429], "n_nodes": 14, "stroke": "#999999", "stroke-width": 6, "stroke-opacity": 0.4}}, {"type": "Feature", "geometry": {"type": "LineString", "coordinates": [[11.582956, 48.1540817], [11.5830082, 48.1541912], [11.5830682, 48.1543171]]}, "properties": {"group": "way", "way_id": 34397762, "tags": {"highway": "secondary"}, "bridge": false, "node_ids": [27161291, 1488979951, 27159247], "n_nodes": 3, "stroke": "#999999", "stroke-width": 6, "stroke-opacity": 0.4}}, {"type": "Feature", "geometry": {"type": "LineString", "coordinates": [[11.5851037, 48.1776915], [11.5850736, 48.1776283], [11.5850481, 48.177567], [11.5850147, 48.17744], [11.5850005, 48.1773457]]}, "properties": {"group": "way", "way_id": 36580422, "tags": {"highway": "primary"}, "bridge": false, "node_ids": [21092097, 7997042057, 7997042058, 3420195981, 3420195982], "n_nodes": 5, "stroke": "#999999", "stroke-width": 6, "stroke-opacity": 0.4}}, {"type": "Feature", "geometry": {"type": "LineString", "coordinates": [[11.5854742, 48.1773528], [11.5854998, 48.1774601], [11.5855203, 48.1775837], [11.5855087, 48.1776921]]}, "properties": {"group": "way", "way_id": 36580429, "tags": {"highway": "primary"}, "bridge": false, "node_ids": [21092014, 7996998133, 1238687350, 13888060], "n_nodes": 4, "stroke": "#999999", "stroke-width": 6, "stroke-opacity": 0.4}}, {"type": "Feature", "geometry": {"type": "LineString", "coordinates": [[11.5839555, 48.1561777], [11.5843988, 48.1571203], [11.5844134, 48.1571513], [11.5844579, 48.157246]]}, "properties": {"group": "way", "way_id": 36914644, "tags": {"highway": "secondary"}, "bridge": false, "node_ids": [82734571, 13195289978, 1078797633, 1652860049], "n_nodes": 4, "stroke": "#999999", "stroke-width": 6, "stroke-opacity": 0.4}}, {"type": "Feature", "geometry": {"type": "LineString", "coordinates": [[11.5836711, 48.1555814], [11.5839222, 48.1561078], [11.5839555, 48.1561777]]}, "properties": {"group": "way", "way_id": 40147288, "tags": {"highway": "secondary"}, "bridge": false, "node_ids": [27152659, 7631982868, 82734571], "n_nodes": 3, "stroke": "#999999", "stroke-width": 6, "stroke-opacity": 0.4}}, {"type": "Feature", "geometry": {"type": "LineString", "coordinates": [[11.5860611, 48.1711666], [11.5860518, 48.1712672], [11.5860428, 48.1713639], [11.5860375, 48.1714204], [11.5860136, 48.1716774], [11.5859409, 48.1724574], [11.5859332, 48.1725303], [11.5859272, 48.1725852]]}, "properties": {"group": "way", "way_id": 47634429, "tags": {"highway": "secondary"}, "bridge": false, "node_ids": [313917477, 3896976841, 6701068796, 2709448056, 323826365, 323825979, 3783385833, 3178721166], "n_nodes": 8, "stroke": "#999999", "stroke-width": 6, "stroke-opacity": 0.4}}, {"type": "Feature", "geometry": {"type": "LineString", "coordinates": [[11.5860874, 48.1673046], [11.5860841, 48.1672058], [11.5861344, 48.1666273], [11.5861428, 48.1665649], [11.5861623, 48.1664685], [11.5861755, 48.1663596]]}, "properties": {"group": "way", "way_id": 49605509, "tags": {"highway": "secondary"}, "bridge": false, "node_ids": [1955583, 1120396333, 2709447035, 2709447241, 36717040, 3501441294], "n_nodes": 6, "stroke": "#999999", "stroke-width": 6, "stroke-opacity": 0.4}}, {"type": "Feature", "geometry": {"type": "LineString", "coordinates": [[11.586329, 48.1673215], [11.5863405, 48.1674229], [11.5863361, 48.1679304], [11.586328, 48.1683016], [11.5862827, 48.168788], [11.5862745, 48.1688756]]}, "properties": {"group": "way", "way_id": 50220179, "tags": {"highway": "secondary"}, "bridge": false, "node_ids": [21092018, 1120396327, 2709447043, 260711112, 3098994076, 3098994079], "n_nodes": 6, "stroke": "#999999", "stroke-width": 6, "stroke-opacity": 0.4}}, {"type": "Feature", "geometry": {"type": "LineString", "coordinates": [[11.585083, 48.1585891], [11.5852148, 48.1588779], [11.5852566, 48.1589724], [11.5853198, 48.1590962], [11.5853254, 48.1591084], [11.5853816, 48.1592294]]}, "properties": {"group": "way", "way_id": 60363514, "tags": {"highway": "secondary"}, "bridge": false, "node_ids": [13103603172, 315972786, 1842043030, 1842043029, 13103603173, 27154468], "n_nodes": 6, "stroke": "#999999", "stroke-width": 6, "stroke-opacity": 0.4}}, {"type": "Feature", "geometry": {"type": "LineString", "coordinates": [[11.581905, 48.1522837], [11.5819428, 48.152242], [11.5819847, 48.1522156], [11.5820578, 48.152188], [11.5820935, 48.152185], [11.5821828, 48.1521857], [11.582288, 48.1522075]]}, "properties": {"group": "way", "way_id": 73207194, "tags": {"highway": "residential"}, "bridge": false, "node_ids": [18280282, 8358663143, 1115463903, 1078808643, 8042861497, 868440268, 18280280], "n_nodes": 7, "stroke": "#999999", "stroke-width": 6, "stroke-opacity": 0.4}}, {"type": "Feature", "geometry": {"type": "LineString", "coordinates": [[11.5823677, 48.1524715], [11.5822981, 48.1525163], [11.5822341, 48.1525353], [11.5821637, 48.1525427], [11.5820952, 48.1525435], [11.582036, 48.1525337]]}, "properties": {"group": "way", "way_id": 73207645, "tags": {"highway": "residential"}, "bridge": false, "node_ids": [868440290, 2036265385, 868447729, 1115463703, 868447737, 868440269], "n_nodes": 6, "stroke": "#999999", "stroke-width": 6, "stroke-opacity": 0.4}}, {"type": "Feature", "geometry": {"type": "LineString", "coordinates": [[11.5862537, 48.1644142], [11.5862852, 48.16418], [11.5862908, 48.1641075]]}, "properties": {"group": "way", "way_id": 83020814, "tags": {"highway": "cycleway"}, "bridge": false, "node_ids": [614343872, 371668064, 614343873], "n_nodes": 3, "stroke": "#999999", "stroke-width": 6, "stroke-opacity": 0.4}}, {"type": "Feature", "geometry": {"type": "LineString", "coordinates": [[11.5865811, 48.1625463], [11.5865603, 48.1625767], [11.5865821, 48.1629772], [11.5865937, 48.1632797], [11.5865993, 48.1633645]]}, "properties": {"group": "way", "way_id": 87607466, "tags": {"highway": "footway"}, "bridge": false, "node_ids": [361056782, 3779376132, 361056783, 2042190232, 9440661894], "n_nodes": 5, "stroke": "#999999", "stroke-width": 6, "stroke-opacity": 0.4}}, {"type": "Feature", "geometry": {"type": "LineString", "coordinates": [[11.582036, 48.1525337], [11.5819458, 48.152445], [11.5819225, 48.152389], [11.5819181, 48.1523665], [11.5819075, 48.1523118], [11.581905, 48.1522837]]}, "properties": {"group": "way", "way_id": 89840530, "tags": {"highway": "secondary"}, "bridge": false, "node_ids": [868440269, 8042777600, 8042787361, 1078808634, 8042861495, 18280282], "n_nodes": 6, "stroke": "#999999", "stroke-width": 6, "stroke-opacity": 0.4}}, {"type": "Feature", "geometry": {"type": "LineString", "coordinates": [[11.5863194, 48.1631675], [11.5862883, 48.1628278]]}, "properties": {"group": "way", "way_id": 93607081, "tags": {"highway": "secondary"}, "bridge": false, "node_ids": [8461370942, 2709447006], "n_nodes": 2, "stroke": "#999999", "stroke-width": 6, "stroke-opacity": 0.4}}, {"type": "Feature", "geometry": {"type": "LineString", "coordinates": [[11.5862908, 48.1641075], [11.586236, 48.1633369]]}, "properties": {"group": "way", "way_id": 101220845, "tags": {"highway": "cycleway"}, "bridge": false, "node_ids": [614343873, 371663701], "n_nodes": 2, "stroke": "#999999", "stroke-width": 6, "stroke-opacity": 0.4}}, {"type": "Feature", "geometry": {"type": "LineString", "coordinates": [[11.5863619, 48.1644701], [11.5863632, 48.1644015], [11.5863635, 48.1642389]]}, "properties": {"group": "way", "way_id": 127977584, "tags": {"highway": "secondary"}, "bridge": false, "node_ids": [21495320, 1305559163, 1955585], "n_nodes": 3, "stroke": "#999999", "stroke-width": 6, "stroke-opacity": 0.4}}, {"type": "Feature", "geometry": {"type": "LineString", "coordinates": [[11.5863635, 48.1642389], [11.5863346, 48.1633329]]}, "properties": {"group": "way", "way_id": 127977585, "tags": {"highway": "secondary"}, "bridge": false, "node_ids": [1955585, 6578727], "n_nodes": 2, "stroke": "#999999", "stroke-width": 6, "stroke-opacity": 0.4}}, {"type": "Feature", "geometry": {"type": "LineString", "coordinates": [[11.5865491, 48.1642892], [11.586547, 48.1643787], [11.5865302, 48.1647676]]}, "properties": {"group": "way", "way_id": 133729494, "tags": {"highway": "secondary"}, "bridge": false, "node_ids": [21495319, 622117757, 31861958], "n_nodes": 3, "stroke": "#999999", "stroke-width": 6, "stroke-opacity": 0.4}}, {"type": "Feature", "geometry": {"type": "LineString", "coordinates": [[11.582288, 48.1522075], [11.5823155, 48.1522406], [11.5823659, 48.152315], [11.582379, 48.1523993], [11.5823677, 48.1524715]]}, "properties": {"group": "way", "way_id": 135588108, "tags": {"highway": "secondary"}, "bridge": false, "node_ids": [18280280, 8042861496, 8042777599, 8042777606, 868440290], "n_nodes": 5, "stroke": "#999999", "stroke-width": 6, "stroke-opacity": 0.4}}, {"type": "Feature", "geometry": {"type": "LineString", "coordinates": [[11.5833088, 48.1548216], [11.5833529, 48.1549139], [11.5833576, 48.1549238], [11.583598, 48.1554281], [11.5836711, 48.1555814]]}, "properties": {"group": "way", "way_id": 135588109, "tags": {"highway": "secondary"}, "bridge": false, "node_ids": [13051886610, 9130200808, 2641008884, 296231136, 27152659], "n_nodes": 5, "stroke": "#999999", "stroke-width": 6, "stroke-opacity": 0.4}}, {"type": "Feature", "geometry": {"type": "LineString", "coordinates": [[11.5855349, 48.159717], [11.5853841, 48.1593818]]}, "properties": {"group": "way", "way_id": 146203609, "tags": {"highway": "secondary"}, "bridge": false, "node_ids": [1452374268, 3953447073], "n_nodes": 2, "stroke": "#999999", "stroke-width": 6, "stroke-opacity": 0.4}}, {"type": "Feature", "geometry": {"type": "LineString", "coordinates": [[11.5823273, 48.1527323], [11.5824381, 48.1529749], [11.5825124, 48.1531376], [11.5825345, 48.153186], [11.5827282, 48.1536039]]}, "properties": {"group": "way", "way_id": 151263118, "tags": {"highway": "secondary"}, "bridge": false, "node_ids": [18280277, 8042777602, 8042777601, 8042777603, 4749891699], "n_nodes": 5, "stroke": "#999999", "stroke-width": 6, "stroke-opacity": 0.4}}, {"type": "Feature", "geometry": {"type": "LineString", "coordinates": [[11.5823273, 48.1527323], [11.5822478, 48.1526667], [11.5821399, 48.1526003], [11.582036, 48.1525337]]}, "properties": {"group": "way", "way_id": 151263120, "tags": {"highway": "secondary"}, "bridge": false, "node_ids": [18280277, 8042777605, 1640829143, 868440269], "n_nodes": 4, "stroke": "#999999", "stroke-width": 6, "stroke-opacity": 0.4}}, {"type": "Feature", "geometry": {"type": "LineString", "coordinates": [[11.5854994, 48.1593576], [11.5859026, 48.1602157], [11.5861171, 48.1606525], [11.5862676, 48.1610051]]}, "properties": {"group": "way", "way_id": 151542344, "tags": {"highway": "secondary"}, "bridge": false, "node_ids": [3953447071, 27154466, 1643559082, 1955586], "n_nodes": 4, "stroke": "#999999", "stroke-width": 6, "stroke-opacity": 0.4}}, {"type": "Feature", "geometry": {"type": "LineString", "coordinates": [[11.5862151, 48.1618442], [11.5862079, 48.1617431], [11.5861725, 48.1613391], [11.586123, 48.1610573], [11.5860943, 48.1609731], [11.5859935, 48.1606777], [11.5858342, 48.1603446], [11.5857346, 48.1601268], [11.5856281, 48.1598907]]}, "properties": {"group": "way", "way_id": 151542345, "tags": {"highway": "secondary"}, "bridge": false, "node_ids": [4956635662, 1078797524, 1643559089, 1643559086, 2509348142, 1643559084, 1452374288, 1643559079, 1452950503], "n_nodes": 9, "stroke": "#999999", "stroke-width": 6, "stroke-opacity": 0.4}}, {"type": "Feature", "geometry": {"type": "LineString", "coordinates": [[11.586399, 48.1618087], [11.5864019, 48.1618672], [11.5864068, 48.1619577], [11.5864176, 48.1621619]]}, "properties": {"group": "way", "way_id": 151624978, "tags": {"highway": "secondary"}, "bridge": false, "node_ids": [21092020, 3779376101, 3779376106, 815844800], "n_nodes": 4, "stroke": "#999999", "stroke-width": 6, "stroke-opacity": 0.4}}, {"type": "Feature", "geometry": {"type": "LineString", "coordinates": [[11.5845795, 48.1843129], [11.5845964, 48.1841511], [11.5846179, 48.183902], [11.5846218, 48.1838613]]}, "properties": {"group": "way", "way_id": 152093112, "tags": {"highway": "primary"}, "bridge": false, "node_ids": [1955700, 1042772021, 2708986839, 3810579607], "n_nodes": 4, "stroke": "#999999", "stroke-width": 6, "stroke-opacity": 0.4}}, {"type": "Feature", "geometry": {"type": "LineString", "coordinates": [[11.5862583, 48.1624109], [11.5862244, 48.1619661], [11.5862151, 48.1618442]]}, "properties": {"group": "way", "way_id": 157964860, "tags": {"highway": "secondary"}, "bridge": false, "node_ids": [1701847425, 3779376107, 4956635662], "n_nodes": 3, "stroke": "#999999", "stroke-width": 6, "stroke-opacity": 0.4}}, {"type": "Feature", "geometry": {"type": "LineString", "coordinates": [[11.5864349, 48.1624433], [11.5864401, 48.1625282], [11.5864515, 48.162649], [11.5864529, 48.162675]]}, "properties": {"group": "way", "way_id": 157964861, "tags": {"highway": "secondary"}, "bridge": false, "node_ids": [1644583589, 2962877950, 10930050296, 3392905429], "n_nodes": 4, "stroke": "#999999", "stroke-width": 6, "stroke-opacity": 0.4}}, {"type": "Feature", "geometry": {"type": "LineString", "coordinates": [[11.5862167, 48.1694964], [11.5862111, 48.1695561], [11.5862058, 48.1696133], [11.5861808, 48.1698824], [11.586085, 48.1708825]]}, "properties": {"group": "way", "way_id": 165770527, "tags": {"highway": "secondary"}, "bridge": false, "node_ids": [21092017, 5522798834, 3899636967, 323818285, 587913223], "n_nodes": 5, "stroke": "#999999", "stroke-width": 6, "stroke-opacity": 0.4}}, {"type": "Feature", "geometry": {"type": "LineString", "coordinates": [[11.583836, 48.1556411], [11.5840129, 48.156035], [11.5840337, 48.1560822], [11.5840587, 48.1561412], [11.5842382, 48.1565044], [11.5843823, 48.1567721], [11.5845163, 48.1570431], [11.5845304, 48.1571105], [11.5845361, 48.1571376], [11.5845441, 48.1571535]]}, "properties": {"group": "way", "way_id": 192485140, "tags": {"highway": "cycleway"}, "bridge": false, "node_ids": [12089577277, 361056763, 7631982870, 601411903, 361056764, 10994143119, 361056765, 13195289980, 1078797583, 12089577276], "n_nodes": 10, "stroke": "#999999", "stroke-width": 6, "stroke-opacity": 0.4}}, {"type": "Feature", "geometry": {"type": "LineString", "coordinates": [[11.5831655, 48.154214], [11.5831961, 48.1542896]]}, "properties": {"group": "way", "way_id": 192485141, "tags": {"highway": "cycleway"}, "bridge": false, "node_ids": [12089577280, 372801594], "n_nodes": 2, "stroke": "#999999", "stroke-width": 6, "stroke-opacity": 0.4}}, {"type": "Feature", "geometry": {"type": "LineString", "coordinates": [[11.585847, 48.1711521], [11.5858507, 48.1711122], [11.585855, 48.1710657], [11.5858594, 48.1710184], [11.5859219, 48.1703445]]}, "properties": {"group": "way", "way_id": 203861267, "tags": {"highway": "secondary"}, "bridge": false, "node_ids": [2138722636, 1680435674, 1680435622, 1334594119, 54795154], "n_nodes": 5, "stroke": "#999999", "stroke-width": 6, "stroke-opacity": 0.4}}, {"type": "Feature", "geometry": {"type": "LineString", "coordinates": [[11.5861135, 48.1618649], [11.5861209, 48.1617583]]}, "properties": {"group": "way", "way_id": 204589459, "tags": {"highway": "cycleway"}, "bridge": false, "node_ids": [371658407, 1078797634], "n_nodes": 2, "stroke": "#999999", "stroke-width": 6, "stroke-opacity": 0.4}}, {"type": "Feature", "geometry": {"type": "LineString", "coordinates": [[11.5862537, 48.1644142], [11.5862337, 48.1643179], [11.5862264, 48.1641835], [11.5862095, 48.1638939], [11.586177, 48.1635794], [11.5861601, 48.1634142], [11.5861525, 48.1633402]]}, "properties": {"group": "way", "way_id": 210310284, "tags": {"highway": "footway"}, "bridge": false, "node_ids": [614343872, 2203963780, 3328961245, 2203963774, 11984286966, 13103639143, 2203963782], "n_nodes": 7, "stroke": "#999999", "stroke-width": 6, "stroke-opacity": 0.4}}, {"type": "Feature", "geometry": {"type": "LineString", "coordinates": [[11.5860018, 48.1694829], [11.5860118, 48.1693754], [11.5860907, 48.1684456]]}, "properties": {"group": "way", "way_id": 213883298, "tags": {"highway": "secondary"}, "bridge": false, "node_ids": [3417528580, 3899636958, 2091296500], "n_nodes": 3, "stroke": "#999999", "stroke-width": 6, "stroke-opacity": 0.4}}, {"type": "Feature", "geometry": {"type": "LineString", "coordinates": [[11.5857, 48.174813], [11.5856644, 48.1751671], [11.5856379, 48.1753164], [11.5855913, 48.1754502], [11.5855582, 48.1756081], [11.5855493, 48.1756778], [11.585539, 48.1758189], [11.5855277, 48.1758955], [11.5855236, 48.1759653], [11.5855054, 48.1762139]]}, "properties": {"group": "way", "way_id": 265416844, "tags": {"highway": "secondary"}, "bridge": false, "node_ids": [11176253383, 1163359338, 1473221275, 1473221310, 1473221248, 2709448524, 1163359336, 1473221278, 7982823, 3173412290], "n_nodes": 10, "stroke": "#999999", "stroke-width": 6, "stroke-opacity": 0.4}}, {"type": "Feature", "geometry": {"type": "LineString", "coordinates": [[11.5856681, 48.1731624], [11.585702, 48.1727779]]}, "properties": {"group": "way", "way_id": 265416847, "tags": {"highway": "secondary"}, "bridge": false, "node_ids": [2709448414, 3151341963], "n_nodes": 2, "stroke": "#999999", "stroke-width": 6, "stroke-opacity": 0.4}}, {"type": "Feature", "geometry": {"type": "LineString", "coordinates": [[11.5862883, 48.1628278], [11.5862724, 48.1625796]]}, "properties": {"group": "way", "way_id": 265463850, "tags": {"highway": "secondary"}, "bridge": false, "node_ids": [2709447006, 3569802606], "n_nodes": 2, "stroke": "#999999", "stroke-width": 6, "stroke-opacity": 0.4}}, {"type": "Feature", "geometry": {"type": "LineString", "coordinates": [[11.5851063, 48.178587], [11.5851402, 48.178263], [11.5851547, 48.1781116], [11.5851684, 48.1779628], [11.5851574, 48.1778183], [11.5851456, 48.1777826], [11.5851235, 48.1777332], [11.5851037, 48.1776915]]}, "properties": {"group": "way", "way_id": 265616622, "tags": {"highway": "primary"}, "bridge": false, "node_ids": [33638654, 2709446877, 1649201895, 1649201894, 1649201893, 1015945922, 8622442203, 21092097], "n_nodes": 8, "stroke": "#999999", "stroke-width": 6, "stroke-opacity": 0.4}}, {"type": "Feature", "geometry": {"type": "LineString", "coordinates": [[11.5842672, 48.1571967], [11.5842691, 48.1571589]]}, "properties": {"group": "way", "way_id": 287514644, "tags": {"highway": "cycleway"}, "bridge": false, "node_ids": [922879365, 1078797570], "n_nodes": 2, "stroke": "#999999", "stroke-width": 6, "stroke-opacity": 0.4}}, {"type": "Feature", "geometry": {"type": "LineString", "coordinates": [[11.5861209, 48.1617583], [11.5861139, 48.1617352], [11.5861056, 48.1616495], [11.5860986, 48.1615704], [11.5860796, 48.1613033], [11.5860214, 48.1609824], [11.5860141, 48.1609422], [11.5859166, 48.1606831], [11.5857536, 48.1603606], [11.5854956, 48.1598399], [11.5854862, 48.1598208], [11.5852786, 48.1594016], [11.5852235, 48.1592892]]}, "properties": {"group": "way", "way_id": 288092849, "tags": {"highway": "cycleway"}, "bridge": false, "node_ids": [1078797634, 1078797542, 1156427679, 3746906183, 1078797523, 2584356330, 361055688, 1078797506, 371644450, 13710988576, 13677180762, 3953447074, 371644443], "n_nodes": 13, "stroke": "#999999", "stroke-width": 6, "stroke-opacity": 0.4}}, {"type": "Feature", "geometry": {"type": "LineString", "coordinates": [[11.5849767, 48.1817404], [11.5849653, 48.1818385], [11.5849367, 48.1821066], [11.58492, 48.1823628], [11.5849041, 48.1825207], [11.5848961, 48.1826], [11.5848346, 48.1832117], [11.5848111, 48.1835206]]}, "properties": {"group": "way", "way_id": 307306445, "tags": {"highway": "primary"}, "bridge": false, "node_ids": [1903769493, 2160050158, 2709446905, 260493659, 4206690606, 4206690609, 260493649, 3505834363], "n_nodes": 8, "stroke": "#999999", "stroke-width": 6, "stroke-opacity": 0.4}}, {"type": "Feature", "geometry": {"type": "LineString", "coordinates": [[11.585702, 48.1727779], [11.5857043, 48.1727508], [11.5857315, 48.1724617], [11.5857506, 48.1722376], [11.5857877, 48.1718045], [11.585823, 48.1714105], [11.585837, 48.1712591], [11.5858402, 48.1712249], [11.585845, 48.1711732], [11.585847, 48.1711521]]}, "properties": {"group": "way", "way_id": 309789062, "tags": {"highway": "secondary"}, "bridge": false, "node_ids": [3151341963, 6170622141, 243508734, 13314231169, 4003236738, 2709448021, 3896976839, 1680435684, 1680435664, 2138722636], "n_nodes": 10, "stroke": "#999999", "stroke-width": 6, "stroke-opacity": 0.4}}, {"type": "Feature", "geometry": {"type": "LineString", "coordinates": [[11.5855054, 48.1762139], [11.585479, 48.1766233], [11.5854383, 48.1770062], [11.5854377, 48.1771275], [11.5854529, 48.1772228], [11.5854593, 48.1772632]]}, "properties": {"group": "way", "way_id": 311644249, "tags": {"highway": "secondary"}, "bridge": false, "node_ids": [3173412290, 1239543991, 21092016, 7997042055, 3420195977, 1015946195], "n_nodes": 6, "stroke": "#999999", "stroke-width": 6, "stroke-opacity": 0.4}}, {"type": "Feature", "geometry": {"type": "LineString", "coordinates": [[11.5859272, 48.1725852], [11.585926, 48.1725945], [11.585924, 48.1726151], [11.5859145, 48.1727033], [11.5859085, 48.1727592], [11.5858782, 48.1730427]]}, "properties": {"group": "way", "way_id": 312059531, "tags": {"highway": "secondary"}, "bridge": false, "node_ids": [3178721166, 3783385837, 590819116, 587913225, 6170622140, 2709448409], "n_nodes": 6, "stroke": "#999999", "stroke-width": 6, "stroke-opacity": 0.4}}, {"type": "Feature", "geometry": {"type": "LineString", "coordinates": [[11.5865128, 48.1651469], [11.5865012, 48.1652784], [11.5863708, 48.1667547]]}, "properties": {"group": "way", "way_id": 315224428, "tags": {"highway": "secondary"}, "bridge": false, "node_ids": [3213296429, 11114514903, 3213296430], "n_nodes": 3, "stroke": "#999999", "stroke-width": 6, "stroke-opacity": 0.4}}, {"type": "Feature", "geometry": {"type": "LineString", "coordinates": [[11.5862745, 48.1688756], [11.5862341, 48.1693101], [11.5862271, 48.1693847], [11.5862167, 48.1694964]]}, "properties": {"group": "way", "way_id": 315224429, "tags": {"highway": "secondary"}, "bridge": false, "node_ids": [3098994079, 3417528586, 3899636961, 21092017], "n_nodes": 4, "stroke": "#999999", "stroke-width": 6, "stroke-opacity": 0.4}}, {"type": "Feature", "geometry": {"type": "LineString", "coordinates": [[11.5860907, 48.1684456], [11.5861007, 48.1677474], [11.5861008, 48.1675188], [11.5861008, 48.1674252], [11.5860874, 48.1673046]]}, "properties": {"group": "way", "way_id": 315224430, "tags": {"highway": "secondary"}, "bridge": false, "node_ids": [2091296500, 4695565603, 9672700504, 1120396331, 1955583], "n_nodes": 5, "stroke": "#999999", "stroke-width": 6, "stroke-opacity": 0.4}}, {"type": "Feature", "geometry": {"type": "LineString", "coordinates": [[11.5863708, 48.1667547], [11.5863449, 48.1670482], [11.5863383, 48.1671243], [11.5863308, 48.1672111], [11.586329, 48.1673215]]}, "properties": {"group": "way", "way_id": 315224431, "tags": {"highway": "secondary"}, "bridge": false, "node_ids": [3213296430, 1343582153, 9672700503, 1120396337, 21092018], "n_nodes": 5, "stroke": "#999999", "stroke-width": 6, "stroke-opacity": 0.4}}, {"type": "Feature", "geometry": {"type": "LineString", "coordinates": [[11.5859219, 48.1703445], [11.5859835, 48.1696805], [11.5859905, 48.1696052], [11.5859956, 48.1695506], [11.5860018, 48.1694829]]}, "properties": {"group": "way", "way_id": 315225203, "tags": {"highway": "secondary"}, "bridge": false, "node_ids": [54795154, 20461393, 3899636964, 5522817967, 3417528580], "n_nodes": 5, "stroke": "#999999", "stroke-width": 6, "stroke-opacity": 0.4}}, {"type": "Feature", "geometry": {"type": "LineString", "coordinates": [[11.5853567, 48.1780204], [11.5853299, 48.1780668], [11.5853156, 48.1781171], [11.5853043, 48.1781939], [11.5852852, 48.1783945], [11.5852773, 48.1785249], [11.5851937, 48.1794176], [11.585176, 48.1795123], [11.5851536, 48.1795829]]}, "properties": {"group": "way", "way_id": 315225707, "tags": {"highway": "primary"}, "bridge": false, "node_ids": [1015956637, 8622442209, 7996998129, 7996998130, 13888011, 36703118, 1903769494, 8622442205, 1903769495], "n_nodes": 9, "stroke": "#999999", "stroke-width": 6, "stroke-opacity": 0.4}}, {"type": "Feature", "geometry": {"type": "LineString", "coordinates": [[11.5864855, 48.1632837], [11.5865357, 48.1636994], [11.58655, 48.1641059], [11.5865502, 48.1642151]]}, "properties": {"group": "way", "way_id": 332176200, "tags": {"highway": "secondary"}, "bridge": false, "node_ids": [1644583591, 11985031610, 8409511721, 21092022], "n_nodes": 4, "stroke": "#999999", "stroke-width": 6, "stroke-opacity": 0.4}}, {"type": "Feature", "geometry": {"type": "LineString", "coordinates": [[11.5864529, 48.162675], [11.5864855, 48.1632837]]}, "properties": {"group": "way", "way_id": 332176203, "tags": {"highway": "secondary"}, "bridge": false, "node_ids": [3392905429, 1644583591], "n_nodes": 2, "stroke": "#999999", "stroke-width": 6, "stroke-opacity": 0.4}}, {"type": "Feature", "geometry": {"type": "LineString", "coordinates": [[11.5864855, 48.1632837], [11.5865993, 48.1633645]]}, "properties": {"group": "way", "way_id": 332176206, "tags": {"highway": "cycleway"}, "bridge": false, "node_ids": [1644583591, 9440661894], "n_nodes": 2, "stroke": "#999999", "stroke-width": 6, "stroke-opacity": 0.4}}, {"type": "Feature", "geometry": {"type": "LineString", "coordinates": [[11.5854593, 48.1772632], [11.5854742, 48.1773528]]}, "properties": {"group": "way", "way_id": 334897462, "tags": {"highway": "secondary"}, "bridge": false, "node_ids": [1015946195, 21092014], "n_nodes": 2, "stroke": "#999999", "stroke-width": 6, "stroke-opacity": 0.4}}, {"type": "Feature", "geometry": {"type": "LineString", "coordinates": [[11.5861755, 48.1663596], [11.5863077, 48.165272], [11.5863228, 48.1651484], [11.5863619, 48.1644701]]}, "properties": {"group": "way", "way_id": 343277912, "tags": {"highway": "secondary"}, "bridge": false, "node_ids": [3501441294, 11114514904, 28092173, 21495320], "n_nodes": 4, "stroke": "#999999", "stroke-width": 6, "stroke-opacity": 0.4}}, {"type": "Feature", "geometry": {"type": "LineString", "coordinates": [[11.5848111, 48.1835206], [11.5847849, 48.1837877], [11.5847547, 48.1841013], [11.5847508, 48.1841592], [11.5847347, 48.1843282]]}, "properties": {"group": "way", "way_id": 343757751, "tags": {"highway": "primary"}, "bridge": false, "node_ids": [3505834363, 260493658, 3423591999, 1042772260, 19369312], "n_nodes": 5, "stroke": "#999999", "stroke-width": 6, "stroke-opacity": 0.4}}, {"type": "Feature", "geometry": {"type": "LineString", "coordinates": [[11.5864176, 48.1621619], [11.5864349, 48.1624433]]}, "properties": {"group": "way", "way_id": 351235033, "tags": {"highway": "secondary"}, "bridge": false, "node_ids": [815844800, 1644583589], "n_nodes": 2, "stroke": "#999999", "stroke-width": 6, "stroke-opacity": 0.4}}, {"type": "Feature", "geometry": {"type": "LineString", "coordinates": [[11.5823677, 48.1524715], [11.5823507, 48.1525513], [11.582335, 48.1526328], [11.5823273, 48.1527323]]}, "properties": {"group": "way", "way_id": 365762133, "tags": {"highway": "secondary"}, "bridge": false, "node_ids": [868440290, 18280281, 8042777604, 18280277], "n_nodes": 4, "stroke": "#999999", "stroke-width": 6, "stroke-opacity": 0.4}}, {"type": "Feature", "geometry": {"type": "LineString", "coordinates": [[11.5846218, 48.1838613], [11.5847327, 48.1826961], [11.5847611, 48.1823978]]}, "properties": {"group": "way", "way_id": 377673767, "tags": {"highway": "primary"}, "bridge": false, "node_ids": [3810579607, 10075553867, 3810579606], "n_nodes": 3, "stroke": "#999999", "stroke-width": 6, "stroke-opacity": 0.4}}, {"type": "Feature", "geometry": {"type": "LineString", "coordinates": [[11.5847611, 48.1823978], [11.5848117, 48.1818657], [11.584813, 48.1818328], [11.5848209, 48.181732]]}, "properties": {"group": "way", "way_id": 377673771, "tags": {"highway": "primary"}, "bridge": false, "node_ids": [3810579606, 1649201897, 2160050156, 1955701], "n_nodes": 4, "stroke": "#999999", "stroke-width": 6, "stroke-opacity": 0.4}}, {"type": "Feature", "geometry": {"type": "LineString", "coordinates": [[11.5848209, 48.181732], [11.5848294, 48.1816464], [11.5848494, 48.1814376], [11.5849149, 48.1807799]]}, "properties": {"group": "way", "way_id": 377673774, "tags": {"highway": "primary"}, "bridge": false, "node_ids": [1955701, 1325967174, 2709446891, 3810579604], "n_nodes": 4, "stroke": "#999999", "stroke-width": 6, "stroke-opacity": 0.4}}, {"type": "Feature", "geometry": {"type": "LineString", "coordinates": [[11.585013, 48.1813179], [11.5849922, 48.1815967], [11.5849869, 48.1816508], [11.5849767, 48.1817404]]}, "properties": {"group": "way", "way_id": 377673775, "tags": {"highway": "primary"}, "bridge": false, "node_ids": [3810579605, 3220249305, 1903769492, 1903769493], "n_nodes": 4, "stroke": "#999999", "stroke-width": 6, "stroke-opacity": 0.4}}, {"type": "Feature", "geometry": {"type": "LineString", "coordinates": [[11.5849149, 48.1807799], [11.5849493, 48.1804352], [11.5849599, 48.1803285], [11.5849658, 48.180273], [11.5849734, 48.1801504]]}, "properties": {"group": "way", "way_id": 377673776, "tags": {"highway": "primary"}, "bridge": false, "node_ids": [3810579604, 4449728437, 1015956640, 3423592014, 34705524], "n_nodes": 5, "stroke": "#999999", "stroke-width": 6, "stroke-opacity": 0.4}}, {"type": "Feature", "geometry": {"type": "LineString", "coordinates": [[11.5851679, 48.1763663], [11.585226, 48.1760994]]}, "properties": {"group": "way", "way_id": 397534183, "tags": {"highway": "secondary"}, "bridge": false, "node_ids": [4003236739, 243508598], "n_nodes": 2, "stroke": "#999999", "stroke-width": 6, "stroke-opacity": 0.4}}, {"type": "Feature", "geometry": {"type": "LineString", "coordinates": [[11.5850005, 48.1773457], [11.5849985, 48.1772862], [11.5850052, 48.1772256], [11.5851035, 48.1766666], [11.5851679, 48.1763663]]}, "properties": {"group": "way", "way_id": 397534184, "tags": {"highway": "secondary"}, "bridge": false, "node_ids": [3420195982, 7997042056, 1015945951, 1239544033, 4003236739], "n_nodes": 5, "stroke": "#999999", "stroke-width": 6, "stroke-opacity": 0.4}}, {"type": "Feature", "geometry": {"type": "LineString", "coordinates": [[11.5851536, 48.1795829], [11.5851117, 48.1799935], [11.5851084, 48.1801532]]}, "properties": {"group": "way", "way_id": 447913965, "tags": {"highway": "primary"}, "bridge": false, "node_ids": [1903769495, 34705525, 3423592013], "n_nodes": 3, "stroke": "#999999", "stroke-width": 6, "stroke-opacity": 0.4}}, {"type": "Feature", "geometry": {"type": "LineString", "coordinates": [[11.5849734, 48.1801504], [11.5850227, 48.1794442], [11.5851063, 48.178587]]}, "properties": {"group": "way", "way_id": 447913966, "tags": {"highway": "primary"}, "bridge": false, "node_ids": [34705524, 1649201896, 33638654], "n_nodes": 3, "stroke": "#999999", "stroke-width": 6, "stroke-opacity": 0.4}}, {"type": "Feature", "geometry": {"type": "LineString", "coordinates": [[11.5851084, 48.1801532], [11.5851062, 48.1802781], [11.5850617, 48.1808688], [11.5850536, 48.1809167], [11.5850471, 48.1809765], [11.585013, 48.1813179]]}, "properties": {"group": "way", "way_id": 447913967, "tags": {"highway": "primary"}, "bridge": false, "node_ids": [3423592013, 1015956651, 3375497383, 309957424, 4449728444, 3810579605], "n_nodes": 6, "stroke": "#999999", "stroke-width": 6, "stroke-opacity": 0.4}}, {"type": "Feature", "geometry": {"type": "LineString", "coordinates": [[11.5826469, 48.1531224], [11.5826684, 48.1531841], [11.5828592, 48.1535722], [11.5830551, 48.1539776], [11.5830912, 48.1540523], [11.5831452, 48.1541641]]}, "properties": {"group": "way", "way_id": 482117456, "tags": {"highway": "cycleway"}, "bridge": false, "node_ids": [8042808642, 8042748668, 4749891698, 13677625473, 4793241391, 1488979950], "n_nodes": 6, "stroke": "#999999", "stroke-width": 6, "stroke-opacity": 0.4}}, {"type": "Feature", "geometry": {"type": "LineString", "coordinates": [[11.5827282, 48.1536039], [11.5829203, 48.1540069], [11.582956, 48.1540817]]}, "properties": {"group": "way", "way_id": 482117464, "tags": {"highway": "secondary"}, "bridge": false, "node_ids": [4749891699, 13677625470, 27161291], "n_nodes": 3, "stroke": "#999999", "stroke-width": 6, "stroke-opacity": 0.4}}, {"type": "Feature", "geometry": {"type": "LineString", "coordinates": [[11.5842691, 48.1571589], [11.5842681, 48.1571301], [11.5842667, 48.1570926], [11.5842407, 48.1570411], [11.5842224, 48.1570049], [11.5839802, 48.1565385], [11.5838246, 48.1562182], [11.5833598, 48.1552538], [11.5832678, 48.1550553], [11.5832256, 48.1549643], [11.5832198, 48.1549519], [11.583116, 48.1547279], [11.5828741, 48.1542185], [11.5828582, 48.1541851]]}, "properties": {"group": "way", "way_id": 551303736, "tags": {"highway": "cycleway"}, "bridge": false, "node_ids": [1078797570, 13195289979, 1078797550, 4709549955, 1156427682, 679215581, 371644426, 371644459, 10125437432, 10125437435, 10125437433, 371644463, 1488979952, 12089558410], "n_nodes": 14, "stroke": "#999999", "stroke-width": 6, "stroke-opacity": 0.4}}, {"type": "Feature", "geometry": {"type": "LineString", "coordinates": [[11.5866948, 48.1617], [11.5867172, 48.1617501]]}, "properties": {"group": "way", "way_id": 551303737, "tags": {"highway": "cycleway"}, "bridge": false, "node_ids": [361056775, 372802159], "n_nodes": 2, "stroke": "#999999", "stroke-width": 6, "stroke-opacity": 0.4}}, {"type": "Feature", "geometry": {"type": "LineString", "coordinates": [[11.5867172, 48.1617501], [11.5867455, 48.1618035], [11.5867622, 48.1618454], [11.5868191, 48.1619859]]}, "properties": {"group": "way", "way_id": 551303739, "tags": {"highway": "cycleway"}, "bridge": false, "node_ids": [372802159, 361056776, 3746970761, 3388424657], "n_nodes": 4, "stroke": "#999999", "stroke-width": 6, "stroke-opacity": 0.4}}, {"type": "Feature", "geometry": {"type": "LineString", "coordinates": [[11.5850428, 48.1581643], [11.5854381, 48.1590263], [11.5854633, 48.1590774], [11.5854842, 48.1591198], [11.5855144, 48.159181]]}, "properties": {"group": "way", "way_id": 551303740, "tags": {"highway": "cycleway"}, "bridge": false, "node_ids": [12095666731, 361056768, 3953447064, 3953447065, 371644475], "n_nodes": 5, "stroke": "#999999", "stroke-width": 6, "stroke-opacity": 0.4}}, {"type": "Feature", "geometry": {"type": "LineString", "coordinates": [[11.585647, 48.1734082], [11.5856534, 48.1733331], [11.5856681, 48.1731624]]}, "properties": {"group": "way", "way_id": 552105041, "tags": {"highway": "secondary"}, "bridge": false, "node_ids": [5330969875, 13820889651, 2709448414], "n_nodes": 3, "stroke": "#999999", "stroke-width": 6, "stroke-opacity": 0.4}}, {"type": "Feature", "geometry": {"type": "LineString", "coordinates": [[11.5856127, 48.1737918], [11.5856385, 48.1735037], [11.585647, 48.1734082]]}, "properties": {"group": "way", "way_id": 552105042, "tags": {"highway": "secondary"}, "bridge": false, "node_ids": [5330131511, 12303079594, 5330969875], "n_nodes": 3, "stroke": "#999999", "stroke-width": 6, "stroke-opacity": 0.4}}, {"type": "Feature", "geometry": {"type": "LineString", "coordinates": [[11.5862724, 48.1625796], [11.5862659, 48.1625059], [11.5862583, 48.1624109]]}, "properties": {"group": "way", "way_id": 911252587, "tags": {"highway": "secondary"}, "bridge": false, "node_ids": [3569802606, 2962877948, 1701847425], "n_nodes": 3, "stroke": "#999999", "stroke-width": 6, "stroke-opacity": 0.4}}, {"type": "Feature", "geometry": {"type": "LineString", "coordinates": [[11.5863346, 48.1633329], [11.5863194, 48.1631675]]}, "properties": {"group": "way", "way_id": 911252588, "tags": {"highway": "secondary"}, "bridge": false, "node_ids": [6578727, 8461370942], "n_nodes": 2, "stroke": "#999999", "stroke-width": 6, "stroke-opacity": 0.4}}, {"type": "Feature", "geometry": {"type": "LineString", "coordinates": [[11.5855144, 48.159181], [11.5855853, 48.1593399]]}, "properties": {"group": "way", "way_id": 1197601395, "tags": {"highway": "cycleway"}, "bridge": false, "node_ids": [371644475, 3953447070], "n_nodes": 2, "stroke": "#999999", "stroke-width": 6, "stroke-opacity": 0.4}}, {"type": "Feature", "geometry": {"type": "LineString", "coordinates": [[11.5858782, 48.1730427], [11.5858437, 48.1733644], [11.5857963, 48.1738661], [11.5857882, 48.1739362], [11.5857575, 48.1742416], [11.5857, 48.174813]]}, "properties": {"group": "way", "way_id": 1206081741, "tags": {"highway": "secondary"}, "bridge": false, "node_ids": [2709448409, 4890480608, 2138722654, 2138722656, 9869669793, 11176253383], "n_nodes": 6, "stroke": "#999999", "stroke-width": 6, "stroke-opacity": 0.4}}, {"type": "Feature", "geometry": {"type": "LineString", "coordinates": [[11.5861196, 48.1619709], [11.5861135, 48.1618649]]}, "properties": {"group": "way", "way_id": 1225236128, "tags": {"highway": "cycleway"}, "bridge": false, "node_ids": [3392905425, 371658407], "n_nodes": 2, "stroke": "#999999", "stroke-width": 6, "stroke-opacity": 0.4}}, {"type": "Feature", "geometry": {"type": "LineString", "coordinates": [[11.5827986, 48.1540599], [11.5823442, 48.1531093]]}, "properties": {"group": "way", "way_id": 1305313360, "tags": {"highway": "cycleway"}, "bridge": false, "node_ids": [12089558411, 2203963769], "n_nodes": 2, "stroke": "#999999", "stroke-width": 6, "stroke-opacity": 0.4}}, {"type": "Feature", "geometry": {"type": "LineString", "coordinates": [[11.5828582, 48.1541851], [11.5828223, 48.1541095], [11.5827986, 48.1540599]]}, "properties": {"group": "way", "way_id": 1305313361, "tags": {"highway": "cycleway"}, "bridge": false, "node_ids": [12089558410, 371644467, 12089558411], "n_nodes": 3, "stroke": "#999999", "stroke-width": 6, "stroke-opacity": 0.4}}, {"type": "Feature", "geometry": {"type": "LineString", "coordinates": [[11.5846168, 48.1572979], [11.5846292, 48.1573224]]}, "properties": {"group": "way", "way_id": 1305314138, "tags": {"highway": "cycleway"}, "bridge": false, "node_ids": [1738727711, 12089577275], "n_nodes": 2, "stroke": "#999999", "stroke-width": 6, "stroke-opacity": 0.4}}, {"type": "Feature", "geometry": {"type": "LineString", "coordinates": [[11.5845441, 48.1571535], [11.5845814, 48.1572275], [11.5846168, 48.1572979]]}, "properties": {"group": "way", "way_id": 1305314139, "tags": {"highway": "cycleway"}, "bridge": false, "node_ids": [12089577276, 371652030, 1738727711], "n_nodes": 3, "stroke": "#999999", "stroke-width": 6, "stroke-opacity": 0.4}}, {"type": "Feature", "geometry": {"type": "LineString", "coordinates": [[11.5832408, 48.1543814], [11.5833823, 48.1546721], [11.583676, 48.1552968], [11.583721, 48.1553925], [11.5837743, 48.1555057]]}, "properties": {"group": "way", "way_id": 1305314140, "tags": {"highway": "cycleway"}, "bridge": false, "node_ids": [12089577279, 361056762, 2641008908, 2641008922, 12089577278], "n_nodes": 5, "stroke": "#999999", "stroke-width": 6, "stroke-opacity": 0.4}}, {"type": "Feature", "geometry": {"type": "LineString", "coordinates": [[11.5837743, 48.1555057], [11.5837955, 48.1555509], [11.583836, 48.1556411]]}, "properties": {"group": "way", "way_id": 1305314141, "tags": {"highway": "cycleway"}, "bridge": false, "node_ids": [12089577278, 372801784, 12089577277], "n_nodes": 3, "stroke": "#999999", "stroke-width": 6, "stroke-opacity": 0.4}}, {"type": "Feature", "geometry": {"type": "LineString", "coordinates": [[11.5831452, 48.1541641], [11.5831655, 48.154214]]}, "properties": {"group": "way", "way_id": 1305314142, "tags": {"highway": "cycleway"}, "bridge": false, "node_ids": [1488979950, 12089577280], "n_nodes": 2, "stroke": "#999999", "stroke-width": 6, "stroke-opacity": 0.4}}, {"type": "Feature", "geometry": {"type": "LineString", "coordinates": [[11.5831961, 48.1542896], [11.5832408, 48.1543814]]}, "properties": {"group": "way", "way_id": 1305314143, "tags": {"highway": "cycleway"}, "bridge": false, "node_ids": [372801594, 12089577279], "n_nodes": 2, "stroke": "#999999", "stroke-width": 6, "stroke-opacity": 0.4}}, {"type": "Feature", "geometry": {"type": "LineString", "coordinates": [[11.5846292, 48.1573224], [11.5847521, 48.1575652], [11.5849972, 48.1580691]]}, "properties": {"group": "way", "way_id": 1305999401, "tags": {"highway": "cycleway"}, "bridge": false, "node_ids": [12089577275, 442906286, 12095666732], "n_nodes": 3, "stroke": "#999999", "stroke-width": 6, "stroke-opacity": 0.4}}, {"type": "Feature", "geometry": {"type": "LineString", "coordinates": [[11.5849972, 48.1580691], [11.5850313, 48.1581393], [11.5850428, 48.1581643]]}, "properties": {"group": "way", "way_id": 1305999402, "tags": {"highway": "cycleway"}, "bridge": false, "node_ids": [12095666732, 371652027, 12095666731], "n_nodes": 3, "stroke": "#999999", "stroke-width": 6, "stroke-opacity": 0.4}}, {"type": "Feature", "geometry": {"type": "LineString", "coordinates": [[11.5830682, 48.1543171], [11.5833088, 48.1548216]]}, "properties": {"group": "way", "way_id": 1420377550, "tags": {"highway": "secondary"}, "bridge": false, "node_ids": [27159247, 13051886610], "n_nodes": 2, "stroke": "#999999", "stroke-width": 6, "stroke-opacity": 0.4}}, {"type": "Feature", "geometry": {"type": "LineString", "coordinates": [[11.5847661, 48.1579379], [11.5848898, 48.1581818]]}, "properties": {"group": "way", "way_id": 1420661327, "tags": {"highway": "secondary"}, "bridge": false, "node_ids": [13051886611, 27154122], "n_nodes": 2, "stroke": "#999999", "stroke-width": 6, "stroke-opacity": 0.4}}, {"type": "Feature", "geometry": {"type": "LineString", "coordinates": [[11.5862676, 48.1610051], [11.5863861, 48.161719], [11.586399, 48.1618087]]}, "properties": {"group": "way", "way_id": 1420661328, "tags": {"highway": "secondary"}, "bridge": false, "node_ids": [1955586, 1078797551, 21092020], "n_nodes": 3, "stroke": "#999999", "stroke-width": 6, "stroke-opacity": 0.4}}, {"type": "Feature", "geometry": {"type": "LineString", "coordinates": [[11.586085, 48.1708825], [11.5860743, 48.1710257], [11.5860611, 48.1711666]]}, "properties": {"group": "way", "way_id": 1420661329, "tags": {"highway": "secondary"}, "bridge": false, "node_ids": [587913223, 260821652, 313917477], "n_nodes": 3, "stroke": "#999999", "stroke-width": 6, "stroke-opacity": 0.4}}, {"type": "Feature", "geometry": {"type": "LineString", "coordinates": [[11.5856281, 48.1598907], [11.5855899, 48.1598196], [11.5855797, 48.1598006], [11.5855349, 48.159717]]}, "properties": {"group": "way", "way_id": 1421968417, "tags": {"highway": "secondary"}, "bridge": false, "node_ids": [1452950503, 13677180760, 13677180757, 1452374268], "n_nodes": 4, "stroke": "#999999", "stroke-width": 6, "stroke-opacity": 0.4}}, {"type": "Feature", "geometry": {"type": "LineString", "coordinates": [[11.5853816, 48.1592294], [11.5854994, 48.1593576]]}, "properties": {"group": "way", "way_id": 1425572150, "tags": {"highway": "secondary"}, "bridge": false, "node_ids": [27154468, 3953447071], "n_nodes": 2, "stroke": "#999999", "stroke-width": 6, "stroke-opacity": 0.4}}, {"type": "Feature", "geometry": {"type": "LineString", "coordinates": [[11.5853841, 48.1593818], [11.5853816, 48.1592294]]}, "properties": {"group": "way", "way_id": 1425572151, "tags": {"highway": "secondary"}, "bridge": false, "node_ids": [3953447073, 27154468], "n_nodes": 2, "stroke": "#999999", "stroke-width": 6, "stroke-opacity": 0.4}}, {"type": "Feature", "geometry": {"type": "LineString", "coordinates": [[11.5848898, 48.1581818], [11.585083, 48.1585891]]}, "properties": {"group": "way", "way_id": 1425572152, "tags": {"highway": "secondary"}, "bridge": false, "node_ids": [27154122, 13103603172], "n_nodes": 2, "stroke": "#999999", "stroke-width": 6, "stroke-opacity": 0.4}}, {"type": "Feature", "geometry": {"type": "LineString", "coordinates": [[11.5847347, 48.1843282], [11.5847508, 48.1841592], [11.5847547, 48.1841013], [11.5847849, 48.1837877], [11.5848111, 48.1835206], [11.5848346, 48.1832117], [11.5848961, 48.1826], [11.5849041, 48.1825207], [11.58492, 48.1823628], [11.5849367, 48.1821066], [11.5849653, 48.1818385], [11.5849767, 48.1817404], [11.5849869, 48.1816508], [11.5849922, 48.1815967], [11.585013, 48.1813179], [11.5850471, 48.1809765], [11.5850536, 48.1809167], [11.5850617, 48.1808688], [11.5851062, 48.1802781], [11.5851084, 48.1801532], [11.5851117, 48.1799935], [11.5851536, 48.1795829], [11.585176, 48.1795123], [11.5851937, 48.1794176], [11.5852773, 48.1785249], [11.5852852, 48.1783945], [11.5853043, 48.1781939], [11.5853156, 48.1781171], [11.5853299, 48.1780668], [11.5853567, 48.1780204], [11.585405, 48.177963], [11.5854464, 48.1779], [11.5854771, 48.177847], [11.5854925, 48.1777998], [11.5855087, 48.1776921], [11.5855203, 48.1775837], [11.5854998, 48.1774601], [11.5854742, 48.1773528], [11.5854593, 48.1772632], [11.5854529, 48.1772228], [11.5854377, 48.1771275], [11.5854383, 48.1770062], [11.585479, 48.1766233], [11.5855054, 48.1762139], [11.5855236, 48.1759653], [11.5855277, 48.1758955], [11.585539, 48.1758189], [11.5855493, 48.1756778], [11.5855582, 48.1756081], [11.5855913, 48.1754502], [11.5856379, 48.1753164], [11.5856644, 48.1751671], [11.5857, 48.174813], [11.5857575, 48.1742416], [11.5857882, 48.1739362], [11.5857963, 48.1738661], [11.5858437, 48.1733644], [11.5858782, 48.1730427], [11.5859085, 48.1727592], [11.5859145, 48.1727033], [11.585924, 48.1726151], [11.585926, 48.1725945], [11.5859272, 48.1725852], [11.5859332, 48.1725303], [11.5859409, 48.1724574], [11.5860136, 48.1716774], [11.5860375, 48.1714204], [11.5860428, 48.1713639], [11.5860518, 48.1712672], [11.5860611, 48.1711666], [11.5860743, 48.1710257], [11.586085, 48.1708825], [11.5861808, 48.1698824], [11.5862058, 48.1696133], [11.5862111, 48.1695561], [11.5862167, 48.1694964], [11.5862271, 48.1693847], [11.5862341, 48.1693101], [11.5862745, 48.1688756], [11.5862827, 48.168788], [11.586328, 48.1683016], [11.5863361, 48.1679304], [11.5863405, 48.1674229], [11.586329, 48.1673215], [11.5863308, 48.1672111], [11.5863383, 48.1671243], [11.5863449, 48.1670482], [11.5863708, 48.1667547], [11.5865012, 48.1652784], [11.5865128, 48.1651469], [11.5865302, 48.1647676], [11.586547, 48.1643787], [11.5865491, 48.1642892], [11.5865502, 48.1642151], [11.58655, 48.1641059], [11.5865357, 48.1636994], [11.5864855, 48.1632837], [11.5864529, 48.162675], [11.5864515, 48.162649], [11.5864401, 48.1625282], [11.5864349, 48.1624433], [11.5864176, 48.1621619], [11.5864068, 48.1619577], [11.5864019, 48.1618672], [11.586399, 48.1618087], [11.5863861, 48.161719], [11.5862676, 48.1610051], [11.5861171, 48.1606525], [11.5859026, 48.1602157], [11.5854994, 48.1593576], [11.5853816, 48.1592294], [11.5853254, 48.1591084], [11.5853198, 48.1590962], [11.5852566, 48.1589724], [11.5852148, 48.1588779], [11.585083, 48.1585891], [11.5848898, 48.1581818], [11.5847661, 48.1579379], [11.58462, 48.1575907], [11.584501, 48.1573376], [11.5844579, 48.157246], [11.5844134, 48.1571513], [11.5843988, 48.1571203], [11.5839555, 48.1561777], [11.5839222, 48.1561078], [11.5836711, 48.1555814], [11.583598, 48.1554281], [11.5833576, 48.1549238], [11.5833529, 48.1549139], [11.5833088, 48.1548216], [11.5830682, 48.1543171], [11.5830082, 48.1541912], [11.582956, 48.1540817], [11.5829203, 48.1540069], [11.5827282, 48.1536039], [11.5825345, 48.153186], [11.5825124, 48.1531376], [11.5824381, 48.1529749], [11.5823273, 48.1527323], [11.582335, 48.1526328], [11.5823507, 48.1525513], [11.5823677, 48.1524715], [11.582379, 48.1523993], [11.5823659, 48.152315], [11.5823155, 48.1522406], [11.582288, 48.1522075], [11.5821828, 48.1521857], [11.5820935, 48.152185], [11.5820578, 48.152188], [11.5819847, 48.1522156], [11.5819428, 48.152242], [11.581905, 48.1522837], [11.5819075, 48.1523118], [11.5819181, 48.1523665], [11.5819225, 48.152389], [11.5819458, 48.152445], [11.582036, 48.1525337], [11.5821399, 48.1526003], [11.5822478, 48.1526667], [11.5823273, 48.1527323]]}, "properties": {"group": "chain", "chain": 0, "n_nodes": 160, "way_ids": [4701144, 25402986, 27135800, 31344436, 34397762, 36580429, 36914644, 40147288, 47634429, 50220179, 60363514, 73207194, 89840530, 133729494, 135588108, 135588109, 151263118, 151263120, 151542344, 151624978, 157964861, 165770527, 265416844, 307306445, 311644249, 312059531, 315224428, 315224429, 315224431, 315225707, 332176200, 332176203, 334897462, 343757751, 351235033, 365762133, 377673775, 447913965, 447913967, 482117464, 1206081741, 1420377550, 1420661327, 1420661328, 1420661329, 1425572150, 1425572152], "n_runs": 48, "stroke": "#1f78b4", "stroke-width": 3, "stroke-opacity": 0.8}}, {"type": "Feature", "geometry": {"type": "LineString", "coordinates": [[11.5847347, 48.184328199999996], [11.5847508, 48.1841592], [11.584754699999998, 48.184101299999995], [11.5847849, 48.1837877], [11.584811099999998, 48.1835206], [11.584834600000002, 48.1832117], [11.5848961, 48.182599999999994], [11.584904099999997, 48.18252069999999], [11.58492, 48.18236279999999], [11.5849367, 48.18210659999999], [11.584965300000002, 48.1818385], [11.5849767, 48.181740399999995], [11.584986900000002, 48.1816508], [11.5849922, 48.1815967], [11.585013000000002, 48.1813179], [11.5850471, 48.1809765], [11.5850536, 48.18091669999999]]}, "properties": {"group": "run", "chain": 0, "run": 0, "length_m": 380, "grid_bearing": 174.5, "max_offset_m": 0.4, "n_nodes": 17, "kept": false, "stroke": "#ff7f00", "stroke-width": 2}}, {"type": "Feature", "geometry": {"type": "LineString", "coordinates": [[11.5850536, 48.18091669999999], [11.5850617, 48.1808688]]}, "properties": {"group": "run", "chain": 0, "run": 1, "length_m": 5, "grid_bearing": 171.6, "max_offset_m": 0.0, "n_nodes": 2, "kept": false, "stroke": "#ff7f00", "stroke-width": 2}}, {"type": "Feature", "geometry": {"type": "LineString", "coordinates": [[11.5850617, 48.1808688], [11.5851062, 48.180278099999995], [11.5851084, 48.1801532], [11.585111699999999, 48.1799935]]}, "properties": {"group": "run", "chain": 0, "run": 2, "length_m": 97, "grid_bearing": 175.9, "max_offset_m": 0.8, "n_nodes": 4, "kept": false, "stroke": "#ff7f00", "stroke-width": 2}}, {"type": "Feature", "geometry": {"type": "LineString", "coordinates": [[11.585111699999999, 48.1799935], [11.585153599999998, 48.1795829]]}, "properties": {"group": "run", "chain": 0, "run": 3, "length_m": 46, "grid_bearing": 174.2, "max_offset_m": 0.0, "n_nodes": 2, "kept": false, "stroke": "#ff7f00", "stroke-width": 2}}, {"type": "Feature", "geometry": {"type": "LineString", "coordinates": [[11.585153599999998, 48.1795829], [11.585176, 48.17951229999999]]}, "properties": {"group": "run", "chain": 0, "run": 4, "length_m": 8, "grid_bearing": 166.1, "max_offset_m": 0.0, "n_nodes": 2, "kept": false, "stroke": "#ff7f00", "stroke-width": 2}}, {"type": "Feature", "geometry": {"type": "LineString", "coordinates": [[11.585176, 48.17951229999999], [11.5851937, 48.179417599999994]]}, "properties": {"group": "run", "chain": 0, "run": 5, "length_m": 11, "grid_bearing": 170.9, "max_offset_m": 0.0, "n_nodes": 2, "kept": false, "stroke": "#ff7f00", "stroke-width": 2}}, {"type": "Feature", "geometry": {"type": "LineString", "coordinates": [[11.5851937, 48.179417599999994], [11.5852773, 48.178524900000006], [11.585285199999998, 48.178394499999996], [11.5853043, 48.178193900000004]]}, "properties": {"group": "run", "chain": 0, "run": 6, "length_m": 136, "grid_bearing": 174.6, "max_offset_m": 0.2, "n_nodes": 4, "kept": false, "stroke": "#ff7f00", "stroke-width": 2}}, {"type": "Feature", "geometry": {"type": "LineString", "coordinates": [[11.5853043, 48.178193900000004], [11.585315599999998, 48.1781171]]}, "properties": {"group": "run", "chain": 0, "run": 7, "length_m": 9, "grid_bearing": 172.5, "max_offset_m": 0.0, "n_nodes": 2, "kept": false, "stroke": "#ff7f00", "stroke-width": 2}}, {"type": "Feature", "geometry": {"type": "LineString", "coordinates": [[11.585315599999998, 48.1781171], [11.585329899999998, 48.1780668]]}, "properties": {"group": "run", "chain": 0, "run": 8, "length_m": 6, "grid_bearing": 167.3, "max_offset_m": 0.0, "n_nodes": 2, "kept": false, "stroke": "#ff7f00", "stroke-width": 2}}, {"type": "Feature", "geometry": {"type": "LineString", "coordinates": [[11.585329899999998, 48.1780668], [11.5853567, 48.1780204]]}, "properties": {"group": "run", "chain": 0, "run": 9, "length_m": 6, "grid_bearing": 157.0, "max_offset_m": 0.0, "n_nodes": 2, "kept": false, "stroke": "#ff7f00", "stroke-width": 2}}, {"type": "Feature", "geometry": {"type": "LineString", "coordinates": [[11.5853567, 48.1780204], [11.585405, 48.17796299999999]]}, "properties": {"group": "run", "chain": 0, "run": 10, "length_m": 7, "grid_bearing": 148.7, "max_offset_m": 0.0, "n_nodes": 2, "kept": false, "stroke": "#ff7f00", "stroke-width": 2}}, {"type": "Feature", "geometry": {"type": "LineString", "coordinates": [[11.585405, 48.17796299999999], [11.5854464, 48.177899999999994], [11.585477099999999, 48.177847]]}, "properties": {"group": "run", "chain": 0, "run": 11, "length_m": 14, "grid_bearing": 155.5, "max_offset_m": 0.2, "n_nodes": 3, "kept": false, "stroke": "#ff7f00", "stroke-width": 2}}, {"type": "Feature", "geometry": {"type": "LineString", "coordinates": [[11.585477099999999, 48.177847], [11.5854925, 48.177799799999995]]}, "properties": {"group": "run", "chain": 0, "run": 12, "length_m": 5, "grid_bearing": 165.8, "max_offset_m": 0.0, "n_nodes": 2, "kept": false, "stroke": "#ff7f00", "stroke-width": 2}}, {"type": "Feature", "geometry": {"type": "LineString", "coordinates": [[11.5854925, 48.177799799999995], [11.5855087, 48.17769210000001], [11.5855203, 48.1775837]]}, "properties": {"group": "run", "chain": 0, "run": 13, "length_m": 24, "grid_bearing": 173.2, "max_offset_m": 0.2, "n_nodes": 3, "kept": false, "stroke": "#ff7f00", "stroke-width": 2}}, {"type": "Feature", "geometry": {"type": "LineString", "coordinates": [[11.5855203, 48.1775837], [11.585499800000001, 48.17746009999999], [11.585474200000002, 48.1773528], [11.5854593, 48.17726319999999], [11.5854529, 48.177222799999996]]}, "properties": {"group": "run", "chain": 0, "run": 14, "length_m": 40, "grid_bearing": 185.2, "max_offset_m": 0.2, "n_nodes": 5, "kept": false, "stroke": "#ff7f00", "stroke-width": 2}}, {"type": "Feature", "geometry": {"type": "LineString", "coordinates": [[11.5854529, 48.177222799999996], [11.5854377, 48.17712749999999]]}, "properties": {"group": "run", "chain": 0, "run": 15, "length_m": 11, "grid_bearing": 184.2, "max_offset_m": 0.0, "n_nodes": 2, "kept": false, "stroke": "#ff7f00", "stroke-width": 2}}, {"type": "Feature", "geometry": {"type": "LineString", "coordinates": [[11.5854377, 48.17712749999999], [11.5854383, 48.1770062]]}, "properties": {"group": "run", "chain": 0, "run": 16, "length_m": 13, "grid_bearing": 177.9, "max_offset_m": 0.0, "n_nodes": 2, "kept": false, "stroke": "#ff7f00", "stroke-width": 2}}, {"type": "Feature", "geometry": {"type": "LineString", "coordinates": [[11.5854383, 48.1770062], [11.585478999999998, 48.1766233], [11.585505399999999, 48.17621389999999], [11.5855236, 48.1759653], [11.585527699999998, 48.1758955]]}, "properties": {"group": "run", "chain": 0, "run": 17, "length_m": 124, "grid_bearing": 175.0, "max_offset_m": 0.7, "n_nodes": 5, "kept": false, "stroke": "#ff7f00", "stroke-width": 2}}, {"type": "Feature", "geometry": {"type": "LineString", "coordinates": [[11.585527699999998, 48.1758955], [11.585539000000002, 48.1758189], [11.5855493, 48.1756778], [11.5855582, 48.17560809999999]]}, "properties": {"group": "run", "chain": 0, "run": 18, "length_m": 32, "grid_bearing": 174.0, "max_offset_m": 0.2, "n_nodes": 4, "kept": false, "stroke": "#ff7f00", "stroke-width": 2}}, {"type": "Feature", "geometry": {"type": "LineString", "coordinates": [[11.5855582, 48.17560809999999], [11.5855913, 48.1754502]]}, "properties": {"group": "run", "chain": 0, "run": 19, "length_m": 18, "grid_bearing": 170.1, "max_offset_m": 0.0, "n_nodes": 2, "kept": false, "stroke": "#ff7f00", "stroke-width": 2}}, {"type": "Feature", "geometry": {"type": "LineString", "coordinates": [[11.5855913, 48.1754502], [11.5856379, 48.17531639999999]]}, "properties": {"group": "run", "chain": 0, "run": 20, "length_m": 15, "grid_bearing": 165.0, "max_offset_m": 0.0, "n_nodes": 2, "kept": false, "stroke": "#ff7f00", "stroke-width": 2}}, {"type": "Feature", "geometry": {"type": "LineString", "coordinates": [[11.5856379, 48.17531639999999], [11.5856644, 48.17516710000001]]}, "properties": {"group": "run", "chain": 0, "run": 21, "length_m": 17, "grid_bearing": 171.3, "max_offset_m": 0.0, "n_nodes": 2, "kept": false, "stroke": "#ff7f00", "stroke-width": 2}}, {"type": "Feature", "geometry": {"type": "LineString", "coordinates": [[11.5856644, 48.17516710000001], [11.5857, 48.17481300000001], [11.5857575, 48.17424159999999], [11.5857882, 48.173936199999986], [11.5857963, 48.1738661], [11.5858437, 48.17336439999999], [11.585878199999998, 48.173042699999996], [11.5859085, 48.17275920000001], [11.585914499999998, 48.172703299999995], [11.585924, 48.172615099999994], [11.585925999999999, 48.17259449999999], [11.585927199999999, 48.17258519999999], [11.5859332, 48.1725303], [11.5859409, 48.17245739999999], [11.5860136, 48.1716774], [11.5860375, 48.17142039999999], [11.5860428, 48.1713639], [11.586051799999998, 48.171267199999996], [11.586061099999998, 48.1711666], [11.586074299999998, 48.1710257], [11.586085, 48.1708825], [11.5861808, 48.1698824], [11.5862058, 48.1696133], [11.586211100000002, 48.1695561], [11.586216699999998, 48.16949639999999], [11.586227099999999, 48.1693847], [11.5862341, 48.169310100000004], [11.5862745, 48.16887559999999], [11.586282699999998, 48.16878799999999], [11.586328, 48.1683016]]}, "properties": {"group": "run", "chain": 0, "run": 22, "length_m": 765, "grid_bearing": 174.4, "max_offset_m": 1.1, "n_nodes": 30, "kept": true, "stroke": "#e41a1c", "stroke-width": 2}}, {"type": "Feature", "geometry": {"type": "LineString", "coordinates": [[11.586328, 48.1683016], [11.5863361, 48.1679304], [11.586340500000002, 48.16742289999999]]}, "properties": {"group": "run", "chain": 0, "run": 23, "length_m": 98, "grid_bearing": 177.5, "max_offset_m": 0.2, "n_nodes": 3, "kept": false, "stroke": "#ff7f00", "stroke-width": 2}}, {"type": "Feature", "geometry": {"type": "LineString", "coordinates": [[11.586340500000002, 48.16742289999999], [11.586329, 48.16732149999999]]}, "properties": {"group": "run", "chain": 0, "run": 24, "length_m": 11, "grid_bearing": 182.4, "max_offset_m": 0.0, "n_nodes": 2, "kept": false, "stroke": "#ff7f00", "stroke-width": 2}}, {"type": "Feature", "geometry": {"type": "LineString", "coordinates": [[11.586329, 48.16732149999999], [11.5863308, 48.1672111], [11.586338299999998, 48.167124300000005], [11.5863449, 48.1670482]]}, "properties": {"group": "run", "chain": 0, "run": 25, "length_m": 30, "grid_bearing": 175.8, "max_offset_m": 0.3, "n_nodes": 4, "kept": false, "stroke": "#ff7f00", "stroke-width": 2}}, {"type": "Feature", "geometry": {"type": "LineString", "coordinates": [[11.5863449, 48.1670482], [11.586370799999997, 48.16675469999999], [11.586501199999999, 48.165278399999984], [11.5865128, 48.16514689999999], [11.5865302, 48.1647676], [11.586547, 48.1643787], [11.5865491, 48.1642892]]}, "properties": {"group": "run", "chain": 0, "run": 26, "length_m": 307, "grid_bearing": 175.2, "max_offset_m": 2.0, "n_nodes": 7, "kept": false, "stroke": "#ff7f00", "stroke-width": 2}}, {"type": "Feature", "geometry": {"type": "LineString", "coordinates": [[11.5865491, 48.1642892], [11.5865502, 48.164215099999986], [11.58655, 48.1641059], [11.5865357, 48.163699399999985]]}, "properties": {"group": "run", "chain": 0, "run": 27, "length_m": 66, "grid_bearing": 178.9, "max_offset_m": 0.4, "n_nodes": 4, "kept": false, "stroke": "#ff7f00", "stroke-width": 2}}, {"type": "Feature", "geometry": {"type": "LineString", "coordinates": [[11.5865357, 48.163699399999985], [11.5864855, 48.16328369999999], [11.5864529, 48.16267500000001], [11.5864515, 48.162649], [11.5864401, 48.16252819999999], [11.5864349, 48.1624433], [11.5864176, 48.162161899999994], [11.5864068, 48.161957699999995], [11.5864019, 48.161867199999996], [11.586399, 48.1618087]]}, "properties": {"group": "run", "chain": 0, "run": 28, "length_m": 210, "grid_bearing": 180.8, "max_offset_m": 1.5, "n_nodes": 10, "kept": false, "stroke": "#ff7f00", "stroke-width": 2}}, {"type": "Feature", "geometry": {"type": "LineString", "coordinates": [[11.586399, 48.1618087], [11.5863861, 48.161719], [11.5862676, 48.1610051]]}, "properties": {"group": "run", "chain": 0, "run": 29, "length_m": 90, "grid_bearing": 184.3, "max_offset_m": 0.1, "n_nodes": 3, "kept": false, "stroke": "#ff7f00", "stroke-width": 2}}, {"type": "Feature", "geometry": {"type": "LineString", "coordinates": [[11.5862676, 48.1610051], [11.5861171, 48.1606525], [11.5859026, 48.16021569999999], [11.585499399999998, 48.1593576]]}, "properties": {"group": "run", "chain": 0, "run": 30, "length_m": 192, "grid_bearing": 195.4, "max_offset_m": 1.0, "n_nodes": 4, "kept": false, "stroke": "#ff7f00", "stroke-width": 2}}, {"type": "Feature", "geometry": {"type": "LineString", "coordinates": [[11.585499399999998, 48.1593576], [11.5853816, 48.15922940000001]]}, "properties": {"group": "run", "chain": 0, "run": 31, "length_m": 17, "grid_bearing": 209.7, "max_offset_m": 0.0, "n_nodes": 2, "kept": false, "stroke": "#ff7f00", "stroke-width": 2}}, {"type": "Feature", "geometry": {"type": "LineString", "coordinates": [[11.5853816, 48.15922940000001], [11.5853254, 48.159108399999994], [11.5853198, 48.15909619999999], [11.5852566, 48.15897240000001], [11.585214800000001, 48.1588779], [11.585082999999997, 48.15858909999999], [11.584889800000001, 48.158181799999994], [11.5847661, 48.15793789999999], [11.58462, 48.15759069999999], [11.584501, 48.15733759999999], [11.5844579, 48.157245999999994], [11.5844134, 48.15715130000001], [11.584398800000002, 48.1571203], [11.583955499999998, 48.15617769999999], [11.5839222, 48.1561078], [11.583671099999998, 48.1555814], [11.583598, 48.1554281], [11.5833576, 48.154923800000006], [11.5833529, 48.1549139], [11.583308800000001, 48.1548216], [11.5830682, 48.15431709999999], [11.583008199999998, 48.1541912], [11.582955999999998, 48.1540817], [11.5829203, 48.15400689999999], [11.582728199999998, 48.15360389999999], [11.5825345, 48.153186], [11.582512399999999, 48.1531376], [11.5824381, 48.15297489999999], [11.5823273, 48.1527323]]}, "properties": {"group": "run", "chain": 0, "run": 32, "length_m": 757, "grid_bearing": 195.5, "max_offset_m": 0.6, "n_nodes": 29, "kept": true, "stroke": "#e41a1c", "stroke-width": 2}}, {"type": "Feature", "geometry": {"type": "LineString", "coordinates": [[11.5823273, 48.1527323], [11.582335, 48.1526328]]}, "properties": {"group": "run", "chain": 0, "run": 33, "length_m": 11, "grid_bearing": 175.1, "max_offset_m": 0.0, "n_nodes": 2, "kept": false, "stroke": "#ff7f00", "stroke-width": 2}}, {"type": "Feature", "geometry": {"type": "LineString", "coordinates": [[11.582335, 48.1526328], [11.5823507, 48.1525513], [11.582367700000002, 48.15247150000001], [11.582379, 48.1523993]]}, "properties": {"group": "run", "chain": 0, "run": 34, "length_m": 26, "grid_bearing": 170.9, "max_offset_m": 0.2, "n_nodes": 4, "kept": false, "stroke": "#ff7f00", "stroke-width": 2}}, {"type": "Feature", "geometry": {"type": "LineString", "coordinates": [[11.582379, 48.1523993], [11.5823659, 48.152314999999994]]}, "properties": {"group": "run", "chain": 0, "run": 35, "length_m": 9, "grid_bearing": 184.0, "max_offset_m": 0.0, "n_nodes": 2, "kept": false, "stroke": "#ff7f00", "stroke-width": 2}}, {"type": "Feature", "geometry": {"type": "LineString", "coordinates": [[11.5823659, 48.152314999999994], [11.582315499999998, 48.1522406], [11.582288, 48.152207499999996]]}, "properties": {"group": "run", "chain": 0, "run": 36, "length_m": 13, "grid_bearing": 203.9, "max_offset_m": 0.2, "n_nodes": 3, "kept": false, "stroke": "#ff7f00", "stroke-width": 2}}, {"type": "Feature", "geometry": {"type": "LineString", "coordinates": [[11.582288, 48.152207499999996], [11.5821828, 48.1521857]]}, "properties": {"group": "run", "chain": 0, "run": 37, "length_m": 8, "grid_bearing": 250.9, "max_offset_m": 0.0, "n_nodes": 2, "kept": false, "stroke": "#ff7f00", "stroke-width": 2}}, {"type": "Feature", "geometry": {"type": "LineString", "coordinates": [[11.5821828, 48.1521857], [11.582093499999997, 48.152184999999996]]}, "properties": {"group": "run", "chain": 0, "run": 38, "length_m": 7, "grid_bearing": 267.4, "max_offset_m": 0.0, "n_nodes": 2, "kept": false, "stroke": "#ff7f00", "stroke-width": 2}}, {"type": "Feature", "geometry": {"type": "LineString", "coordinates": [[11.582093499999997, 48.152184999999996], [11.5820578, 48.152187999999995]]}, "properties": {"group": "run", "chain": 0, "run": 39, "length_m": 3, "grid_bearing": 275.2, "max_offset_m": 0.0, "n_nodes": 2, "kept": false, "stroke": "#ff7f00", "stroke-width": 2}}, {"type": "Feature", "geometry": {"type": "LineString", "coordinates": [[11.5820578, 48.152187999999995], [11.5819847, 48.1522156]]}, "properties": {"group": "run", "chain": 0, "run": 40, "length_m": 6, "grid_bearing": 297.5, "max_offset_m": 0.0, "n_nodes": 2, "kept": false, "stroke": "#ff7f00", "stroke-width": 2}}, {"type": "Feature", "geometry": {"type": "LineString", "coordinates": [[11.5819847, 48.1522156], [11.581942799999998, 48.152241999999994]]}, "properties": {"group": "run", "chain": 0, "run": 41, "length_m": 4, "grid_bearing": 311.4, "max_offset_m": 0.0, "n_nodes": 2, "kept": false, "stroke": "#ff7f00", "stroke-width": 2}}, {"type": "Feature", "geometry": {"type": "LineString", "coordinates": [[11.581942799999998, 48.152241999999994], [11.581905, 48.15228369999999]]}, "properties": {"group": "run", "chain": 0, "run": 42, "length_m": 5, "grid_bearing": 326.8, "max_offset_m": 0.0, "n_nodes": 2, "kept": false, "stroke": "#ff7f00", "stroke-width": 2}}, {"type": "Feature", "geometry": {"type": "LineString", "coordinates": [[11.581905, 48.15228369999999], [11.581907499999998, 48.152311799999985], [11.5819181, 48.15236649999999], [11.581922500000001, 48.152389]]}, "properties": {"group": "run", "chain": 0, "run": 43, "length_m": 12, "grid_bearing": 4.4, "max_offset_m": 0.2, "n_nodes": 4, "kept": false, "stroke": "#ff7f00", "stroke-width": 2}}, {"type": "Feature", "geometry": {"type": "LineString", "coordinates": [[11.581922500000001, 48.152389], [11.5819458, 48.152445]]}, "properties": {"group": "run", "chain": 0, "run": 44, "length_m": 6, "grid_bearing": 13.6, "max_offset_m": 0.0, "n_nodes": 2, "kept": false, "stroke": "#ff7f00", "stroke-width": 2}}, {"type": "Feature", "geometry": {"type": "LineString", "coordinates": [[11.5819458, 48.152445], [11.582035999999999, 48.15253369999999]]}, "properties": {"group": "run", "chain": 0, "run": 45, "length_m": 12, "grid_bearing": 32.3, "max_offset_m": 0.0, "n_nodes": 2, "kept": false, "stroke": "#ff7f00", "stroke-width": 2}}, {"type": "Feature", "geometry": {"type": "LineString", "coordinates": [[11.582035999999999, 48.15253369999999], [11.5821399, 48.1526003], [11.5822478, 48.1526667]]}, "properties": {"group": "run", "chain": 0, "run": 46, "length_m": 22, "grid_bearing": 44.9, "max_offset_m": 0.1, "n_nodes": 3, "kept": false, "stroke": "#ff7f00", "stroke-width": 2}}, {"type": "Feature", "geometry": {"type": "LineString", "coordinates": [[11.5822478, 48.1526667], [11.5823273, 48.1527323]]}, "properties": {"group": "run", "chain": 0, "run": 47, "length_m": 9, "grid_bearing": 37.1, "max_offset_m": 0.0, "n_nodes": 2, "kept": false, "stroke": "#ff7f00", "stroke-width": 2}}, {"type": "Feature", "geometry": {"type": "LineString", "coordinates": [[11.5845795, 48.1843129], [11.5845964, 48.1841511], [11.5846179, 48.183902], [11.5846218, 48.1838613], [11.5847327, 48.1826961], [11.5847611, 48.1823978], [11.5848117, 48.1818657], [11.584813, 48.1818328], [11.5848209, 48.181732], [11.5848294, 48.1816464], [11.5848494, 48.1814376], [11.5849149, 48.1807799], [11.5849493, 48.1804352], [11.5849599, 48.1803285], [11.5849658, 48.180273], [11.5849734, 48.1801504], [11.5850227, 48.1794442], [11.5851063, 48.178587], [11.5851402, 48.178263], [11.5851547, 48.1781116], [11.5851684, 48.1779628], [11.5851574, 48.1778183], [11.5851456, 48.1777826], [11.5851235, 48.1777332], [11.5851037, 48.1776915], [11.5850736, 48.1776283], [11.5850481, 48.177567], [11.5850147, 48.17744], [11.5850005, 48.1773457], [11.5849985, 48.1772862], [11.5850052, 48.1772256], [11.5851035, 48.1766666], [11.5851679, 48.1763663], [11.585226, 48.1760994], [11.5852664, 48.1759666], [11.585284, 48.175924], [11.5852937, 48.1758945], [11.5854238, 48.1755007], [11.5854672, 48.1753093], [11.5855117, 48.1749373], [11.5856066, 48.1738605], [11.5856127, 48.1737918], [11.5856385, 48.1735037], [11.585647, 48.1734082], [11.5856534, 48.1733331], [11.5856681, 48.1731624], [11.585702, 48.1727779], [11.5857043, 48.1727508], [11.5857315, 48.1724617], [11.5857506, 48.1722376], [11.5857877, 48.1718045], [11.585823, 48.1714105], [11.585837, 48.1712591], [11.5858402, 48.1712249], [11.585845, 48.1711732], [11.585847, 48.1711521], [11.5858507, 48.1711122], [11.585855, 48.1710657], [11.5858594, 48.1710184], [11.5859219, 48.1703445], [11.5859835, 48.1696805], [11.5859905, 48.1696052], [11.5859956, 48.1695506], [11.5860018, 48.1694829], [11.5860118, 48.1693754], [11.5860907, 48.1684456], [11.5861007, 48.1677474], [11.5861008, 48.1675188], [11.5861008, 48.1674252], [11.5860874, 48.1673046], [11.5860841, 48.1672058], [11.5861344, 48.1666273], [11.5861428, 48.1665649], [11.5861623, 48.1664685], [11.5861755, 48.1663596], [11.5863077, 48.165272], [11.5863228, 48.1651484], [11.5863619, 48.1644701], [11.5863632, 48.1644015], [11.5863635, 48.1642389], [11.5863346, 48.1633329], [11.5863194, 48.1631675], [11.5862883, 48.1628278], [11.5862724, 48.1625796], [11.5862659, 48.1625059], [11.5862583, 48.1624109], [11.5862244, 48.1619661], [11.5862151, 48.1618442], [11.5862079, 48.1617431], [11.5861725, 48.1613391], [11.586123, 48.1610573], [11.5860943, 48.1609731], [11.5859935, 48.1606777], [11.5858342, 48.1603446], [11.5857346, 48.1601268], [11.5856281, 48.1598907], [11.5855899, 48.1598196], [11.5855797, 48.1598006], [11.5855349, 48.159717], [11.5853841, 48.1593818], [11.5853816, 48.1592294]]}, "properties": {"group": "chain", "chain": 1, "n_nodes": 101, "way_ids": [25402988, 36580422, 49605509, 93607081, 127977584, 127977585, 146203609, 151542345, 152093112, 157964860, 203861267, 213883298, 265416847, 265463850, 265616622, 309789062, 315224430, 315225203, 343277912, 377673767, 377673771, 377673774, 377673776, 397534183, 397534184, 447913966, 552105041, 552105042, 911252587, 911252588, 1421968417, 1425572151], "n_runs": 23, "stroke": "#1f78b4", "stroke-width": 3, "stroke-opacity": 0.8}}, {"type": "Feature", "geometry": {"type": "LineString", "coordinates": [[11.584579499999998, 48.184312899999995], [11.584596400000002, 48.18415110000001], [11.5846179, 48.183902], [11.5846218, 48.1838613], [11.584732699999998, 48.1826961], [11.5847611, 48.182397800000004], [11.5848117, 48.181865699999996], [11.584813, 48.1818328], [11.584820899999999, 48.181732], [11.5848294, 48.18164639999999], [11.5848494, 48.181437599999995], [11.5849149, 48.1807799], [11.5849493, 48.180435199999984], [11.5849599, 48.1803285], [11.5849658, 48.18027300000001], [11.5849734, 48.18015039999999], [11.5850227, 48.17944419999999], [11.5851063, 48.17858699999999], [11.5851402, 48.17826299999999], [11.5851547, 48.1781116], [11.585168399999999, 48.17796279999999]]}, "properties": {"group": "run", "chain": 1, "run": 0, "length_m": 707, "grid_bearing": 174.5, "max_offset_m": 0.9, "n_nodes": 21, "kept": true, "stroke": "#e41a1c", "stroke-width": 2}}, {"type": "Feature", "geometry": {"type": "LineString", "coordinates": [[11.585168399999999, 48.17796279999999], [11.585157399999998, 48.17781829999999], [11.585145599999999, 48.177782599999986]]}, "properties": {"group": "run", "chain": 1, "run": 1, "length_m": 20, "grid_bearing": 182.9, "max_offset_m": 0.5, "n_nodes": 3, "kept": false, "stroke": "#ff7f00", "stroke-width": 2}}, {"type": "Feature", "geometry": {"type": "LineString", "coordinates": [[11.585145599999999, 48.177782599999986], [11.5851235, 48.17773319999999], [11.5851037, 48.17769150000001], [11.5850736, 48.1776283], [11.585048099999998, 48.177567]]}, "properties": {"group": "run", "chain": 1, "run": 2, "length_m": 25, "grid_bearing": 194.9, "max_offset_m": 0.2, "n_nodes": 5, "kept": false, "stroke": "#ff7f00", "stroke-width": 2}}, {"type": "Feature", "geometry": {"type": "LineString", "coordinates": [[11.585048099999998, 48.177567], [11.5850147, 48.17744]]}, "properties": {"group": "run", "chain": 1, "run": 3, "length_m": 14, "grid_bearing": 188.0, "max_offset_m": 0.0, "n_nodes": 2, "kept": false, "stroke": "#ff7f00", "stroke-width": 2}}, {"type": "Feature", "geometry": {"type": "LineString", "coordinates": [[11.5850147, 48.17744], [11.5850005, 48.1773457]]}, "properties": {"group": "run", "chain": 1, "run": 4, "length_m": 11, "grid_bearing": 183.8, "max_offset_m": 0.0, "n_nodes": 2, "kept": false, "stroke": "#ff7f00", "stroke-width": 2}}, {"type": "Feature", "geometry": {"type": "LineString", "coordinates": [[11.5850005, 48.1773457], [11.584998500000001, 48.177286200000005]]}, "properties": {"group": "run", "chain": 1, "run": 5, "length_m": 7, "grid_bearing": 179.4, "max_offset_m": 0.0, "n_nodes": 2, "kept": false, "stroke": "#ff7f00", "stroke-width": 2}}, {"type": "Feature", "geometry": {"type": "LineString", "coordinates": [[11.584998500000001, 48.177286200000005], [11.5850052, 48.1772256]]}, "properties": {"group": "run", "chain": 1, "run": 6, "length_m": 7, "grid_bearing": 173.8, "max_offset_m": 0.0, "n_nodes": 2, "kept": false, "stroke": "#ff7f00", "stroke-width": 2}}, {"type": "Feature", "geometry": {"type": "LineString", "coordinates": [[11.5850052, 48.1772256], [11.5851035, 48.1766666], [11.5851679, 48.17636629999999], [11.585226, 48.176099400000005]]}, "properties": {"group": "run", "chain": 1, "run": 7, "length_m": 126, "grid_bearing": 170.6, "max_offset_m": 0.8, "n_nodes": 4, "kept": false, "stroke": "#ff7f00", "stroke-width": 2}}, {"type": "Feature", "geometry": {"type": "LineString", "coordinates": [[11.585226, 48.176099400000005], [11.585266399999998, 48.175966599999995], [11.585284, 48.17592399999999], [11.5852937, 48.1758945], [11.5854238, 48.1755007]]}, "properties": {"group": "run", "chain": 1, "run": 8, "length_m": 68, "grid_bearing": 165.6, "max_offset_m": 0.3, "n_nodes": 5, "kept": false, "stroke": "#ff7f00", "stroke-width": 2}}, {"type": "Feature", "geometry": {"type": "LineString", "coordinates": [[11.5854238, 48.1755007], [11.585467199999998, 48.17530929999999]]}, "properties": {"group": "run", "chain": 1, "run": 9, "length_m": 22, "grid_bearing": 169.4, "max_offset_m": 0.0, "n_nodes": 2, "kept": false, "stroke": "#ff7f00", "stroke-width": 2}}, {"type": "Feature", "geometry": {"type": "LineString", "coordinates": [[11.585467199999998, 48.17530929999999], [11.5855117, 48.174937299999996], [11.5856066, 48.1738605], [11.5856127, 48.17379179999998], [11.5856385, 48.17350369999999], [11.585647, 48.17340819999999], [11.585653399999998, 48.1733331], [11.5856681, 48.173162399999995], [11.585702000000001, 48.17277790000001], [11.5857043, 48.1727508], [11.5857315, 48.1724617], [11.585750599999999, 48.17223759999999], [11.5857877, 48.1718045], [11.585822999999998, 48.17141049999999], [11.585837, 48.1712591], [11.585840200000002, 48.1712249], [11.585845, 48.1711732], [11.585846999999998, 48.17115210000001], [11.585850699999998, 48.1711122], [11.585855, 48.17106569999999], [11.585859399999999, 48.1710184], [11.5859219, 48.17034449999999], [11.585983500000001, 48.16968049999999], [11.5859905, 48.1696052], [11.5859956, 48.169550599999994], [11.5860018, 48.169482899999984], [11.5860118, 48.1693754], [11.5860907, 48.1684456]]}, "properties": {"group": "run", "chain": 1, "run": 10, "length_m": 765, "grid_bearing": 174.6, "max_offset_m": 0.8, "n_nodes": 28, "kept": true, "stroke": "#e41a1c", "stroke-width": 2}}, {"type": "Feature", "geometry": {"type": "LineString", "coordinates": [[11.5860907, 48.1684456], [11.5861007, 48.16774740000001], [11.5861008, 48.16751879999999], [11.5861008, 48.16742519999999]]}, "properties": {"group": "run", "chain": 1, "run": 11, "length_m": 113, "grid_bearing": 177.7, "max_offset_m": 0.2, "n_nodes": 4, "kept": false, "stroke": "#ff7f00", "stroke-width": 2}}, {"type": "Feature", "geometry": {"type": "LineString", "coordinates": [[11.5861008, 48.16742519999999], [11.5860874, 48.1673046], [11.5860841, 48.167205800000005]]}, "properties": {"group": "run", "chain": 1, "run": 12, "length_m": 24, "grid_bearing": 181.0, "max_offset_m": 0.3, "n_nodes": 3, "kept": false, "stroke": "#ff7f00", "stroke-width": 2}}, {"type": "Feature", "geometry": {"type": "LineString", "coordinates": [[11.5860841, 48.167205800000005], [11.586134400000002, 48.1666273], [11.5861428, 48.16656489999999]]}, "properties": {"group": "run", "chain": 1, "run": 13, "length_m": 71, "grid_bearing": 174.6, "max_offset_m": 0.2, "n_nodes": 3, "kept": false, "stroke": "#ff7f00", "stroke-width": 2}}, {"type": "Feature", "geometry": {"type": "LineString", "coordinates": [[11.5861428, 48.16656489999999], [11.5861623, 48.1664685], [11.5861755, 48.16635959999999]]}, "properties": {"group": "run", "chain": 1, "run": 14, "length_m": 23, "grid_bearing": 172.0, "max_offset_m": 0.3, "n_nodes": 3, "kept": false, "stroke": "#ff7f00", "stroke-width": 2}}, {"type": "Feature", "geometry": {"type": "LineString", "coordinates": [[11.5861755, 48.16635959999999], [11.586307700000003, 48.16527200000001], [11.586322799999998, 48.16514839999999], [11.5863619, 48.164470099999996]]}, "properties": {"group": "run", "chain": 1, "run": 15, "length_m": 211, "grid_bearing": 174.3, "max_offset_m": 2.1, "n_nodes": 4, "kept": false, "stroke": "#ff7f00", "stroke-width": 2}}, {"type": "Feature", "geometry": {"type": "LineString", "coordinates": [[11.5863619, 48.164470099999996], [11.586363200000001, 48.16440149999999], [11.5863635, 48.164238899999994], [11.5863346, 48.16333290000001]]}, "properties": {"group": "run", "chain": 1, "run": 16, "length_m": 126, "grid_bearing": 179.0, "max_offset_m": 0.5, "n_nodes": 4, "kept": false, "stroke": "#ff7f00", "stroke-width": 2}}, {"type": "Feature", "geometry": {"type": "LineString", "coordinates": [[11.5863346, 48.16333290000001], [11.5863194, 48.16316749999999], [11.5862883, 48.16282780000001], [11.5862724, 48.162579599999994], [11.5862659, 48.162505900000006], [11.5862583, 48.1624109], [11.586224399999999, 48.161966099999994], [11.5862151, 48.16184419999999], [11.586207899999998, 48.161743099999995], [11.5861725, 48.1613391]]}, "properties": {"group": "run", "chain": 1, "run": 17, "length_m": 222, "grid_bearing": 181.2, "max_offset_m": 0.4, "n_nodes": 10, "kept": false, "stroke": "#ff7f00", "stroke-width": 2}}, {"type": "Feature", "geometry": {"type": "LineString", "coordinates": [[11.5861725, 48.1613391], [11.586123, 48.1610573]]}, "properties": {"group": "run", "chain": 1, "run": 18, "length_m": 32, "grid_bearing": 184.8, "max_offset_m": 0.0, "n_nodes": 2, "kept": false, "stroke": "#ff7f00", "stroke-width": 2}}, {"type": "Feature", "geometry": {"type": "LineString", "coordinates": [[11.586123, 48.1610573], [11.5860943, 48.1609731], [11.5859935, 48.160677699999994]]}, "properties": {"group": "run", "chain": 1, "run": 19, "length_m": 43, "grid_bearing": 190.9, "max_offset_m": 0.0, "n_nodes": 3, "kept": false, "stroke": "#ff7f00", "stroke-width": 2}}, {"type": "Feature", "geometry": {"type": "LineString", "coordinates": [[11.5859935, 48.160677699999994], [11.585834199999999, 48.16034460000001], [11.5857346, 48.1601268], [11.5856281, 48.1598907]]}, "properties": {"group": "run", "chain": 1, "run": 20, "length_m": 92, "grid_bearing": 195.3, "max_offset_m": 0.3, "n_nodes": 4, "kept": false, "stroke": "#ff7f00", "stroke-width": 2}}, {"type": "Feature", "geometry": {"type": "LineString", "coordinates": [[11.5856281, 48.1598907], [11.5855899, 48.15981959999999], [11.5855797, 48.159800600000004], [11.5855349, 48.15971699999999], [11.5853841, 48.159381799999984]]}, "properties": {"group": "run", "chain": 1, "run": 21, "length_m": 59, "grid_bearing": 195.9, "max_offset_m": 0.7, "n_nodes": 5, "kept": false, "stroke": "#ff7f00", "stroke-width": 2}}, {"type": "Feature", "geometry": {"type": "LineString", "coordinates": [[11.5853841, 48.159381799999984], [11.5853816, 48.15922940000001]]}, "properties": {"group": "run", "chain": 1, "run": 22, "length_m": 17, "grid_bearing": 178.7, "max_offset_m": 0.0, "n_nodes": 2, "kept": false, "stroke": "#ff7f00", "stroke-width": 2}}, {"type": "Feature", "geometry": {"type": "LineString", "coordinates": [[11.5862537, 48.1644142], [11.5862852, 48.16418], [11.5862908, 48.1641075], [11.586236, 48.1633369], [11.5861972, 48.1628655], [11.5861886, 48.162761], [11.5861756, 48.1625982], [11.586175, 48.1625903], [11.5861744, 48.1625828], [11.5861663, 48.1624942], [11.5861404, 48.1623322], [11.5861196, 48.1619709], [11.5861135, 48.1618649], [11.5861209, 48.1617583], [11.5861139, 48.1617352], [11.5861056, 48.1616495], [11.5860986, 48.1615704], [11.5860796, 48.1613033], [11.5860214, 48.1609824], [11.5860141, 48.1609422], [11.5859166, 48.1606831], [11.5857536, 48.1603606], [11.5854956, 48.1598399], [11.5854862, 48.1598208], [11.5852786, 48.1594016], [11.5852235, 48.1592892], [11.5851958, 48.159228], [11.5852066, 48.159176], [11.5851863, 48.1591321], [11.5851406, 48.1590359], [11.5847588, 48.1582289], [11.5844327, 48.1575017], [11.5843792, 48.1573911], [11.5843372, 48.1573516], [11.5842982, 48.1572692], [11.5842672, 48.1571967], [11.5842691, 48.1571589], [11.5842681, 48.1571301], [11.5842667, 48.1570926], [11.5842407, 48.1570411], [11.5842224, 48.1570049], [11.5839802, 48.1565385], [11.5838246, 48.1562182], [11.5833598, 48.1552538], [11.5832678, 48.1550553], [11.5832256, 48.1549643], [11.5832198, 48.1549519], [11.583116, 48.1547279], [11.5828741, 48.1542185], [11.5828582, 48.1541851], [11.5828223, 48.1541095], [11.5827986, 48.1540599], [11.5823442, 48.1531093]]}, "properties": {"group": "chain", "chain": 2, "n_nodes": 53, "way_ids": [33487023, 33487024, 83020814, 101220845, 204589459, 287514644, 288092849, 551303736, 1225236128, 1305313360, 1305313361], "n_runs": 15, "stroke": "#1f78b4", "stroke-width": 3, "stroke-opacity": 0.8}}, {"type": "Feature", "geometry": {"type": "LineString", "coordinates": [[11.586253700000002, 48.16441420000001], [11.5862852, 48.16418], [11.5862908, 48.16410749999999]]}, "properties": {"group": "run", "chain": 2, "run": 0, "length_m": 34, "grid_bearing": 173.4, "max_offset_m": 0.2, "n_nodes": 3, "kept": false, "stroke": "#ff7f00", "stroke-width": 2}}, {"type": "Feature", "geometry": {"type": "LineString", "coordinates": [[11.5862908, 48.16410749999999], [11.586236, 48.16333689999999], [11.5861972, 48.1628655], [11.5861886, 48.162761], [11.586175599999999, 48.1625982], [11.586175, 48.16259029999999], [11.5861744, 48.16258279999999], [11.5861663, 48.1624942]]}, "properties": {"group": "run", "chain": 2, "run": 1, "length_m": 180, "grid_bearing": 181.0, "max_offset_m": 0.3, "n_nodes": 8, "kept": false, "stroke": "#ff7f00", "stroke-width": 2}}, {"type": "Feature", "geometry": {"type": "LineString", "coordinates": [[11.5861663, 48.1624942], [11.5861404, 48.1623322]]}, "properties": {"group": "run", "chain": 2, "run": 2, "length_m": 18, "grid_bearing": 184.2, "max_offset_m": 0.0, "n_nodes": 2, "kept": false, "stroke": "#ff7f00", "stroke-width": 2}}, {"type": "Feature", "geometry": {"type": "LineString", "coordinates": [[11.5861404, 48.1623322], [11.5861196, 48.1619709], [11.5861135, 48.1618649]]}, "properties": {"group": "run", "chain": 2, "run": 3, "length_m": 52, "grid_bearing": 180.3, "max_offset_m": 0.0, "n_nodes": 3, "kept": false, "stroke": "#ff7f00", "stroke-width": 2}}, {"type": "Feature", "geometry": {"type": "LineString", "coordinates": [[11.5861135, 48.1618649], [11.5861209, 48.161758299999995]]}, "properties": {"group": "run", "chain": 2, "run": 4, "length_m": 12, "grid_bearing": 175.4, "max_offset_m": 0.0, "n_nodes": 2, "kept": false, "stroke": "#ff7f00", "stroke-width": 2}}, {"type": "Feature", "geometry": {"type": "LineString", "coordinates": [[11.5861209, 48.161758299999995], [11.5861139, 48.1617352], [11.5861056, 48.161649499999996], [11.586098599999998, 48.1615704], [11.586079599999998, 48.16130329999999]]}, "properties": {"group": "run", "chain": 2, "run": 5, "length_m": 51, "grid_bearing": 181.5, "max_offset_m": 0.4, "n_nodes": 5, "kept": false, "stroke": "#ff7f00", "stroke-width": 2}}, {"type": "Feature", "geometry": {"type": "LineString", "coordinates": [[11.586079599999998, 48.16130329999999], [11.5860214, 48.160982399999995], [11.5860141, 48.1609422]]}, "properties": {"group": "run", "chain": 2, "run": 6, "length_m": 40, "grid_bearing": 185.0, "max_offset_m": 0.0, "n_nodes": 3, "kept": false, "stroke": "#ff7f00", "stroke-width": 2}}, {"type": "Feature", "geometry": {"type": "LineString", "coordinates": [[11.5860141, 48.1609422], [11.5859166, 48.1606831]]}, "properties": {"group": "run", "chain": 2, "run": 7, "length_m": 30, "grid_bearing": 192.2, "max_offset_m": 0.0, "n_nodes": 2, "kept": false, "stroke": "#ff7f00", "stroke-width": 2}}, {"type": "Feature", "geometry": {"type": "LineString", "coordinates": [[11.5859166, 48.1606831], [11.5857536, 48.1603606], [11.5854956, 48.15983990000001], [11.5854862, 48.159820799999984], [11.585278600000002, 48.159401599999995], [11.585223499999998, 48.15928919999999], [11.5851958, 48.159228]]}, "properties": {"group": "run", "chain": 2, "run": 8, "length_m": 170, "grid_bearing": 196.4, "max_offset_m": 0.2, "n_nodes": 7, "kept": false, "stroke": "#ff7f00", "stroke-width": 2}}, {"type": "Feature", "geometry": {"type": "LineString", "coordinates": [[11.5851958, 48.159228], [11.5852066, 48.15917600000001]]}, "properties": {"group": "run", "chain": 2, "run": 9, "length_m": 6, "grid_bearing": 170.2, "max_offset_m": 0.0, "n_nodes": 2, "kept": false, "stroke": "#ff7f00", "stroke-width": 2}}, {"type": "Feature", "geometry": {"type": "LineString", "coordinates": [[11.5852066, 48.15917600000001], [11.5851863, 48.15913210000001], [11.5851406, 48.1590359], [11.5847588, 48.1582289], [11.584432699999999, 48.15750169999999], [11.5843792, 48.1573911]]}, "properties": {"group": "run", "chain": 2, "run": 10, "length_m": 208, "grid_bearing": 195.3, "max_offset_m": 0.6, "n_nodes": 6, "kept": false, "stroke": "#ff7f00", "stroke-width": 2}}, {"type": "Feature", "geometry": {"type": "LineString", "coordinates": [[11.5843792, 48.1573911], [11.584337200000002, 48.157351600000005]]}, "properties": {"group": "run", "chain": 2, "run": 11, "length_m": 5, "grid_bearing": 213.5, "max_offset_m": 0.0, "n_nodes": 2, "kept": false, "stroke": "#ff7f00", "stroke-width": 2}}, {"type": "Feature", "geometry": {"type": "LineString", "coordinates": [[11.584337200000002, 48.157351600000005], [11.584298200000001, 48.1572692], [11.5842672, 48.1571967]]}, "properties": {"group": "run", "chain": 2, "run": 12, "length_m": 18, "grid_bearing": 194.9, "max_offset_m": 0.1, "n_nodes": 3, "kept": false, "stroke": "#ff7f00", "stroke-width": 2}}, {"type": "Feature", "geometry": {"type": "LineString", "coordinates": [[11.5842672, 48.1571967], [11.5842691, 48.1571589], [11.5842681, 48.1571301], [11.5842667, 48.15709259999999]]}, "properties": {"group": "run", "chain": 2, "run": 13, "length_m": 12, "grid_bearing": 178.3, "max_offset_m": 0.2, "n_nodes": 4, "kept": false, "stroke": "#ff7f00", "stroke-width": 2}}, {"type": "Feature", "geometry": {"type": "LineString", "coordinates": [[11.5842667, 48.15709259999999], [11.584240700000002, 48.157041099999994], [11.5842224, 48.15700489999999], [11.583980200000001, 48.1565385], [11.5838246, 48.15621819999999], [11.5833598, 48.155253800000004], [11.5832678, 48.1550553], [11.583225599999999, 48.1549643], [11.5832198, 48.15495190000001], [11.583116, 48.154727900000005], [11.5828741, 48.1542185], [11.582858200000002, 48.1541851], [11.5828223, 48.1541095], [11.5827986, 48.15405989999999], [11.582344200000001, 48.15310929999998]]}, "properties": {"group": "run", "chain": 2, "run": 14, "length_m": 465, "grid_bearing": 196.0, "max_offset_m": 1.4, "n_nodes": 15, "kept": true, "stroke": "#e41a1c", "stroke-width": 2}}, {"type": "Feature", "geometry": {"type": "LineString", "coordinates": [[11.586654, 48.1616931], [11.58662, 48.1616644], [11.586465, 48.1613297], [11.5863845, 48.1611409], [11.5863548, 48.1609838], [11.5863359, 48.1609379], [11.5860858, 48.1603978], [11.5859807, 48.1601994], [11.5859263, 48.1600881], [11.5855853, 48.1593399], [11.5855144, 48.159181], [11.5854842, 48.1591198], [11.5854633, 48.1590774], [11.5854381, 48.1590263], [11.5850428, 48.1581643], [11.5850313, 48.1581393], [11.5849972, 48.1580691], [11.5847521, 48.1575652], [11.5846292, 48.1573224], [11.5846168, 48.1572979], [11.5845814, 48.1572275], [11.5845441, 48.1571535], [11.5845361, 48.1571376], [11.5845304, 48.1571105], [11.5845163, 48.1570431], [11.5843823, 48.1567721], [11.5842382, 48.1565044], [11.5840587, 48.1561412], [11.5840337, 48.1560822], [11.5840129, 48.156035], [11.583836, 48.1556411], [11.5837955, 48.1555509], [11.5837743, 48.1555057], [11.583721, 48.1553925], [11.583676, 48.1552968], [11.5833823, 48.1546721], [11.5832408, 48.1543814], [11.5831961, 48.1542896], [11.5831655, 48.154214], [11.5831452, 48.1541641], [11.5830912, 48.1540523], [11.5830551, 48.1539776], [11.5828592, 48.1535722], [11.5826684, 48.1531841], [11.5826469, 48.1531224]]}, "properties": {"group": "chain", "chain": 3, "n_nodes": 45, "way_ids": [33487025, 192485140, 192485141, 482117456, 551303740, 1197601395, 1305314138, 1305314139, 1305314140, 1305314141, 1305314142, 1305314143, 1305999401, 1305999402], "n_runs": 12, "stroke": "#1f78b4", "stroke-width": 3, "stroke-opacity": 0.8}}, {"type": "Feature", "geometry": {"type": "LineString", "coordinates": [[11.586653999999998, 48.161693099999994], [11.586619999999998, 48.1616644], [11.586465, 48.1613297]]}, "properties": {"group": "run", "chain": 3, "run": 0, "length_m": 43, "grid_bearing": 197.3, "max_offset_m": 1.3, "n_nodes": 3, "kept": false, "stroke": "#ff7f00", "stroke-width": 2}}, {"type": "Feature", "geometry": {"type": "LineString", "coordinates": [[11.586465, 48.1613297], [11.586384500000001, 48.1611409]]}, "properties": {"group": "run", "chain": 3, "run": 1, "length_m": 22, "grid_bearing": 194.0, "max_offset_m": 0.0, "n_nodes": 2, "kept": false, "stroke": "#ff7f00", "stroke-width": 2}}, {"type": "Feature", "geometry": {"type": "LineString", "coordinates": [[11.586384500000001, 48.1611409], [11.5863548, 48.1609838]]}, "properties": {"group": "run", "chain": 3, "run": 2, "length_m": 18, "grid_bearing": 185.3, "max_offset_m": 0.0, "n_nodes": 2, "kept": false, "stroke": "#ff7f00", "stroke-width": 2}}, {"type": "Feature", "geometry": {"type": "LineString", "coordinates": [[11.5863548, 48.1609838], [11.5863359, 48.1609379], [11.5860858, 48.16039779999999]]}, "properties": {"group": "run", "chain": 3, "run": 3, "length_m": 68, "grid_bearing": 195.1, "max_offset_m": 0.2, "n_nodes": 3, "kept": false, "stroke": "#ff7f00", "stroke-width": 2}}, {"type": "Feature", "geometry": {"type": "LineString", "coordinates": [[11.5860858, 48.16039779999999], [11.5859807, 48.160199399999996], [11.5859263, 48.1600881], [11.5855853, 48.1593399]]}, "properties": {"group": "run", "chain": 3, "run": 4, "length_m": 123, "grid_bearing": 195.6, "max_offset_m": 0.9, "n_nodes": 4, "kept": false, "stroke": "#ff7f00", "stroke-width": 2}}, {"type": "Feature", "geometry": {"type": "LineString", "coordinates": [[11.5855853, 48.1593399], [11.5855144, 48.159181], [11.5854842, 48.159119800000006], [11.585463300000002, 48.15907740000001], [11.5854381, 48.15902630000001], [11.5850428, 48.158164299999996], [11.5850313, 48.15813930000001], [11.5849972, 48.158069100000006], [11.5847521, 48.1575652], [11.584629200000002, 48.1573224], [11.584616800000001, 48.1572979], [11.5845814, 48.15722749999999], [11.5845441, 48.15715349999999], [11.5845361, 48.1571376], [11.5845304, 48.1571105]]}, "properties": {"group": "run", "chain": 3, "run": 5, "length_m": 260, "grid_bearing": 195.6, "max_offset_m": 1.0, "n_nodes": 15, "kept": false, "stroke": "#ff7f00", "stroke-width": 2}}, {"type": "Feature", "geometry": {"type": "LineString", "coordinates": [[11.5845304, 48.1571105], [11.5845163, 48.1570431]]}, "properties": {"group": "run", "chain": 3, "run": 6, "length_m": 8, "grid_bearing": 186.0, "max_offset_m": 0.0, "n_nodes": 2, "kept": false, "stroke": "#ff7f00", "stroke-width": 2}}, {"type": "Feature", "geometry": {"type": "LineString", "coordinates": [[11.5845163, 48.1570431], [11.5843823, 48.1567721], [11.5842382, 48.15650440000001], [11.5840587, 48.15614120000001]]}, "properties": {"group": "run", "chain": 3, "run": 7, "length_m": 106, "grid_bearing": 196.8, "max_offset_m": 0.3, "n_nodes": 4, "kept": false, "stroke": "#ff7f00", "stroke-width": 2}}, {"type": "Feature", "geometry": {"type": "LineString", "coordinates": [[11.5840587, 48.15614120000001], [11.5840337, 48.15608219999999], [11.584012900000001, 48.156035], [11.583836000000002, 48.1556411], [11.5837955, 48.155550899999994], [11.5837743, 48.1555057], [11.583721, 48.15539249999999], [11.583676000000002, 48.155296799999995], [11.5833823, 48.154672100000006], [11.5832408, 48.15438139999999], [11.5831961, 48.15428959999999]]}, "properties": {"group": "run", "chain": 3, "run": 8, "length_m": 216, "grid_bearing": 195.4, "max_offset_m": 0.8, "n_nodes": 11, "kept": false, "stroke": "#ff7f00", "stroke-width": 2}}, {"type": "Feature", "geometry": {"type": "LineString", "coordinates": [[11.5831961, 48.15428959999999], [11.5831655, 48.154213999999996], [11.583145200000002, 48.154164099999996], [11.583091200000002, 48.15405229999999], [11.5830551, 48.153977600000005]]}, "properties": {"group": "run", "chain": 3, "run": 9, "length_m": 36, "grid_bearing": 194.9, "max_offset_m": 0.4, "n_nodes": 5, "kept": false, "stroke": "#ff7f00", "stroke-width": 2}}, {"type": "Feature", "geometry": {"type": "LineString", "coordinates": [[11.5830551, 48.153977600000005], [11.5828592, 48.1535722], [11.5826684, 48.1531841]]}, "properties": {"group": "run", "chain": 3, "run": 10, "length_m": 93, "grid_bearing": 196.1, "max_offset_m": 0.1, "n_nodes": 3, "kept": false, "stroke": "#ff7f00", "stroke-width": 2}}, {"type": "Feature", "geometry": {"type": "LineString", "coordinates": [[11.5826684, 48.1531841], [11.5826469, 48.153122399999994]]}, "properties": {"group": "run", "chain": 3, "run": 11, "length_m": 7, "grid_bearing": 191.2, "max_offset_m": 0.0, "n_nodes": 2, "kept": false, "stroke": "#ff7f00", "stroke-width": 2}}, {"type": "Feature", "geometry": {"type": "LineString", "coordinates": [[11.5864529, 48.162675], [11.5865063, 48.162608], [11.5865188, 48.1625945], [11.5865356, 48.1625804], [11.5865811, 48.1625463], [11.5866485, 48.1624987], [11.5867815, 48.1623061], [11.5868161, 48.16225], [11.5868586, 48.1621886], [11.5868728, 48.1621699], [11.5868796, 48.1621535], [11.5868783, 48.1621412], [11.586874, 48.1621265], [11.5868191, 48.1619859], [11.5867622, 48.1618454], [11.5867455, 48.1618035], [11.5867172, 48.1617501], [11.5866948, 48.1617]]}, "properties": {"group": "chain", "chain": 4, "n_nodes": 18, "way_ids": [33487030, 551303737, 551303739], "n_runs": 6, "stroke": "#1f78b4", "stroke-width": 3, "stroke-opacity": 0.8}}, {"type": "Feature", "geometry": {"type": "LineString", "coordinates": [[11.5864529, 48.16267500000001], [11.586506299999998, 48.16260799999999], [11.5865188, 48.1625945]]}, "properties": {"group": "run", "chain": 4, "run": 0, "length_m": 10, "grid_bearing": 149.4, "max_offset_m": 0.1, "n_nodes": 3, "kept": false, "stroke": "#ff7f00", "stroke-width": 2}}, {"type": "Feature", "geometry": {"type": "LineString", "coordinates": [[11.5865188, 48.1625945], [11.586535599999998, 48.1625804], [11.5865811, 48.16254629999999], [11.586648499999999, 48.1624987]]}, "properties": {"group": "run", "chain": 4, "run": 1, "length_m": 14, "grid_bearing": 135.9, "max_offset_m": 0.2, "n_nodes": 4, "kept": false, "stroke": "#ff7f00", "stroke-width": 2}}, {"type": "Feature", "geometry": {"type": "LineString", "coordinates": [[11.586648499999999, 48.1624987], [11.5867815, 48.16230610000001], [11.5868161, 48.16225000000001], [11.5868586, 48.16218859999999]]}, "properties": {"group": "run", "chain": 4, "run": 2, "length_m": 38, "grid_bearing": 153.7, "max_offset_m": 0.2, "n_nodes": 4, "kept": false, "stroke": "#ff7f00", "stroke-width": 2}}, {"type": "Feature", "geometry": {"type": "LineString", "coordinates": [[11.5868586, 48.16218859999999], [11.5868728, 48.162169899999995], [11.5868796, 48.1621535], [11.5868783, 48.16214120000001], [11.586874000000002, 48.1621265]]}, "properties": {"group": "run", "chain": 4, "run": 3, "length_m": 7, "grid_bearing": 168.7, "max_offset_m": 0.9, "n_nodes": 5, "kept": false, "stroke": "#ff7f00", "stroke-width": 2}}, {"type": "Feature", "geometry": {"type": "LineString", "coordinates": [[11.586874000000002, 48.1621265], [11.5868191, 48.16198589999998], [11.586762199999999, 48.16184539999999], [11.5867455, 48.1618035]]}, "properties": {"group": "run", "chain": 4, "run": 4, "length_m": 37, "grid_bearing": 193.0, "max_offset_m": 0.1, "n_nodes": 4, "kept": false, "stroke": "#ff7f00", "stroke-width": 2}}, {"type": "Feature", "geometry": {"type": "LineString", "coordinates": [[11.5867455, 48.1618035], [11.5867172, 48.1617501], [11.5866948, 48.161699999999996]]}, "properties": {"group": "run", "chain": 4, "run": 5, "length_m": 12, "grid_bearing": 196.2, "max_offset_m": 0.2, "n_nodes": 3, "kept": false, "stroke": "#ff7f00", "stroke-width": 2}}, {"type": "Feature", "geometry": {"type": "LineString", "coordinates": [[11.5823677, 48.1524715], [11.5822981, 48.1525163], [11.5822341, 48.1525353], [11.5821637, 48.1525427], [11.5820952, 48.1525435], [11.582036, 48.1525337]]}, "properties": {"group": "chain", "chain": 5, "n_nodes": 6, "way_ids": [73207645], "n_runs": 5, "stroke": "#1f78b4", "stroke-width": 3, "stroke-opacity": 0.8}}, {"type": "Feature", "geometry": {"type": "LineString", "coordinates": [[11.582367700000002, 48.15247150000001], [11.582298099999997, 48.152516299999995]]}, "properties": {"group": "run", "chain": 5, "run": 0, "length_m": 7, "grid_bearing": 312.0, "max_offset_m": 0.0, "n_nodes": 2, "kept": false, "stroke": "#ff7f00", "stroke-width": 2}}, {"type": "Feature", "geometry": {"type": "LineString", "coordinates": [[11.582298099999997, 48.152516299999995], [11.5822341, 48.15253529999999]]}, "properties": {"group": "run", "chain": 5, "run": 1, "length_m": 5, "grid_bearing": 292.0, "max_offset_m": 0.0, "n_nodes": 2, "kept": false, "stroke": "#ff7f00", "stroke-width": 2}}, {"type": "Feature", "geometry": {"type": "LineString", "coordinates": [[11.5822341, 48.15253529999999], [11.582163699999999, 48.15254269999999]]}, "properties": {"group": "run", "chain": 5, "run": 2, "length_m": 5, "grid_bearing": 277.0, "max_offset_m": 0.0, "n_nodes": 2, "kept": false, "stroke": "#ff7f00", "stroke-width": 2}}, {"type": "Feature", "geometry": {"type": "LineString", "coordinates": [[11.582163699999999, 48.15254269999999], [11.5820952, 48.1525435]]}, "properties": {"group": "run", "chain": 5, "run": 3, "length_m": 5, "grid_bearing": 269.1, "max_offset_m": 0.0, "n_nodes": 2, "kept": false, "stroke": "#ff7f00", "stroke-width": 2}}, {"type": "Feature", "geometry": {"type": "LineString", "coordinates": [[11.5820952, 48.1525435], [11.582035999999999, 48.15253369999999]]}, "properties": {"group": "run", "chain": 5, "run": 4, "length_m": 5, "grid_bearing": 254.2, "max_offset_m": 0.0, "n_nodes": 2, "kept": false, "stroke": "#ff7f00", "stroke-width": 2}}, {"type": "Feature", "geometry": {"type": "LineString", "coordinates": [[11.5864855, 48.1632837], [11.5865993, 48.1633645]]}, "properties": {"group": "chain", "chain": 6, "n_nodes": 2, "way_ids": [332176206], "n_runs": 1, "stroke": "#1f78b4", "stroke-width": 3, "stroke-opacity": 0.8}}, {"type": "Feature", "geometry": {"type": "LineString", "coordinates": [[11.5864855, 48.16328369999999], [11.586599299999998, 48.16336449999999]]}, "properties": {"group": "run", "chain": 6, "run": 0, "length_m": 12, "grid_bearing": 41.4, "max_offset_m": 0.0, "n_nodes": 2, "kept": false, "stroke": "#ff7f00", "stroke-width": 2}}]}