{
"type": "FeatureCollection",
"features": [
{"type":"Feature","geometry":{"type":"Point","coordinates":[11.58666,48.16136]},"properties":{"id":"poi_n10013512769","name":"eats&beats Crepes & Coffee","kind":"restaurant","at":[48.16136,11.58666],"osm_id":"node/10013512769","open_horizon":false,"views":"[{\"sightline_id\": \"sl_302cf079\", \"toward\": \"a\", \"distance_m\": 11.7}, {\"sightline_id\": \"sl_453c72bc\", \"toward\": \"b\", \"distance_m\": 27.5}]","tags":"{\"cuisine\": \"coffee_shop;crepes\", \"outdoor_seating\": \"yes\"}","marker-color":"#1f78b4"}},
{"type":"Feature","geometry":{"type":"Point","coordinates":[11.59627,48.10757]},"properties":{"id":"poi_n10021907237","name":"Mama","kind":"restaurant","at":[48.10757,11.59627],"osm_id":"node/10021907237","open_horizon":false,"views":"[{\"sightline_id\": \"sl_5aaa36d4\", \"toward\": \"a\", \"distance_m\": 35.4}, {\"sightline_id\": \"sl_5aaa36d4\", \"toward\": \"b\", \"distance_m\": 35.4}]","tags":"{\"cuisine\": \"vietnamese\", \"outdoor_seating\": \"yes\"}","marker-color":"#1f78b4"}},
{"type":"Feature","geometry":{"type":"Point","coordinates":[11.57537,48.15055]},"properties":{"id":"poi_n1005405909","name":"Suzy B.","kind":"bar","at":[48.15055,11.57537],"osm_id":"node/1005405909","open_horizon":false,"views":"[{\"sightline_id\": \"sl_1c73e5a8\", \"toward\": \"a\", \"distance_m\": 9.5}, {\"sightline_id\": \"sl_1c73e5a8\", \"toward\": \"b\", \"distance_m\": 9.5}]","tags":"{\"opening_hours\": \"We-Sa 18:00+\"}","marker-color":"#1f78b4"}},
{"type":"Feature","geometry":{"type":"Point","coordinates":[11.57522,48.15059]},"properties":{"id":"poi_n1005405936","name":"Teeseele München","kind":"cafe","at":[48.15059,11.57522],"osm_id":"node/1005405936","open_horizon":false,"views":"[{\"sightline_id\": \"sl_1c73e5a8\", \"toward\": \"a\", \"distance_m\": 9.5}, {\"sightline_id\": \"sl_1c73e5a8\", \"toward\": \"b\", \"distance_m\": 9.5}]","tags":"{\"cuisine\": \"taiwanese\", \"opening_hours\": \"Tu-Su 12:00-18:00; Mo off\", \"website\": \"https://teeseele.wordpress.com/\"}","marker-color":"#1f78b4"}},
{"type":"Feature","geometry":{"type":"Point","coordinates":[11.55574,48.15499]},"properties":{"id":"poi_n10076369821","name":"StuCafé","kind":"cafe","at":[48.15499,11.55574],"osm_id":"node/10076369821","open_horizon":false,"views":"[{\"sightline_id\": \"sl_34f39a83\", \"toward\": \"a\", \"distance_m\": 26.1}, {\"sightline_id\": \"sl_34f39a83\", \"toward\": \"b\", \"distance_m\": 26.1}]","tags":"{\"cuisine\": \"sandwich;coffee_shop;regional\", \"opening_hours\": \"Mo-Fr 09:00-15:00; PH off\", \"outdoor_seating\": \"no\", \"website\": \"https://www.studierendenwerk-muenchen-oberbayern.de/mensa/standorte-und-oeffnungszeiten/muenchen/\"}","marker-color":"#1f78b4"}},
{"type":"Feature","geometry":{"type":"Point","coordinates":[11.56595,48.1494]},"properties":{"id":"poi_n10095813702","name":"89Anju","kind":"restaurant","at":[48.1494,11.56595],"osm_id":"node/10095813702","open_horizon":false,"views":"[{\"sightline_id\": \"sl_9752a41c\", \"toward\": \"a\", \"distance_m\": 14.6}, {\"sightline_id\": \"sl_9752a41c\", \"toward\": \"b\", \"distance_m\": 14.6}]","tags":"{\"cuisine\": \"korean\", \"opening_hours\": \"Mo,We 11:30-14:30,17:30-23:00; Tu off; Th-Fr 11:30-14:30,17:30-24:00; Sa 17:30-24:00; Su 17:30-23:00\", \"outdoor_seating\": \"yes\"}","marker-color":"#1f78b4"}},
{"type":"Feature","geometry":{"type":"Point","coordinates":[11.53811,48.14447]},"properties":{"id":"poi_n10101836416","name":"Lilli P.","kind":"restaurant","at":[48.14447,11.53811],"osm_id":"node/10101836416","open_horizon":false,"views":"[{\"sightline_id\": \"sl_9473429f\", \"toward\": \"b\", \"distance_m\": 24.2}]","tags":"{\"outdoor_seating\": \"yes\", \"phone\": \"+49 89 90175452\", \"website\": \"https://www.lillip.de/\"}","marker-color":"#1f78b4"}},
{"type":"Feature","geometry":{"type":"Point","coordinates":[11.57208,48.1311]},"properties":{"id":"poi_n10104460839","name":"The village café","kind":"bar","at":[48.1311,11.57208],"osm_id":"node/10104460839","open_horizon":false,"views":"[{\"sightline_id\": \"sl_195c0dd2\", \"toward\": \"a\", \"distance_m\": 11.8}]","tags":"{\"opening_hours\": \"Mo,Th,Fr 12:00-22:00; Sa 09:00-22:00; Su 09:00-18:00\", \"outdoor_seating\": \"no\"}","marker-color":"#1f78b4"}},
{"type":"Feature","geometry":{"type":"Point","coordinates":[11.56086,48.13726]},"properties":{"id":"poi_n10110643540","name":"Servus Habibi","kind":"restaurant","at":[48.13726,11.56086],"osm_id":"node/10110643540","open_horizon":false,"views":"[{\"sightline_id\": \"sl_3eb150b6\", \"toward\": \"a\", \"distance_m\": 7.1}, {\"sightline_id\": \"sl_3eb150b6\", \"toward\": \"b\", \"distance_m\": 7.1}, {\"sightline_id\": \"sl_d3d5ebce\", \"toward\": \"a\", \"distance_m\": 24.8}, {\"sightline_id\": \"sl_d3d5ebce\", \"toward\": \"b\", \"distance_m\": 24.8}]","tags":"{\"cuisine\": \"lebanese\", \"opening_hours\": \"Mo-Fr 12:00-14:30,17:00-24:00; Sa-Su 17:00-24:00\", \"outdoor_seating\": \"yes\"}","marker-color":"#1f78b4"}},
{"type":"Feature","geometry":{"type":"Point","coordinates":[11.56969,48.13491]},"properties":{"id":"poi_n10121228796","name":"Cookie Couture","kind":"cafe","at":[48.13491,11.56969],"osm_id":"node/10121228796","open_horizon":false,"views":"[{\"sightline_id\": \"sl_57c2a20c\", \"toward\": \"b\", \"distance_m\": 5.6}]","tags":"{\"outdoor_seating\": \"no\"}","marker-color":"#1f78b4"}},
{"type":"Feature","geometry":{"type":"Point","coordinates":[11.59413,48.11056]},"properties":{"id":"poi_n10130877187","name":"Cafè Montana","kind":"bar","at":[48.11056,11.59413],"osm_id":"node/10130877187","open_horizon":false,"views":"[{\"sightline_id\": \"sl_5aaa36d4\", \"toward\": \"a\", \"distance_m\": 35.4}]","tags":"{\"outdoor_seating\": \"terrace\"}","marker-color":"#1f78b4"}},
{"type":"Feature","geometry":{"type":"Point","coordinates":[11.61735,48.13094]},"properties":{"id":"poi_n10147785745","name":"Fefee","kind":"restaurant","at":[48.13094,11.61735],"osm_id":"node/10147785745","open_horizon":false,"views":"[{\"sightline_id\": \"sl_278b6e53\", \"toward\": \"a\", \"distance_m\": 17.6}, {\"sightline_id\": \"sl_278b6e53\", \"toward\": \"b\", \"distance_m\": 17.6}]","tags":"{\"cuisine\": \"vietnamese\", \"opening_hours\": \"Tu-Th 11:00-14:30,16:00-21:00; Sa 16:00-22:00; Fr 11:00-14:30,16:00-22:00; Su,PH 16:00-21:00; Mo off\", \"outdoor_seating\": \"yes\", \"phone\": \"+49 89 59990361\", \"website\": \"https://www.fefee.asia/storedata/listStore\"}","marker-color":"#1f78b4"}},
{"type":"Feature","geometry":{"type":"Point","coordinates":[11.6179,48.13076]},"properties":{"id":"poi_n10166953144","name":"Smash House","kind":"restaurant","at":[48.13076,11.6179],"osm_id":"node/10166953144","open_horizon":false,"views":"[{\"sightline_id\": \"sl_278b6e53\", \"toward\": \"a\", \"distance_m\": 8.4}, {\"sightline_id\": \"sl_278b6e53\", \"toward\": \"b\", \"distance_m\": 8.4}]","tags":"{\"cuisine\": \"burger\", \"opening_hours\": \"Mo-Su 11:00-23:00\", \"outdoor_seating\": \"no\"}","marker-color":"#1f78b4"}},
{"type":"Feature","geometry":{"type":"Point","coordinates":[11.61843,48.13067]},"properties":{"id":"poi_n10166953968","name":"Papa Schlumpf","kind":"bar","at":[48.13067,11.61843],"osm_id":"node/10166953968","open_horizon":false,"views":"[{\"sightline_id\": \"sl_278b6e53\", \"toward\": \"a\", \"distance_m\": 9.1}, {\"sightline_id\": \"sl_278b6e53\", \"toward\": \"b\", \"distance_m\": 9.1}]","tags":"{\"outdoor_seating\": \"yes\"}","marker-color":"#1f78b4"}},
{"type":"Feature","geometry":{"type":"Point","coordinates":[11.57891,48.15225]},"properties":{"id":"poi_n10168873107","name":"Kara Kazan","kind":"restaurant","at":[48.15225,11.57891],"osm_id":"node/10168873107","open_horizon":false,"views":"[{\"sightline_id\": \"sl_950d235f\", \"toward\": \"a\", \"distance_m\": 13.8}, {\"sightline_id\": \"sl_950d235f\", \"toward\": \"b\", \"distance_m\": 13.8}]","tags":"{\"cuisine\": \"turkish\", \"opening_hours\": \"Mo-Sa 11:00-20:00; Su,PH off\", \"outdoor_seating\": \"yes\"}","marker-color":"#1f78b4"}},
{"type":"Feature","geometry":{"type":"Point","coordinates":[11.56259,48.16397]},"properties":{"id":"poi_n10204979730","name":"Café Blond","kind":"cafe","at":[48.16397,11.56259],"osm_id":"node/10204979730","open_horizon":false,"views":"[{\"sightline_id\": \"sl_05c4026f\", \"toward\": \"b\", \"distance_m\": 17.4}, {\"sightline_id\": \"sl_cd61fdb4\", \"toward\": \"a\", \"distance_m\": 22.5}]","tags":"{}","marker-color":"#1f78b4"}},
{"type":"Feature","geometry":{"type":"Point","coordinates":[11.56498,48.17139]},"properties":{"id":"poi_n10236089661","name":"Baraki","kind":"bar","at":[48.17139,11.56498],"osm_id":"node/10236089661","open_horizon":false,"views":"[{\"sightline_id\": \"sl_35d8bb44\", \"toward\": \"b\", \"distance_m\": 25.9}]","tags":"{\"opening_hours\": \"Mo-Th 16:00-03:00; Fr-Su 13:00-03:00\"}","marker-color":"#1f78b4"}},
{"type":"Feature","geometry":{"type":"Point","coordinates":[11.57443,48.14263]},"properties":{"id":"poi_n10244266823","name":"EspressoBar by BalanDeli","kind":"cafe","at":[48.14263,11.57443],"osm_id":"node/10244266823","open_horizon":false,"views":"[{\"sightline_id\": \"sl_9df21fd2\", \"toward\": \"a\", \"distance_m\": 6.7}]","tags":"{\"cuisine\": \"coffee_shop;lunch\", \"opening_hours\": \"Mo-Fr 08:00-15:00\", \"outdoor_seating\": \"yes\"}","marker-color":"#1f78b4"}},
{"type":"Feature","geometry":{"type":"Point","coordinates":[11.56259,48.17213]},"properties":{"id":"poi_n10253244693","name":"Sweet Box","kind":"ice_cream","at":[48.17213,11.56259],"osm_id":"node/10253244693","open_horizon":false,"views":"[{\"sightline_id\": \"sl_4e422412\", \"toward\": \"a\", \"distance_m\": 15.1}, {\"sightline_id\": \"sl_4e422412\", \"toward\": \"b\", \"distance_m\": 15.1}]","tags":"{\"opening_hours\": \"Mo off\", \"outdoor_seating\": \"sidewalk\"}","marker-color":"#1f78b4"}},
{"type":"Feature","geometry":{"type":"Point","coordinates":[11.56524,48.17369]},"properties":{"id":"poi_n10253524225","name":"Bento Nguyen Japanische Sushi","kind":"restaurant","at":[48.17369,11.56524],"osm_id":"node/10253524225","open_horizon":false,"views":"[{\"sightline_id\": \"sl_35d8bb44\", \"toward\": \"a\", \"distance_m\": 18.8}, {\"sightline_id\": \"sl_35d8bb44\", \"toward\": \"b\", \"distance_m\": 18.8}]","tags":"{\"cuisine\": \"japanese\", \"opening_hours\": \"Mo-Fr 11:00-14:30,17:00-22:00; Su,PH 12:00-22:00; Sa off\"}","marker-color":"#1f78b4"}},
{"type":"Feature","geometry":{"type":"Point","coordinates":[11.55947,48.14481]},"properties":{"id":"poi_n10254995678","name":"by vu","kind":"restaurant","at":[48.14481,11.55947],"osm_id":"node/10254995678","open_horizon":false,"views":"[{\"sightline_id\": \"sl_92fc0adb\", \"toward\": \"a\", \"distance_m\": 37.1}, {\"sightline_id\": \"sl_92fc0adb\", \"toward\": \"b\", \"distance_m\": 37.1}]","tags":"{\"cuisine\": \"asian\", \"opening_hours\": \"Mo-Fr 11:00-21:00; Sa 12:00-21:00; PH off\", \"outdoor_seating\": \"yes\", \"phone\": \"+49 89 97317106\", \"website\": \"https://www.byvu.de\"}","marker-color":"#1f78b4"}},
{"type":"Feature","geometry":{"type":"Point","coordinates":[11.56227,48.14848]},"properties":{"id":"poi_n10263536033","name":"Palmtreeclub","kind":"restaurant","at":[48.14848,11.56227],"osm_id":"node/10263536033","open_horizon":false,"views":"[{\"sightline_id\": \"sl_229e7580\", \"toward\": \"a\", \"distance_m\": 17.7}, {\"sightline_id\": \"sl_229e7580\", \"toward\": \"b\", \"distance_m\": 17.7}]","tags":"{\"opening_hours\": \"Mo-Sa 10:00-22:00; Su 10:00-20:00\"}","marker-color":"#1f78b4"}},
{"type":"Feature","geometry":{"type":"Point","coordinates":[11.64626,48.10023]},"properties":{"id":"poi_n10278545663","name":"Subami","kind":"restaurant","at":[48.10023,11.64626],"osm_id":"node/10278545663","open_horizon":false,"views":"[{\"sightline_id\": \"sl_76b1e769\", \"toward\": \"a\", \"distance_m\": 36.4}, {\"sightline_id\": \"sl_76b1e769\", \"toward\": \"b\", \"distance_m\": 36.4}]","tags":"{\"cuisine\": \"vietnamese\", \"outdoor_seating\": \"no\"}","marker-color":"#1f78b4"}},
{"type":"Feature","geometry":{"type":"Point","coordinates":[11.61092,48.13021]},"properties":{"id":"poi_n1028706020","name":"Café Cade","kind":"cafe","at":[48.13021,11.61092],"osm_id":"node/1028706020","open_horizon":false,"views":"[{\"sightline_id\": \"sl_9e9d5cd9\", \"toward\": \"a\", \"distance_m\": 22.1}, {\"sightline_id\": \"sl_9e9d5cd9\", \"toward\": \"b\", \"distance_m\": 22.1}]","tags":"{\"opening_hours\": \"Mo-Th 08:00-16:00; Fr 08:00-15:00\", \"outdoor_seating\": \"yes\", \"website\": \"https://www.instagram.com/cafe_cade_/\"}","marker-color":"#1f78b4"}},
{"type":"Feature","geometry":{"type":"Point","coordinates":[11.57342,48.16972]},"properties":{"id":"poi_n10313923661","name":"Daawat","kind":"restaurant","at":[48.16972,11.57342],"osm_id":"node/10313923661","open_horizon":false,"views":"[{\"sightline_id\": \"sl_d6a27724\", \"toward\": \"a\", \"distance_m\": 26.3}, {\"sightline_id\": \"sl_d6a27724\", \"toward\": \"b\", \"distance_m\": 26.3}]","tags":"{\"cuisine\": \"indian\", \"opening_hours\": \"Mo-Sa 11:30-14:30,17:30-23:00; PH,Su 12:30-23:00\", \"outdoor_seating\": \"yes\"}","marker-color":"#1f78b4"}},
{"type":"Feature","geometry":{"type":"Point","coordinates":[11.54823,48.1498]},"properties":{"id":"poi_n1041827112","name":"Medici","kind":"restaurant","at":[48.1498,11.54823],"osm_id":"node/1041827112","open_horizon":false,"views":"[{\"sightline_id\": \"sl_ca87492e\", \"toward\": \"a\", \"distance_m\": 24.6}, {\"sightline_id\": \"sl_ca87492e\", \"toward\": \"b\", \"distance_m\": 24.6}]","tags":"{\"cuisine\": \"italian\", \"opening_hours\": \"Mo-Sa 11:30-14:30, 18:00-22:00\", \"outdoor_seating\": \"yes\", \"phone\": \"+49 89 12738766\", \"website\": \"https://www.medici-ristorante.de/\"}","marker-color":"#1f78b4"}},
{"type":"Feature","geometry":{"type":"Point","coordinates":[11.57506,48.15883]},"properties":{"id":"poi_n10538095471","name":"Eisbrunnen","kind":"ice_cream","at":[48.15883,11.57506],"osm_id":"node/10538095471","open_horizon":false,"views":"[{\"sightline_id\": \"sl_8f7da990\", \"toward\": \"b\", \"distance_m\": 15.2}, {\"sightline_id\": \"sl_8e8aca80\", \"toward\": \"b\", \"distance_m\": 28.9}]","tags":"{\"outdoor_seating\": \"yes\"}","marker-color":"#1f78b4"}},
{"type":"Feature","geometry":{"type":"Point","coordinates":[11.57411,48.16035]},"properties":{"id":"poi_n10538342291","name":"The Spirited Goat","kind":"cafe","at":[48.16035,11.57411],"osm_id":"node/10538342291","open_horizon":false,"views":"[{\"sightline_id\": \"sl_23ae6155\", \"toward\": \"a\", \"distance_m\": 10.6}]","tags":"{\"opening_hours\": \"Mo-Fr 07:00-15:30; Sa 07:30-14:00; Su 09:00-13:30\"}","marker-color":"#1f78b4"}},
{"type":"Feature","geometry":{"type":"Point","coordinates":[11.58354,48.15956]},"properties":{"id":"poi_n10543401922","name":"Petit Fritz","kind":"restaurant","at":[48.15956,11.58354],"osm_id":"node/10543401922","open_horizon":false,"views":"[{\"sightline_id\": \"sl_cec013c0\", \"toward\": \"a\", \"distance_m\": 34.3}, {\"sightline_id\": \"sl_cec013c0\", \"toward\": \"b\", \"distance_m\": 34.3}]","tags":"{\"cuisine\": \"french\", \"opening_hours\": \"Mo-Fr 12:00-01:00, Sa,Su,PH 08:00-01:00\", \"outdoor_seating\": \"yes\"}","marker-color":"#1f78b4"}},
{"type":"Feature","geometry":{"type":"Point","coordinates":[11.53348,48.11425]},"properties":{"id":"poi_n1054372529","name":"Passauer Stüberl","kind":"pub","at":[48.11425,11.53348],"osm_id":"node/1054372529","open_horizon":false,"views":"[{\"sightline_id\": \"sl_ef53d5b6\", \"toward\": \"a\", \"distance_m\": 20.6}]","tags":"{\"opening_hours\": \"Mo-We 16:00-24:00; Th off; Fr-Su 15:00-01:00\", \"outdoor_seating\": \"yes\"}","marker-color":"#1f78b4"}},
{"type":"Feature","geometry":{"type":"Point","coordinates":[11.50283,48.11779]},"properties":{"id":"poi_n1055335186","name":"Gam Sing","kind":"restaurant","at":[48.11779,11.50283],"osm_id":"node/1055335186","open_horizon":false,"views":"[{\"sightline_id\": \"sl_e4608dbb\", \"toward\": \"a\", \"distance_m\": 35.5}, {\"sightline_id\": \"sl_e4608dbb\", \"toward\": \"b\", \"distance_m\": 35.5}]","tags":"{\"cuisine\": \"chinese\", \"opening_hours\": \"Mo-Su,PH 11:30-14:30,17:30-23:30\"}","marker-color":"#1f78b4"}},
{"type":"Feature","geometry":{"type":"Point","coordinates":[11.56176,48.14767]},"properties":{"id":"poi_n10555181507","name":"Mamma Bao","kind":"restaurant","at":[48.14767,11.56176],"osm_id":"node/10555181507","open_horizon":false,"views":"[{\"sightline_id\": \"sl_229e7580\", \"toward\": \"a\", \"distance_m\": 16.7}, {\"sightline_id\": \"sl_229e7580\", \"toward\": \"b\", \"distance_m\": 16.7}]","tags":"{\"cuisine\": \"chinese\", \"opening_hours\": \"Mo-Fr 11:30-15:00,17:30-22:00; Tu off; Sa,Su,PH 12:00-16:00,18:00-22:00\"}","marker-color":"#1f78b4"}},
{"type":"Feature","geometry":{"type":"Point","coordinates":[11.5808,48.16]},"properties":{"id":"poi_n10555718300","name":"Ohana","kind":"cafe","at":[48.16,11.5808],"osm_id":"node/10555718300","open_horizon":false,"views":"[{\"sightline_id\": \"sl_23ae6155\", \"toward\": \"a\", \"distance_m\": 8.1}, {\"sightline_id\": \"sl_23ae6155\", \"toward\": \"b\", \"distance_m\": 8.1}]","tags":"{\"opening_hours\": \"Mo-Su 08:00-18:00\", \"outdoor_seating\": \"no\"}","marker-color":"#1f78b4"}},
{"type":"Feature","geometry":{"type":"Point","coordinates":[11.60372,48.10827]},"properties":{"id":"poi_n10570968924","name":"Balan-Stüberl","kind":"restaurant","at":[48.10827,11.60372],"osm_id":"node/10570968924","open_horizon":false,"views":"[{\"sightline_id\": \"sl_64ea8d18\", \"toward\": \"a\", \"distance_m\": 26.4}]","tags":"{\"outdoor_seating\": \"yes\"}","marker-color":"#1f78b4"}},
{"type":"Feature","geometry":{"type":"Point","coordinates":[11.56102,48.15214]},"properties":{"id":"poi_n10572452932","name":"Napoli Rush","kind":"restaurant","at":[48.15214,11.56102],"osm_id":"node/10572452932","open_horizon":false,"views":"[{\"sightline_id\": \"sl_6a30d50e\", \"toward\": \"b\", \"distance_m\": 12.1}]","tags":"{\"opening_hours\": \"Fr-Su 12:00-21:30; Tu-Th 17:00-21:30\", \"outdoor_seating\": \"no\", \"phone\": \"+49 89 37919716\", \"website\": \"https://napolirush.de\"}","marker-color":"#1f78b4"}},
{"type":"Feature","geometry":{"type":"Point","coordinates":[11.5625,48.15303]},"properties":{"id":"poi_n10572477326","name":"Peet and the Flat White","kind":"cafe","at":[48.15303,11.5625],"osm_id":"node/10572477326","open_horizon":false,"views":"[{\"sightline_id\": \"sl_ea614def\", \"toward\": \"a\", \"distance_m\": 5.3}, {\"sightline_id\": \"sl_ea614def\", \"toward\": \"b\", \"distance_m\": 5.3}]","tags":"{\"opening_hours\": \"Mo, Th-Fr 09:00-18:00; Sa-Su 10:00-18:00\"}","marker-color":"#1f78b4"}},
{"type":"Feature","geometry":{"type":"Point","coordinates":[11.57189,48.15728]},"properties":{"id":"poi_n10575307360","name":"Cafe Franz","kind":"cafe","at":[48.15728,11.57189],"osm_id":"node/10575307360","open_horizon":false,"views":"[{\"sightline_id\": \"sl_4143d534\", \"toward\": \"a\", \"distance_m\": 19.4}]","tags":"{\"opening_hours\": \"Mo-Sa 07:00-16:30; Su 08:00-17:30\", \"outdoor_seating\": \"yes\"}","marker-color":"#1f78b4"}},
{"type":"Feature","geometry":{"type":"Point","coordinates":[11.57919,48.19241]},"properties":{"id":"poi_n10648173214","name":"BMW F1-Kantine","kind":"restaurant","at":[48.19241,11.57919],"osm_id":"node/10648173214","open_horizon":false,"views":"[{\"sightline_id\": \"sl_5eb9a120\", \"toward\": \"a\", \"distance_m\": 18.1}, {\"sightline_id\": \"sl_5eb9a120\", \"toward\": \"b\", \"distance_m\": 18.1}]","tags":"{\"cuisine\": \"international\", \"outdoor_seating\": \"no\"}","marker-color":"#1f78b4"}},
{"type":"Feature","geometry":{"type":"Point","coordinates":[11.56137,48.15429]},"properties":{"id":"poi_n10656125649","name":"MaBe","kind":"cafe","at":[48.15429,11.56137],"osm_id":"node/10656125649","open_horizon":false,"views":"[{\"sightline_id\": \"sl_1c73e5a8\", \"toward\": \"a\", \"distance_m\": 11.6}, {\"sightline_id\": \"sl_1c73e5a8\", \"toward\": \"b\", \"distance_m\": 11.6}, {\"sightline_id\": \"sl_d1452881\", \"toward\": \"a\", \"distance_m\": 16.2}, {\"sightline_id\": \"sl_d1452881\", \"toward\": \"b\", \"distance_m\": 16.2}]","tags":"{\"opening_hours\": \"Mo-Fr 08:00-18:00; Sa 09:00-17:00\", \"outdoor_seating\": \"yes\"}","marker-color":"#1f78b4"}},
{"type":"Feature","geometry":{"type":"Point","coordinates":[11.57415,48.17067]},"properties":{"id":"poi_n10665104378","name":"Zum Holzwurm","kind":"pub","at":[48.17067,11.57415],"osm_id":"node/10665104378","open_horizon":false,"views":"[{\"sightline_id\": \"sl_d6a27724\", \"toward\": \"a\", \"distance_m\": 37.8}, {\"sightline_id\": \"sl_d6a27724\", \"toward\": \"b\", \"distance_m\": 37.8}]","tags":"{\"cuisine\": \"german;pizza\", \"opening_hours\": \"Mo-Sa 15:00-24:00\", \"outdoor_seating\": \"yes\"}","marker-color":"#1f78b4"}},
{"type":"Feature","geometry":{"type":"Point","coordinates":[11.60847,48.17558]},"properties":{"id":"poi_n10665513510","name":"Allianz Sportcasino","kind":"restaurant","at":[48.17558,11.60847],"osm_id":"node/10665513510","open_horizon":false,"views":"[{\"sightline_id\": \"sl_9898e256\", \"toward\": \"b\", \"distance_m\": 37.1}]","tags":"{\"cuisine\": \"bavarian\", \"outdoor_seating\": \"yes\", \"phone\": \"+49 89 3614363\", \"website\": \"https://www.allianz-sportcasino.de/\"}","marker-color":"#1f78b4"}},
{"type":"Feature","geometry":{"type":"Point","coordinates":[11.5347,48.15046]},"properties":{"id":"poi_n10678950902","name":"Taubenschlag Bar","kind":"pub","at":[48.15046,11.5347],"osm_id":"node/10678950902","open_horizon":false,"views":"[{\"sightline_id\": \"sl_34a6801e\", \"toward\": \"a\", \"distance_m\": 6.6}]","tags":"{\"outdoor_seating\": \"yes\", \"phone\": \"+49 89 12027833\"}","marker-color":"#1f78b4"}},
{"type":"Feature","geometry":{"type":"Point","coordinates":[11.57381,48.16539]},"properties":{"id":"poi_n10709793470","name":"Royal Pizzeria","kind":"restaurant","at":[48.16539,11.57381],"osm_id":"node/10709793470","open_horizon":false,"views":"[{\"sightline_id\": \"sl_d6a27724\", \"toward\": \"a\", \"distance_m\": 39.9}, {\"sightline_id\": \"sl_d6a27724\", \"toward\": \"b\", \"distance_m\": 39.9}]","tags":"{\"cuisine\": \"pizza;georgian\", \"opening_hours\": \"We-Su 11:30-15:30,17:00-22:00\"}","marker-color":"#1f78b4"}},
{"type":"Feature","geometry":{"type":"Point","coordinates":[11.57316,48.12977]},"properties":{"id":"poi_n1071489389","name":"Frau Bartels","kind":"bar","at":[48.12977,11.57316],"osm_id":"node/1071489389","open_horizon":false,"views":"[{\"sightline_id\": \"sl_53b1b3ea\", \"toward\": \"a\", \"distance_m\": 16.0}, {\"sightline_id\": \"sl_53b1b3ea\", \"toward\": \"b\", \"distance_m\": 16.0}, {\"sightline_id\": \"sl_195c0dd2\", \"toward\": \"a\", \"distance_m\": 26.5}, {\"sightline_id\": \"sl_195c0dd2\", \"toward\": \"b\", \"distance_m\": 26.5}]","tags":"{\"opening_hours\": \"Mo-Th 18:00-01:00, Fr,Sa 19:00-02:00\"}","marker-color":"#1f78b4"}},
{"type":"Feature","geometry":{"type":"Point","coordinates":[11.59482,48.12819]},"properties":{"id":"poi_n10719538905","name":"Song's Kitchen","kind":"restaurant","at":[48.12819,11.59482],"osm_id":"node/10719538905","open_horizon":false,"views":"[{\"sightline_id\": \"sl_05e56817\", \"toward\": \"a\", \"distance_m\": 7.7}]","tags":"{\"cuisine\": \"chinese\", \"opening_hours\": \"Mo-Su 11:00-21:00\", \"outdoor_seating\": \"parklet\"}","marker-color":"#1f78b4"}},
{"type":"Feature","geometry":{"type":"Point","coordinates":[11.55619,48.14291]},"properties":{"id":"poi_n10719539005","name":"TIMTIM - Kost und Kultur","kind":"restaurant","at":[48.14291,11.55619],"osm_id":"node/10719539005","open_horizon":false,"views":"[{\"sightline_id\": \"sl_0be9c815\", \"toward\": \"a\", \"distance_m\": 23.5}, {\"sightline_id\": \"sl_4aad668f\", \"toward\": \"b\", \"distance_m\": 35.6}]","tags":"{\"cuisine\": \"asian\", \"opening_hours\": \"Mo-Fr 11:00-15:00\"}","marker-color":"#1f78b4"}},
{"type":"Feature","geometry":{"type":"Point","coordinates":[11.55386,48.1119]},"properties":{"id":"poi_n10755936577","name":"Gaia","kind":"cafe","at":[48.1119,11.55386],"osm_id":"node/10755936577","open_horizon":false,"views":"[{\"sightline_id\": \"sl_3e7d24e9\", \"toward\": \"b\", \"distance_m\": 38.6}]","tags":"{\"opening_hours\": \"Mo-Fr 09:00-20:00; Sa,Su 10:00-18:00\", \"outdoor_seating\": \"yes\"}","marker-color":"#1f78b4"}},
{"type":"Feature","geometry":{"type":"Point","coordinates":[11.55149,48.11249]},"properties":{"id":"poi_n10756126178","name":"Machete II","kind":"restaurant","at":[48.11249,11.55149],"osm_id":"node/10756126178","open_horizon":false,"views":"[{\"sightline_id\": \"sl_b6c8fa2b\", \"toward\": \"b\", \"distance_m\": 17.0}]","tags":"{\"cuisine\": \"pizza\", \"outdoor_seating\": \"yes\"}","marker-color":"#1f78b4"}},
{"type":"Feature","geometry":{"type":"Point","coordinates":[11.55625,48.12013]},"properties":{"id":"poi_n10759967987","name":"Die Afrikanische Zauberküche","kind":"restaurant","at":[48.12013,11.55625],"osm_id":"node/10759967987","open_horizon":false,"views":"[{\"sightline_id\": \"sl_d3ff10ba\", \"toward\": \"a\", \"distance_m\": 37.9}]","tags":"{\"cuisine\": \"senegambische (whatever this will be)\", \"opening_hours\": \"Tu-Fr 18:00-22:00; Sa 14:00-22:00; Su 12:00-22:00\", \"outdoor_seating\": \"yes\", \"website\": \"https://alte-utting.de/\"}","marker-color":"#1f78b4"}},
{"type":"Feature","geometry":{"type":"Point","coordinates":[11.53171,48.13997]},"properties":{"id":"poi_n1077024233","name":"Café Inbar","kind":"pub","at":[48.13997,11.53171],"osm_id":"node/1077024233","open_horizon":false,"views":"[{\"sightline_id\": \"sl_620ca713\", \"toward\": \"a\", \"distance_m\": 38.0}, {\"sightline_id\": \"sl_620ca713\", \"toward\": \"b\", \"distance_m\": 38.0}]","tags":"{}","marker-color":"#1f78b4"}},
{"type":"Feature","geometry":{"type":"Point","coordinates":[11.61931,48.13754]},"properties":{"id":"poi_n1080040387","name":"Insider","kind":"pub","at":[48.13754,11.61931],"osm_id":"node/1080040387","open_horizon":false,"views":"[{\"sightline_id\": \"sl_2ee29d83\", \"toward\": \"a\", \"distance_m\": 12.9}]","tags":"{}","marker-color":"#1f78b4"}},
{"type":"Feature","geometry":{"type":"Point","coordinates":[11.58422,48.15018]},"properties":{"id":"poi_n10812425229","name":"Königin 43","kind":"cafe","at":[48.15018,11.58422],"osm_id":"node/10812425229","open_horizon":false,"views":"[{\"sightline_id\": \"sl_7dadb81b\", \"toward\": \"a\", \"distance_m\": 12.2}, {\"sightline_id\": \"sl_7dadb81b\", \"toward\": \"b\", \"distance_m\": 12.2}]","tags":"{\"opening_hours\": \"Tu-Su,PH 09:00-17:00; Mo off\"}","marker-color":"#1f78b4"}},
{"type":"Feature","geometry":{"type":"Point","coordinates":[11.50862,48.09457]},"properties":{"id":"poi_n10860314593","name":"Bao Street","kind":"restaurant","at":[48.09457,11.50862],"osm_id":"node/10860314593","open_horizon":false,"views":"[{\"sightline_id\": \"sl_37290f52\", \"toward\": \"a\", \"distance_m\": 17.3}, {\"sightline_id\": \"sl_37290f52\", \"toward\": \"b\", \"distance_m\": 17.3}]","tags":"{\"cuisine\": \"vietnamese\", \"phone\": \"+49 89 89059845\", \"website\": \"http://baostreet.de/de\"}","marker-color":"#1f78b4"}},
{"type":"Feature","geometry":{"type":"Point","coordinates":[11.54997,48.12476]},"properties":{"id":"poi_n10863453813","name":"Kara's","kind":"restaurant","at":[48.12476,11.54997],"osm_id":"node/10863453813","open_horizon":false,"views":"[{\"sightline_id\": \"sl_375471ca\", \"toward\": \"a\", \"distance_m\": 17.8}]","tags":"{\"outdoor_seating\": \"yes\"}","marker-color":"#1f78b4"}},
{"type":"Feature","geometry":{"type":"Point","coordinates":[11.52379,48.13537]},"properties":{"id":"poi_n10873708212","name":"Spuntino Italiano","kind":"restaurant","at":[48.13537,11.52379],"osm_id":"node/10873708212","open_horizon":false,"views":"[{\"sightline_id\": \"sl_b69ad7b8\", \"toward\": \"b\", \"distance_m\": 25.6}]","tags":"{\"cuisine\": \"italian\", \"opening_hours\": \"Mo-Fr 11:30-22:00; Su 15:00-22:00\", \"phone\": \"+49 89 57909444\", \"website\": \"https://www.spuntino-italiano.de/\"}","marker-color":"#1f78b4"}},
{"type":"Feature","geometry":{"type":"Point","coordinates":[11.56495,48.16541]},"properties":{"id":"poi_n10876037388","name":"Bavarian Oriental","kind":"restaurant","at":[48.16541,11.56495],"osm_id":"node/10876037388","open_horizon":false,"views":"[{\"sightline_id\": \"sl_bc70167d\", \"toward\": \"a\", \"distance_m\": 31.5}]","tags":"{\"opening_hours\": \"Mo-Fr 10:30-21:00; Su 11:00-21:00\"}","marker-color":"#1f78b4"}},
{"type":"Feature","geometry":{"type":"Point","coordinates":[11.53428,48.14658]},"properties":{"id":"poi_n10876553940","name":"Papalapap","kind":"pub","at":[48.14658,11.53428],"osm_id":"node/10876553940","open_horizon":false,"views":"[{\"sightline_id\": \"sl_d5eee58a\", \"toward\": \"a\", \"distance_m\": 23.1}, {\"sightline_id\": \"sl_6425cfed\", \"toward\": \"b\", \"distance_m\": 32.5}]","tags":"{\"opening_hours\": \"Tu-Sa 21:00-05:00; Su,Mo,PH off\", \"outdoor_seating\": \"no\"}","marker-color":"#1f78b4"}},
{"type":"Feature","geometry":{"type":"Point","coordinates":[11.70015,48.12964]},"properties":{"id":"poi_n1089164939","name":"Raja-India","kind":"restaurant","at":[48.12964,11.70015],"osm_id":"node/1089164939","open_horizon":false,"views":"[{\"sightline_id\": \"sl_1c9d5e32\", \"toward\": \"b\", \"distance_m\": 10.2}]","tags":"{\"cuisine\": \"pizza;indian\", \"opening_hours\": \"Mo 17:00-23:00; Tu-Sa 11:00-14:30,17:00-23:00; Su,PH 11:00-23:00\", \"outdoor_seating\": \"yes\", \"phone\": \"+49 89 41118543\", \"website\": \"https://raja-india.com/\"}","marker-color":"#1f78b4"}},
{"type":"Feature","geometry":{"type":"Point","coordinates":[11.56143,48.13641]},"properties":{"id":"poi_n10893961778","name":"Layali Alsham","kind":"restaurant","at":[48.13641,11.56143],"osm_id":"node/10893961778","open_horizon":false,"views":"[{\"sightline_id\": \"sl_c1a6aafe\", \"toward\": \"a\", \"distance_m\": 3.3}, {\"sightline_id\": \"sl_c1a6aafe\", \"toward\": \"b\", \"distance_m\": 3.3}]","tags":"{\"cuisine\": \"arab\"}","marker-color":"#1f78b4"}},
{"type":"Feature","geometry":{"type":"Point","coordinates":[11.57199,48.13146]},"properties":{"id":"poi_n10900309574","name":"A small café","kind":"cafe","at":[48.13146,11.57199],"osm_id":"node/10900309574","open_horizon":false,"views":"[{\"sightline_id\": \"sl_195c0dd2\", \"toward\": \"a\", \"distance_m\": 32.7}]","tags":"{\"opening_hours\": \"Mo-Th 09:00-16:00; Fr 09:00-18:00; Sa-Su 09:30-18:00\", \"outdoor_seating\": \"yes\", \"website\": \"https://www.asmallcafefornow.com/\"}","marker-color":"#1f78b4"}},
{"type":"Feature","geometry":{"type":"Point","coordinates":[11.64559,48.08741]},"properties":{"id":"poi_n10912550097","name":"The Italian Canteen","kind":"restaurant","at":[48.08741,11.64559],"osm_id":"node/10912550097","open_horizon":false,"views":"[{\"sightline_id\": \"sl_007430d6\", \"toward\": \"b\", \"distance_m\": 34.3}]","tags":"{}","marker-color":"#1f78b4"}},
{"type":"Feature","geometry":{"type":"Point","coordinates":[11.55857,48.12884]},"properties":{"id":"poi_n1091413931","name":"Tengri Tagh","kind":"restaurant","at":[48.12884,11.55857],"osm_id":"node/1091413931","open_horizon":false,"views":"[{\"sightline_id\": \"sl_0fe16542\", \"toward\": \"b\", \"distance_m\": 30.0}]","tags":"{\"cuisine\": \"uyghur\", \"opening_hours\": \"Mo-Su,PH 11:00-22:00\"}","marker-color":"#1f78b4"}},
{"type":"Feature","geometry":{"type":"Point","coordinates":[11.58242,48.1385]},"properties":{"id":"poi_n1091482023","name":"Kulisse","kind":"restaurant","at":[48.1385,11.58242],"osm_id":"node/1091482023","open_horizon":false,"views":"[{\"sightline_id\": \"sl_0ef924b1\", \"toward\": \"a\", \"distance_m\": 11.3}, {\"sightline_id\": \"sl_0ef924b1\", \"toward\": \"b\", \"distance_m\": 11.3}]","tags":"{\"opening_hours\": \"Mo-Sa 08:30-01:00, Su 17:00-01:00\"}","marker-color":"#1f78b4"}},
{"type":"Feature","geometry":{"type":"Point","coordinates":[11.56078,48.1526]},"properties":{"id":"poi_n10941847590","name":"Eisbrunnen","kind":"ice_cream","at":[48.1526,11.56078],"osm_id":"node/10941847590","open_horizon":false,"views":"[{\"sightline_id\": \"sl_d1452881\", \"toward\": \"a\", \"distance_m\": 15.5}, {\"sightline_id\": \"sl_d1452881\", \"toward\": \"b\", \"distance_m\": 15.5}]","tags":"{\"opening_hours\": \"Mo-Su 13:00-20:00\", \"outdoor_seating\": \"sidewalk\"}","marker-color":"#1f78b4"}},
{"type":"Feature","geometry":{"type":"Point","coordinates":[11.57284,48.18207]},"properties":{"id":"poi_n10983046205","name":"Menya Ikko","kind":"restaurant","at":[48.18207,11.57284],"osm_id":"node/10983046205","open_horizon":false,"views":"[{\"sightline_id\": \"sl_784f8d8b\", \"toward\": \"a\", \"distance_m\": 13.2}, {\"sightline_id\": \"sl_784f8d8b\", \"toward\": \"b\", \"distance_m\": 13.2}, {\"sightline_id\": \"sl_ebd9c2cc\", \"toward\": \"a\", \"distance_m\": 38.5}]","tags":"{\"cuisine\": \"japanese;ramen;sushi\", \"opening_hours\": \"Mo-Fr 12:00-15:00,17:00-22:00; Sa,Su 12:00-15:00,17:00-23:00\", \"outdoor_seating\": \"no\"}","marker-color":"#1f78b4"}},
{"type":"Feature","geometry":{"type":"Point","coordinates":[11.56083,48.14562]},"properties":{"id":"poi_n1098713366","name":"Dogtown Burrito Co.","kind":"restaurant","at":[48.14562,11.56083],"osm_id":"node/1098713366","open_horizon":false,"views":"[{\"sightline_id\": \"sl_229e7580\", \"toward\": \"a\", \"distance_m\": 9.7}, {\"sightline_id\": \"sl_229e7580\", \"toward\": \"b\", \"distance_m\": 9.7}]","tags":"{\"cuisine\": \"mexican\", \"opening_hours\": \"Mo-Su 11:30-21:00\"}","marker-color":"#1f78b4"}},
{"type":"Feature","geometry":{"type":"Point","coordinates":[11.56047,48.14558]},"properties":{"id":"poi_n1098713377","name":"Seen","kind":"restaurant","at":[48.14558,11.56047],"osm_id":"node/1098713377","open_horizon":false,"views":"[{\"sightline_id\": \"sl_229e7580\", \"toward\": \"a\", \"distance_m\": 12.6}, {\"sightline_id\": \"sl_229e7580\", \"toward\": \"b\", \"distance_m\": 12.6}]","tags":"{\"cuisine\": \"chinese\", \"opening_hours\": \"Mo-Su 11:00-15:00, 18:00-24:00\", \"outdoor_seating\": \"yes\"}","marker-color":"#1f78b4"}},
{"type":"Feature","geometry":{"type":"Point","coordinates":[11.43453,48.14455]},"properties":{"id":"poi_n11010941537","name":"Burger House","kind":"restaurant","at":[48.14455,11.43453],"osm_id":"node/11010941537","open_horizon":false,"views":"[{\"sightline_id\": \"sl_5ca808b8\", \"toward\": \"a\", \"distance_m\": 21.2}, {\"sightline_id\": \"sl_5ca808b8\", \"toward\": \"b\", \"distance_m\": 21.2}]","tags":"{\"cuisine\": \"burger\", \"opening_hours\": \"Mo-Su 11:30-22:00\", \"phone\": \"+498931985998\", \"website\": \"https://www.burgerhouse1.de/contact\"}","marker-color":"#1f78b4"}},
{"type":"Feature","geometry":{"type":"Point","coordinates":[11.57659,48.15316]},"properties":{"id":"poi_n11011066463","name":"Winkelgasse","kind":"cafe","at":[48.15316,11.57659],"osm_id":"node/11011066463","open_horizon":false,"views":"[{\"sightline_id\": \"sl_8e8aca80\", \"toward\": \"a\", \"distance_m\": 8.8}, {\"sightline_id\": \"sl_950d235f\", \"toward\": \"a\", \"distance_m\": 39.6}, {\"sightline_id\": \"sl_950d235f\", \"toward\": \"b\", \"distance_m\": 39.6}]","tags":"{\"opening_hours\": \"We 15:08-20:03, Th 10:02-17:53, Fr 09:45-18:12, Sa 08:57-18:06, Su 09:01-17:53\", \"outdoor_seating\": \"sidewalk\"}","marker-color":"#1f78b4"}},
{"type":"Feature","geometry":{"type":"Point","coordinates":[11.53635,48.14937]},"properties":{"id":"poi_n11023472302","name":"Neuhausener Treff","kind":"bar","at":[48.14937,11.53635],"osm_id":"node/11023472302","open_horizon":false,"views":"[{\"sightline_id\": \"sl_457750b8\", \"toward\": \"a\", \"distance_m\": 11.2}, {\"sightline_id\": \"sl_457750b8\", \"toward\": \"b\", \"distance_m\": 11.2}]","tags":"{\"opening_hours\": \"Mo,We-Sa 17:00+; Su,PH 20:00+\"}","marker-color":"#1f78b4"}},
{"type":"Feature","geometry":{"type":"Point","coordinates":[11.53801,48.16086]},"properties":{"id":"poi_n11027665523","name":"Garo Bar Pazardizik","kind":"restaurant","at":[48.16086,11.53801],"osm_id":"node/11027665523","open_horizon":false,"views":"[{\"sightline_id\": \"sl_18db5858\", \"toward\": \"a\", \"distance_m\": 10.5}, {\"sightline_id\": \"sl_18db5858\", \"toward\": \"b\", \"distance_m\": 10.5}]","tags":"{}","marker-color":"#1f78b4"}},
{"type":"Feature","geometry":{"type":"Point","coordinates":[11.57478,48.16319]},"properties":{"id":"poi_n11055416130","name":"Nazari","kind":"cafe","at":[48.16319,11.57478],"osm_id":"node/11055416130","open_horizon":false,"views":"[{\"sightline_id\": \"sl_d6a27724\", \"toward\": \"b\", \"distance_m\": 10.1}, {\"sightline_id\": \"sl_79d740de\", \"toward\": \"a\", \"distance_m\": 22.3}, {\"sightline_id\": \"sl_c3eb23b0\", \"toward\": \"b\", \"distance_m\": 29.2}, {\"sightline_id\": \"sl_ba56d719\", \"toward\": \"a\", \"distance_m\": 29.5}]","tags":"{\"opening_hours\": \"Mo-Fr 06:00-20:00; Sa-Su,PH 06:00-18:00\"}","marker-color":"#1f78b4"}},
{"type":"Feature","geometry":{"type":"Point","coordinates":[11.57372,48.16247]},"properties":{"id":"poi_n11055416133","name":"Neosociety","kind":"cafe","at":[48.16247,11.57372],"osm_id":"node/11055416133","open_horizon":false,"views":"[{\"sightline_id\": \"sl_b038d7f7\", \"toward\": \"b\", \"distance_m\": 17.1}]","tags":"{\"opening_hours\": \"Mo-Sa 09:00-17:00\", \"website\": \"https://www.neosocietymunich.de/\"}","marker-color":"#1f78b4"}},
{"type":"Feature","geometry":{"type":"Point","coordinates":[11.54381,48.118]},"properties":{"id":"poi_n11063045616","name":"Sonnenstüberl","kind":"bar","at":[48.118,11.54381],"osm_id":"node/11063045616","open_horizon":false,"views":"[{\"sightline_id\": \"sl_f6d0b0ad\", \"toward\": \"a\", \"distance_m\": 7.2}, {\"sightline_id\": \"sl_f6d0b0ad\", \"toward\": \"b\", \"distance_m\": 7.2}, {\"sightline_id\": \"sl_261f9971\", \"toward\": \"a\", \"distance_m\": 39.5}, {\"sightline_id\": \"sl_261f9971\", \"toward\": \"b\", \"distance_m\": 39.5}]","tags":"{\"opening_hours\": \"Tu-Th,Su 16:00-01:00, Fr,Sa 16:00-02:00; Mo off\"}","marker-color":"#1f78b4"}},
{"type":"Feature","geometry":{"type":"Point","coordinates":[11.5554,48.12792]},"properties":{"id":"poi_n11064451605","name":"Sava Bar","kind":"bar","at":[48.12792,11.5554],"osm_id":"node/11064451605","open_horizon":false,"views":"[{\"sightline_id\": \"sl_e8d3e711\", \"toward\": \"a\", \"distance_m\": 11.3}]","tags":"{\"cuisine\": \"turkish\", \"opening_hours\": \"Mo-Su 15:00-01:00\", \"phone\": \"+49 174 4444847\", \"website\": \"https://sava-bar.de/\"}","marker-color":"#1f78b4"}},
{"type":"Feature","geometry":{"type":"Point","coordinates":[11.59158,48.1306]},"properties":{"id":"poi_n11083520787","name":"Dachgarten - auf dem Gasteig","kind":"bar","at":[48.1306,11.59158],"osm_id":"node/11083520787","open_horizon":false,"views":"[{\"sightline_id\": \"sl_05e56817\", \"toward\": \"a\", \"distance_m\": 23.7}, {\"sightline_id\": \"sl_05e56817\", \"toward\": \"b\", \"distance_m\": 23.7}, {\"sightline_id\": \"sl_6ae91f6a\", \"toward\": \"a\", \"distance_m\": 33.0}, {\"sightline_id\": \"sl_6ae91f6a\", \"toward\": \"b\", \"distance_m\": 33.0}]","tags":"{\"opening_hours\": \"Mo-Su 17:00-00:00\", \"website\": \"https://www.kulturdachgarten.de\"}","marker-color":"#1f78b4"}},
{"type":"Feature","geometry":{"type":"Point","coordinates":[11.57593,48.13467]},"properties":{"id":"poi_n11090458406","name":"Lea Zapf Marktpatisserie","kind":"cafe","at":[48.13467,11.57593],"osm_id":"node/11090458406","open_horizon":false,"views":"[{\"sightline_id\": \"sl_6838e0c2\", \"toward\": \"a\", \"distance_m\": 22.7}]","tags":"{\"cuisine\": \"cake;coffee_shop;french\", \"opening_hours\": \"Tu-Fr 07:30-17:00; Sa 10:30-17:00\", \"outdoor_seating\": \"yes\"}","marker-color":"#1f78b4"}},
{"type":"Feature","geometry":{"type":"Point","coordinates":[11.5774,48.15172]},"properties":{"id":"poi_n11091108505","name":"humpback whale specialty coffee","kind":"cafe","at":[48.15172,11.5774],"osm_id":"node/11091108505","open_horizon":false,"views":"[{\"sightline_id\": \"sl_b3216b45\", \"toward\": \"a\", \"distance_m\": 36.3}, {\"sightline_id\": \"sl_b3216b45\", \"toward\": \"b\", \"distance_m\": 36.3}]","tags":"{\"opening_hours\": \"Tu-Sa 08:30-17:30; Su 09:00-17:00\", \"website\": \"https://humpbackwhalecoffee.com\"}","marker-color":"#1f78b4"}},
{"type":"Feature","geometry":{"type":"Point","coordinates":[11.56116,48.12406]},"properties":{"id":"poi_n11099431991","name":"Pigalle","kind":"bar","at":[48.12406,11.56116],"osm_id":"node/11099431991","open_horizon":false,"views":"[{\"sightline_id\": \"sl_786e2c8c\", \"toward\": \"a\", \"distance_m\": 11.7}]","tags":"{}","marker-color":"#1f78b4"}},
{"type":"Feature","geometry":{"type":"Point","coordinates":[11.56094,48.12384]},"properties":{"id":"poi_n11099436408","name":"Fischteich","kind":"restaurant","at":[48.12384,11.56094],"osm_id":"node/11099436408","open_horizon":false,"views":"[{\"sightline_id\": \"sl_786e2c8c\", \"toward\": \"a\", \"distance_m\": 27.9}]","tags":"{}","marker-color":"#1f78b4"}},
{"type":"Feature","geometry":{"type":"Point","coordinates":[11.55871,48.12208]},"properties":{"id":"poi_n11099486470","name":"Le Petit P. Weincafé","kind":"cafe","at":[48.12208,11.55871],"osm_id":"node/11099486470","open_horizon":false,"views":"[{\"sightline_id\": \"sl_d3ff10ba\", \"toward\": \"b\", \"distance_m\": 14.6}]","tags":"{\"opening_hours\": \"We-Sa 18:00-22:00; Su 12:00-20:00\"}","marker-color":"#1f78b4"}},
{"type":"Feature","geometry":{"type":"Point","coordinates":[11.56177,48.15631]},"properties":{"id":"poi_n11102721904","name":"An-Lac","kind":"restaurant","at":[48.15631,11.56177],"osm_id":"node/11102721904","open_horizon":false,"views":"[{\"sightline_id\": \"sl_d1452881\", \"toward\": \"a\", \"distance_m\": 4.7}, {\"sightline_id\": \"sl_d1452881\", \"toward\": \"b\", \"distance_m\": 4.7}, {\"sightline_id\": \"sl_cda6fb02\", \"toward\": \"a\", \"distance_m\": 25.3}]","tags":"{\"cuisine\": \"asian\", \"opening_hours\": \"Mo-Fr 11:00-15:00,17:00-22:00; Sa,PH 16:00-22:00\", \"outdoor_seating\": \"yes\"}","marker-color":"#1f78b4"}},
{"type":"Feature","geometry":{"type":"Point","coordinates":[11.57761,48.14991]},"properties":{"id":"poi_n11143377602","name":"Man versus Machine","kind":"cafe","at":[48.14991,11.57761],"osm_id":"node/11143377602","open_horizon":false,"views":"[{\"sightline_id\": \"sl_1c73e5a8\", \"toward\": \"a\", \"distance_m\": 9.1}, {\"sightline_id\": \"sl_1c73e5a8\", \"toward\": \"b\", \"distance_m\": 9.1}]","tags":"{\"cuisine\": \"cake\", \"opening_hours\": \"Mo-Fr 08:00-19:00; Sa 10:00-19:00; Su 10:00-19:00\", \"outdoor_seating\": \"parklet\"}","marker-color":"#1f78b4"}},
{"type":"Feature","geometry":{"type":"Point","coordinates":[11.5762,48.15411]},"properties":{"id":"poi_n11144717776","name":"Legendary","kind":"pub","at":[48.15411,11.5762],"osm_id":"node/11144717776","open_horizon":false,"views":"[{\"sightline_id\": \"sl_8e8aca80\", \"toward\": \"a\", \"distance_m\": 7.6}]","tags":"{}","marker-color":"#1f78b4"}},
{"type":"Feature","geometry":{"type":"Point","coordinates":[11.57236,48.13597]},"properties":{"id":"poi_n11148151029","name":"Eduard's","kind":"cafe","at":[48.13597,11.57236],"osm_id":"node/11148151029","open_horizon":false,"views":"[{\"sightline_id\": \"sl_57c2a20c\", \"toward\": \"a\", \"distance_m\": 9.0}]","tags":"{\"opening_hours\": \"Mo-We,Fr,Sa 10:00-22:00; Th 10:00-23:00\", \"outdoor_seating\": \"yes\"}","marker-color":"#1f78b4"}},
{"type":"Feature","geometry":{"type":"Point","coordinates":[11.48958,48.14298]},"properties":{"id":"poi_n11183874841","name":"Pizzeria Lukas","kind":"restaurant","at":[48.14298,11.48958],"osm_id":"node/11183874841","open_horizon":false,"views":"[{\"sightline_id\": \"sl_97fcf66e\", \"toward\": \"a\", \"distance_m\": 34.7}, {\"sightline_id\": \"sl_97fcf66e\", \"toward\": \"b\", \"distance_m\": 34.7}]","tags":"{\"cuisine\": \"pizza\", \"opening_hours\": \"Tu-Fr 11:00-14:00,17:00-21:30; Sa-Su 11:00-22:00\", \"phone\": \"+4917660939351\", \"website\": \"https://www.lieferando.de/speisekarte/pizzeria-lukas-muenchen\"}","marker-color":"#1f78b4"}},
{"type":"Feature","geometry":{"type":"Point","coordinates":[11.6018,48.12707]},"properties":{"id":"poi_n1126123144","name":"Bar Lounge 360","kind":"pub","at":[48.12707,11.6018],"osm_id":"node/1126123144","open_horizon":false,"views":"[{\"sightline_id\": \"sl_b6239528\", \"toward\": \"a\", \"distance_m\": 13.6}, {\"sightline_id\": \"sl_b6239528\", \"toward\": \"b\", \"distance_m\": 13.6}, {\"sightline_id\": \"sl_5670f08f\", \"toward\": \"a\", \"distance_m\": 14.6}, {\"sightline_id\": \"sl_5670f08f\", \"toward\": \"b\", \"distance_m\": 14.6}]","tags":"{\"opening_hours\": \"Su-Th 14:00-03:00, Fr,Sa 14:00-05:00\", \"outdoor_seating\": \"no\"}","marker-color":"#1f78b4"}},
{"type":"Feature","geometry":{"type":"Point","coordinates":[11.56926,48.18718]},"properties":{"id":"poi_n1127919937","name":"Spartans Dart Pub","kind":"pub","at":[48.18718,11.56926],"osm_id":"node/1127919937","open_horizon":false,"views":"[{\"sightline_id\": \"sl_cceb6b6c\", \"toward\": \"a\", \"distance_m\": 20.7}, {\"sightline_id\": \"sl_cceb6b6c\", \"toward\": \"b\", \"distance_m\": 20.7}]","tags":"{\"opening_hours\": \"Mo, Tu 10:00-22:00; We 10:00-00:00; Th 10:00-23:30; Fr, Sa 10:00-01:00; Su 09:00-23:30\", \"outdoor_seating\": \"no\", \"phone\": \"+49893545625\"}","marker-color":"#1f78b4"}},
{"type":"Feature","geometry":{"type":"Point","coordinates":[11.62354,48.13051]},"properties":{"id":"poi_n11281276104","name":"MoCCafe","kind":"cafe","at":[48.13051,11.62354],"osm_id":"node/11281276104","open_horizon":false,"views":"[{\"sightline_id\": \"sl_d51b88d9\", \"toward\": \"a\", \"distance_m\": 29.8}]","tags":"{\"opening_hours\": \"Mo-Fr 07:00-17:00; Su,PH 10:00-16:30\", \"outdoor_seating\": \"yes\"}","marker-color":"#1f78b4"}},
{"type":"Feature","geometry":{"type":"Point","coordinates":[11.57139,48.12898]},"properties":{"id":"poi_n11298609800","name":"SORRENTO Pizza Service","kind":"restaurant","at":[48.12898,11.57139],"osm_id":"node/11298609800","open_horizon":false,"views":"[{\"sightline_id\": \"sl_53b1b3ea\", \"toward\": \"a\", \"distance_m\": 7.7}]","tags":"{\"cuisine\": \"pizza\", \"outdoor_seating\": \"no\"}","marker-color":"#1f78b4"}},
{"type":"Feature","geometry":{"type":"Point","coordinates":[11.54963,48.12534]},"properties":{"id":"poi_n1134127002","name":"Malatang","kind":"restaurant","at":[48.12534,11.54963],"osm_id":"node/1134127002","open_horizon":false,"views":"[{\"sightline_id\": \"sl_0261e149\", \"toward\": \"b\", \"distance_m\": 22.1}, {\"sightline_id\": \"sl_375471ca\", \"toward\": \"a\", \"distance_m\": 27.5}]","tags":"{\"cuisine\": \"chinese\", \"opening_hours\": \"Mo-Fr 11:30-15:00,17:30-22:00; Sa,Su 11:30-22:00\"}","marker-color":"#1f78b4"}},
{"type":"Feature","geometry":{"type":"Point","coordinates":[11.5499,48.12553]},"properties":{"id":"poi_n1134127006","name":"Asia Markt Thang Long","kind":"restaurant","at":[48.12553,11.5499],"osm_id":"node/1134127006","open_horizon":false,"views":"[{\"sightline_id\": \"sl_0261e149\", \"toward\": \"b\", \"distance_m\": 24.7}]","tags":"{\"cuisine\": \"asian\", \"opening_hours\": \"Mo-Sa 10:00-21:00\", \"outdoor_seating\": \"yes\", \"phone\": \"+49 89 78071878\", \"website\": \"https://thanglongmarkt.de/\"}","marker-color":"#1f78b4"}},
{"type":"Feature","geometry":{"type":"Point","coordinates":[11.58177,48.1334]},"properties":{"id":"poi_n11341858169","name":"Terra","kind":"bar","at":[48.1334,11.58177],"osm_id":"node/11341858169","open_horizon":false,"views":"[{\"sightline_id\": \"sl_609c344a\", \"toward\": \"a\", \"distance_m\": 17.6}]","tags":"{\"outdoor_seating\": \"parklet\", \"website\": \"https://terra-bar.de/\"}","marker-color":"#1f78b4"}},
{"type":"Feature","geometry":{"type":"Point","coordinates":[11.57433,48.1338]},"properties":{"id":"poi_n1134205348","name":"Wirtshaus Zum Straubinger","kind":"restaurant","at":[48.1338,11.57433],"osm_id":"node/1134205348","open_horizon":false,"views":"[{\"sightline_id\": \"sl_6838e0c2\", \"toward\": \"a\", \"distance_m\": 11.7}]","tags":"{\"cuisine\": \"regional\", \"opening_hours\": \"Su-Th 11:30-23:30; Fr 11:30-24:00; Sa 11:00-24:00\", \"outdoor_seating\": \"yes\"}","marker-color":"#1f78b4"}},
{"type":"Feature","geometry":{"type":"Point","coordinates":[11.57543,48.1345]},"properties":{"id":"poi_n1134205431","name":"Barissimo","kind":"bar","at":[48.1345,11.57543],"osm_id":"node/1134205431","open_horizon":false,"views":"[{\"sightline_id\": \"sl_6838e0c2\", \"toward\": \"a\", \"distance_m\": 6.1}]","tags":"{\"opening_hours\": \"Mo-We 11:30-22:00; Th-Sa 11:30-24:00; Su off\", \"outdoor_seating\": \"yes\"}","marker-color":"#1f78b4"}},
{"type":"Feature","geometry":{"type":"Point","coordinates":[11.56115,48.13753]},"properties":{"id":"poi_n11353547243","name":"Coffee Fellows","kind":"cafe","at":[48.13753,11.56115],"osm_id":"node/11353547243","open_horizon":false,"views":"[{\"sightline_id\": \"sl_d3d5ebce\", \"toward\": \"a\", \"distance_m\": 5.2}, {\"sightline_id\": \"sl_d3d5ebce\", \"toward\": \"b\", \"distance_m\": 5.2}, {\"sightline_id\": \"sl_3eb150b6\", \"toward\": \"a\", \"distance_m\": 12.7}, {\"sightline_id\": \"sl_3eb150b6\", \"toward\": \"b\", \"distance_m\": 12.7}]","tags":"{\"cuisine\": \"coffee_shop\"}","marker-color":"#1f78b4"}},
{"type":"Feature","geometry":{"type":"Point","coordinates":[11.56099,48.13865]},"properties":{"id":"poi_n11356725964","name":"ali baba Restaurant","kind":"restaurant","at":[48.13865,11.56099],"osm_id":"node/11356725964","open_horizon":false,"views":"[{\"sightline_id\": \"sl_3eb150b6\", \"toward\": \"b\", \"distance_m\": 7.0}]","tags":"{\"cuisine\": \"kebab\", \"outdoor_seating\": \"yes\"}","marker-color":"#1f78b4"}},
{"type":"Feature","geometry":{"type":"Point","coordinates":[11.52557,48.18696]},"properties":{"id":"poi_n11356988122","name":"Sado Sushi & Asian Kitchen","kind":"restaurant","at":[48.18696,11.52557],"osm_id":"node/11356988122","open_horizon":false,"views":"[{\"sightline_id\": \"sl_a771205d\", \"toward\": \"a\", \"distance_m\": 11.8}]","tags":"{\"cuisine\": \"asian;chinese;japanese;sushi;vietnamese\", \"opening_hours\": \"closed\", \"outdoor_seating\": \"yes\", \"phone\": \"+49 89 162980\", \"website\": \"https://sushi-sado.com/sushisado\"}","marker-color":"#1f78b4"}},
{"type":"Feature","geometry":{"type":"Point","coordinates":[11.54763,48.12356]},"properties":{"id":"poi_n1135836139","name":"Times","kind":"bar","at":[48.12356,11.54763],"osm_id":"node/1135836139","open_horizon":false,"views":"[{\"sightline_id\": \"sl_0261e149\", \"toward\": \"a\", \"distance_m\": 24.9}]","tags":"{}","marker-color":"#1f78b4"}},
{"type":"Feature","geometry":{"type":"Point","coordinates":[11.54649,48.12334]},"properties":{"id":"poi_n1135836146","name":"Best Cafe Bar","kind":"bar","at":[48.12334,11.54649],"osm_id":"node/1135836146","open_horizon":false,"views":"[{\"sightline_id\": \"sl_0261e149\", \"toward\": \"a\", \"distance_m\": 13.3}]","tags":"{}","marker-color":"#1f78b4"}},
{"type":"Feature","geometry":{"type":"Point","coordinates":[11.54999,48.12506]},"properties":{"id":"poi_n1135836181","name":"Iveria","kind":"restaurant","at":[48.12506,11.54999],"osm_id":"node/1135836181","open_horizon":false,"views":"[{\"sightline_id\": \"sl_375471ca\", \"toward\": \"a\", \"distance_m\": 11.1}, {\"sightline_id\": \"sl_0261e149\", \"toward\": \"b\", \"distance_m\": 18.4}]","tags":"{\"cuisine\": \"georgian\", \"opening_hours\": \"Tu-Th 15:00-23:00; Fr 15:00-24:00; Sa 13:00-24:00; Su 13:00-23:00; Mo off\", \"phone\": \"+49 89 22843993\", \"website\": \"https://www.iveria-muenchen.de/\"}","marker-color":"#1f78b4"}},
{"type":"Feature","geometry":{"type":"Point","coordinates":[11.56077,48.13597]},"properties":{"id":"poi_n11363941576","name":"Derya","kind":"restaurant","at":[48.13597,11.56077],"osm_id":"node/11363941576","open_horizon":false,"views":"[{\"sightline_id\": \"sl_3eb150b6\", \"toward\": \"a\", \"distance_m\": 6.1}, {\"sightline_id\": \"sl_3eb150b6\", \"toward\": \"b\", \"distance_m\": 6.1}]","tags":"{\"cuisine\": \"arab\", \"phone\": \"+49 89 54541822\"}","marker-color":"#1f78b4"}},
{"type":"Feature","geometry":{"type":"Point","coordinates":[11.56096,48.13799]},"properties":{"id":"poi_n11365929071","name":"Sichuan Küche Nudelbar","kind":"restaurant","at":[48.13799,11.56096],"osm_id":"node/11365929071","open_horizon":false,"views":"[{\"sightline_id\": \"sl_3eb150b6\", \"toward\": \"b\", \"distance_m\": 4.8}]","tags":"{\"cuisine\": \"chinese\", \"website\": \"https://www.sichuannudelbar.de/\"}","marker-color":"#1f78b4"}},
{"type":"Feature","geometry":{"type":"Point","coordinates":[11.5608,48.15467]},"properties":{"id":"poi_n1137876901","name":"Viethaus","kind":"restaurant","at":[48.15467,11.5608],"osm_id":"node/1137876901","open_horizon":false,"views":"[{\"sightline_id\": \"sl_1c73e5a8\", \"toward\": \"a\", \"distance_m\": 10.2}, {\"sightline_id\": \"sl_1c73e5a8\", \"toward\": \"b\", \"distance_m\": 10.2}, {\"sightline_id\": \"sl_d1452881\", \"toward\": \"a\", \"distance_m\": 34.4}, {\"sightline_id\": \"sl_d1452881\", \"toward\": \"b\", \"distance_m\": 34.4}]","tags":"{\"cuisine\": \"vietnamese\", \"opening_hours\": \"Mo-Fr 11:30-14:30,17:30-23:00; Sa-Su,PH 17:00-23:00\", \"outdoor_seating\": \"parklet\"}","marker-color":"#1f78b4"}},
{"type":"Feature","geometry":{"type":"Point","coordinates":[11.47896,48.1859]},"properties":{"id":"poi_n1139267395","name":"Zur Angerlohe","kind":"pub","at":[48.1859,11.47896],"osm_id":"node/1139267395","open_horizon":false,"views":"[{\"sightline_id\": \"sl_4988f43c\", \"toward\": \"a\", \"distance_m\": 30.3}]","tags":"{\"opening_hours\": \"We 14:00-22:00; Fr,Sa 10:00-24:00; Th,Su-Tu 10:00-22:00\"}","marker-color":"#1f78b4"}},
{"type":"Feature","geometry":{"type":"Point","coordinates":[11.56209,48.15164]},"properties":{"id":"poi_n11399267669","name":"Bánh Mì Minh","kind":"restaurant","at":[48.15164,11.56209],"osm_id":"node/11399267669","open_horizon":false,"views":"[{\"sightline_id\": \"sl_6a30d50e\", \"toward\": \"b\", \"distance_m\": 8.3}, {\"sightline_id\": \"sl_b278f824\", \"toward\": \"a\", \"distance_m\": 24.4}]","tags":"{\"cuisine\": \"vietnamese\", \"opening_hours\": \"Mo-Fr 10:30-15:30,16:30-21:00; Sa,Su 10:30-21:00\"}","marker-color":"#1f78b4"}},
{"type":"Feature","geometry":{"type":"Point","coordinates":[11.54238,48.13731]},"properties":{"id":"poi_n1144035806","name":"Bei Kula","kind":"pub","at":[48.13731,11.54238],"osm_id":"node/1144035806","open_horizon":false,"views":"[{\"sightline_id\": \"sl_9858aff8\", \"toward\": \"a\", \"distance_m\": 9.0}]","tags":"{\"opening_hours\": \"Mo-Sa 14:00-22:00, Su,PH 15:00-22:00\"}","marker-color":"#1f78b4"}},
{"type":"Feature","geometry":{"type":"Point","coordinates":[11.54237,48.13737]},"properties":{"id":"poi_n1144035833","name":"Die kleine Kneipe","kind":"pub","at":[48.13737,11.54237],"osm_id":"node/1144035833","open_horizon":false,"views":"[{\"sightline_id\": \"sl_9858aff8\", \"toward\": \"a\", \"distance_m\": 8.7}]","tags":"{}","marker-color":"#1f78b4"}},
{"type":"Feature","geometry":{"type":"Point","coordinates":[11.49506,48.14108]},"properties":{"id":"poi_n1144618770","name":"Torbogenstüberl","kind":"pub","at":[48.14108,11.49506],"osm_id":"node/1144618770","open_horizon":false,"views":"[{\"sightline_id\": \"sl_69cb35bd\", \"toward\": \"a\", \"distance_m\": 22.2}]","tags":"{\"outdoor_seating\": \"yes\"}","marker-color":"#1f78b4"}},
{"type":"Feature","geometry":{"type":"Point","coordinates":[11.5436,48.10362]},"properties":{"id":"poi_n1145306194","name":"Shan","kind":"restaurant","at":[48.10362,11.5436],"osm_id":"node/1145306194","open_horizon":false,"views":"[{\"sightline_id\": \"sl_ae31ff3c\", \"toward\": \"a\", \"distance_m\": 24.2}, {\"sightline_id\": \"sl_ae31ff3c\", \"toward\": \"b\", \"distance_m\": 24.2}]","tags":"{\"cuisine\": \"indian\", \"opening_hours\": \"Mo-Su 11:30-14:30, 17:30-24:00\", \"outdoor_seating\": \"yes\", \"phone\": \"+49 897231740\", \"website\": \"https://shan-india.de/\"}","marker-color":"#1f78b4"}},
{"type":"Feature","geometry":{"type":"Point","coordinates":[11.56591,48.15343]},"properties":{"id":"poi_n11455582969","name":"Tillu","kind":"cafe","at":[48.15343,11.56591],"osm_id":"node/11455582969","open_horizon":false,"views":"[{\"sightline_id\": \"sl_229e7580\", \"toward\": \"a\", \"distance_m\": 11.6}, {\"sightline_id\": \"sl_229e7580\", \"toward\": \"b\", \"distance_m\": 11.6}, {\"sightline_id\": \"sl_1c73e5a8\", \"toward\": \"a\", \"distance_m\": 31.3}, {\"sightline_id\": \"sl_1c73e5a8\", \"toward\": \"b\", \"distance_m\": 31.3}]","tags":"{\"cuisine\": \"cake;coffee_shop;tea\"}","marker-color":"#1f78b4"}},
{"type":"Feature","geometry":{"type":"Point","coordinates":[11.56591,48.13284]},"properties":{"id":"poi_n1146404526","name":"Müller","kind":"cafe","at":[48.13284,11.56591],"osm_id":"node/1146404526","open_horizon":false,"views":"[{\"sightline_id\": \"sl_e8d3e711\", \"toward\": \"b\", \"distance_m\": 15.3}]","tags":"{\"opening_hours\": \"Mo-Fr 09:00-18:00\", \"outdoor_seating\": \"yes\"}","marker-color":"#1f78b4"}},
{"type":"Feature","geometry":{"type":"Point","coordinates":[11.58427,48.18474]},"properties":{"id":"poi_n1148216560","name":"Erkan Pasa Bistro","kind":"restaurant","at":[48.18474,11.58427],"osm_id":"node/1148216560","open_horizon":false,"views":"[{\"sightline_id\": \"sl_07c33763\", \"toward\": \"b\", \"distance_m\": 32.1}]","tags":"{\"cuisine\": \"kebab\", \"opening_hours\": \"Mo-Su 09:00-21:00\"}","marker-color":"#1f78b4"}},
{"type":"Feature","geometry":{"type":"Point","coordinates":[11.66087,48.12244]},"properties":{"id":"poi_n11491284053","name":"Pizza 194","kind":"restaurant","at":[48.12244,11.66087],"osm_id":"node/11491284053","open_horizon":false,"views":"[{\"sightline_id\": \"sl_c0850d00\", \"toward\": \"a\", \"distance_m\": 29.4}, {\"sightline_id\": \"sl_c0850d00\", \"toward\": \"b\", \"distance_m\": 29.4}]","tags":"{\"cuisine\": \"pizza\", \"opening_hours\": \"Mo-Tu 11:30-14:00, 16:00-22:00; We-Su,PH 16:00-22:00\", \"phone\": \"+49 89 51076613\", \"website\": \"https://pizza194.de/\"}","marker-color":"#1f78b4"}},
{"type":"Feature","geometry":{"type":"Point","coordinates":[11.54002,48.15]},"properties":{"id":"poi_n1155163296","name":"Jamas","kind":"restaurant","at":[48.15,11.54002],"osm_id":"node/1155163296","open_horizon":false,"views":"[{\"sightline_id\": \"sl_ad00ce9a\", \"toward\": \"a\", \"distance_m\": 12.8}, {\"sightline_id\": \"sl_ad00ce9a\", \"toward\": \"b\", \"distance_m\": 12.8}]","tags":"{\"cuisine\": \"greek\", \"opening_hours\": \"Mo-Fr 11:30-14:30,17:00-22:30; Sa 17:00-22:30; Su off\", \"outdoor_seating\": \"yes\"}","marker-color":"#1f78b4"}},
{"type":"Feature","geometry":{"type":"Point","coordinates":[11.57927,48.1456]},"properties":{"id":"poi_n11552218034","name":"Maui","kind":"restaurant","at":[48.1456,11.57927],"osm_id":"node/11552218034","open_horizon":false,"views":"[{\"sightline_id\": \"sl_f3a8c413\", \"toward\": \"a\", \"distance_m\": 18.8}, {\"sightline_id\": \"sl_f3a8c413\", \"toward\": \"b\", \"distance_m\": 18.8}, {\"sightline_id\": \"sl_cb83222e\", \"toward\": \"b\", \"distance_m\": 35.1}, {\"sightline_id\": \"sl_8e7da035\", \"toward\": \"a\", \"distance_m\": 37.9}, {\"sightline_id\": \"sl_8e7da035\", \"toward\": \"b\", \"distance_m\": 37.9}]","tags":"{\"cuisine\": \"fish;japanese;coffee_shop;chinese;asian;vietnamese;sushi;grill;diner;curry\", \"opening_hours\": \"Mo-Fr 11:30-14:30,17:30-23:00; Sa 17:30-23:30; Su off\", \"outdoor_seating\": \"yes\", \"phone\": \"+49 89 21566100\", \"website\": \"https://www.maui-restaurant.de/im-ludwigpalais\"}","marker-color":"#1f78b4"}},
{"type":"Feature","geometry":{"type":"Point","coordinates":[11.4791,48.11642]},"properties":{"id":"poi_n11559667643","name":"Patagon Helados","kind":"ice_cream","at":[48.11642,11.4791],"osm_id":"node/11559667643","open_horizon":false,"views":"[{\"sightline_id\": \"sl_9584c033\", \"toward\": \"a\", \"distance_m\": 8.2}, {\"sightline_id\": \"sl_9584c033\", \"toward\": \"b\", \"distance_m\": 8.2}]","tags":"{\"opening_hours\": \"Mo-Th 12:00-20:00; Fr-Su,PH 12:00-21:00\", \"outdoor_seating\": \"yes\", \"website\": \"https://www.patagon-helados.de/\"}","marker-color":"#1f78b4"}},
{"type":"Feature","geometry":{"type":"Point","coordinates":[11.56558,48.1237]},"properties":{"id":"poi_n1156374836","name":"Il Piccolo Principe","kind":"restaurant","at":[48.1237,11.56558],"osm_id":"node/1156374836","open_horizon":false,"views":"[{\"sightline_id\": \"sl_e5506831\", \"toward\": \"a\", \"distance_m\": 10.6}]","tags":"{\"cuisine\": \"italian\", \"opening_hours\": \"Mo-Fr 12:00-14:00,18:00-21:30; Sa off; Su off\"}","marker-color":"#1f78b4"}},
{"type":"Feature","geometry":{"type":"Point","coordinates":[11.59056,48.11694]},"properties":{"id":"poi_n11592234515","name":"Eintrach - Cafe Bistro","kind":"bar","at":[48.11694,11.59056],"osm_id":"node/11592234515","open_horizon":false,"views":"[{\"sightline_id\": \"sl_14341a6b\", \"toward\": \"b\", \"distance_m\": 35.4}]","tags":"{}","marker-color":"#1f78b4"}},
{"type":"Feature","geometry":{"type":"Point","coordinates":[11.54048,48.15629]},"properties":{"id":"poi_n11617100649","name":null,"kind":"restaurant","at":[48.15629,11.54048],"osm_id":"node/11617100649","open_horizon":false,"views":"[{\"sightline_id\": \"sl_2457b661\", \"toward\": \"a\", \"distance_m\": 36.8}, {\"sightline_id\": \"sl_2457b661\", \"toward\": \"b\", \"distance_m\": 36.8}]","tags":"{}","marker-color":"#1f78b4"}},
{"type":"Feature","geometry":{"type":"Point","coordinates":[11.56876,48.13444]},"properties":{"id":"poi_n11673168518","name":"Starbucks","kind":"cafe","at":[48.13444,11.56876],"osm_id":"node/11673168518","open_horizon":false,"views":"[{\"sightline_id\": \"sl_57c2a20c\", \"toward\": \"b\", \"distance_m\": 14.3}]","tags":"{\"cuisine\": \"coffee_shop\", \"outdoor_seating\": \"pedestrian_zone\"}","marker-color":"#1f78b4"}},
{"type":"Feature","geometry":{"type":"Point","coordinates":[11.56529,48.155]},"properties":{"id":"poi_n11780991379","name":"Döner Design Lab","kind":"restaurant","at":[48.155,11.56529],"osm_id":"node/11780991379","open_horizon":false,"views":"[{\"sightline_id\": \"sl_cda6fb02\", \"toward\": \"a\", \"distance_m\": 7.1}, {\"sightline_id\": \"sl_cda6fb02\", \"toward\": \"b\", \"distance_m\": 7.1}]","tags":"{\"cuisine\": \"turkish\", \"opening_hours\": \"\\\"Bis auf weiteres wegen Umbau geschlossen\\\"\"}","marker-color":"#1f78b4"}},
{"type":"Feature","geometry":{"type":"Point","coordinates":[11.53863,48.12852]},"properties":{"id":"poi_n11799609729","name":"Fledermaus","kind":"bar","at":[48.12852,11.53863],"osm_id":"node/11799609729","open_horizon":false,"views":"[{\"sightline_id\": \"sl_80678b5a\", \"toward\": \"b\", \"distance_m\": 12.8}]","tags":"{\"website\": \"https://fledermaus.bar/\"}","marker-color":"#1f78b4"}},
{"type":"Feature","geometry":{"type":"Point","coordinates":[11.53862,48.12848]},"properties":{"id":"poi_n11799631863","name":"Ritter Lancelot","kind":"restaurant","at":[48.12848,11.53862],"osm_id":"node/11799631863","open_horizon":false,"views":"[{\"sightline_id\": \"sl_80678b5a\", \"toward\": \"b\", \"distance_m\": 12.8}]","tags":"{\"opening_hours\": \"\\\"nach Vereinbarung\\\"\", \"phone\": \"+49 176 24443964\", \"website\": \"https://www.ritterlancelot.com/\"}","marker-color":"#1f78b4"}},
{"type":"Feature","geometry":{"type":"Point","coordinates":[11.58783,48.13087]},"properties":{"id":"poi_n11810366857","name":"Sorry Nonna","kind":"restaurant","at":[48.13087,11.58783],"osm_id":"node/11810366857","open_horizon":false,"views":"[{\"sightline_id\": \"sl_263bdfd3\", \"toward\": \"a\", \"distance_m\": 37.0}]","tags":"{\"cuisine\": \"italian\", \"opening_hours\": \"Tu-Sa 11:00-22:00; Su 11:00-20:00\", \"outdoor_seating\": \"yes\"}","marker-color":"#1f78b4"}},
{"type":"Feature","geometry":{"type":"Point","coordinates":[11.56475,48.1517]},"properties":{"id":"poi_n11811300867","name":"Ionion","kind":"restaurant","at":[48.1517,11.56475],"osm_id":"node/11811300867","open_horizon":false,"views":"[{\"sightline_id\": \"sl_229e7580\", \"toward\": \"a\", \"distance_m\": 8.9}, {\"sightline_id\": \"sl_229e7580\", \"toward\": \"b\", \"distance_m\": 8.9}]","tags":"{\"cuisine\": \"greek\", \"opening_hours\": \"Mo-Fr 09:30-19:30; Sa 09:30-16:30; PH off\", \"outdoor_seating\": \"yes\"}","marker-color":"#1f78b4"}},
{"type":"Feature","geometry":{"type":"Point","coordinates":[11.54569,48.15976]},"properties":{"id":"poi_n11872468115","name":"Gelateria Roma","kind":"ice_cream","at":[48.15976,11.54569],"osm_id":"node/11872468115","open_horizon":false,"views":"[{\"sightline_id\": \"sl_1ac35b55\", \"toward\": \"a\", \"distance_m\": 19.2}]","tags":"{\"opening_hours\": \"Mo-Fr 07:30-20:30; Sa, Su 12:00-22:00\", \"outdoor_seating\": \"yes\", \"phone\": \"+49891574163\"}","marker-color":"#1f78b4"}},
{"type":"Feature","geometry":{"type":"Point","coordinates":[11.53321,48.14674]},"properties":{"id":"poi_n1187586124","name":"Yak & Yeti","kind":"restaurant","at":[48.14674,11.53321],"osm_id":"node/1187586124","open_horizon":false,"views":"[{\"sightline_id\": \"sl_d5eee58a\", \"toward\": \"a\", \"distance_m\": 19.9}]","tags":"{\"cuisine\": \"indian\", \"opening_hours\": \"Mo-Fr 11:30-14:30, 17:30-23:30; Sa 17:00-23:30; Su 12:00-23:30\", \"phone\": \"+49 89 16785838\", \"website\": \"https://yakandyeti.eatbu.com/?lang=de\"}","marker-color":"#1f78b4"}},
{"type":"Feature","geometry":{"type":"Point","coordinates":[11.47625,48.11354]},"properties":{"id":"poi_n11879142796","name":"Heartbeat Cafe","kind":"cafe","at":[48.11354,11.47625],"osm_id":"node/11879142796","open_horizon":false,"views":"[{\"sightline_id\": \"sl_785ca0bb\", \"toward\": \"b\", \"distance_m\": 24.5}]","tags":"{\"opening_hours\": \"Mo-Th 07:00-18:00; Fr 07:00-16:00; Sa,Su,PH off\"}","marker-color":"#1f78b4"}},
{"type":"Feature","geometry":{"type":"Point","coordinates":[11.53171,48.13795]},"properties":{"id":"poi_n1189028534","name":"Bruno's","kind":"pub","at":[48.13795,11.53171],"osm_id":"node/1189028534","open_horizon":false,"views":"[{\"sightline_id\": \"sl_02a3fdd9\", \"toward\": \"b\", \"distance_m\": 13.9}]","tags":"{}","marker-color":"#1f78b4"}},
{"type":"Feature","geometry":{"type":"Point","coordinates":[11.53193,48.13795]},"properties":{"id":"poi_n1189028562","name":"Café Bar bei Pedja","kind":"bar","at":[48.13795,11.53193],"osm_id":"node/1189028562","open_horizon":false,"views":"[{\"sightline_id\": \"sl_02a3fdd9\", \"toward\": \"b\", \"distance_m\": 12.2}]","tags":"{}","marker-color":"#1f78b4"}},
{"type":"Feature","geometry":{"type":"Point","coordinates":[11.58555,48.1714]},"properties":{"id":"poi_n11918044948","name":"Le Jardin","kind":"bar","at":[48.1714,11.58555],"osm_id":"node/11918044948","open_horizon":false,"views":"[{\"sightline_id\": \"sl_1cf54481\", \"toward\": \"a\", \"distance_m\": 33.0}, {\"sightline_id\": \"sl_1cf54481\", \"toward\": \"b\", \"distance_m\": 33.0}]","tags":"{\"opening_hours\": \"Mo-Th 11:00-23:00; Fr 11:00-24:00; Sa,Su 10:00-24:00\", \"outdoor_seating\": \"yes\"}","marker-color":"#1f78b4"}},
{"type":"Feature","geometry":{"type":"Point","coordinates":[11.5752,48.12875]},"properties":{"id":"poi_n1193046539","name":"Flaschenöffner","kind":"pub","at":[48.12875,11.5752],"osm_id":"node/1193046539","open_horizon":false,"views":"[{\"sightline_id\": \"sl_195c0dd2\", \"toward\": \"b\", \"distance_m\": 11.8}]","tags":"{\"opening_hours\": \"Mo-Su 17:00-05:00\"}","marker-color":"#1f78b4"}},
{"type":"Feature","geometry":{"type":"Point","coordinates":[11.57513,48.12882]},"properties":{"id":"poi_n1193048078","name":"Asia","kind":"restaurant","at":[48.12882,11.57513],"osm_id":"node/1193048078","open_horizon":false,"views":"[{\"sightline_id\": \"sl_195c0dd2\", \"toward\": \"b\", \"distance_m\": 12.9}]","tags":"{\"cuisine\": \"asian\", \"opening_hours\": \"Mo-Fr 11:00-15:00,17:00-22:00; Sa,Su,PH 17:00-22:00\", \"outdoor_seating\": \"yes\"}","marker-color":"#1f78b4"}},
{"type":"Feature","geometry":{"type":"Point","coordinates":[11.58941,48.13671]},"properties":{"id":"poi_n11978774969","name":"Isarflimmern München","kind":"bar","at":[48.13671,11.58941],"osm_id":"node/11978774969","open_horizon":false,"views":"[{\"sightline_id\": \"sl_7bed7cc1\", \"toward\": \"b\", \"distance_m\": 10.6}, {\"sightline_id\": \"sl_08f28c0f\", \"toward\": \"a\", \"distance_m\": 38.9}]","tags":"{\"opening_hours\": \"Tu-Fr 15:00-23:00; Sa-Su 13:00-23:00\", \"outdoor_seating\": \"no\", \"website\": \"https://isarflimmern-muc.de/\"}","marker-color":"#1f78b4"}},
{"type":"Feature","geometry":{"type":"Point","coordinates":[11.59852,48.12959]},"properties":{"id":"poi_n1198386925","name":"Passaparola","kind":"restaurant","at":[48.12959,11.59852],"osm_id":"node/1198386925","open_horizon":false,"views":"[{\"sightline_id\": \"sl_ce9232c8\", \"toward\": \"a\", \"distance_m\": 5.8}, {\"sightline_id\": \"sl_ce9232c8\", \"toward\": \"b\", \"distance_m\": 5.8}]","tags":"{\"cuisine\": \"pizza;wine\", \"opening_hours\": \"Mo-Fr 12:00-15:00,18:00-22:00; Sa off; Su 18:00-22:00\", \"outdoor_seating\": \"yes\", \"phone\": \"+49 89 44992424\", \"website\": \"https://www.passaparola-muenchen.de/\"}","marker-color":"#1f78b4"}},
{"type":"Feature","geometry":{"type":"Point","coordinates":[11.60003,48.12883]},"properties":{"id":"poi_n1198391629","name":"Café Miu","kind":"cafe","at":[48.12883,11.60003],"osm_id":"node/1198391629","open_horizon":false,"views":"[{\"sightline_id\": \"sl_ce9232c8\", \"toward\": \"a\", \"distance_m\": 15.1}]","tags":"{\"opening_hours\": \"Mo-Fr 08:30-16:00; Sa 09:00-16:00; Su off\", \"outdoor_seating\": \"yes\", \"phone\": \"+49 89 46131534\"}","marker-color":"#1f78b4"}},
{"type":"Feature","geometry":{"type":"Point","coordinates":[11.60114,48.13208]},"properties":{"id":"poi_n1198447918","name":"LottiEck","kind":"cafe","at":[48.13208,11.60114],"osm_id":"node/1198447918","open_horizon":false,"views":"[{\"sightline_id\": \"sl_8ae12373\", \"toward\": \"a\", \"distance_m\": 19.9}]","tags":"{\"cuisine\": \"breakfast;coffee_shop\", \"opening_hours\": \"Mo-Fr 08:30-18:00; Sa-Su 10:00-18:00\"}","marker-color":"#1f78b4"}},
{"type":"Feature","geometry":{"type":"Point","coordinates":[11.51953,48.14511]},"properties":{"id":"poi_n11986337536","name":"Umami","kind":"restaurant","at":[48.14511,11.51953],"osm_id":"node/11986337536","open_horizon":false,"views":"[{\"sightline_id\": \"sl_9b156820\", \"toward\": \"a\", \"distance_m\": 30.2}]","tags":"{\"cuisine\": \"asian\", \"opening_hours\": \"Mo-Fr 11:30-15:00, 17:00-21:00, Su 14:00-21:00; Sa,PH off\", \"outdoor_seating\": \"yes\"}","marker-color":"#1f78b4"}},
{"type":"Feature","geometry":{"type":"Point","coordinates":[11.53215,48.13796]},"properties":{"id":"poi_n1201804319","name":"Coco 5","kind":"restaurant","at":[48.13796,11.53215],"osm_id":"node/1201804319","open_horizon":false,"views":"[{\"sightline_id\": \"sl_02a3fdd9\", \"toward\": \"b\", \"distance_m\": 11.3}]","tags":"{\"cuisine\": \"vietnamese\", \"opening_hours\": \"Mo-Fr 11:00-14:30,17:30-22:00; PH,Su 17:30-22:00\"}","marker-color":"#1f78b4"}},
{"type":"Feature","geometry":{"type":"Point","coordinates":[11.5751,48.12854]},"properties":{"id":"poi_n12053171834","name":"Rootine Wellness Club","kind":"restaurant","at":[48.12854,11.5751],"osm_id":"node/12053171834","open_horizon":false,"views":"[{\"sightline_id\": \"sl_195c0dd2\", \"toward\": \"b\", \"distance_m\": 9.0}]","tags":"{\"opening_hours\": \"Mo-Fr 07:30-17:00; Sa 09:00-17:00; Su 10:00-17:00\", \"website\": \"https://www.rootinewellnessclub.com/\"}","marker-color":"#1f78b4"}},
{"type":"Feature","geometry":{"type":"Point","coordinates":[11.5355,48.10876]},"properties":{"id":"poi_n12053896195","name":"Café Distl","kind":"cafe","at":[48.10876,11.5355],"osm_id":"node/12053896195","open_horizon":false,"views":"[{\"sightline_id\": \"sl_f491f207\", \"toward\": \"b\", \"distance_m\": 22.3}]","tags":"{\"opening_hours\": \"Mo-Fr 06:30-20:00; Sa,Su 08:00-20:00\", \"outdoor_seating\": \"yes\"}","marker-color":"#1f78b4"}},
{"type":"Feature","geometry":{"type":"Point","coordinates":[11.51811,48.10449]},"properties":{"id":"poi_n12083822276","name":"Style","kind":"restaurant","at":[48.10449,11.51811],"osm_id":"node/12083822276","open_horizon":false,"views":"[{\"sightline_id\": \"sl_8705177b\", \"toward\": \"a\", \"distance_m\": 28.1}, {\"sightline_id\": \"sl_8705177b\", \"toward\": \"b\", \"distance_m\": 28.1}]","tags":"{\"opening_hours\": \"Tu-Fr 17:00-23:00; Sa-Su 11:00-23:00; Mo off\", \"website\": \"https://style-restaurant.eatbu.com/\"}","marker-color":"#1f78b4"}},
{"type":"Feature","geometry":{"type":"Point","coordinates":[11.56713,48.13008]},"properties":{"id":"poi_n1209031852","name":"pastalozzi","kind":"restaurant","at":[48.13008,11.56713],"osm_id":"node/1209031852","open_horizon":false,"views":"[{\"sightline_id\": \"sl_a03e96a7\", \"toward\": \"a\", \"distance_m\": 32.4}]","tags":"{\"cuisine\": \"italian\"}","marker-color":"#1f78b4"}},
{"type":"Feature","geometry":{"type":"Point","coordinates":[11.57458,48.10943]},"properties":{"id":"poi_n12098882236","name":"N'ICE GUYS","kind":"ice_cream","at":[48.10943,11.57458],"osm_id":"node/12098882236","open_horizon":false,"views":"[{\"sightline_id\": \"sl_652507c3\", \"toward\": \"b\", \"distance_m\": 13.9}]","tags":"{\"opening_hours\": \"Mo-Sa 07:00-22:00; Su,PH 10:00-16:00\", \"outdoor_seating\": \"yes\"}","marker-color":"#1f78b4"}},
{"type":"Feature","geometry":{"type":"Point","coordinates":[11.56089,48.13793]},"properties":{"id":"poi_n1210512830","name":"Vietnam - Thai Garden","kind":"restaurant","at":[48.13793,11.56089],"osm_id":"node/1210512830","open_horizon":false,"views":"[{\"sightline_id\": \"sl_3eb150b6\", \"toward\": \"b\", \"distance_m\": 9.8}]","tags":"{\"cuisine\": \"vietnamese;thai\", \"opening_hours\": \"Mo-Su 11:00-22:30\", \"outdoor_seating\": \"yes\"}","marker-color":"#1f78b4"}},
{"type":"Feature","geometry":{"type":"Point","coordinates":[11.57419,48.14729]},"properties":{"id":"poi_n12143592002","name":"Café Moinspatz","kind":"cafe","at":[48.14729,11.57419],"osm_id":"node/12143592002","open_horizon":false,"views":"[{\"sightline_id\": \"sl_b3216b45\", \"toward\": \"a\", \"distance_m\": 17.9}]","tags":"{\"opening_hours\": \"Su,Mo off; Tu-Sa 10:00-18:00\", \"outdoor_seating\": \"yes\", \"website\": \"https://www.cafespatz.net/\"}","marker-color":"#1f78b4"}},
{"type":"Feature","geometry":{"type":"Point","coordinates":[11.57467,48.15674]},"properties":{"id":"poi_n12149768585","name":"Ofner's Bistro","kind":"restaurant","at":[48.15674,11.57467],"osm_id":"node/12149768585","open_horizon":false,"views":"[{\"sightline_id\": \"sl_8f7da990\", \"toward\": \"a\", \"distance_m\": 39.0}, {\"sightline_id\": \"sl_8f7da990\", \"toward\": \"b\", \"distance_m\": 39.0}]","tags":"{\"cuisine\": \"italian\", \"opening_hours\": \"Mo-Sa 08:00-18:00+\"}","marker-color":"#1f78b4"}},
{"type":"Feature","geometry":{"type":"Point","coordinates":[11.59729,48.1688]},"properties":{"id":"poi_n1217150947","name":"Brunnwart","kind":"biergarten","at":[48.1688,11.59729],"osm_id":"node/1217150947","open_horizon":false,"views":"[{\"sightline_id\": \"sl_44608c30\", \"toward\": \"a\", \"distance_m\": 20.9}]","tags":"{}","marker-color":"#1f78b4"}},
{"type":"Feature","geometry":{"type":"Point","coordinates":[11.53548,48.14861]},"properties":{"id":"poi_n12189068272","name":"Dakju","kind":"restaurant","at":[48.14861,11.53548],"osm_id":"node/12189068272","open_horizon":false,"views":"[{\"sightline_id\": \"sl_34a6801e\", \"toward\": \"a\", \"distance_m\": 14.6}, {\"sightline_id\": \"sl_34a6801e\", \"toward\": \"b\", \"distance_m\": 14.6}]","tags":"{\"cuisine\": \"korean\", \"opening_hours\": \"Mo-Fr 11:30-14:30, Mo-Sa 17:30-22:00\", \"phone\": \"+49 89 23789335\"}","marker-color":"#1f78b4"}},
{"type":"Feature","geometry":{"type":"Point","coordinates":[11.52915,48.14067]},"properties":{"id":"poi_n12219404243","name":"Öffentliche Kantine im AOK Gebäude","kind":"restaurant","at":[48.14067,11.52915],"osm_id":"node/12219404243","open_horizon":false,"views":"[{\"sightline_id\": \"sl_620ca713\", \"toward\": \"a\", \"distance_m\": 20.2}, {\"sightline_id\": \"sl_620ca713\", \"toward\": \"b\", \"distance_m\": 20.2}]","tags":"{\"opening_hours\": \"Mo-Fr 08:00-10:30, Mo-Fr 11:30-13:30\"}","marker-color":"#1f78b4"}},
{"type":"Feature","geometry":{"type":"Point","coordinates":[11.53869,48.10855]},"properties":{"id":"poi_n12227813179","name":"The Annamites Coffee Roasters","kind":"cafe","at":[48.10855,11.53869],"osm_id":"node/12227813179","open_horizon":false,"views":"[{\"sightline_id\": \"sl_e0f40b36\", \"toward\": \"a\", \"distance_m\": 6.9}, {\"sightline_id\": \"sl_e0f40b36\", \"toward\": \"b\", \"distance_m\": 6.9}]","tags":"{\"opening_hours\": \"Tu-Su 08:00-18:00\", \"outdoor_seating\": \"yes\"}","marker-color":"#1f78b4"}},
{"type":"Feature","geometry":{"type":"Point","coordinates":[11.46907,48.14933]},"properties":{"id":"poi_n1224482901","name":"Antica Osteria","kind":"restaurant","at":[48.14933,11.46907],"osm_id":"node/1224482901","open_horizon":false,"views":"[{\"sightline_id\": \"sl_250d49e8\", \"toward\": \"a\", \"distance_m\": 34.1}]","tags":"{\"cuisine\": \"italian\", \"opening_hours\": \"Mo-Fr 11:30-14:30,17:30-23:00; Tu off; Sa 17:30-23:00; Su 11:30-22:00\", \"outdoor_seating\": \"yes\", \"phone\": \"+49 89 82087140\"}","marker-color":"#1f78b4"}},
{"type":"Feature","geometry":{"type":"Point","coordinates":[11.55022,48.12525]},"properties":{"id":"poi_n12248978502","name":"Diba","kind":"bar","at":[48.12525,11.55022],"osm_id":"node/12248978502","open_horizon":false,"views":"[{\"sightline_id\": \"sl_0261e149\", \"toward\": \"b\", \"distance_m\": 14.7}, {\"sightline_id\": \"sl_375471ca\", \"toward\": \"a\", \"distance_m\": 38.0}]","tags":"{\"opening_hours\": \"Mo-We, Fr 08:00-00:00; Th 10:00-00:00; Sa 10:00-15:00\"}","marker-color":"#1f78b4"}},
{"type":"Feature","geometry":{"type":"Point","coordinates":[11.58345,48.15407]},"properties":{"id":"poi_n12250382813","name":"Daily Matcha","kind":"cafe","at":[48.15407,11.58345],"osm_id":"node/12250382813","open_horizon":false,"views":"[{\"sightline_id\": \"sl_302cf079\", \"toward\": \"b\", \"distance_m\": 26.0}]","tags":"{\"cuisine\": \"coffee_shop;tea;pastry\", \"opening_hours\": \"Mo-Fr 09:00-20:00; Sa-Su 10:00-20:00\", \"outdoor_seating\": \"yes\", \"website\": \"https://dailymatcha.de/\"}","marker-color":"#1f78b4"}},
{"type":"Feature","geometry":{"type":"Point","coordinates":[11.69685,48.13138]},"properties":{"id":"poi_n1225118263","name":"Falafel Food","kind":"restaurant","at":[48.13138,11.69685],"osm_id":"node/1225118263","open_horizon":false,"views":"[{\"sightline_id\": \"sl_4dfee00f\", \"toward\": \"a\", \"distance_m\": 16.4}, {\"sightline_id\": \"sl_4dfee00f\", \"toward\": \"b\", \"distance_m\": 16.4}, {\"sightline_id\": \"sl_501badb0\", \"toward\": \"a\", \"distance_m\": 17.6}, {\"sightline_id\": \"sl_501badb0\", \"toward\": \"b\", \"distance_m\": 17.6}]","tags":"{\"cuisine\": \"pizza;kebab;falafel\", \"opening_hours\": \"11:00-22:00\", \"outdoor_seating\": \"yes\", \"phone\": \"+49 89 55064385\", \"website\": \"https://falafel-haus.jimdofree.com/\"}","marker-color":"#1f78b4"}},
{"type":"Feature","geometry":{"type":"Point","coordinates":[11.45395,48.14721]},"properties":{"id":"poi_n12271916717","name":"Lorossi","kind":"cafe","at":[48.14721,11.45395],"osm_id":"node/12271916717","open_horizon":false,"views":"[{\"sightline_id\": \"sl_1a53dca1\", \"toward\": \"b\", \"distance_m\": 29.5}, {\"sightline_id\": \"sl_597a1ff7\", \"toward\": \"b\", \"distance_m\": 32.8}]","tags":"{\"opening_hours\": \"Tu-Fr 09:00-18:00; Sa-Su 08:30-18:00\", \"outdoor_seating\": \"yes\", \"website\": \"https://www.lorossi.de/caffe-house-und-lounge\"}","marker-color":"#1f78b4"}},
{"type":"Feature","geometry":{"type":"Point","coordinates":[11.53858,48.1517]},"properties":{"id":"poi_n12273395943","name":"The Rolling Dackel","kind":"cafe","at":[48.1517,11.53858],"osm_id":"node/12273395943","open_horizon":false,"views":"[{\"sightline_id\": \"sl_ca87492e\", \"toward\": \"a\", \"distance_m\": 22.5}, {\"sightline_id\": \"sl_ca87492e\", \"toward\": \"b\", \"distance_m\": 22.5}]","tags":"{\"opening_hours\": \"Tu-Fr 12:00-19:00\", \"outdoor_seating\": \"yes\"}","marker-color":"#1f78b4"}},
{"type":"Feature","geometry":{"type":"Point","coordinates":[11.57038,48.14632]},"properties":{"id":"poi_n1227896820","name":"Hohsaan","kind":"cafe","at":[48.14632,11.57038],"osm_id":"node/1227896820","open_horizon":false,"views":"[{\"sightline_id\": \"sl_cfd8afe9\", \"toward\": \"a\", \"distance_m\": 5.2}, {\"sightline_id\": \"sl_cfd8afe9\", \"toward\": \"b\", \"distance_m\": 5.2}]","tags":"{\"opening_hours\": \"Mo-Sa 10:00-18:00; Su 09:30-18:00\"}","marker-color":"#1f78b4"}},
{"type":"Feature","geometry":{"type":"Point","coordinates":[11.57051,48.14652]},"properties":{"id":"poi_n1227896836","name":"Cafe Arnold","kind":"cafe","at":[48.14652,11.57051],"osm_id":"node/1227896836","open_horizon":false,"views":"[{\"sightline_id\": \"sl_cfd8afe9\", \"toward\": \"a\", \"distance_m\": 5.3}, {\"sightline_id\": \"sl_cfd8afe9\", \"toward\": \"b\", \"distance_m\": 5.3}]","tags":"{\"cuisine\": \"coffee_shop\", \"opening_hours\": \"Mo-Th 06:00-14:00; Fr 06:00-14:00\", \"outdoor_seating\": \"no\", \"phone\": \"+49 89 283200\"}","marker-color":"#1f78b4"}},
{"type":"Feature","geometry":{"type":"Point","coordinates":[11.56835,48.14291]},"properties":{"id":"poi_n1227932443","name":"K6","kind":"cafe","at":[48.14291,11.56835],"osm_id":"node/1227932443","open_horizon":false,"views":"[{\"sightline_id\": \"sl_92fc0adb\", \"toward\": \"a\", \"distance_m\": 33.9}]","tags":"{\"opening_hours\": \"Mo-Th 07:30-20:00, Fr 07:30-18:00\"}","marker-color":"#1f78b4"}},
{"type":"Feature","geometry":{"type":"Point","coordinates":[11.48521,48.16838]},"properties":{"id":"poi_n12328518730","name":null,"kind":"bar","at":[48.16838,11.48521],"osm_id":"node/12328518730","open_horizon":false,"views":"[{\"sightline_id\": \"sl_a879e0b8\", \"toward\": \"a\", \"distance_m\": 33.7}, {\"sightline_id\": \"sl_a879e0b8\", \"toward\": \"b\", \"distance_m\": 33.7}]","tags":"{\"opening_hours\": \"17:00-22:00\"}","marker-color":"#1f78b4"}},
{"type":"Feature","geometry":{"type":"Point","coordinates":[11.64627,48.1005]},"properties":{"id":"poi_n12339737114","name":"Madhuram","kind":"restaurant","at":[48.1005,11.64627],"osm_id":"node/12339737114","open_horizon":false,"views":"[{\"sightline_id\": \"sl_76b1e769\", \"toward\": \"a\", \"distance_m\": 29.1}, {\"sightline_id\": \"sl_76b1e769\", \"toward\": \"b\", \"distance_m\": 29.1}]","tags":"{\"cuisine\": \"indian\", \"opening_hours\": \"Tu-Su 12:00-22:00\", \"outdoor_seating\": \"yes\"}","marker-color":"#1f78b4"}},
{"type":"Feature","geometry":{"type":"Point","coordinates":[11.54714,48.10293]},"properties":{"id":"poi_n12349529017","name":"Spice Route","kind":"restaurant","at":[48.10293,11.54714],"osm_id":"node/12349529017","open_horizon":false,"views":"[{\"sightline_id\": \"sl_92071083\", \"toward\": \"b\", \"distance_m\": 22.3}]","tags":"{\"cuisine\": \"indian\", \"opening_hours\": \"We-Su 17:30-22:30, Sa,Su 12:00-15:00\", \"outdoor_seating\": \"yes\"}","marker-color":"#1f78b4"}},
{"type":"Feature","geometry":{"type":"Point","coordinates":[11.5179,48.18209]},"properties":{"id":"poi_n12386638315","name":"Riedmair","kind":"cafe","at":[48.18209,11.5179],"osm_id":"node/12386638315","open_horizon":false,"views":"[{\"sightline_id\": \"sl_d0873431\", \"toward\": \"b\", \"distance_m\": 28.0}]","tags":"{\"opening_hours\": \"Mo-Fr 06:30-18:00; Sa 06:30-17:00; Su 07:00-17:00; PH off\", \"outdoor_seating\": \"yes\"}","marker-color":"#1f78b4"}},
{"type":"Feature","geometry":{"type":"Point","coordinates":[11.56334,48.13166]},"properties":{"id":"poi_n12397530443","name":"Tena'Adam Feinkost und Gewürzladen","kind":"restaurant","at":[48.13166,11.56334],"osm_id":"node/12397530443","open_horizon":false,"views":"[{\"sightline_id\": \"sl_e8d3e711\", \"toward\": \"a\", \"distance_m\": 11.5}, {\"sightline_id\": \"sl_e8d3e711\", \"toward\": \"b\", \"distance_m\": 11.5}]","tags":"{\"cuisine\": \"ethiopian\", \"opening_hours\": \"Mo 12:00-15:00; Tu-Sa 12:00-20:00\", \"phone\": \"+49 89 45139853\", \"website\": \"https://www.tenaadam-muenchen.de/\"}","marker-color":"#1f78b4"}},
{"type":"Feature","geometry":{"type":"Point","coordinates":[11.60013,48.11895]},"properties":{"id":"poi_n1242160399","name":"Bel Sogno","kind":"restaurant","at":[48.11895,11.60013],"osm_id":"node/1242160399","open_horizon":false,"views":"[{\"sightline_id\": \"sl_7f41d7bf\", \"toward\": \"a\", \"distance_m\": 15.0}, {\"sightline_id\": \"sl_7f41d7bf\", \"toward\": \"b\", \"distance_m\": 15.0}]","tags":"{\"cuisine\": \"italian\", \"opening_hours\": \"Mo-Fr 11:30-14:30, 17:30-22:30; Sa 17:30-22:30; Su off\", \"outdoor_seating\": \"yes\", \"phone\": \"+49 89 95864526\"}","marker-color":"#1f78b4"}},
{"type":"Feature","geometry":{"type":"Point","coordinates":[11.52596,48.15011]},"properties":{"id":"poi_n1245602222","name":"Sirtaki","kind":"restaurant","at":[48.15011,11.52596],"osm_id":"node/1245602222","open_horizon":false,"views":"[{\"sightline_id\": \"sl_158aa79c\", \"toward\": \"a\", \"distance_m\": 38.8}, {\"sightline_id\": \"sl_158aa79c\", \"toward\": \"b\", \"distance_m\": 38.8}]","tags":"{\"opening_hours\": \"Tu-Su 17:00-23:00; Mo off\"}","marker-color":"#1f78b4"}},
{"type":"Feature","geometry":{"type":"Point","coordinates":[11.4642,48.18899]},"properties":{"id":"poi_n12472106301","name":"Zimt & Zucker","kind":"cafe","at":[48.18899,11.4642],"osm_id":"node/12472106301","open_horizon":false,"views":"[{\"sightline_id\": \"sl_dd439a95\", \"toward\": \"a\", \"distance_m\": 20.4}, {\"sightline_id\": \"sl_d183df7f\", \"toward\": \"a\", \"distance_m\": 36.9}, {\"sightline_id\": \"sl_d183df7f\", \"toward\": \"b\", \"distance_m\": 36.9}]","tags":"{\"cuisine\": \"breakfast;cake;coffee_shop\", \"opening_hours\": \"Tu-Fr 10:00-18:00; Sa 13:00-18:00\", \"phone\": \"+49 89 81895613\", \"website\": \"http://www.zimtzucker-muenchen.de/?m=0\"}","marker-color":"#1f78b4"}},
{"type":"Feature","geometry":{"type":"Point","coordinates":[11.53277,48.13887]},"properties":{"id":"poi_n1252289968","name":"Southbank Specialty Coffee","kind":"cafe","at":[48.13887,11.53277],"osm_id":"node/1252289968","open_horizon":false,"views":"[{\"sightline_id\": \"sl_7c751cfb\", \"toward\": \"b\", \"distance_m\": 6.1}]","tags":"{\"opening_hours\": \"We-Fr 07:00-17:00; Sa,Su 09:00-17:00\", \"outdoor_seating\": \"yes\"}","marker-color":"#1f78b4"}},
{"type":"Feature","geometry":{"type":"Point","coordinates":[11.57774,48.15367]},"properties":{"id":"poi_n12524311606","name":"Arri Bar","kind":"bar","at":[48.15367,11.57774],"osm_id":"node/12524311606","open_horizon":false,"views":"[{\"sightline_id\": \"sl_b3216b45\", \"toward\": \"b\", \"distance_m\": 28.4}]","tags":"{\"outdoor_seating\": \"no\"}","marker-color":"#1f78b4"}},
{"type":"Feature","geometry":{"type":"Point","coordinates":[11.57778,48.14985]},"properties":{"id":"poi_n12574577604","name":"Super Schmarrn","kind":"restaurant","at":[48.14985,11.57778],"osm_id":"node/12574577604","open_horizon":false,"views":"[{\"sightline_id\": \"sl_1c73e5a8\", \"toward\": \"a\", \"distance_m\": 8.4}, {\"sightline_id\": \"sl_1c73e5a8\", \"toward\": \"b\", \"distance_m\": 8.4}, {\"sightline_id\": \"sl_1932a3df\", \"toward\": \"a\", \"distance_m\": 27.7}, {\"sightline_id\": \"sl_1932a3df\", \"toward\": \"b\", \"distance_m\": 27.7}]","tags":"{\"cuisine\": \"austrian\", \"opening_hours\": \"Th-Sa 10:00-02:00; Su-We 10:00-01:00\", \"website\": \"https://www.superschmarrn.de/\"}","marker-color":"#1f78b4"}},
{"type":"Feature","geometry":{"type":"Point","coordinates":[11.57495,48.15652]},"properties":{"id":"poi_n12582460485","name":"Eli","kind":"restaurant","at":[48.15652,11.57495],"osm_id":"node/12582460485","open_horizon":false,"views":"[{\"sightline_id\": \"sl_8f7da990\", \"toward\": \"a\", \"distance_m\": 20.6}, {\"sightline_id\": \"sl_8f7da990\", \"toward\": \"b\", \"distance_m\": 20.6}]","tags":"{\"opening_hours\": \"Mo-Th 11:00-23:00; Fr 11:00-01:00; Sa 09:00-01:00; Su 09:00-23:00\", \"outdoor_seating\": \"yes\"}","marker-color":"#1f78b4"}},
{"type":"Feature","geometry":{"type":"Point","coordinates":[11.53482,48.14742]},"properties":{"id":"poi_n12601216392","name":"Deli Bowl","kind":"restaurant","at":[48.14742,11.53482],"osm_id":"node/12601216392","open_horizon":false,"views":"[{\"sightline_id\": \"sl_6425cfed\", \"toward\": \"b\", \"distance_m\": 24.9}]","tags":"{\"cuisine\": \"smoothie;bowl\", \"opening_hours\": \"Mo-Sa 10:00-19:30\", \"website\": \"https://www.lieferando.de/speisekarte/deli-bowl\"}","marker-color":"#1f78b4"}},
{"type":"Feature","geometry":{"type":"Point","coordinates":[11.54301,48.15678]},"properties":{"id":"poi_n12616342797","name":"Sushi USIO","kind":"restaurant","at":[48.15678,11.54301],"osm_id":"node/12616342797","open_horizon":false,"views":"[{\"sightline_id\": \"sl_2457b661\", \"toward\": \"a\", \"distance_m\": 38.0}, {\"sightline_id\": \"sl_2457b661\", \"toward\": \"b\", \"distance_m\": 38.0}]","tags":"{\"opening_hours\": \"Mo-Fr 11:00-15:00,17:00-22:00; Sa,Su,PH 17:00-22:00\"}","marker-color":"#1f78b4"}},
{"type":"Feature","geometry":{"type":"Point","coordinates":[11.59628,48.13448]},"properties":{"id":"poi_n12643823119","name":"little cafe","kind":"cafe","at":[48.13448,11.59628],"osm_id":"node/12643823119","open_horizon":false,"views":"[{\"sightline_id\": \"sl_be141589\", \"toward\": \"a\", \"distance_m\": 38.0}]","tags":"{\"outdoor_seating\": \"yes\"}","marker-color":"#1f78b4"}},
{"type":"Feature","geometry":{"type":"Point","coordinates":[11.56132,48.15494]},"properties":{"id":"poi_n12644139467","name":"Neismanufaktur","kind":"cafe","at":[48.15494,11.56132],"osm_id":"node/12644139467","open_horizon":false,"views":"[{\"sightline_id\": \"sl_d1452881\", \"toward\": \"a\", \"distance_m\": 3.3}, {\"sightline_id\": \"sl_d1452881\", \"toward\": \"b\", \"distance_m\": 3.3}]","tags":"{\"cuisine\": \"ice_cream;coffee_shop\", \"opening_hours\": \"Mo-Su 13:00-19:00\"}","marker-color":"#1f78b4"}},
{"type":"Feature","geometry":{"type":"Point","coordinates":[11.50393,48.18752]},"properties":{"id":"poi_n12655943951","name":"Dolce Vita","kind":"restaurant","at":[48.18752,11.50393],"osm_id":"node/12655943951","open_horizon":false,"views":"[{\"sightline_id\": \"sl_b7741b5f\", \"toward\": \"a\", \"distance_m\": 16.3}, {\"sightline_id\": \"sl_b7741b5f\", \"toward\": \"b\", \"distance_m\": 16.3}]","tags":"{\"cuisine\": \"pizza\", \"opening_hours\": \"Mo 16:30-22:00; We-Su 16:30-22:00\", \"outdoor_seating\": \"yes\"}","marker-color":"#1f78b4"}},
{"type":"Feature","geometry":{"type":"Point","coordinates":[11.50887,48.15232]},"properties":{"id":"poi_n12660763552","name":"Koi-Sushiandmore","kind":"restaurant","at":[48.15232,11.50887],"osm_id":"node/12660763552","open_horizon":false,"views":"[{\"sightline_id\": \"sl_fb2a3998\", \"toward\": \"a\", \"distance_m\": 10.2}, {\"sightline_id\": \"sl_fb2a3998\", \"toward\": \"b\", \"distance_m\": 10.2}]","tags":"{\"cuisine\": \"sushi\", \"outdoor_seating\": \"yes\", \"phone\": \"+49 89 23718257\"}","marker-color":"#1f78b4"}},
{"type":"Feature","geometry":{"type":"Point","coordinates":[11.55555,48.128]},"properties":{"id":"poi_n12684827601","name":"Coffee Lunch","kind":"cafe","at":[48.128,11.55555],"osm_id":"node/12684827601","open_horizon":false,"views":"[{\"sightline_id\": \"sl_e8d3e711\", \"toward\": \"a\", \"distance_m\": 10.5}]","tags":"{}","marker-color":"#1f78b4"}},
{"type":"Feature","geometry":{"type":"Point","coordinates":[11.69783,48.11411]},"properties":{"id":"poi_n1272940938","name":"Gimbab Café","kind":"cafe","at":[48.11411,11.69783],"osm_id":"node/1272940938","open_horizon":false,"views":"[{\"sightline_id\": \"sl_06483183\", \"toward\": \"b\", \"distance_m\": 32.9}]","tags":"{\"cuisine\": \"korean\", \"opening_hours\": \"Mo-Tu,Th-Sa 11:00-19:00; Su 12:00-18:00\", \"outdoor_seating\": \"yes\", \"website\": \"https://www.gimbabcafe.de/\"}","marker-color":"#1f78b4"}},
{"type":"Feature","geometry":{"type":"Point","coordinates":[11.57642,48.15486]},"properties":{"id":"poi_n12741151662","name":"sushi teno","kind":"restaurant","at":[48.15486,11.57642],"osm_id":"node/12741151662","open_horizon":false,"views":"[{\"sightline_id\": \"sl_8e8aca80\", \"toward\": \"a\", \"distance_m\": 18.2}, {\"sightline_id\": \"sl_8e8aca80\", \"toward\": \"b\", \"distance_m\": 18.2}, {\"sightline_id\": \"sl_f8e80ae8\", \"toward\": \"b\", \"distance_m\": 29.0}]","tags":"{\"cuisine\": \"sushi\", \"opening_hours\": \"Mo-Fr 11:30-14:30,17:30-21:30; Su,PH 17:00-21:30; Sa off\", \"phone\": \"+49 89 12251874\"}","marker-color":"#1f78b4"}},
{"type":"Feature","geometry":{"type":"Point","coordinates":[11.60443,48.10881]},"properties":{"id":"poi_n1275863869","name":"Fantastico Gelato","kind":"ice_cream","at":[48.10881,11.60443],"osm_id":"node/1275863869","open_horizon":false,"views":"[{\"sightline_id\": \"sl_497b84bb\", \"toward\": \"b\", \"distance_m\": 29.6}]","tags":"{\"cuisine\": \"ice_cream\", \"opening_hours\": \"Tu-Th 11:00-21:00, Fr-Su 11:00-22:00\", \"outdoor_seating\": \"yes\"}","marker-color":"#1f78b4"}},
{"type":"Feature","geometry":{"type":"Point","coordinates":[11.58624,48.16039]},"properties":{"id":"poi_n1277386296","name":"Bono","kind":"restaurant","at":[48.16039,11.58624],"osm_id":"node/1277386296","open_horizon":false,"views":"[{\"sightline_id\": \"sl_302cf079\", \"toward\": \"a\", \"distance_m\": 13.5}]","tags":"{\"cuisine\": \"italian\", \"opening_hours\": \"Mo-Th 17:00-24:00, Fr,Sa 10:00-02:00, Su 10:00-24:00\", \"outdoor_seating\": \"yes\"}","marker-color":"#1f78b4"}},
{"type":"Feature","geometry":{"type":"Point","coordinates":[11.47296,48.16475]},"properties":{"id":"poi_n12779283868","name":"Lutak","kind":"ice_cream","at":[48.16475,11.47296],"osm_id":"node/12779283868","open_horizon":false,"views":"[{\"sightline_id\": \"sl_19b965b3\", \"toward\": \"a\", \"distance_m\": 20.9}, {\"sightline_id\": \"sl_19b965b3\", \"toward\": \"b\", \"distance_m\": 20.9}]","tags":"{\"opening_hours\": \"Mo-Fr 09:00-18:00; Sa,Su 10:00-18:00\", \"outdoor_seating\": \"yes\", \"website\": \"https://www.lutak.de/\"}","marker-color":"#1f78b4"}},
{"type":"Feature","geometry":{"type":"Point","coordinates":[11.7016,48.11283]},"properties":{"id":"poi_n1277972325","name":"Thalassa","kind":"restaurant","at":[48.11283,11.7016],"osm_id":"node/1277972325","open_horizon":false,"views":"[{\"sightline_id\": \"sl_19fb3d19\", \"toward\": \"a\", \"distance_m\": 31.5}]","tags":"{\"cuisine\": \"greek\", \"opening_hours\": \"Mo,We-Sa 17:30-24:00, Su 11:30-14:30,17:00-23:00\", \"outdoor_seating\": \"no\"}","marker-color":"#1f78b4"}},
{"type":"Feature","geometry":{"type":"Point","coordinates":[11.57371,48.13013]},"properties":{"id":"poi_n12787851393","name":"lap","kind":"cafe","at":[48.13013,11.57371],"osm_id":"node/12787851393","open_horizon":false,"views":"[{\"sightline_id\": \"sl_53b1b3ea\", \"toward\": \"a\", \"distance_m\": 14.1}, {\"sightline_id\": \"sl_53b1b3ea\", \"toward\": \"b\", \"distance_m\": 14.1}, {\"sightline_id\": \"sl_195c0dd2\", \"toward\": \"a\", \"distance_m\": 30.3}, {\"sightline_id\": \"sl_195c0dd2\", \"toward\": \"b\", \"distance_m\": 30.3}]","tags":"{\"cuisine\": \"coffee_shop\", \"outdoor_seating\": \"no\"}","marker-color":"#1f78b4"}},
{"type":"Feature","geometry":{"type":"Point","coordinates":[11.56139,48.12748]},"properties":{"id":"poi_n1282950970","name":"Kaisen Izakaya J-Bar","kind":"restaurant","at":[48.12748,11.56139],"osm_id":"node/1282950970","open_horizon":false,"views":"[{\"sightline_id\": \"sl_d7ed4de6\", \"toward\": \"a\", \"distance_m\": 15.2}, {\"sightline_id\": \"sl_d7ed4de6\", \"toward\": \"b\", \"distance_m\": 15.2}]","tags":"{\"cuisine\": \"japanese\", \"opening_hours\": \"Th-Mo 18:00-22:30; Tu-We off\"}","marker-color":"#1f78b4"}},
{"type":"Feature","geometry":{"type":"Point","coordinates":[11.54172,48.13841]},"properties":{"id":"poi_n1286263641","name":"San Paolo | Bar Café","kind":"bar","at":[48.13841,11.54172],"osm_id":"node/1286263641","open_horizon":false,"views":"[{\"sightline_id\": \"sl_9858aff8\", \"toward\": \"a\", \"distance_m\": 34.4}]","tags":"{}","marker-color":"#1f78b4"}},
{"type":"Feature","geometry":{"type":"Point","coordinates":[11.64116,48.12625]},"properties":{"id":"poi_n12869319401","name":"Elephant Bar","kind":"bar","at":[48.12625,11.64116],"osm_id":"node/12869319401","open_horizon":false,"views":"[{\"sightline_id\": \"sl_c7273ec0\", \"toward\": \"b\", \"distance_m\": 33.4}]","tags":"{\"cuisine\": \"friture\", \"outdoor_seating\": \"yes\"}","marker-color":"#1f78b4"}},
{"type":"Feature","geometry":{"type":"Point","coordinates":[11.62972,48.15324]},"properties":{"id":"poi_n12878898005","name":"AMAL Cafè/Bäckerei","kind":"cafe","at":[48.15324,11.62972],"osm_id":"node/12878898005","open_horizon":false,"views":"[{\"sightline_id\": \"sl_6e65cc10\", \"toward\": \"a\", \"distance_m\": 37.2}]","tags":"{\"opening_hours\": \"Mo-Fr 07:00-17:00; Sa-Su 08:00-17:00\", \"website\": \"https://amal-cafe.de/\"}","marker-color":"#1f78b4"}},
{"type":"Feature","geometry":{"type":"Point","coordinates":[11.618,48.11171]},"properties":{"id":"poi_n12903435629","name":"il Gelato","kind":"ice_cream","at":[48.11171,11.618],"osm_id":"node/12903435629","open_horizon":false,"views":"[{\"sightline_id\": \"sl_0fa92075\", \"toward\": \"a\", \"distance_m\": 32.5}]","tags":"{\"outdoor_seating\": \"yes\"}","marker-color":"#1f78b4"}},
{"type":"Feature","geometry":{"type":"Point","coordinates":[11.53932,48.13245]},"properties":{"id":"poi_n12923811703","name":"Café Nido","kind":"cafe","at":[48.13245,11.53932],"osm_id":"node/12923811703","open_horizon":false,"views":"[{\"sightline_id\": \"sl_80678b5a\", \"toward\": \"a\", \"distance_m\": 14.4}, {\"sightline_id\": \"sl_80678b5a\", \"toward\": \"b\", \"distance_m\": 14.4}]","tags":"{\"opening_hours\": \"Mo-Fr 07:30-19:00; Sa 08:30-16:00; Su,PH off\", \"outdoor_seating\": \"yes\", \"phone\": \"+49 89 52032772\", \"website\": \"https://www.cafenido.de/\"}","marker-color":"#1f78b4"}},
{"type":"Feature","geometry":{"type":"Point","coordinates":[11.52945,48.17619]},"properties":{"id":"poi_n12925570279","name":"Rana - The Flavours of India","kind":"restaurant","at":[48.17619,11.52945],"osm_id":"node/12925570279","open_horizon":false,"views":"[{\"sightline_id\": \"sl_06b513d2\", \"toward\": \"a\", \"distance_m\": 28.1}, {\"sightline_id\": \"sl_0eb91a7a\", \"toward\": \"a\", \"distance_m\": 29.9}, {\"sightline_id\": \"sl_0eb91a7a\", \"toward\": \"b\", \"distance_m\": 29.9}]","tags":"{\"cuisine\": \"indian\", \"phone\": \"+4917684666658\"}","marker-color":"#1f78b4"}},
{"type":"Feature","geometry":{"type":"Point","coordinates":[11.48982,48.11305]},"properties":{"id":"poi_n12925955433","name":"Café Aydos","kind":"cafe","at":[48.11305,11.48982],"osm_id":"node/12925955433","open_horizon":false,"views":"[{\"sightline_id\": \"sl_33a7ca45\", \"toward\": \"a\", \"distance_m\": 17.5}, {\"sightline_id\": \"sl_33a7ca45\", \"toward\": \"b\", \"distance_m\": 17.5}]","tags":"{}","marker-color":"#1f78b4"}},
{"type":"Feature","geometry":{"type":"Point","coordinates":[11.52522,48.218]},"properties":{"id":"poi_n12944092973","name":"Tasty Kitchen","kind":"restaurant","at":[48.218,11.52522],"osm_id":"node/12944092973","open_horizon":false,"views":"[{\"sightline_id\": \"sl_0d92e765\", \"toward\": \"a\", \"distance_m\": 10.4}, {\"sightline_id\": \"sl_0d92e765\", \"toward\": \"b\", \"distance_m\": 10.4}]","tags":"{\"cuisine\": \"pizza\"}","marker-color":"#1f78b4"}},
{"type":"Feature","geometry":{"type":"Point","coordinates":[11.58187,48.13905]},"properties":{"id":"poi_n12964942201","name":"Seasons Bar","kind":"bar","at":[48.13905,11.58187],"osm_id":"node/12964942201","open_horizon":false,"views":"[{\"sightline_id\": \"sl_0ef924b1\", \"toward\": \"a\", \"distance_m\": 35.5}, {\"sightline_id\": \"sl_0ef924b1\", \"toward\": \"b\", \"distance_m\": 35.5}]","tags":"{}","marker-color":"#1f78b4"}},
{"type":"Feature","geometry":{"type":"Point","coordinates":[11.54284,48.13672]},"properties":{"id":"poi_n12966207101","name":"Ruta Munich","kind":"restaurant","at":[48.13672,11.54284],"osm_id":"node/12966207101","open_horizon":false,"views":"[{\"sightline_id\": \"sl_9858aff8\", \"toward\": \"a\", \"distance_m\": 38.1}, {\"sightline_id\": \"sl_9858aff8\", \"toward\": \"b\", \"distance_m\": 38.1}]","tags":"{\"cuisine\": \"ukrainian\", \"website\": \"https://ruta-bistro.choiceqr.com\"}","marker-color":"#1f78b4"}},
{"type":"Feature","geometry":{"type":"Point","coordinates":[11.58108,48.13327]},"properties":{"id":"poi_n12971323601","name":"Honzwuast","kind":"restaurant","at":[48.13327,11.58108],"osm_id":"node/12971323601","open_horizon":false,"views":"[{\"sightline_id\": \"sl_609c344a\", \"toward\": \"a\", \"distance_m\": 16.4}]","tags":"{\"cuisine\": \"sausage\", \"outdoor_seating\": \"no\"}","marker-color":"#1f78b4"}},
{"type":"Feature","geometry":{"type":"Point","coordinates":[11.47601,48.12588]},"properties":{"id":"poi_n1297861731","name":"Eiscafé Gelat OK","kind":"ice_cream","at":[48.12588,11.47601],"osm_id":"node/1297861731","open_horizon":false,"views":"[{\"sightline_id\": \"sl_fbf032a7\", \"toward\": \"b\", \"distance_m\": 31.1}]","tags":"{\"cuisine\": \"ice_cream\", \"opening_hours\": \"Mo-Su 09:00-21:30\"}","marker-color":"#1f78b4"}},
{"type":"Feature","geometry":{"type":"Point","coordinates":[11.53095,48.13805]},"properties":{"id":"poi_n12986415082","name":"Cuore & Gusto","kind":"ice_cream","at":[48.13805,11.53095],"osm_id":"node/12986415082","open_horizon":false,"views":"[{\"sightline_id\": \"sl_02a3fdd9\", \"toward\": \"a\", \"distance_m\": 31.3}, {\"sightline_id\": \"sl_02a3fdd9\", \"toward\": \"b\", \"distance_m\": 31.3}]","tags":"{}","marker-color":"#1f78b4"}},
{"type":"Feature","geometry":{"type":"Point","coordinates":[11.5929,48.12878]},"properties":{"id":"poi_n12993766817","name":"Ela Na Dis To Kati Allo","kind":"restaurant","at":[48.12878,11.5929],"osm_id":"node/12993766817","open_horizon":false,"views":"[{\"sightline_id\": \"sl_6ae91f6a\", \"toward\": \"a\", \"distance_m\": 34.4}]","tags":"{\"cuisine\": \"greek\", \"opening_hours\": \"Tu-Su 14:30 - 22:45\", \"phone\": \"+49 89 18934748\", \"website\": \"https://www.elanadistokatiallo.de\"}","marker-color":"#1f78b4"}},
{"type":"Feature","geometry":{"type":"Point","coordinates":[11.57665,48.15161]},"properties":{"id":"poi_n12999991326","name":"Hantang Malatang","kind":"restaurant","at":[48.15161,11.57665],"osm_id":"node/12999991326","open_horizon":false,"views":"[{\"sightline_id\": \"sl_b3216b45\", \"toward\": \"a\", \"distance_m\": 10.0}, {\"sightline_id\": \"sl_b3216b45\", \"toward\": \"b\", \"distance_m\": 10.0}]","tags":"{\"cuisine\": \"chinese\", \"opening_hours\": \"PH,Mo-Su 11:30-15:30,16:30-21:30\", \"outdoor_seating\": \"sidewalk\", \"phone\": \"+49 1514 7533864\"}","marker-color":"#1f78b4"}},
{"type":"Feature","geometry":{"type":"Point","coordinates":[11.42436,48.14272]},"properties":{"id":"poi_n13015570778","name":"Arena Balkan Spezialitäten","kind":"restaurant","at":[48.14272,11.42436],"osm_id":"node/13015570778","open_horizon":false,"views":"[{\"sightline_id\": \"sl_5ca808b8\", \"toward\": \"a\", \"distance_m\": 21.1}, {\"sightline_id\": \"sl_5ca808b8\", \"toward\": \"b\", \"distance_m\": 21.1}, {\"sightline_id\": \"sl_03c4e1ac\", \"toward\": \"b\", \"distance_m\": 33.6}]","tags":"{\"cuisine\": \"balkan\"}","marker-color":"#1f78b4"}},
{"type":"Feature","geometry":{"type":"Point","coordinates":[11.57441,48.13085]},"properties":{"id":"poi_n13016889072","name":"RivaReno Gelato","kind":"ice_cream","at":[48.13085,11.57441],"osm_id":"node/13016889072","open_horizon":false,"views":"[{\"sightline_id\": \"sl_53b1b3ea\", \"toward\": \"b\", \"distance_m\": 10.2}]","tags":"{\"opening_hours\": \"Tu-Su 11:00-21:00\", \"outdoor_seating\": \"no\", \"website\": \"https://www.rivareno.com/\"}","marker-color":"#1f78b4"}},
{"type":"Feature","geometry":{"type":"Point","coordinates":[11.57398,48.14819]},"properties":{"id":"poi_n1307952967","name":"Museumscafé","kind":"cafe","at":[48.14819,11.57398],"osm_id":"node/1307952967","open_horizon":false,"views":"[{\"sightline_id\": \"sl_6a30d50e\", \"toward\": \"a\", \"distance_m\": 20.8}, {\"sightline_id\": \"sl_6a30d50e\", \"toward\": \"b\", \"distance_m\": 20.8}, {\"sightline_id\": \"sl_b3216b45\", \"toward\": \"a\", \"distance_m\": 36.7}, {\"sightline_id\": \"sl_b3216b45\", \"toward\": \"b\", \"distance_m\": 36.7}]","tags":"{\"opening_hours\": \"Tu,We,Fr-Su 10:00-18:00; Th 10:00-20:00\"}","marker-color":"#1f78b4"}},
{"type":"Feature","geometry":{"type":"Point","coordinates":[11.59089,48.10132]},"properties":{"id":"poi_n13092267110","name":"Safran Coffee & Bowl","kind":"restaurant","at":[48.10132,11.59089],"osm_id":"node/13092267110","open_horizon":false,"views":"[{\"sightline_id\": \"sl_e5827524\", \"toward\": \"a\", \"distance_m\": 18.5}, {\"sightline_id\": \"sl_e5827524\", \"toward\": \"b\", \"distance_m\": 18.5}]","tags":"{\"opening_hours\": \"Mo-Th 10:30-14:30,17:00-21:00; Fr 15:00-20:00; Su 10:00-18:00; Sa off\", \"outdoor_seating\": \"no\"}","marker-color":"#1f78b4"}},
{"type":"Feature","geometry":{"type":"Point","coordinates":[11.59602,48.13422]},"properties":{"id":"poi_n13120982001","name":"Saftstandl am Wiener Platz","kind":"cafe","at":[48.13422,11.59602],"osm_id":"node/13120982001","open_horizon":false,"views":"[{\"sightline_id\": \"sl_be141589\", \"toward\": \"a\", \"distance_m\": 9.8}]","tags":"{\"cuisine\": \"breakfast;international\", \"opening_hours\": \"Mo-Sa 07:00-18:00\", \"outdoor_seating\": \"yes\"}","marker-color":"#1f78b4"}},
{"type":"Feature","geometry":{"type":"Point","coordinates":[11.5617,48.13085]},"properties":{"id":"poi_n13150294611","name":"FreiSchwimmer","kind":"bar","at":[48.13085,11.5617],"osm_id":"node/13150294611","open_horizon":false,"views":"[{\"sightline_id\": \"sl_e8d3e711\", \"toward\": \"a\", \"distance_m\": 16.0}, {\"sightline_id\": \"sl_e8d3e711\", \"toward\": \"b\", \"distance_m\": 16.0}]","tags":"{}","marker-color":"#1f78b4"}},
{"type":"Feature","geometry":{"type":"Point","coordinates":[11.53005,48.1829]},"properties":{"id":"poi_n13155690919","name":"MABELLE","kind":"restaurant","at":[48.1829,11.53005],"osm_id":"node/13155690919","open_horizon":false,"views":"[{\"sightline_id\": \"sl_6b3ab79a\", \"toward\": \"a\", \"distance_m\": 31.9}, {\"sightline_id\": \"sl_6b3ab79a\", \"toward\": \"b\", \"distance_m\": 31.9}]","tags":"{\"outdoor_seating\": \"yes\"}","marker-color":"#1f78b4"}},
{"type":"Feature","geometry":{"type":"Point","coordinates":[11.59809,48.1259]},"properties":{"id":"poi_n1316650403","name":"Leo's Lounge","kind":"restaurant","at":[48.1259,11.59809],"osm_id":"node/1316650403","open_horizon":false,"views":"[{\"sightline_id\": \"sl_d2bc76ac\", \"toward\": \"a\", \"distance_m\": 18.0}, {\"sightline_id\": \"sl_d2bc76ac\", \"toward\": \"b\", \"distance_m\": 18.0}]","tags":"{\"cuisine\": \"international\", \"opening_hours\": \"Mo-Th 10:30-01:00, Fr 10:30-03:00, Sa 10:30-23:00; Su 10:00-24:00\", \"outdoor_seating\": \"yes\", \"phone\": \"+49 89 48953050\", \"website\": \"https://leos-lounge.de/\"}","marker-color":"#1f78b4"}},
{"type":"Feature","geometry":{"type":"Point","coordinates":[11.55612,48.13496]},"properties":{"id":"poi_n1317531482","name":"Synergy","kind":"restaurant","at":[48.13496,11.55612],"osm_id":"node/1317531482","open_horizon":false,"views":"[{\"sightline_id\": \"sl_286f1be4\", \"toward\": \"a\", \"distance_m\": 15.4}, {\"sightline_id\": \"sl_286f1be4\", \"toward\": \"b\", \"distance_m\": 15.4}, {\"sightline_id\": \"sl_93b6724a\", \"toward\": \"a\", \"distance_m\": 24.3}]","tags":"{\"outdoor_seating\": \"yes\"}","marker-color":"#1f78b4"}},
{"type":"Feature","geometry":{"type":"Point","coordinates":[11.55836,48.13531]},"properties":{"id":"poi_n1317531500","name":"Yasmin Al Sham","kind":"restaurant","at":[48.13531,11.55836],"osm_id":"node/1317531500","open_horizon":false,"views":"[{\"sightline_id\": \"sl_20f86686\", \"toward\": \"a\", \"distance_m\": 15.1}, {\"sightline_id\": \"sl_20f86686\", \"toward\": \"b\", \"distance_m\": 15.1}]","tags":"{\"cuisine\": \"kebab;turkish\", \"opening_hours\": \"Mo-Su 09:00-22:00\"}","marker-color":"#1f78b4"}},
{"type":"Feature","geometry":{"type":"Point","coordinates":[11.58435,48.1503]},"properties":{"id":"poi_n1318875111","name":"Königin 43","kind":"cafe","at":[48.1503,11.58435],"osm_id":"node/1318875111","open_horizon":false,"views":"[{\"sightline_id\": \"sl_7dadb81b\", \"toward\": \"a\", \"distance_m\": 19.3}, {\"sightline_id\": \"sl_7dadb81b\", \"toward\": \"b\", \"distance_m\": 19.3}]","tags":"{\"opening_hours\": \"Tu-Su 09:00-17:00; Mo off\", \"outdoor_seating\": \"yes\"}","marker-color":"#1f78b4"}},
{"type":"Feature","geometry":{"type":"Point","coordinates":[11.59972,48.13107]},"properties":{"id":"poi_n13191098101","name":"Café Reichshof","kind":"cafe","at":[48.13107,11.59972],"osm_id":"node/13191098101","open_horizon":false,"views":"[{\"sightline_id\": \"sl_8ae12373\", \"toward\": \"a\", \"distance_m\": 10.6}]","tags":"{\"opening_hours\": \"Mo-Sa 08:00-20:00; Su,PH 08:00-17:00\"}","marker-color":"#1f78b4"}},
{"type":"Feature","geometry":{"type":"Point","coordinates":[11.63727,48.15535]},"properties":{"id":"poi_n1319768924","name":"Martinelli","kind":"restaurant","at":[48.15535,11.63727],"osm_id":"node/1319768924","open_horizon":false,"views":"[{\"sightline_id\": \"sl_078c9f1b\", \"toward\": \"a\", \"distance_m\": 20.0}, {\"sightline_id\": \"sl_078c9f1b\", \"toward\": \"b\", \"distance_m\": 20.0}]","tags":"{\"cuisine\": \"italian\", \"opening_hours\": \"Mo-Sa 12:00-14:30; 18:30-23:00\", \"phone\": \"+49 89 931416\"}","marker-color":"#1f78b4"}},
{"type":"Feature","geometry":{"type":"Point","coordinates":[11.5823,48.15973]},"properties":{"id":"poi_n13227328802","name":"Lisboa & Nata","kind":"cafe","at":[48.15973,11.5823],"osm_id":"node/13227328802","open_horizon":false,"views":"[{\"sightline_id\": \"sl_23ae6155\", \"toward\": \"b\", \"distance_m\": 8.6}]","tags":"{\"opening_hours\": \"Tu-Sa 10:00-18:30\", \"outdoor_seating\": \"no\"}","marker-color":"#1f78b4"}},
{"type":"Feature","geometry":{"type":"Point","coordinates":[11.55418,48.13899]},"properties":{"id":"poi_n13228455961","name":"DB Betriebrestaurant","kind":"restaurant","at":[48.13899,11.55418],"osm_id":"node/13228455961","open_horizon":false,"views":"[{\"sightline_id\": \"sl_49b89dc9\", \"toward\": \"a\", \"distance_m\": 15.2}, {\"sightline_id\": \"sl_49b89dc9\", \"toward\": \"b\", \"distance_m\": 15.2}]","tags":"{\"opening_hours\": \"Mo-Fr 06:15-20:00; Sa 06:30-20:00; Su 07:00-20:00; PH 07:00-18:00\", \"outdoor_seating\": \"no\"}","marker-color":"#1f78b4"}},
{"type":"Feature","geometry":{"type":"Point","coordinates":[11.50733,48.13555]},"properties":{"id":"poi_n1323477846","name":"La Ruota","kind":"restaurant","at":[48.13555,11.50733],"osm_id":"node/1323477846","open_horizon":false,"views":"[{\"sightline_id\": \"sl_5b62f8dd\", \"toward\": \"a\", \"distance_m\": 35.1}, {\"sightline_id\": \"sl_5b62f8dd\", \"toward\": \"b\", \"distance_m\": 35.1}]","tags":"{\"cuisine\": \"italian\", \"opening_hours\": \"Mo-Sa 11:00-22:30; Su,PH 11:00-22:00\"}","marker-color":"#1f78b4"}},
{"type":"Feature","geometry":{"type":"Point","coordinates":[11.5727,48.14989]},"properties":{"id":"poi_n13242823001","name":"Lap","kind":"cafe","at":[48.14989,11.5727],"osm_id":"node/13242823001","open_horizon":false,"views":"[{\"sightline_id\": \"sl_cfd8afe9\", \"toward\": \"a\", \"distance_m\": 9.8}, {\"sightline_id\": \"sl_cfd8afe9\", \"toward\": \"b\", \"distance_m\": 9.8}, {\"sightline_id\": \"sl_ea614def\", \"toward\": \"b\", \"distance_m\": 35.6}]","tags":"{\"cuisine\": \"coffee_shop\", \"website\": \"https://www.lap.coffee/\"}","marker-color":"#1f78b4"}},
{"type":"Feature","geometry":{"type":"Point","coordinates":[11.57386,48.12977]},"properties":{"id":"poi_n13242823101","name":"plex","kind":"cafe","at":[48.12977,11.57386],"osm_id":"node/13242823101","open_horizon":false,"views":"[{\"sightline_id\": \"sl_195c0dd2\", \"toward\": \"a\", \"distance_m\": 12.8}, {\"sightline_id\": \"sl_195c0dd2\", \"toward\": \"b\", \"distance_m\": 12.8}]","tags":"{\"website\": \"https://www.plex-coffee.com/\"}","marker-color":"#1f78b4"}},
{"type":"Feature","geometry":{"type":"Point","coordinates":[11.59628,48.12701]},"properties":{"id":"poi_n13283561951","name":"Sortie","kind":"bar","at":[48.12701,11.59628],"osm_id":"node/13283561951","open_horizon":false,"views":"[{\"sightline_id\": \"sl_d2bc76ac\", \"toward\": \"b\", \"distance_m\": 12.7}]","tags":"{\"outdoor_seating\": \"no\"}","marker-color":"#1f78b4"}},
{"type":"Feature","geometry":{"type":"Point","coordinates":[11.59688,48.12696]},"properties":{"id":"poi_n13283610115","name":"MetroPol","kind":"bar","at":[48.12696,11.59688],"osm_id":"node/13283610115","open_horizon":false,"views":"[{\"sightline_id\": \"sl_d2bc76ac\", \"toward\": \"b\", \"distance_m\": 12.9}]","tags":"{\"outdoor_seating\": \"yes\"}","marker-color":"#1f78b4"}},
{"type":"Feature","geometry":{"type":"Point","coordinates":[11.51937,48.09922]},"properties":{"id":"poi_n13287693801","name":"Gyros by Alexis Sorbas","kind":"restaurant","at":[48.09922,11.51937],"osm_id":"node/13287693801","open_horizon":false,"views":"[{\"sightline_id\": \"sl_e7d8156a\", \"toward\": \"a\", \"distance_m\": 17.0}, {\"sightline_id\": \"sl_e7d8156a\", \"toward\": \"b\", \"distance_m\": 17.0}]","tags":"{\"cuisine\": \"greek\", \"opening_hours\": \"Mo-Sa 11:30-20:00\"}","marker-color":"#1f78b4"}},
{"type":"Feature","geometry":{"type":"Point","coordinates":[11.56078,48.13645]},"properties":{"id":"poi_n13288639501","name":"TERRAMOON","kind":"cafe","at":[48.13645,11.56078],"osm_id":"node/13288639501","open_horizon":false,"views":"[{\"sightline_id\": \"sl_c1a6aafe\", \"toward\": \"a\", \"distance_m\": 7.1}, {\"sightline_id\": \"sl_c1a6aafe\", \"toward\": \"b\", \"distance_m\": 7.1}, {\"sightline_id\": \"sl_3eb150b6\", \"toward\": \"a\", \"distance_m\": 8.2}, {\"sightline_id\": \"sl_3eb150b6\", \"toward\": \"b\", \"distance_m\": 8.2}]","tags":"{\"cuisine\": \"cake;coffee_shop\"}","marker-color":"#1f78b4"}},
{"type":"Feature","geometry":{"type":"Point","coordinates":[11.60203,48.13555]},"properties":{"id":"poi_n13288867151","name":"Charlatan","kind":"bar","at":[48.13555,11.60203],"osm_id":"node/13288867151","open_horizon":false,"views":"[{\"sightline_id\": \"sl_46da9b6b\", \"toward\": \"b\", \"distance_m\": 9.6}]","tags":"{\"opening_hours\": \"Tu-Th 18:00-01:00; Fr-Sa 18:00-02:00\"}","marker-color":"#1f78b4"}},
{"type":"Feature","geometry":{"type":"Point","coordinates":[11.57786,48.14918]},"properties":{"id":"poi_n13295009901","name":"Umi - Udon & Sandos","kind":"restaurant","at":[48.14918,11.57786],"osm_id":"node/13295009901","open_horizon":false,"views":"[{\"sightline_id\": \"sl_1932a3df\", \"toward\": \"a\", \"distance_m\": 7.0}, {\"sightline_id\": \"sl_1932a3df\", \"toward\": \"b\", \"distance_m\": 7.0}]","tags":"{\"cuisine\": \"japanese\", \"website\": \"https://umi-udon.de\"}","marker-color":"#1f78b4"}},
{"type":"Feature","geometry":{"type":"Point","coordinates":[11.54085,48.14866]},"properties":{"id":"poi_n1329635946","name":"Badshah","kind":"restaurant","at":[48.14866,11.54085],"osm_id":"node/1329635946","open_horizon":false,"views":"[{\"sightline_id\": \"sl_a79d3a77\", \"toward\": \"b\", \"distance_m\": 9.9}]","tags":"{\"cuisine\": \"indian\", \"opening_hours\": \"Mo-Fr 11:30-14:30,17:30-23:00; Sa 17:30-23:00; Su 11:30-23:00\", \"website\": \"https://badshahspeisekarte.de/\"}","marker-color":"#1f78b4"}},
{"type":"Feature","geometry":{"type":"Point","coordinates":[11.59857,48.13542]},"properties":{"id":"poi_n1335054868","name":"Holy Tikka","kind":"restaurant","at":[48.13542,11.59857],"osm_id":"node/1335054868","open_horizon":false,"views":"[{\"sightline_id\": \"sl_46da9b6b\", \"toward\": \"a\", \"distance_m\": 23.4}]","tags":"{\"outdoor_seating\": \"yes\", \"phone\": \"+49 89 472210\", \"website\": \"https://holytikka.de/\"}","marker-color":"#1f78b4"}},
{"type":"Feature","geometry":{"type":"Point","coordinates":[11.59844,48.13797]},"properties":{"id":"poi_n13354582602","name":"Diva Minang","kind":"restaurant","at":[48.13797,11.59844],"osm_id":"node/13354582602","open_horizon":false,"views":"[{\"sightline_id\": \"sl_414c81bc\", \"toward\": \"a\", \"distance_m\": 27.1}, {\"sightline_id\": \"sl_414c81bc\", \"toward\": \"b\", \"distance_m\": 27.1}]","tags":"{\"cuisine\": \"indonesian\", \"opening_hours\": \"Mo-Su 11:30-14:30, 17:30-22:00\", \"phone\": \"+49 89 45356271\", \"website\": \"https://diva-minang.de/\"}","marker-color":"#1f78b4"}},
{"type":"Feature","geometry":{"type":"Point","coordinates":[11.57426,48.12918]},"properties":{"id":"poi_n13360142101","name":"FOS place","kind":"bar","at":[48.12918,11.57426],"osm_id":"node/13360142101","open_horizon":false,"views":"[{\"sightline_id\": \"sl_195c0dd2\", \"toward\": \"a\", \"distance_m\": 8.6}, {\"sightline_id\": \"sl_195c0dd2\", \"toward\": \"b\", \"distance_m\": 8.6}]","tags":"{\"cuisine\": \"italian\", \"opening_hours\": \"Tu-Fr 16:00-24:00; Sa 14:00-24:00\"}","marker-color":"#1f78b4"}},
{"type":"Feature","geometry":{"type":"Point","coordinates":[11.56249,48.18238]},"properties":{"id":"poi_n13383418183","name":"Primo Cafébar","kind":"cafe","at":[48.18238,11.56249],"osm_id":"node/13383418183","open_horizon":false,"views":"[{\"sightline_id\": \"sl_29b793aa\", \"toward\": \"b\", \"distance_m\": 24.7}]","tags":"{\"opening_hours\": \"Mo-Fr 07:30-16:00\"}","marker-color":"#1f78b4"}},
{"type":"Feature","geometry":{"type":"Point","coordinates":[11.59481,48.13373]},"properties":{"id":"poi_n1338396731","name":"Crêperie Bernard et Bernard","kind":"bar","at":[48.13373,11.59481],"osm_id":"node/1338396731","open_horizon":false,"views":"[{\"sightline_id\": \"sl_be141589\", \"toward\": \"a\", \"distance_m\": 3.7}]","tags":"{\"opening_hours\": \"Tu-Sa 17:00-23:30\", \"phone\": \"+49 89 4801173\", \"website\": \"https://www.creperie-bernard.de/\"}","marker-color":"#1f78b4"}},
{"type":"Feature","geometry":{"type":"Point","coordinates":[11.56458,48.152]},"properties":{"id":"poi_n13421251901","name":"MOGO","kind":"restaurant","at":[48.152,11.56458],"osm_id":"node/13421251901","open_horizon":false,"views":"[{\"sightline_id\": \"sl_229e7580\", \"toward\": \"a\", \"distance_m\": 15.8}, {\"sightline_id\": \"sl_229e7580\", \"toward\": \"b\", \"distance_m\": 15.8}, {\"sightline_id\": \"sl_ea614def\", \"toward\": \"a\", \"distance_m\": 38.8}, {\"sightline_id\": \"sl_ea614def\", \"toward\": \"b\", \"distance_m\": 38.8}]","tags":"{}","marker-color":"#1f78b4"}},
{"type":"Feature","geometry":{"type":"Point","coordinates":[11.57533,48.13405]},"properties":{"id":"poi_n1342594684","name":"Garçon","kind":"bar","at":[48.13405,11.57533],"osm_id":"node/1342594684","open_horizon":false,"views":"[{\"sightline_id\": \"sl_6838e0c2\", \"toward\": \"a\", \"distance_m\": 39.4}]","tags":"{\"opening_hours\": \"Mo-Sa 11:00-00:00; Su 11:00-17:00\"}","marker-color":"#1f78b4"}},
{"type":"Feature","geometry":{"type":"Point","coordinates":[11.56264,48.18663]},"properties":{"id":"poi_n13430475302","name":"Cafe Bar Harmony","kind":"bar","at":[48.18663,11.56264],"osm_id":"node/13430475302","open_horizon":false,"views":"[{\"sightline_id\": \"sl_6445c73a\", \"toward\": \"a\", \"distance_m\": 19.9}, {\"sightline_id\": \"sl_6445c73a\", \"toward\": \"b\", \"distance_m\": 19.9}, {\"sightline_id\": \"sl_80b63515\", \"toward\": \"a\", \"distance_m\": 24.6}, {\"sightline_id\": \"sl_80b63515\", \"toward\": \"b\", \"distance_m\": 24.6}]","tags":"{}","marker-color":"#1f78b4"}},
{"type":"Feature","geometry":{"type":"Point","coordinates":[11.58655,48.16646]},"properties":{"id":"poi_n1343582414","name":"Bierbatterie","kind":"pub","at":[48.16646,11.58655],"osm_id":"node/1343582414","open_horizon":false,"views":"[{\"sightline_id\": \"sl_1cf54481\", \"toward\": \"b\", \"distance_m\": 10.4}]","tags":"{}","marker-color":"#1f78b4"}},
{"type":"Feature","geometry":{"type":"Point","coordinates":[11.58034,48.1162]},"properties":{"id":"poi_n1343791031","name":"Wimmer Backshop","kind":"cafe","at":[48.1162,11.58034],"osm_id":"node/1343791031","open_horizon":false,"views":"[{\"sightline_id\": \"sl_defc3d30\", \"toward\": \"b\", \"distance_m\": 18.8}]","tags":"{\"opening_hours\": \"Mo-Sa 06:00-19:00; PH,Su 07:00-18:00\"}","marker-color":"#1f78b4"}},
{"type":"Feature","geometry":{"type":"Point","coordinates":[11.56209,48.18652]},"properties":{"id":"poi_n13445342873","name":"Green Munich","kind":"cafe","at":[48.18652,11.56209],"osm_id":"node/13445342873","open_horizon":false,"views":"[{\"sightline_id\": \"sl_6445c73a\", \"toward\": \"a\", \"distance_m\": 22.3}, {\"sightline_id\": \"sl_6445c73a\", \"toward\": \"b\", \"distance_m\": 22.3}, {\"sightline_id\": \"sl_80b63515\", \"toward\": \"a\", \"distance_m\": 32.7}, {\"sightline_id\": \"sl_80b63515\", \"toward\": \"b\", \"distance_m\": 32.7}]","tags":"{}","marker-color":"#1f78b4"}},
{"type":"Feature","geometry":{"type":"Point","coordinates":[11.50698,48.13984]},"properties":{"id":"poi_n1347141646","name":"Little Italy","kind":"restaurant","at":[48.13984,11.50698],"osm_id":"node/1347141646","open_horizon":false,"views":"[{\"sightline_id\": \"sl_d082c350\", \"toward\": \"a\", \"distance_m\": 30.9}, {\"sightline_id\": \"sl_d082c350\", \"toward\": \"b\", \"distance_m\": 30.9}]","tags":"{\"cuisine\": \"pizza\", \"opening_hours\": \"Tu-Sa,PH 17:00-22:30; Su 16:00-22:30; Mo off\", \"phone\": \"+49 89 74036447\", \"website\": \"https://little-italy-muenchen.de/\"}","marker-color":"#1f78b4"}},
{"type":"Feature","geometry":{"type":"Point","coordinates":[11.56615,48.15669]},"properties":{"id":"poi_n1348244635","name":"Lo Spuntino","kind":"restaurant","at":[48.15669,11.56615],"osm_id":"node/1348244635","open_horizon":false,"views":"[{\"sightline_id\": \"sl_5a4863fc\", \"toward\": \"a\", \"distance_m\": 14.4}, {\"sightline_id\": \"sl_5a4863fc\", \"toward\": \"b\", \"distance_m\": 14.4}, {\"sightline_id\": \"sl_2f2eeac9\", \"toward\": \"a\", \"distance_m\": 16.0}]","tags":"{\"cuisine\": \"italian\", \"opening_hours\": \"Mo-Fr 10:00-22:00; Sa 10:00-17:00; Su off\", \"outdoor_seating\": \"yes\"}","marker-color":"#1f78b4"}},
{"type":"Feature","geometry":{"type":"Point","coordinates":[11.57223,48.20481]},"properties":{"id":"poi_n1348812701","name":"Eispalazzo","kind":"ice_cream","at":[48.20481,11.57223],"osm_id":"node/1348812701","open_horizon":false,"views":"[{\"sightline_id\": \"sl_928cfb4f\", \"toward\": \"a\", \"distance_m\": 18.8}]","tags":"{\"outdoor_seating\": \"yes\"}","marker-color":"#1f78b4"}},
{"type":"Feature","geometry":{"type":"Point","coordinates":[11.56431,48.15677]},"properties":{"id":"poi_n1350394049","name":"Holzkranich","kind":"cafe","at":[48.15677,11.56431],"osm_id":"node/1350394049","open_horizon":false,"views":"[{\"sightline_id\": \"sl_5a4863fc\", \"toward\": \"a\", \"distance_m\": 16.2}]","tags":"{\"opening_hours\": \"Mo-Th 17:30-00:00; Fr-Sa 17:30-02:00\"}","marker-color":"#1f78b4"}},
{"type":"Feature","geometry":{"type":"Point","coordinates":[11.59556,48.12777]},"properties":{"id":"poi_n1350575557","name":"Hallo arepa! & Bowls - Venezuelan Food","kind":"restaurant","at":[48.12777,11.59556],"osm_id":"node/1350575557","open_horizon":false,"views":"[{\"sightline_id\": \"sl_05e56817\", \"toward\": \"a\", \"distance_m\": 14.0}]","tags":"{\"opening_hours\": \"Mo-Th 11:00-14:00, Fr 16:00-21:00, Sa 12:00-21:00, Su 12:00-20:00, Mo-Th 17:00-21:00\"}","marker-color":"#1f78b4"}},
{"type":"Feature","geometry":{"type":"Point","coordinates":[11.48788,48.14085]},"properties":{"id":"poi_n13517909401","name":"Das Café am Rande der Stadt","kind":"cafe","at":[48.14085,11.48788],"osm_id":"node/13517909401","open_horizon":false,"views":"[{\"sightline_id\": \"sl_3354efaa\", \"toward\": \"a\", \"distance_m\": 12.0}, {\"sightline_id\": \"sl_3354efaa\", \"toward\": \"b\", \"distance_m\": 12.0}, {\"sightline_id\": \"sl_97fcf66e\", \"toward\": \"b\", \"distance_m\": 24.2}]","tags":"{\"opening_hours\": \"We-Mo 09:00-18:00\", \"outdoor_seating\": \"yes\", \"phone\": \"+49 89 58908830\", \"website\": \"https://dascafeamrandederstadt.de/\"}","marker-color":"#1f78b4"}},
{"type":"Feature","geometry":{"type":"Point","coordinates":[11.59887,48.13866]},"properties":{"id":"poi_n1353395834","name":"Huong Que","kind":"restaurant","at":[48.13866,11.59887],"osm_id":"node/1353395834","open_horizon":false,"views":"[{\"sightline_id\": \"sl_414c81bc\", \"toward\": \"a\", \"distance_m\": 19.0}, {\"sightline_id\": \"sl_414c81bc\", \"toward\": \"b\", \"distance_m\": 19.0}]","tags":"{\"cuisine\": \"vietnamese\", \"opening_hours\": \"Mo-Fr 11:00-14:30,17:00-21:45; Sa,Su,PH 17:00-21:45\", \"outdoor_seating\": \"yes\", \"phone\": \"+49 89 41074752\", \"website\": \"https://huongque.webador.de\"}","marker-color":"#1f78b4"}},
{"type":"Feature","geometry":{"type":"Point","coordinates":[11.53402,48.14991]},"properties":{"id":"poi_n13586280562","name":"Tikal Cafe Bisto","kind":"cafe","at":[48.14991,11.53402],"osm_id":"node/13586280562","open_horizon":false,"views":"[{\"sightline_id\": \"sl_ce3f5da5\", \"toward\": \"a\", \"distance_m\": 12.9}, {\"sightline_id\": \"sl_ce3f5da5\", \"toward\": \"b\", \"distance_m\": 12.9}, {\"sightline_id\": \"sl_6425cfed\", \"toward\": \"a\", \"distance_m\": 22.6}, {\"sightline_id\": \"sl_6425cfed\", \"toward\": \"b\", \"distance_m\": 22.6}]","tags":"{\"opening_hours\": \"Mo-Sa 07:30-20:00\", \"outdoor_seating\": \"yes\"}","marker-color":"#1f78b4"}},
{"type":"Feature","geometry":{"type":"Point","coordinates":[11.57186,48.13094]},"properties":{"id":"poi_n13591568411","name":"Nari Pizza Atelier","kind":"restaurant","at":[48.13094,11.57186],"osm_id":"node/13591568411","open_horizon":false,"views":"[{\"sightline_id\": \"sl_195c0dd2\", \"toward\": \"a\", \"distance_m\": 12.2}]","tags":"{\"cuisine\": \"pizza\", \"outdoor_seating\": \"no\"}","marker-color":"#1f78b4"}},
{"type":"Feature","geometry":{"type":"Point","coordinates":[11.6168,48.13098]},"properties":{"id":"poi_n1360843106","name":"Morgenland Baklawa House","kind":"cafe","at":[48.13098,11.6168],"osm_id":"node/1360843106","open_horizon":false,"views":"[{\"sightline_id\": \"sl_278b6e53\", \"toward\": \"a\", \"distance_m\": 12.2}, {\"sightline_id\": \"sl_278b6e53\", \"toward\": \"b\", \"distance_m\": 12.2}]","tags":"{\"cuisine\": \"coffee_shop\", \"opening_hours\": \"Mo-Sa 10:00-18:00; Su,PH off\", \"outdoor_seating\": \"yes\", \"phone\": \"+49 89 42036380\"}","marker-color":"#1f78b4"}},
{"type":"Feature","geometry":{"type":"Point","coordinates":[11.54855,48.11946]},"properties":{"id":"poi_n13638405713","name":"Karwan","kind":"restaurant","at":[48.11946,11.54855],"osm_id":"node/13638405713","open_horizon":false,"views":"[{\"sightline_id\": \"sl_2641f4e4\", \"toward\": \"a\", \"distance_m\": 9.0}, {\"sightline_id\": \"sl_c4d1a70a\", \"toward\": \"a\", \"distance_m\": 10.7}, {\"sightline_id\": \"sl_c4d1a70a\", \"toward\": \"b\", \"distance_m\": 10.7}]","tags":"{\"cuisine\": \"uyghurisch\", \"opening_hours\": \"Mo-Fr 11:30-21:30\", \"outdoor_seating\": \"yes\"}","marker-color":"#1f78b4"}},
{"type":"Feature","geometry":{"type":"Point","coordinates":[11.58526,48.15967]},"properties":{"id":"poi_n13649901228","name":"Slurp! Nudelbar","kind":"restaurant","at":[48.15967,11.58526],"osm_id":"node/13649901228","open_horizon":false,"views":"[{\"sightline_id\": \"sl_302cf079\", \"toward\": \"a\", \"distance_m\": 31.4}, {\"sightline_id\": \"sl_302cf079\", \"toward\": \"b\", \"distance_m\": 31.4}]","tags":"{\"cuisine\": \"chinese;noodle\", \"opening_hours\": \"Mo-Su 11:00-22:00; PH open\"}","marker-color":"#1f78b4"}},
{"type":"Feature","geometry":{"type":"Point","coordinates":[11.64313,48.12278]},"properties":{"id":"poi_n13649976076","name":"Gelatino Picolino","kind":"ice_cream","at":[48.12278,11.64313],"osm_id":"node/13649976076","open_horizon":false,"views":"[{\"sightline_id\": \"sl_0e85cefd\", \"toward\": \"a\", \"distance_m\": 14.1}, {\"sightline_id\": \"sl_407b72bc\", \"toward\": \"a\", \"distance_m\": 38.8}]","tags":"{}","marker-color":"#1f78b4"}},
{"type":"Feature","geometry":{"type":"Point","coordinates":[11.60205,48.14059]},"properties":{"id":"poi_n1365660236","name":"Käfer-Schänke","kind":"restaurant","at":[48.14059,11.60205],"osm_id":"node/1365660236","open_horizon":false,"views":"[{\"sightline_id\": \"sl_04c46e16\", \"toward\": \"a\", \"distance_m\": 22.9}, {\"sightline_id\": \"sl_04c46e16\", \"toward\": \"b\", \"distance_m\": 22.9}]","tags":"{\"cuisine\": \"international\", \"website\": \"https://www.feinkost-kaefer.de/pages/schaenke\"}","marker-color":"#1f78b4"}},
{"type":"Feature","geometry":{"type":"Point","coordinates":[11.60225,48.13553]},"properties":{"id":"poi_n13660723301","name":"Bar Chalratan","kind":"bar","at":[48.13553,11.60225],"osm_id":"node/13660723301","open_horizon":false,"views":"[{\"sightline_id\": \"sl_46da9b6b\", \"toward\": \"b\", \"distance_m\": 12.6}]","tags":"{\"opening_hours\": \"Tu-Th 18:00-13:00; Fr-Sa 18:00-02:00\"}","marker-color":"#1f78b4"}},
{"type":"Feature","geometry":{"type":"Point","coordinates":[11.58211,48.1456]},"properties":{"id":"poi_n13660723403","name":"Cafe Vinica","kind":"cafe","at":[48.1456,11.58211],"osm_id":"node/13660723403","open_horizon":false,"views":"[{\"sightline_id\": \"sl_7dadb81b\", \"toward\": \"a\", \"distance_m\": 37.0}]","tags":"{}","marker-color":"#1f78b4"}},
{"type":"Feature","geometry":{"type":"Point","coordinates":[11.62223,48.13015]},"properties":{"id":"poi_n13661915706","name":"Street Bar","kind":"bar","at":[48.13015,11.62223],"osm_id":"node/13661915706","open_horizon":false,"views":"[{\"sightline_id\": \"sl_278b6e53\", \"toward\": \"a\", \"distance_m\": 22.3}, {\"sightline_id\": \"sl_278b6e53\", \"toward\": \"b\", \"distance_m\": 22.3}]","tags":"{}","marker-color":"#1f78b4"}},
{"type":"Feature","geometry":{"type":"Point","coordinates":[11.57272,48.14884]},"properties":{"id":"poi_n13666287984","name":"Uni Brew","kind":"cafe","at":[48.14884,11.57272],"osm_id":"node/13666287984","open_horizon":false,"views":"[{\"sightline_id\": \"sl_6a30d50e\", \"toward\": \"a\", \"distance_m\": 10.0}, {\"sightline_id\": \"sl_6a30d50e\", \"toward\": \"b\", \"distance_m\": 10.0}]","tags":"{\"outdoor_seating\": \"yes\"}","marker-color":"#1f78b4"}},
{"type":"Feature","geometry":{"type":"Point","coordinates":[11.5758,48.12856]},"properties":{"id":"poi_n13694662814","name":"Lap","kind":"cafe","at":[48.12856,11.5758],"osm_id":"node/13694662814","open_horizon":false,"views":"[{\"sightline_id\": \"sl_609c344a\", \"toward\": \"b\", \"distance_m\": 28.3}, {\"sightline_id\": \"sl_195c0dd2\", \"toward\": \"b\", \"distance_m\": 31.1}]","tags":"{\"cuisine\": \"coffee_shop\", \"outdoor_seating\": \"yes\"}","marker-color":"#1f78b4"}},
{"type":"Feature","geometry":{"type":"Point","coordinates":[11.57167,48.13219]},"properties":{"id":"poi_n13695503729","name":"Herr Bartels","kind":"bar","at":[48.13219,11.57167],"osm_id":"node/13695503729","open_horizon":false,"views":"[{\"sightline_id\": \"sl_6838e0c2\", \"toward\": \"b\", \"distance_m\": 16.6}]","tags":"{\"outdoor_seating\": \"yes\"}","marker-color":"#1f78b4"}},
{"type":"Feature","geometry":{"type":"Point","coordinates":[11.56036,48.12876]},"properties":{"id":"poi_n13701746801","name":"Mucadi","kind":"restaurant","at":[48.12876,11.56036],"osm_id":"node/13701746801","open_horizon":false,"views":"[{\"sightline_id\": \"sl_0fe16542\", \"toward\": \"b\", \"distance_m\": 3.8}]","tags":"{\"opening_hours\": \"Mo-Th 16:00-23:30; Fr-Su 12:00-00:00\", \"website\": \"https://www.mucadi.de/\"}","marker-color":"#1f78b4"}},
{"type":"Feature","geometry":{"type":"Point","coordinates":[11.5868,48.14363]},"properties":{"id":"poi_n13705003401","name":"Twinfin","kind":"ice_cream","at":[48.14363,11.5868],"osm_id":"node/13705003401","open_horizon":false,"views":"[{\"sightline_id\": \"sl_5a3bf7bb\", \"toward\": \"a\", \"distance_m\": 22.2}, {\"sightline_id\": \"sl_5a3bf7bb\", \"toward\": \"b\", \"distance_m\": 22.2}]","tags":"{\"opening_hours\": \"12:00-20:00\"}","marker-color":"#1f78b4"}},
{"type":"Feature","geometry":{"type":"Point","coordinates":[11.57442,48.12905]},"properties":{"id":"poi_n13713980524","name":"Monokel","kind":"bar","at":[48.12905,11.57442],"osm_id":"node/13713980524","open_horizon":false,"views":"[{\"sightline_id\": \"sl_195c0dd2\", \"toward\": \"a\", \"distance_m\": 9.8}, {\"sightline_id\": \"sl_195c0dd2\", \"toward\": \"b\", \"distance_m\": 9.8}]","tags":"{}","marker-color":"#1f78b4"}},
{"type":"Feature","geometry":{"type":"Point","coordinates":[11.58038,48.13188]},"properties":{"id":"poi_n1373744252","name":"Kaen","kind":"restaurant","at":[48.13188,11.58038],"osm_id":"node/1373744252","open_horizon":false,"views":"[{\"sightline_id\": \"sl_609c344a\", \"toward\": \"a\", \"distance_m\": 31.7}, {\"sightline_id\": \"sl_609c344a\", \"toward\": \"b\", \"distance_m\": 31.7}]","tags":"{\"cuisine\": \"asian\", \"opening_hours\": \"Mo-Fr 11:30-15:00,17:30-23:00; Sa,Su,PH 17:00-23:00\", \"outdoor_seating\": \"no\"}","marker-color":"#1f78b4"}},
{"type":"Feature","geometry":{"type":"Point","coordinates":[11.586,48.16249]},"properties":{"id":"poi_n13743172884","name":"Macau Dim Sum Bar","kind":"restaurant","at":[48.16249,11.586],"osm_id":"node/13743172884","open_horizon":false,"views":"[{\"sightline_id\": \"sl_453c72bc\", \"toward\": \"a\", \"distance_m\": 27.8}, {\"sightline_id\": \"sl_453c72bc\", \"toward\": \"b\", \"distance_m\": 27.8}]","tags":"{\"cuisine\": \"asian\"}","marker-color":"#1f78b4"}},
{"type":"Feature","geometry":{"type":"Point","coordinates":[11.57417,48.15559]},"properties":{"id":"poi_n13767333658","name":"Yoisushi","kind":"restaurant","at":[48.15559,11.57417],"osm_id":"node/13767333658","open_horizon":false,"views":"[{\"sightline_id\": \"sl_f8e80ae8\", \"toward\": \"a\", \"distance_m\": 6.4}, {\"sightline_id\": \"sl_f8e80ae8\", \"toward\": \"b\", \"distance_m\": 6.4}, {\"sightline_id\": \"sl_fce6bfbb\", \"toward\": \"a\", \"distance_m\": 30.0}]","tags":"{\"cuisine\": \"sushi;vietnamese\", \"opening_hours\": \"Mo-Fr 11:30-14:30,17:30-22:30; Sa-Su,PH 17:00-22:30\", \"phone\": \"+49 89 45352238\", \"website\": \"https://www.yoisushi.de/\"}","marker-color":"#1f78b4"}},
{"type":"Feature","geometry":{"type":"Point","coordinates":[11.58487,48.15741]},"properties":{"id":"poi_n1377919563","name":"Jawz","kind":"restaurant","at":[48.15741,11.58487],"osm_id":"node/1377919563","open_horizon":false,"views":"[{\"sightline_id\": \"sl_302cf079\", \"toward\": \"a\", \"distance_m\": 15.5}, {\"sightline_id\": \"sl_302cf079\", \"toward\": \"b\", \"distance_m\": 15.5}]","tags":"{\"opening_hours\": \"Mo-Fr 10:00-21:00; Sa 11:00-21:00; Su 11:00-20:30\", \"outdoor_seating\": \"yes\"}","marker-color":"#1f78b4"}},
{"type":"Feature","geometry":{"type":"Point","coordinates":[11.58569,48.15505]},"properties":{"id":"poi_n1377922238","name":"Saha","kind":"restaurant","at":[48.15505,11.58569],"osm_id":"node/1377922238","open_horizon":false,"views":"[{\"sightline_id\": \"sl_7dadb81b\", \"toward\": \"b\", \"distance_m\": 7.0}]","tags":"{\"opening_hours\": \"Mo-Th 10:00-23:00; Fr 10:00-24:00\"}","marker-color":"#1f78b4"}},
{"type":"Feature","geometry":{"type":"Point","coordinates":[11.55437,48.15361]},"properties":{"id":"poi_n13794933872","name":"Pizza Time","kind":"restaurant","at":[48.15361,11.55437],"osm_id":"node/13794933872","open_horizon":false,"views":"[{\"sightline_id\": \"sl_4cac06f4\", \"toward\": \"a\", \"distance_m\": 2.7}, {\"sightline_id\": \"sl_4cac06f4\", \"toward\": \"b\", \"distance_m\": 2.7}]","tags":"{\"cuisine\": \"pizza\", \"phone\": \"+49 89 13957500\"}","marker-color":"#1f78b4"}},
{"type":"Feature","geometry":{"type":"Point","coordinates":[11.58545,48.15511]},"properties":{"id":"poi_n1380508629","name":"Libanon","kind":"restaurant","at":[48.15511,11.58545],"osm_id":"node/1380508629","open_horizon":false,"views":"[{\"sightline_id\": \"sl_7dadb81b\", \"toward\": \"b\", \"distance_m\": 11.9}]","tags":"{\"opening_hours\": \"Mo-Sa 08:00-20:00\"}","marker-color":"#1f78b4"}},
{"type":"Feature","geometry":{"type":"Point","coordinates":[11.51979,48.07199]},"properties":{"id":"poi_n1382537870","name":"Bäckerei Müller","kind":"cafe","at":[48.07199,11.51979],"osm_id":"node/1382537870","open_horizon":false,"views":"[{\"sightline_id\": \"sl_7aa49adc\", \"toward\": \"a\", \"distance_m\": 13.0}, {\"sightline_id\": \"sl_7aa49adc\", \"toward\": \"b\", \"distance_m\": 13.0}, {\"sightline_id\": \"sl_17d654c2\", \"toward\": \"b\", \"distance_m\": 34.4}]","tags":"{\"opening_hours\": \"Mo-Fr 06:30-19:00; Sa 06:30-13:00; Su 07:30-12:30\"}","marker-color":"#1f78b4"}},
{"type":"Feature","geometry":{"type":"Point","coordinates":[11.53536,48.14797]},"properties":{"id":"poi_n13827087643","name":"Jeev's Café","kind":"cafe","at":[48.14797,11.53536],"osm_id":"node/13827087643","open_horizon":false,"views":"[{\"sightline_id\": \"sl_34a6801e\", \"toward\": \"b\", \"distance_m\": 6.6}]","tags":"{\"cuisine\": \"coffee_shop;cookie;tea\", \"opening_hours\": \"We-Su 11:00-18:00\", \"website\": \"https://www.instagram.com/jeevs.cafe/\"}","marker-color":"#1f78b4"}},
{"type":"Feature","geometry":{"type":"Point","coordinates":[11.58561,48.15485]},"properties":{"id":"poi_n1383033804","name":"Arabesk","kind":"restaurant","at":[48.15485,11.58561],"osm_id":"node/1383033804","open_horizon":false,"views":"[{\"sightline_id\": \"sl_7dadb81b\", \"toward\": \"b\", \"distance_m\": 5.8}]","tags":"{\"cuisine\": \"lebanese\", \"opening_hours\": \"Mo-Fr 12:00-15:00, 18:00-01:00; Sa 18:00-03:00; Su 18:00-00:00\", \"website\": \"https://www.arabesk.de/\"}","marker-color":"#1f78b4"}},
{"type":"Feature","geometry":{"type":"Point","coordinates":[11.58541,48.15496]},"properties":{"id":"poi_n1383044774","name":"Thai Krung Si","kind":"restaurant","at":[48.15496,11.58541],"osm_id":"node/1383044774","open_horizon":false,"views":"[{\"sightline_id\": \"sl_7dadb81b\", \"toward\": \"b\", \"distance_m\": 11.6}]","tags":"{\"cuisine\": \"thai\", \"opening_hours\": \"Mo-Fr 11:30-15:00,18:00-23:00; Sa 18:00-23:00\"}","marker-color":"#1f78b4"}},
{"type":"Feature","geometry":{"type":"Point","coordinates":[11.58651,48.16082]},"properties":{"id":"poi_n1383106027","name":"I love Leo","kind":"cafe","at":[48.16082,11.58651],"osm_id":"node/1383106027","open_horizon":false,"views":"[{\"sightline_id\": \"sl_302cf079\", \"toward\": \"a\", \"distance_m\": 18.9}, {\"sightline_id\": \"sl_453c72bc\", \"toward\": \"b\", \"distance_m\": 27.5}]","tags":"{\"opening_hours\": \"Mo-Su 11:30-19:30\", \"outdoor_seating\": \"yes\", \"phone\": \"+49 89 38380193\"}","marker-color":"#1f78b4"}},
{"type":"Feature","geometry":{"type":"Point","coordinates":[11.47426,48.16476]},"properties":{"id":"poi_n13835119888","name":"Kallisti Kouzina","kind":"restaurant","at":[48.16476,11.47426],"osm_id":"node/13835119888","open_horizon":false,"views":"[{\"sightline_id\": \"sl_19b965b3\", \"toward\": \"a\", \"distance_m\": 29.9}, {\"sightline_id\": \"sl_19b965b3\", \"toward\": \"b\", \"distance_m\": 29.9}]","tags":"{\"cuisine\": \"greek\", \"opening_hours\": \"Mo-Sa 17:00-23:00; Su,PH 12:00-22:00\", \"phone\": \"+49 89 44478330\", \"website\": \"https://www.kallisti-kouzina.de/\"}","marker-color":"#1f78b4"}},
{"type":"Feature","geometry":{"type":"Point","coordinates":[11.58512,48.15426]},"properties":{"id":"poi_n1384676475","name":"Alte Galerie","kind":"bar","at":[48.15426,11.58512],"osm_id":"node/1384676475","open_horizon":false,"views":"[{\"sightline_id\": \"sl_7dadb81b\", \"toward\": \"b\", \"distance_m\": 16.0}]","tags":"{\"opening_hours\": \"Fr,Sa,PH-1 day 20:00+\"}","marker-color":"#1f78b4"}},
{"type":"Feature","geometry":{"type":"Point","coordinates":[11.56208,48.14803]},"properties":{"id":"poi_n13894131804","name":"Prächtig","kind":"cafe","at":[48.14803,11.56208],"osm_id":"node/13894131804","open_horizon":false,"views":"[{\"sightline_id\": \"sl_229e7580\", \"toward\": \"a\", \"distance_m\": 11.3}, {\"sightline_id\": \"sl_229e7580\", \"toward\": \"b\", \"distance_m\": 11.3}]","tags":"{}","marker-color":"#1f78b4"}},
{"type":"Feature","geometry":{"type":"Point","coordinates":[11.53486,48.21478]},"properties":{"id":"poi_n13928653040","name":"El Greco","kind":"restaurant","at":[48.21478,11.53486],"osm_id":"node/13928653040","open_horizon":false,"views":"[{\"sightline_id\": \"sl_6cadd798\", \"toward\": \"a\", \"distance_m\": 15.8}, {\"sightline_id\": \"sl_6cadd798\", \"toward\": \"b\", \"distance_m\": 15.8}, {\"sightline_id\": \"sl_30a53388\", \"toward\": \"a\", \"distance_m\": 31.5}]","tags":"{\"cuisine\": \"greek\", \"opening_hours\": \"Mo-Sa 11:00-15:00,17:00-01:00; Su 11:00-01:00\", \"outdoor_seating\": \"yes\"}","marker-color":"#1f78b4"}},
{"type":"Feature","geometry":{"type":"Point","coordinates":[11.5854,48.15494]},"properties":{"id":"poi_n13928674301","name":"Simba's Coffee & Juicery","kind":"cafe","at":[48.15494,11.5854],"osm_id":"node/13928674301","open_horizon":false,"views":"[{\"sightline_id\": \"sl_7dadb81b\", \"toward\": \"b\", \"distance_m\": 11.4}]","tags":"{\"cuisine\": \"breakfast;coffee_shop;tea\", \"opening_hours\": \"Tu-Su 08:00-17:00\", \"website\": \"https://www.simbasspecialtycoffee.de/\"}","marker-color":"#1f78b4"}},
{"type":"Feature","geometry":{"type":"Point","coordinates":[11.55251,48.14839]},"properties":{"id":"poi_n13929414101","name":"Tapparo","kind":"cafe","at":[48.14839,11.55251],"osm_id":"node/13929414101","open_horizon":false,"views":"[{\"sightline_id\": \"sl_ca87492e\", \"toward\": \"a\", \"distance_m\": 34.4}, {\"sightline_id\": \"sl_ca87492e\", \"toward\": \"b\", \"distance_m\": 34.4}, {\"sightline_id\": \"sl_92c4049f\", \"toward\": \"a\", \"distance_m\": 34.5}]","tags":"{\"opening_hours\": \"Mo-Sa 10:00-20:00\"}","marker-color":"#1f78b4"}},
{"type":"Feature","geometry":{"type":"Point","coordinates":[11.58554,48.16027]},"properties":{"id":"poi_n1396094605","name":"LEO 49 Bar & Restaurant","kind":"bar","at":[48.16027,11.58554],"osm_id":"node/1396094605","open_horizon":false,"views":"[{\"sightline_id\": \"sl_302cf079\", \"toward\": \"a\", \"distance_m\": 32.0}, {\"sightline_id\": \"sl_302cf079\", \"toward\": \"b\", \"distance_m\": 32.0}]","tags":"{\"opening_hours\": \"Mo-Su,PH 11:30-23:00+\", \"outdoor_seating\": \"yes\"}","marker-color":"#1f78b4"}},
{"type":"Feature","geometry":{"type":"Point","coordinates":[11.58451,48.15821]},"properties":{"id":"poi_n1396097882","name":"Orient Garden","kind":"bar","at":[48.15821,11.58451],"osm_id":"node/1396097882","open_horizon":false,"views":"[{\"sightline_id\": \"sl_302cf079\", \"toward\": \"a\", \"distance_m\": 36.6}, {\"sightline_id\": \"sl_302cf079\", \"toward\": \"b\", \"distance_m\": 36.6}]","tags":"{}","marker-color":"#1f78b4"}},
{"type":"Feature","geometry":{"type":"Point","coordinates":[11.58527,48.15831]},"properties":{"id":"poi_n1398766192","name":"BOU","kind":"cafe","at":[48.15831,11.58527],"osm_id":"node/1398766192","open_horizon":false,"views":"[{\"sightline_id\": \"sl_302cf079\", \"toward\": \"a\", \"distance_m\": 13.9}, {\"sightline_id\": \"sl_302cf079\", \"toward\": \"b\", \"distance_m\": 13.9}]","tags":"{\"outdoor_seating\": \"yes\"}","marker-color":"#1f78b4"}},
{"type":"Feature","geometry":{"type":"Point","coordinates":[11.58601,48.15995]},"properties":{"id":"poi_n1398784888","name":"ANAMESA","kind":"restaurant","at":[48.15995,11.58601],"osm_id":"node/1398784888","open_horizon":false,"views":"[{\"sightline_id\": \"sl_302cf079\", \"toward\": \"a\", \"distance_m\": 12.0}, {\"sightline_id\": \"sl_302cf079\", \"toward\": \"b\", \"distance_m\": 12.0}]","tags":"{\"opening_hours\": \"Mo-Su,PH 09:00-01:00\", \"outdoor_seating\": \"yes\", \"phone\": \"+49 89 2112 0404\", \"website\": \"https://thisisanamesa.com\"}","marker-color":"#1f78b4"}},
{"type":"Feature","geometry":{"type":"Point","coordinates":[11.58694,48.16199]},"properties":{"id":"poi_n1398818536","name":"FujiKaiten","kind":"restaurant","at":[48.16199,11.58694],"osm_id":"node/1398818536","open_horizon":false,"views":"[{\"sightline_id\": \"sl_302cf079\", \"toward\": \"a\", \"distance_m\": 39.6}]","tags":"{\"cuisine\": \"asian;japanese\", \"opening_hours\": \"Mo-We 11:30-15:00; Th-Su 11:30-16:30; 17:30-23:00\", \"outdoor_seating\": \"yes\", \"phone\": \"+49 89 38666766\", \"website\": \"https://fujikaiten-sushi.de/\"}","marker-color":"#1f78b4"}},
{"type":"Feature","geometry":{"type":"Point","coordinates":[11.56151,48.12671]},"properties":{"id":"poi_n1399018012","name":"Frau Vo","kind":"restaurant","at":[48.12671,11.56151],"osm_id":"node/1399018012","open_horizon":false,"views":"[{\"sightline_id\": \"sl_d7ed4de6\", \"toward\": \"a\", \"distance_m\": 13.0}]","tags":"{\"opening_hours\": \"Mo-Fr 11:30-20:00; Sa 12:00-20:00\"}","marker-color":"#1f78b4"}},
{"type":"Feature","geometry":{"type":"Point","coordinates":[11.51773,48.13886]},"properties":{"id":"poi_n13992523001","name":"VANA Asiamarkt und Café","kind":"cafe","at":[48.13886,11.51773],"osm_id":"node/13992523001","open_horizon":false,"views":"[{\"sightline_id\": \"sl_70c54dae\", \"toward\": \"a\", \"distance_m\": 10.4}]","tags":"{\"cuisine\": \"vietnamese\", \"website\": \"https://vanaasia.de/\"}","marker-color":"#1f78b4"}},
{"type":"Feature","geometry":{"type":"Point","coordinates":[11.58921,48.13531]},"properties":{"id":"poi_n14015824001","name":"Café Isarlust","kind":"cafe","at":[48.13531,11.58921],"osm_id":"node/14015824001","open_horizon":false,"views":"[{\"sightline_id\": \"sl_08f28c0f\", \"toward\": \"a\", \"distance_m\": 34.2}, {\"sightline_id\": \"sl_08f28c0f\", \"toward\": \"b\", \"distance_m\": 34.2}]","tags":"{\"opening_hours\": \"Tu-Su 10:00-18:00\", \"website\": \"https://www.alpenverein.de/museum/besuch/museumscafe-shop\"}","marker-color":"#1f78b4"}},
{"type":"Feature","geometry":{"type":"Point","coordinates":[11.61473,48.1966]},"properties":{"id":"poi_n14031938135","name":"Freimann","kind":"pub","at":[48.1966,11.61473],"osm_id":"node/14031938135","open_horizon":false,"views":"[{\"sightline_id\": \"sl_9ee8371b\", \"toward\": \"a\", \"distance_m\": 22.5}, {\"sightline_id\": \"sl_9ee8371b\", \"toward\": \"b\", \"distance_m\": 22.5}]","tags":"{\"outdoor_seating\": \"yes\"}","marker-color":"#1f78b4"}},
{"type":"Feature","geometry":{"type":"Point","coordinates":[11.57378,48.15457]},"properties":{"id":"poi_n1404517835","name":"Le Refuge","kind":"restaurant","at":[48.15457,11.57378],"osm_id":"node/1404517835","open_horizon":false,"views":"[{\"sightline_id\": \"sl_fce6bfbb\", \"toward\": \"a\", \"distance_m\": 11.0}, {\"sightline_id\": \"sl_f1c85e2a\", \"toward\": \"a\", \"distance_m\": 19.7}, {\"sightline_id\": \"sl_f1c85e2a\", \"toward\": \"b\", \"distance_m\": 19.7}]","tags":"{\"cuisine\": \"french\", \"opening_hours\": \"We-Su 18:00-01:00; Mo-Th Off\", \"outdoor_seating\": \"sidewalk\"}","marker-color":"#1f78b4"}},
{"type":"Feature","geometry":{"type":"Point","coordinates":[11.40961,48.14109]},"properties":{"id":"poi_n14049638301","name":"Annam","kind":"restaurant","at":[48.14109,11.40961],"osm_id":"node/14049638301","open_horizon":false,"views":"[{\"sightline_id\": \"sl_5ca808b8\", \"toward\": \"a\", \"distance_m\": 30.7}, {\"sightline_id\": \"sl_5ca808b8\", \"toward\": \"b\", \"distance_m\": 30.7}]","tags":"{\"cuisine\": \"vietnamese\", \"outdoor_seating\": \"yes\", \"phone\": \"+49 89 96977076\", \"website\": \"https://www.annambowl.com/\"}","marker-color":"#1f78b4"}},
{"type":"Feature","geometry":{"type":"Point","coordinates":[11.57629,48.15486]},"properties":{"id":"poi_n1406082742","name":"Th-Café","kind":"cafe","at":[48.15486,11.57629],"osm_id":"node/1406082742","open_horizon":false,"views":"[{\"sightline_id\": \"sl_8e8aca80\", \"toward\": \"a\", \"distance_m\": 9.2}, {\"sightline_id\": \"sl_8e8aca80\", \"toward\": \"b\", \"distance_m\": 9.2}, {\"sightline_id\": \"sl_f8e80ae8\", \"toward\": \"b\", \"distance_m\": 22.4}]","tags":"{\"opening_hours\": \"Mo-Sa 09:00-20:00\", \"outdoor_seating\": \"yes\"}","marker-color":"#1f78b4"}},
{"type":"Feature","geometry":{"type":"Point","coordinates":[11.57608,48.15492]},"properties":{"id":"poi_n1406084149","name":"Amistad","kind":"restaurant","at":[48.15492,11.57608],"osm_id":"node/1406084149","open_horizon":false,"views":"[{\"sightline_id\": \"sl_8e8aca80\", \"toward\": \"a\", \"distance_m\": 6.1}, {\"sightline_id\": \"sl_8e8aca80\", \"toward\": \"b\", \"distance_m\": 6.1}, {\"sightline_id\": \"sl_f8e80ae8\", \"toward\": \"b\", \"distance_m\": 11.8}]","tags":"{\"cuisine\": \"spanish\", \"opening_hours\": \"Su,Mo 18:00-23:00, Tu-Th 18:00-24:00, Fr,Sa 18:00-01:00\", \"outdoor_seating\": \"yes\"}","marker-color":"#1f78b4"}},
{"type":"Feature","geometry":{"type":"Point","coordinates":[11.57522,48.15501]},"properties":{"id":"poi_n1406092552","name":"Lora","kind":"ice_cream","at":[48.15501,11.57522],"osm_id":"node/1406092552","open_horizon":false,"views":"[{\"sightline_id\": \"sl_8f7da990\", \"toward\": \"a\", \"distance_m\": 18.7}, {\"sightline_id\": \"sl_8f7da990\", \"toward\": \"b\", \"distance_m\": 18.7}, {\"sightline_id\": \"sl_f8e80ae8\", \"toward\": \"b\", \"distance_m\": 25.1}]","tags":"{\"opening_hours\": \"\\\"noch nicht geöffnet, wird eingerichtet. Stand: 2016-07-21\\\"\"}","marker-color":"#1f78b4"}},
{"type":"Feature","geometry":{"type":"Point","coordinates":[11.57549,48.15529]},"properties":{"id":"poi_n1406092553","name":"Pomp","kind":"bar","at":[48.15529,11.57549],"osm_id":"node/1406092553","open_horizon":false,"views":"[{\"sightline_id\": \"sl_8f7da990\", \"toward\": \"a\", \"distance_m\": 4.6}, {\"sightline_id\": \"sl_8f7da990\", \"toward\": \"b\", \"distance_m\": 4.6}, {\"sightline_id\": \"sl_f8e80ae8\", \"toward\": \"b\", \"distance_m\": 11.2}]","tags":"{\"opening_hours\": \"Th-Sa 20:30-04:30\", \"outdoor_seating\": \"no\"}","marker-color":"#1f78b4"}},
{"type":"Feature","geometry":{"type":"Point","coordinates":[11.57084,48.15634]},"properties":{"id":"poi_n1406105964","name":"Nguyen","kind":"restaurant","at":[48.15634,11.57084],"osm_id":"node/1406105964","open_horizon":false,"views":"[{\"sightline_id\": \"sl_f8e80ae8\", \"toward\": \"a\", \"distance_m\": 6.6}, {\"sightline_id\": \"sl_8d8d5983\", \"toward\": \"a\", \"distance_m\": 15.6}, {\"sightline_id\": \"sl_8d8d5983\", \"toward\": \"b\", \"distance_m\": 15.6}]","tags":"{\"cuisine\": \"vietnamese\", \"opening_hours\": \"Su-Fr 12:00-15:00, 17:30-22:30; Sa 17:30-22:30\", \"outdoor_seating\": \"yes\"}","marker-color":"#1f78b4"}},
{"type":"Feature","geometry":{"type":"Point","coordinates":[11.5742,48.14735]},"properties":{"id":"poi_n14061802227","name":"Fluffy Fuwa Japanese Pancake & Café","kind":"cafe","at":[48.14735,11.5742],"osm_id":"node/14061802227","open_horizon":false,"views":"[{\"sightline_id\": \"sl_b3216b45\", \"toward\": \"a\", \"distance_m\": 15.6}]","tags":"{\"outdoor_seating\": \"no\"}","marker-color":"#1f78b4"}},
{"type":"Feature","geometry":{"type":"Point","coordinates":[11.60291,48.18705]},"properties":{"id":"poi_n14070866472","name":"Marina Monaco","kind":"bar","at":[48.18705,11.60291],"osm_id":"node/14070866472","open_horizon":false,"views":"[{\"sightline_id\": \"sl_880f9d40\", \"toward\": \"a\", \"distance_m\": 21.3}, {\"sightline_id\": \"sl_880f9d40\", \"toward\": \"b\", \"distance_m\": 21.3}]","tags":"{\"opening_hours\": \"We-Th 16:00-22:00; Fr 16:00-24:00; Sa 15:00-24:00; Su 15:00-22:00\", \"outdoor_seating\": \"yes\", \"website\": \"https://www.marinamonaco.de/\"}","marker-color":"#1f78b4"}},
{"type":"Feature","geometry":{"type":"Point","coordinates":[11.58491,48.15383]},"properties":{"id":"poi_n1407213133","name":"Coffee Break","kind":"cafe","at":[48.15383,11.58491],"osm_id":"node/1407213133","open_horizon":false,"views":"[{\"sightline_id\": \"sl_7dadb81b\", \"toward\": \"a\", \"distance_m\": 21.3}, {\"sightline_id\": \"sl_7dadb81b\", \"toward\": \"b\", \"distance_m\": 21.3}]","tags":"{\"opening_hours\": \"Mo-Fr 08:00-18:00; Sa 08:00-14:00\", \"outdoor_seating\": \"yes\"}","marker-color":"#1f78b4"}},
{"type":"Feature","geometry":{"type":"Point","coordinates":[11.5585,48.13718]},"properties":{"id":"poi_n14085294003","name":"Daily Coffee","kind":"cafe","at":[48.13718,11.5585],"osm_id":"node/14085294003","open_horizon":false,"views":"[{\"sightline_id\": \"sl_20f86686\", \"toward\": \"a\", \"distance_m\": 7.7}, {\"sightline_id\": \"sl_20f86686\", \"toward\": \"b\", \"distance_m\": 7.7}, {\"sightline_id\": \"sl_d3d5ebce\", \"toward\": \"a\", \"distance_m\": 37.0}, {\"sightline_id\": \"sl_d3d5ebce\", \"toward\": \"b\", \"distance_m\": 37.0}]","tags":"{\"opening_hours\": \"Mo-Fr 07:00-18:00; Sa 07:00-21:00; Su 07:00-20:00\"}","marker-color":"#1f78b4"}},
{"type":"Feature","geometry":{"type":"Point","coordinates":[11.58558,48.17182]},"properties":{"id":"poi_n1417060861","name":"Good","kind":"cafe","at":[48.17182,11.58558],"osm_id":"node/1417060861","open_horizon":false,"views":"[{\"sightline_id\": \"sl_1cf54481\", \"toward\": \"a\", \"distance_m\": 28.2}, {\"sightline_id\": \"sl_1cf54481\", \"toward\": \"b\", \"distance_m\": 28.2}]","tags":"{\"opening_hours\": \"We-Fr 08:00-16:00; Sa-Su 09:00-17:00\", \"outdoor_seating\": \"yes\", \"phone\": \"+49 89 24598981\", \"website\": \"https://cafe-good.de/\"}","marker-color":"#1f78b4"}},
{"type":"Feature","geometry":{"type":"Point","coordinates":[11.46152,48.14647]},"properties":{"id":"poi_n1425553466","name":"Il Cappo","kind":"restaurant","at":[48.14647,11.46152],"osm_id":"node/1425553466","open_horizon":false,"views":"[{\"sightline_id\": \"sl_9466a8e6\", \"toward\": \"b\", \"distance_m\": 23.8}]","tags":"{\"cuisine\": \"pizza\", \"outdoor_seating\": \"yes\", \"phone\": \"+49 89 8204556\", \"website\": \"https://il-cappo.eatbu.com/\"}","marker-color":"#1f78b4"}},
{"type":"Feature","geometry":{"type":"Point","coordinates":[11.57945,48.15205]},"properties":{"id":"poi_n1431066135","name":"Bar Tapas","kind":"restaurant","at":[48.15205,11.57945],"osm_id":"node/1431066135","open_horizon":false,"views":"[{\"sightline_id\": \"sl_1932a3df\", \"toward\": \"b\", \"distance_m\": 9.6}, {\"sightline_id\": \"sl_950d235f\", \"toward\": \"a\", \"distance_m\": 9.9}, {\"sightline_id\": \"sl_950d235f\", \"toward\": \"b\", \"distance_m\": 9.9}]","tags":"{\"cuisine\": \"spanish;tapas\", \"opening_hours\": \"Mo-Su 17:00+; Su-Th 17:00-23:00 \\\"Küche\\\"; Fr-Sa 17:00-24:00 \\\"Küche\\\"\", \"outdoor_seating\": \"parklet\", \"phone\": \"+49 89 390919\", \"website\": \"https://www.bar-tapas.com/\"}","marker-color":"#1f78b4"}},
{"type":"Feature","geometry":{"type":"Point","coordinates":[11.61224,48.11615]},"properties":{"id":"poi_n1444923171","name":"Jackie Chan","kind":"restaurant","at":[48.11615,11.61224],"osm_id":"node/1444923171","open_horizon":false,"views":"[{\"sightline_id\": \"sl_dafaf1f5\", \"toward\": \"a\", \"distance_m\": 33.1}]","tags":"{\"cuisine\": \"chinese\", \"opening_hours\": \"Mo-Su 11:30-14:30, 17:30-23:00\", \"outdoor_seating\": \"yes\"}","marker-color":"#1f78b4"}},
{"type":"Feature","geometry":{"type":"Point","coordinates":[11.64859,48.13957]},"properties":{"id":"poi_n1448159484","name":null,"kind":"biergarten","at":[48.13957,11.64859],"osm_id":"node/1448159484","open_horizon":false,"views":"[{\"sightline_id\": \"sl_cf8a1c15\", \"toward\": \"b\", \"distance_m\": 28.9}]","tags":"{}","marker-color":"#1f78b4"}},
{"type":"Feature","geometry":{"type":"Point","coordinates":[11.56324,48.18329]},"properties":{"id":"poi_n1460203255","name":"Nur einmal Leben","kind":"restaurant","at":[48.18329,11.56324],"osm_id":"node/1460203255","open_horizon":false,"views":"[{\"sightline_id\": \"sl_6445c73a\", \"toward\": \"b\", \"distance_m\": 19.2}]","tags":"{\"cuisine\": \"greek\", \"opening_hours\": \"Mo-Su 16:00+\", \"phone\": \"+49 89 35396563\", \"website\": \"https://www.nureinmalleben.de/\"}","marker-color":"#1f78b4"}},
{"type":"Feature","geometry":{"type":"Point","coordinates":[11.52984,48.13782]},"properties":{"id":"poi_n1469587095","name":"CoTam","kind":"restaurant","at":[48.13782,11.52984],"osm_id":"node/1469587095","open_horizon":false,"views":"[{\"sightline_id\": \"sl_02a3fdd9\", \"toward\": \"a\", \"distance_m\": 14.6}]","tags":"{\"cuisine\": \"asian;vietnamese\", \"opening_hours\": \"Mo-Fr 11:30-14:30,17:00-22:00; Sa-Su 17:00-22:00\", \"outdoor_seating\": \"yes\", \"phone\": \"+49 89 50077062\"}","marker-color":"#1f78b4"}},
{"type":"Feature","geometry":{"type":"Point","coordinates":[11.58352,48.14893]},"properties":{"id":"poi_n1475563028","name":"Rila","kind":"restaurant","at":[48.14893,11.58352],"osm_id":"node/1475563028","open_horizon":false,"views":"[{\"sightline_id\": \"sl_7dadb81b\", \"toward\": \"a\", \"distance_m\": 9.6}, {\"sightline_id\": \"sl_7dadb81b\", \"toward\": \"b\", \"distance_m\": 9.6}]","tags":"{\"cuisine\": \"bulgarian\", \"opening_hours\": \"Su-Th 11:00-01:00, Fr-Sa 11:00-03:00\", \"outdoor_seating\": \"yes\"}","marker-color":"#1f78b4"}},
{"type":"Feature","geometry":{"type":"Point","coordinates":[11.60139,48.11654]},"properties":{"id":"poi_n1479398833","name":"Indian Sun","kind":"restaurant","at":[48.11654,11.60139],"osm_id":"node/1479398833","open_horizon":false,"views":"[{\"sightline_id\": \"sl_7f41d7bf\", \"toward\": \"b\", \"distance_m\": 21.4}]","tags":"{\"cuisine\": \"indian\", \"opening_hours\": \"Mo-Fr 11:30-15:00,17:30-21:00\", \"outdoor_seating\": \"yes\", \"phone\": \"+49 89 49026627\", \"website\": \"https://www.indian-sun.com/\"}","marker-color":"#1f78b4"}},
{"type":"Feature","geometry":{"type":"Point","coordinates":[11.67381,48.12633]},"properties":{"id":"poi_n1480154516","name":"La Dolce Vita","kind":"restaurant","at":[48.12633,11.67381],"osm_id":"node/1480154516","open_horizon":false,"views":"[{\"sightline_id\": \"sl_d0cacc2e\", \"toward\": \"a\", \"distance_m\": 12.7}]","tags":"{\"cuisine\": \"italian\", \"opening_hours\": \"Mo-Sa 11:30-14:30, 17:30-22:30; Su 11:30-22:00\", \"outdoor_seating\": \"no\", \"phone\": \"+49 89 43577964\"}","marker-color":"#1f78b4"}},
{"type":"Feature","geometry":{"type":"Point","coordinates":[11.56231,48.15688]},"properties":{"id":"poi_n1481072992","name":"Chaska-1","kind":"restaurant","at":[48.15688,11.56231],"osm_id":"node/1481072992","open_horizon":false,"views":"[{\"sightline_id\": \"sl_d1452881\", \"toward\": \"a\", \"distance_m\": 20.0}, {\"sightline_id\": \"sl_d1452881\", \"toward\": \"b\", \"distance_m\": 20.0}]","tags":"{}","marker-color":"#1f78b4"}},
{"type":"Feature","geometry":{"type":"Point","coordinates":[11.56253,48.1574]},"properties":{"id":"poi_n1481084485","name":"Amuri","kind":"cafe","at":[48.1574,11.56253],"osm_id":"node/1481084485","open_horizon":false,"views":"[{\"sightline_id\": \"sl_d1452881\", \"toward\": \"a\", \"distance_m\": 23.5}, {\"sightline_id\": \"sl_d1452881\", \"toward\": \"b\", \"distance_m\": 23.5}]","tags":"{\"opening_hours\": \"Tu-Th 11:30-14:30,17:00-22:00; Fr 11:30-14:30,17:00-23:00; Sa 12:00-23:00; Su,PH 12:00-22:00\", \"phone\": \"+49 89 41117219\"}","marker-color":"#1f78b4"}},
{"type":"Feature","geometry":{"type":"Point","coordinates":[11.57384,48.2005]},"properties":{"id":"poi_n1489531607","name":"Ziegelhaus","kind":"restaurant","at":[48.2005,11.57384],"osm_id":"node/1489531607","open_horizon":false,"views":"[{\"sightline_id\": \"sl_25dc86fd\", \"toward\": \"b\", \"distance_m\": 28.0}]","tags":"{\"cuisine\": \"mexican\", \"opening_hours\": \"Mo-Fr 11:00+; Sa,Su,PH 16:00+\", \"outdoor_seating\": \"yes\", \"phone\": \"+49 89 316 57 51\"}","marker-color":"#1f78b4"}},
{"type":"Feature","geometry":{"type":"Point","coordinates":[11.57576,48.15518]},"properties":{"id":"poi_n1502803084","name":"Tawuus","kind":"restaurant","at":[48.15518,11.57576],"osm_id":"node/1502803084","open_horizon":false,"views":"[{\"sightline_id\": \"sl_f8e80ae8\", \"toward\": \"b\", \"distance_m\": 6.3}, {\"sightline_id\": \"sl_8f7da990\", \"toward\": \"a\", \"distance_m\": 23.4}, {\"sightline_id\": \"sl_8f7da990\", \"toward\": \"b\", \"distance_m\": 23.4}, {\"sightline_id\": \"sl_8e8aca80\", \"toward\": \"a\", \"distance_m\": 25.8}, {\"sightline_id\": \"sl_8e8aca80\", \"toward\": \"b\", \"distance_m\": 25.8}]","tags":"{\"cuisine\": \"persian\", \"outdoor_seating\": \"yes\"}","marker-color":"#1f78b4"}},
{"type":"Feature","geometry":{"type":"Point","coordinates":[11.58428,48.18464]},"properties":{"id":"poi_n1506604283","name":"Internet Cafe, Call Shop","kind":"cafe","at":[48.18464,11.58428],"osm_id":"node/1506604283","open_horizon":false,"views":"[{\"sightline_id\": \"sl_07c33763\", \"toward\": \"b\", \"distance_m\": 31.9}]","tags":"{\"opening_hours\": \"Mo-Su 10:30-22:00\"}","marker-color":"#1f78b4"}},
{"type":"Feature","geometry":{"type":"Point","coordinates":[11.58427,48.18489]},"properties":{"id":"poi_n1506604285","name":"Pizza Al Forno","kind":"restaurant","at":[48.18489,11.58427],"osm_id":"node/1506604285","open_horizon":false,"views":"[{\"sightline_id\": \"sl_07c33763\", \"toward\": \"b\", \"distance_m\": 31.9}]","tags":"{\"cuisine\": \"pizza\", \"opening_hours\": \"Mo-Fr 11:00-14:00,17:00-22:15; Sa 16:00-22:15; Su,PH 12:00-22:15\", \"phone\": \"+49 89 351 00 17\", \"website\": \"http://www.pizza-alforno.de/\"}","marker-color":"#1f78b4"}},
{"type":"Feature","geometry":{"type":"Point","coordinates":[11.59847,48.17479]},"properties":{"id":"poi_n1508791060","name":"Eisenrieder","kind":"cafe","at":[48.17479,11.59847],"osm_id":"node/1508791060","open_horizon":false,"views":"[{\"sightline_id\": \"sl_b0b201f2\", \"toward\": \"a\", \"distance_m\": 32.4}, {\"sightline_id\": \"sl_b0b201f2\", \"toward\": \"b\", \"distance_m\": 32.4}]","tags":"{\"opening_hours\": \"Mo-Su 09:00-17:00\"}","marker-color":"#1f78b4"}},
{"type":"Feature","geometry":{"type":"Point","coordinates":[11.59996,48.17704]},"properties":{"id":"poi_n1508797155","name":"NICE","kind":"ice_cream","at":[48.17704,11.59996],"osm_id":"node/1508797155","open_horizon":false,"views":"[{\"sightline_id\": \"sl_c9df10db\", \"toward\": \"a\", \"distance_m\": 9.9}]","tags":"{\"cuisine\": \"ice_cream;coffee_shop\"}","marker-color":"#1f78b4"}},
{"type":"Feature","geometry":{"type":"Point","coordinates":[11.57694,48.12908]},"properties":{"id":"poi_n1514847459","name":"unhaltbar","kind":"bar","at":[48.12908,11.57694],"osm_id":"node/1514847459","open_horizon":false,"views":"[{\"sightline_id\": \"sl_609c344a\", \"toward\": \"b\", \"distance_m\": 7.2}]","tags":"{}","marker-color":"#1f78b4"}},
{"type":"Feature","geometry":{"type":"Point","coordinates":[11.57557,48.12818]},"properties":{"id":"poi_n1516063026","name":"Hungriges Herz","kind":"restaurant","at":[48.12818,11.57557],"osm_id":"node/1516063026","open_horizon":false,"views":"[{\"sightline_id\": \"sl_195c0dd2\", \"toward\": \"b\", \"distance_m\": 10.2}, {\"sightline_id\": \"sl_609c344a\", \"toward\": \"b\", \"distance_m\": 24.7}]","tags":"{\"cuisine\": \"international\", \"opening_hours\": \"Tu-Su 09:00-22:00\", \"outdoor_seating\": \"yes\"}","marker-color":"#1f78b4"}},
{"type":"Feature","geometry":{"type":"Point","coordinates":[11.5034,48.1376]},"properties":{"id":"poi_n1528176009","name":"Hendl Glück","kind":"restaurant","at":[48.1376,11.5034],"osm_id":"node/1528176009","open_horizon":false,"views":"[{\"sightline_id\": \"sl_639a8dd7\", \"toward\": \"a\", \"distance_m\": 19.9}, {\"sightline_id\": \"sl_e4608dbb\", \"toward\": \"a\", \"distance_m\": 36.9}, {\"sightline_id\": \"sl_e4608dbb\", \"toward\": \"b\", \"distance_m\": 36.9}]","tags":"{\"cuisine\": \"chicken\", \"opening_hours\": \"Mo-Su 11:00-21:30\", \"outdoor_seating\": \"yes\", \"phone\": \"+49 89 567989\", \"website\": \"https://hendlglueck.de/#locations\"}","marker-color":"#1f78b4"}},
{"type":"Feature","geometry":{"type":"Point","coordinates":[11.58664,48.16563]},"properties":{"id":"poi_n1542628668","name":"Italy","kind":"restaurant","at":[48.16563,11.58664],"osm_id":"node/1542628668","open_horizon":false,"views":"[{\"sightline_id\": \"sl_1cf54481\", \"toward\": \"b\", \"distance_m\": 12.7}]","tags":"{\"cuisine\": \"italian\", \"opening_hours\": \"Mo-Su 11:30-24:00; Dec 24,Dec 25,Dec 31: off\", \"outdoor_seating\": \"yes\", \"phone\": \"+49 89 346403\", \"website\": \"https://restaurant-italy.de/\"}","marker-color":"#1f78b4"}},
{"type":"Feature","geometry":{"type":"Point","coordinates":[11.58044,48.1321]},"properties":{"id":"poi_n1547560819","name":"Königsquelle","kind":"restaurant","at":[48.1321,11.58044],"osm_id":"node/1547560819","open_horizon":false,"views":"[{\"sightline_id\": \"sl_609c344a\", \"toward\": \"a\", \"distance_m\": 20.6}, {\"sightline_id\": \"sl_609c344a\", \"toward\": \"b\", \"distance_m\": 20.6}]","tags":"{\"opening_hours\": \"Tu-Sa 18:00-24:00; Su,Mo off\"}","marker-color":"#1f78b4"}},
{"type":"Feature","geometry":{"type":"Point","coordinates":[11.56524,48.15227]},"properties":{"id":"poi_n1567305474","name":"Shiva","kind":"restaurant","at":[48.15227,11.56524],"osm_id":"node/1567305474","open_horizon":false,"views":"[{\"sightline_id\": \"sl_ea614def\", \"toward\": \"a\", \"distance_m\": 8.3}, {\"sightline_id\": \"sl_ea614def\", \"toward\": \"b\", \"distance_m\": 8.3}, {\"sightline_id\": \"sl_229e7580\", \"toward\": \"a\", \"distance_m\": 17.1}, {\"sightline_id\": \"sl_229e7580\", \"toward\": \"b\", \"distance_m\": 17.1}]","tags":"{\"cuisine\": \"indian\", \"opening_hours\": \"Su-Fr,PH 11:30-15:00, Mo-Su,PH 17:30-23:00\", \"outdoor_seating\": \"yes\"}","marker-color":"#1f78b4"}},
{"type":"Feature","geometry":{"type":"Point","coordinates":[11.56394,48.15131]},"properties":{"id":"poi_n1567305480","name":"Kupferglocke","kind":"restaurant","at":[48.15131,11.56394],"osm_id":"node/1567305480","open_horizon":false,"views":"[{\"sightline_id\": \"sl_6a30d50e\", \"toward\": \"a\", \"distance_m\": 11.5}, {\"sightline_id\": \"sl_6a30d50e\", \"toward\": \"b\", \"distance_m\": 11.5}, {\"sightline_id\": \"sl_229e7580\", \"toward\": \"a\", \"distance_m\": 29.3}, {\"sightline_id\": \"sl_229e7580\", \"toward\": \"b\", \"distance_m\": 29.3}]","tags":"{\"opening_hours\": \"Mo-Fr 09:00-22:00, Sa 13:00-22:00\", \"outdoor_seating\": \"yes\"}","marker-color":"#1f78b4"}},
{"type":"Feature","geometry":{"type":"Point","coordinates":[11.5655,48.15063]},"properties":{"id":"poi_n1567305489","name":"Nasca","kind":"restaurant","at":[48.15063,11.5655],"osm_id":"node/1567305489","open_horizon":false,"views":"[{\"sightline_id\": \"sl_6a30d50e\", \"toward\": \"a\", \"distance_m\": 14.3}, {\"sightline_id\": \"sl_6a30d50e\", \"toward\": \"b\", \"distance_m\": 14.3}]","tags":"{\"cuisine\": \"peruvian\", \"opening_hours\": \"Tu-Th 17:00-23:00; Fr,Sa 17:00-24:00; Su 13:00-22:00\", \"phone\": \"+49 89 52310594\", \"website\": \"https://nasca-restaurant.com/\"}","marker-color":"#1f78b4"}},
{"type":"Feature","geometry":{"type":"Point","coordinates":[11.56422,48.15143]},"properties":{"id":"poi_n1567305501","name":"Ostwind","kind":"restaurant","at":[48.15143,11.56422],"osm_id":"node/1567305501","open_horizon":false,"views":"[{\"sightline_id\": \"sl_229e7580\", \"toward\": \"a\", \"distance_m\": 15.5}, {\"sightline_id\": \"sl_229e7580\", \"toward\": \"b\", \"distance_m\": 15.5}, {\"sightline_id\": \"sl_6a30d50e\", \"toward\": \"a\", \"distance_m\": 32.0}, {\"sightline_id\": \"sl_6a30d50e\", \"toward\": \"b\", \"distance_m\": 32.0}]","tags":"{}","marker-color":"#1f78b4"}},
{"type":"Feature","geometry":{"type":"Point","coordinates":[11.56346,48.15124]},"properties":{"id":"poi_n1567305574","name":"Pizzamore da Giovanni","kind":"restaurant","at":[48.15124,11.56346],"osm_id":"node/1567305574","open_horizon":false,"views":"[{\"sightline_id\": \"sl_6a30d50e\", \"toward\": \"a\", \"distance_m\": 10.0}, {\"sightline_id\": \"sl_6a30d50e\", \"toward\": \"b\", \"distance_m\": 10.0}]","tags":"{\"cuisine\": \"pizza\", \"outdoor_seating\": \"yes\"}","marker-color":"#1f78b4"}},
{"type":"Feature","geometry":{"type":"Point","coordinates":[11.56618,48.14973]},"properties":{"id":"poi_n1567316487","name":"Luise","kind":"restaurant","at":[48.14973,11.56618],"osm_id":"node/1567316487","open_horizon":false,"views":"[{\"sightline_id\": \"sl_9752a41c\", \"toward\": \"a\", \"distance_m\": 13.5}, {\"sightline_id\": \"sl_9752a41c\", \"toward\": \"b\", \"distance_m\": 13.5}]","tags":"{\"cuisine\": \"italian\", \"opening_hours\": \"Mo-Th 11:30-15:00\", \"outdoor_seating\": \"no\"}","marker-color":"#1f78b4"}},
{"type":"Feature","geometry":{"type":"Point","coordinates":[11.56655,48.15036]},"properties":{"id":"poi_n1567316525","name":"Tenmaya","kind":"restaurant","at":[48.15036,11.56655],"osm_id":"node/1567316525","open_horizon":false,"views":"[{\"sightline_id\": \"sl_6a30d50e\", \"toward\": \"a\", \"distance_m\": 11.8}, {\"sightline_id\": \"sl_6a30d50e\", \"toward\": \"b\", \"distance_m\": 11.8}, {\"sightline_id\": \"sl_9752a41c\", \"toward\": \"a\", \"distance_m\": 15.6}, {\"sightline_id\": \"sl_9752a41c\", \"toward\": \"b\", \"distance_m\": 15.6}]","tags":"{\"cuisine\": \"japanese;sushi\", \"opening_hours\": \"Mo off; Tu-Su 11:30-14:30,17:30-22:30\", \"outdoor_seating\": \"yes\"}","marker-color":"#1f78b4"}},
{"type":"Feature","geometry":{"type":"Point","coordinates":[11.56297,48.14888]},"properties":{"id":"poi_n1567316538","name":"Florentine","kind":"restaurant","at":[48.14888,11.56297],"osm_id":"node/1567316538","open_horizon":false,"views":"[{\"sightline_id\": \"sl_c6924d7e\", \"toward\": \"a\", \"distance_m\": 11.7}, {\"sightline_id\": \"sl_c6924d7e\", \"toward\": \"b\", \"distance_m\": 11.7}, {\"sightline_id\": \"sl_229e7580\", \"toward\": \"a\", \"distance_m\": 12.2}, {\"sightline_id\": \"sl_229e7580\", \"toward\": \"b\", \"distance_m\": 12.2}]","tags":"{\"opening_hours\": \"Tu-Su 09:30-23:00\"}","marker-color":"#1f78b4"}},
{"type":"Feature","geometry":{"type":"Point","coordinates":[11.5657,48.14898]},"properties":{"id":"poi_n1567316542","name":"Stehcafe an der TU","kind":"cafe","at":[48.14898,11.5657],"osm_id":"node/1567316542","open_horizon":false,"views":"[{\"sightline_id\": \"sl_9752a41c\", \"toward\": \"a\", \"distance_m\": 12.9}, {\"sightline_id\": \"sl_9752a41c\", \"toward\": \"b\", \"distance_m\": 12.9}]","tags":"{\"cuisine\": \"sandwich;coffee_shop\", \"opening_hours\": \"Mo-Th 06:00-19:00; Fr 06:00-18:00; PH,Sa,Su 07:00-16:00\", \"outdoor_seating\": \"yes\"}","marker-color":"#1f78b4"}},
{"type":"Feature","geometry":{"type":"Point","coordinates":[11.56552,48.15343]},"properties":{"id":"poi_n1573738305","name":"Hanoi Bistro","kind":"restaurant","at":[48.15343,11.56552],"osm_id":"node/1573738305","open_horizon":false,"views":"[{\"sightline_id\": \"sl_229e7580\", \"toward\": \"a\", \"distance_m\": 14.8}, {\"sightline_id\": \"sl_229e7580\", \"toward\": \"b\", \"distance_m\": 14.8}, {\"sightline_id\": \"sl_1c73e5a8\", \"toward\": \"a\", \"distance_m\": 20.2}, {\"sightline_id\": \"sl_1c73e5a8\", \"toward\": \"b\", \"distance_m\": 20.2}]","tags":"{\"cuisine\": \"vietnamese\", \"opening_hours\": \"Mo-Fr 11:00-22:00; Sa,Su,PH 13:00-22:00\", \"outdoor_seating\": \"yes\"}","marker-color":"#1f78b4"}},
{"type":"Feature","geometry":{"type":"Point","coordinates":[11.57215,48.15146]},"properties":{"id":"poi_n1573738306","name":"Osteria Italiana","kind":"restaurant","at":[48.15146,11.57215],"osm_id":"node/1573738306","open_horizon":false,"views":"[{\"sightline_id\": \"sl_1c73e5a8\", \"toward\": \"a\", \"distance_m\": 10.3}, {\"sightline_id\": \"sl_1c73e5a8\", \"toward\": \"b\", \"distance_m\": 10.3}, {\"sightline_id\": \"sl_fce6bfbb\", \"toward\": \"b\", \"distance_m\": 12.3}]","tags":"{\"cuisine\": \"italian\", \"opening_hours\": \"Mo-Sa 12:00-14:30,18:30-23:00; Su off\", \"outdoor_seating\": \"yes\"}","marker-color":"#1f78b4"}},
{"type":"Feature","geometry":{"type":"Point","coordinates":[11.56796,48.15245]},"properties":{"id":"poi_n1573738309","name":"Mr. Gogi Korean BBQ","kind":"restaurant","at":[48.15245,11.56796],"osm_id":"node/1573738309","open_horizon":false,"views":"[{\"sightline_id\": \"sl_1c73e5a8\", \"toward\": \"a\", \"distance_m\": 10.1}, {\"sightline_id\": \"sl_1c73e5a8\", \"toward\": \"b\", \"distance_m\": 10.1}, {\"sightline_id\": \"sl_9752a41c\", \"toward\": \"b\", \"distance_m\": 11.7}]","tags":"{\"cuisine\": \"korean\", \"opening_hours\": \"Mo-Th 17:00-22:00; Fr 17:00-23:00; Sa,Su 12:00-23:00\", \"phone\": \"+491722947032\", \"website\": \"https://mrgogi-kbbq.de/\"}","marker-color":"#1f78b4"}},
{"type":"Feature","geometry":{"type":"Point","coordinates":[11.57368,48.1508]},"properties":{"id":"poi_n1573738321","name":"Arte In Tavola","kind":"cafe","at":[48.1508,11.57368],"osm_id":"node/1573738321","open_horizon":false,"views":"[{\"sightline_id\": \"sl_1c73e5a8\", \"toward\": \"a\", \"distance_m\": 13.1}, {\"sightline_id\": \"sl_1c73e5a8\", \"toward\": \"b\", \"distance_m\": 13.1}, {\"sightline_id\": \"sl_cfd8afe9\", \"toward\": \"a\", \"distance_m\": 37.5}, {\"sightline_id\": \"sl_cfd8afe9\", \"toward\": \"b\", \"distance_m\": 37.5}]","tags":"{\"cuisine\": \"italian\", \"opening_hours\": \"Su off, Mo-Fr 11:30-15:00,17:30-24:00, Sa 18:00-01:00\", \"outdoor_seating\": \"yes\"}","marker-color":"#1f78b4"}},
{"type":"Feature","geometry":{"type":"Point","coordinates":[11.57776,48.14961]},"properties":{"id":"poi_n1573753301","name":"Maex41","kind":"restaurant","at":[48.14961,11.57776],"osm_id":"node/1573753301","open_horizon":false,"views":"[{\"sightline_id\": \"sl_1c73e5a8\", \"toward\": \"a\", \"distance_m\": 16.5}, {\"sightline_id\": \"sl_1c73e5a8\", \"toward\": \"b\", \"distance_m\": 16.5}, {\"sightline_id\": \"sl_1932a3df\", \"toward\": \"a\", \"distance_m\": 18.4}, {\"sightline_id\": \"sl_1932a3df\", \"toward\": \"b\", \"distance_m\": 18.4}]","tags":"{\"opening_hours\": \"Su-We 11:00-23:00, Th 11:00-24:00, Fr,Sa 11:00-01:00\", \"outdoor_seating\": \"yes\"}","marker-color":"#1f78b4"}},
{"type":"Feature","geometry":{"type":"Point","coordinates":[11.57588,48.1504]},"properties":{"id":"poi_n1573753304","name":"Soda","kind":"pub","at":[48.1504,11.57588],"osm_id":"node/1573753304","open_horizon":false,"views":"[{\"sightline_id\": \"sl_b3216b45\", \"toward\": \"a\", \"distance_m\": 7.7}, {\"sightline_id\": \"sl_b3216b45\", \"toward\": \"b\", \"distance_m\": 7.7}, {\"sightline_id\": \"sl_1c73e5a8\", \"toward\": \"a\", \"distance_m\": 9.8}, {\"sightline_id\": \"sl_1c73e5a8\", \"toward\": \"b\", \"distance_m\": 9.8}]","tags":"{\"opening_hours\": \"Mo-Su 07:45-03:00\", \"outdoor_seating\": \"yes\"}","marker-color":"#1f78b4"}},
{"type":"Feature","geometry":{"type":"Point","coordinates":[11.57761,48.14928]},"properties":{"id":"poi_n1573753316","name":"Zum Koreaner","kind":"restaurant","at":[48.14928,11.57761],"osm_id":"node/1573753316","open_horizon":false,"views":"[{\"sightline_id\": \"sl_1932a3df\", \"toward\": \"a\", \"distance_m\": 14.2}, {\"sightline_id\": \"sl_1932a3df\", \"toward\": \"b\", \"distance_m\": 14.2}]","tags":"{\"cuisine\": \"korean\", \"opening_hours\": \"Mo-Su,PH 11:00-22:00\", \"outdoor_seating\": \"no\"}","marker-color":"#1f78b4"}},
{"type":"Feature","geometry":{"type":"Point","coordinates":[11.57722,48.15002]},"properties":{"id":"poi_n1573753320","name":"Schall & Rauch","kind":"cafe","at":[48.15002,11.57722],"osm_id":"node/1573753320","open_horizon":false,"views":"[{\"sightline_id\": \"sl_1c73e5a8\", \"toward\": \"a\", \"distance_m\": 9.0}, {\"sightline_id\": \"sl_1c73e5a8\", \"toward\": \"b\", \"distance_m\": 9.0}]","tags":"{}","marker-color":"#1f78b4"}},
{"type":"Feature","geometry":{"type":"Point","coordinates":[11.57414,48.12028]},"properties":{"id":"poi_n1575082276","name":"moritz","kind":"restaurant","at":[48.12028,11.57414],"osm_id":"node/1575082276","open_horizon":false,"views":"[{\"sightline_id\": \"sl_5346ff63\", \"toward\": \"a\", \"distance_m\": 36.6}, {\"sightline_id\": \"sl_5346ff63\", \"toward\": \"b\", \"distance_m\": 36.6}]","tags":"{\"cuisine\": \"burger;steak_house;tapas\", \"opening_hours\": \"We-Sa 10:00-24:00, Tu,Su 10:00-18:00\", \"outdoor_seating\": \"yes\"}","marker-color":"#1f78b4"}},
{"type":"Feature","geometry":{"type":"Point","coordinates":[11.58144,48.13359]},"properties":{"id":"poi_n1576442493","name":"Lago di Garda","kind":"restaurant","at":[48.13359,11.58144],"osm_id":"node/1576442493","open_horizon":false,"views":"[{\"sightline_id\": \"sl_609c344a\", \"toward\": \"a\", \"distance_m\": 18.6}]","tags":"{\"cuisine\": \"italian\", \"opening_hours\": \"Mo-Su 11:30-23:00\", \"outdoor_seating\": \"sidewalk\"}","marker-color":"#1f78b4"}},
{"type":"Feature","geometry":{"type":"Point","coordinates":[11.57953,48.13183]},"properties":{"id":"poi_n1578283627","name":"Pacific Times","kind":"bar","at":[48.13183,11.57953],"osm_id":"node/1578283627","open_horizon":false,"views":"[{\"sightline_id\": \"sl_609c344a\", \"toward\": \"a\", \"distance_m\": 16.9}, {\"sightline_id\": \"sl_609c344a\", \"toward\": \"b\", \"distance_m\": 16.9}]","tags":"{\"opening_hours\": \"Mo-Th 18:00-01:00; Fr-Sa 18:00-02:00\", \"outdoor_seating\": \"yes\"}","marker-color":"#1f78b4"}},
{"type":"Feature","geometry":{"type":"Point","coordinates":[11.54258,48.13565]},"properties":{"id":"poi_n1581245327","name":"Bodhi","kind":"restaurant","at":[48.13565,11.54258],"osm_id":"node/1581245327","open_horizon":false,"views":"[{\"sightline_id\": \"sl_9858aff8\", \"toward\": \"b\", \"distance_m\": 9.3}]","tags":"{\"opening_hours\": \"Mo-Th 17:00-23:00; Su 12:00-23:00; Fr 17:00-00:00; Sa 12:00-00:00\", \"outdoor_seating\": \"yes\", \"phone\": \"+49 89 41142458\", \"website\": \"https://www.bodhivegan.de\"}","marker-color":"#1f78b4"}},
{"type":"Feature","geometry":{"type":"Point","coordinates":[11.53736,48.13722]},"properties":{"id":"poi_n1581245371","name":"Sportcafe Dikefali","kind":"cafe","at":[48.13722,11.53736],"osm_id":"node/1581245371","open_horizon":false,"views":"[{\"sightline_id\": \"sl_e21752a2\", \"toward\": \"a\", \"distance_m\": 13.0}, {\"sightline_id\": \"sl_e21752a2\", \"toward\": \"b\", \"distance_m\": 13.0}, {\"sightline_id\": \"sl_074c52fc\", \"toward\": \"a\", \"distance_m\": 18.4}, {\"sightline_id\": \"sl_074c52fc\", \"toward\": \"b\", \"distance_m\": 18.4}]","tags":"{\"opening_hours\": \"Mo-Su 10:00-05:00\"}","marker-color":"#1f78b4"}},
{"type":"Feature","geometry":{"type":"Point","coordinates":[11.50288,48.14095]},"properties":{"id":"poi_n1588879115","name":"Tou Bakali","kind":"restaurant","at":[48.14095,11.50288],"osm_id":"node/1588879115","open_horizon":false,"views":"[{\"sightline_id\": \"sl_e4608dbb\", \"toward\": \"a\", \"distance_m\": 8.5}, {\"sightline_id\": \"sl_e4608dbb\", \"toward\": \"b\", \"distance_m\": 8.5}]","tags":"{\"cuisine\": \"greek\", \"opening_hours\": \"Tu-Su 11:30-14:30,17:30-23:30, Mo off\", \"outdoor_seating\": \"yes\", \"phone\": \"+49 89 21264141\", \"website\": \"https://www.tou-bakali-laim.de/\"}","marker-color":"#1f78b4"}},
{"type":"Feature","geometry":{"type":"Point","coordinates":[11.5334,48.13989]},"properties":{"id":"poi_n1602824091","name":"Deli Tadka","kind":"restaurant","at":[48.13989,11.5334],"osm_id":"node/1602824091","open_horizon":false,"views":"[{\"sightline_id\": \"sl_620ca713\", \"toward\": \"a\", \"distance_m\": 34.3}, {\"sightline_id\": \"sl_620ca713\", \"toward\": \"b\", \"distance_m\": 34.3}]","tags":"{\"cuisine\": \"indian\", \"opening_hours\": \"Tu-Sa 11:30-14:30, 17:30-22:30; Su 12:00-22:00\"}","marker-color":"#1f78b4"}},
{"type":"Feature","geometry":{"type":"Point","coordinates":[11.554,48.13736]},"properties":{"id":"poi_n1605298174","name":"NähWerk","kind":"cafe","at":[48.13736,11.554],"osm_id":"node/1605298174","open_horizon":false,"views":"[{\"sightline_id\": \"sl_d3d5ebce\", \"toward\": \"a\", \"distance_m\": 22.2}, {\"sightline_id\": \"sl_d3d5ebce\", \"toward\": \"b\", \"distance_m\": 22.2}]","tags":"{\"opening_hours\": \"Mo-Fr 11:00-17:00\"}","marker-color":"#1f78b4"}},
{"type":"Feature","geometry":{"type":"Point","coordinates":[11.53985,48.13487]},"properties":{"id":"poi_n1609203944","name":"Etisch","kind":"cafe","at":[48.13487,11.53985],"osm_id":"node/1609203944","open_horizon":false,"views":"[{\"sightline_id\": \"sl_80678b5a\", \"toward\": \"a\", \"distance_m\": 16.5}]","tags":"{\"opening_hours\": \"Mo,Tu,Th,Fr 10:00-16:00; Sa 10:00-16:00\", \"outdoor_seating\": \"yes\"}","marker-color":"#1f78b4"}},
{"type":"Feature","geometry":{"type":"Point","coordinates":[11.53052,48.13785]},"properties":{"id":"poi_n1609251470","name":"West-Pol","kind":"bar","at":[48.13785,11.53052],"osm_id":"node/1609251470","open_horizon":false,"views":"[{\"sightline_id\": \"sl_02a3fdd9\", \"toward\": \"a\", \"distance_m\": 12.4}, {\"sightline_id\": \"sl_02a3fdd9\", \"toward\": \"b\", \"distance_m\": 12.4}]","tags":"{\"phone\": \"+49 89 74367003\"}","marker-color":"#1f78b4"}},
{"type":"Feature","geometry":{"type":"Point","coordinates":[11.53064,48.14004]},"properties":{"id":"poi_n1611045331","name":"Infinity","kind":"pub","at":[48.14004,11.53064],"osm_id":"node/1611045331","open_horizon":false,"views":"[{\"sightline_id\": \"sl_620ca713\", \"toward\": \"a\", \"distance_m\": 37.7}, {\"sightline_id\": \"sl_620ca713\", \"toward\": \"b\", \"distance_m\": 37.7}]","tags":"{}","marker-color":"#1f78b4"}},
{"type":"Feature","geometry":{"type":"Point","coordinates":[11.5846,48.18136]},"properties":{"id":"poi_n1617588144","name":"Mama Pizza","kind":"restaurant","at":[48.18136,11.5846],"osm_id":"node/1617588144","open_horizon":false,"views":"[{\"sightline_id\": \"sl_a13a9bd3\", \"toward\": \"a\", \"distance_m\": 15.9}, {\"sightline_id\": \"sl_a13a9bd3\", \"toward\": \"b\", \"distance_m\": 15.9}]","tags":"{\"cuisine\": \"italian\", \"opening_hours\": \"Mo-Fr 11:00-14:30,17:30-22:30; Sa 17:00-22:30; Su 11:00-22:30\", \"outdoor_seating\": \"no\", \"phone\": \"+49 89 939207970\", \"website\": \"https://mama-pizza.de/\"}","marker-color":"#1f78b4"}},
{"type":"Feature","geometry":{"type":"Point","coordinates":[11.56247,48.12622]},"properties":{"id":"poi_n1630220451","name":"Zunfthaus","kind":"restaurant","at":[48.12622,11.56247],"osm_id":"node/1630220451","open_horizon":false,"views":"[{\"sightline_id\": \"sl_786e2c8c\", \"toward\": \"a\", \"distance_m\": 15.7}, {\"sightline_id\": \"sl_786e2c8c\", \"toward\": \"b\", \"distance_m\": 15.7}]","tags":"{\"cuisine\": \"regional\", \"opening_hours\": \"Mo-Fr 16:00-23:00; Sa 16:00-01:00\", \"outdoor_seating\": \"no\", \"phone\": \"+49 89 534762\", \"website\": \"https://www.zunfthaus-muenchen.de/\"}","marker-color":"#1f78b4"}},
{"type":"Feature","geometry":{"type":"Point","coordinates":[11.53928,48.13224]},"properties":{"id":"poi_n1630549696","name":"Café Westend","kind":"restaurant","at":[48.13224,11.53928],"osm_id":"node/1630549696","open_horizon":false,"views":"[{\"sightline_id\": \"sl_80678b5a\", \"toward\": \"a\", \"distance_m\": 14.9}, {\"sightline_id\": \"sl_80678b5a\", \"toward\": \"b\", \"distance_m\": 14.9}]","tags":"{\"opening_hours\": \"Tu-Fr,Su 09:00-23:00, Fr,Sa 09:00-24:00\", \"outdoor_seating\": \"yes\"}","marker-color":"#1f78b4"}},
{"type":"Feature","geometry":{"type":"Point","coordinates":[11.56183,48.13727]},"properties":{"id":"poi_n1645029377","name":"Restaurant Alzaeem","kind":"restaurant","at":[48.13727,11.56183],"osm_id":"node/1645029377","open_horizon":false,"views":"[{\"sightline_id\": \"sl_d3d5ebce\", \"toward\": \"a\", \"distance_m\": 22.3}, {\"sightline_id\": \"sl_d3d5ebce\", \"toward\": \"b\", \"distance_m\": 22.3}]","tags":"{}","marker-color":"#1f78b4"}},
{"type":"Feature","geometry":{"type":"Point","coordinates":[11.55941,48.13727]},"properties":{"id":"poi_n1645040521","name":"Oleo Pazzo","kind":"restaurant","at":[48.13727,11.55941],"osm_id":"node/1645040521","open_horizon":false,"views":"[{\"sightline_id\": \"sl_d3d5ebce\", \"toward\": \"a\", \"distance_m\": 25.3}, {\"sightline_id\": \"sl_d3d5ebce\", \"toward\": \"b\", \"distance_m\": 25.3}]","tags":"{\"cuisine\": \"mediterranean\", \"opening_hours\": \"Su-Sa 11:30-23:30\"}","marker-color":"#1f78b4"}},
{"type":"Feature","geometry":{"type":"Point","coordinates":[11.56259,48.13917]},"properties":{"id":"poi_n1645044535","name":"Pizza Hut","kind":"restaurant","at":[48.13917,11.56259],"osm_id":"node/1645044535","open_horizon":false,"views":"[{\"sightline_id\": \"sl_48fc258c\", \"toward\": \"b\", \"distance_m\": 27.7}]","tags":"{\"cuisine\": \"pizza\", \"opening_hours\": \"Su-Th,PH 11:30-23:00; Fr,Sa 11:30-24:00\", \"outdoor_seating\": \"yes\"}","marker-color":"#1f78b4"}},
{"type":"Feature","geometry":{"type":"Point","coordinates":[11.57122,48.13191]},"properties":{"id":"poi_n1660556280","name":"Forty Four","kind":"restaurant","at":[48.13191,11.57122],"osm_id":"node/1660556280","open_horizon":false,"views":"[{\"sightline_id\": \"sl_6838e0c2\", \"toward\": \"b\", \"distance_m\": 18.8}]","tags":"{\"cuisine\": \"burger\", \"opening_hours\": \"Tu-Fr 11:30-14:00,17:00-23:00, Sa 17:00-01:00, Su 17:00-23:00\", \"outdoor_seating\": \"yes\"}","marker-color":"#1f78b4"}},
{"type":"Feature","geometry":{"type":"Point","coordinates":[11.49904,48.09833]},"properties":{"id":"poi_n1669037443","name":"Il Cacciatore Osteria - Steinofen","kind":"restaurant","at":[48.09833,11.49904],"osm_id":"node/1669037443","open_horizon":false,"views":"[{\"sightline_id\": \"sl_1cc9b9c3\", \"toward\": \"b\", \"distance_m\": 24.9}]","tags":"{\"cuisine\": \"italian;pizza;osteria\", \"opening_hours\": \"Mo-Fr 11:30-14:30, 17:00-22:00; Sa-Su 17:00-22:00\", \"outdoor_seating\": \"yes\", \"phone\": \"+49 89 32766994\"}","marker-color":"#1f78b4"}},
{"type":"Feature","geometry":{"type":"Point","coordinates":[11.53295,48.16922]},"properties":{"id":"poi_n1674679536","name":"Osteria Da Massimo","kind":"restaurant","at":[48.16922,11.53295],"osm_id":"node/1674679536","open_horizon":false,"views":"[{\"sightline_id\": \"sl_00503693\", \"toward\": \"a\", \"distance_m\": 30.3}, {\"sightline_id\": \"sl_00503693\", \"toward\": \"b\", \"distance_m\": 30.3}]","tags":"{\"cuisine\": \"italian;italian_pizza;pizza\", \"opening_hours\": \"Su 11:30-22:00; Mo-Sa 11:30-23:00\", \"outdoor_seating\": \"street\", \"phone\": \"+49 89 2717701\", \"website\": \"https://www.osteria-da-massimo.de/\"}","marker-color":"#1f78b4"}},
{"type":"Feature","geometry":{"type":"Point","coordinates":[11.55572,48.14845]},"properties":{"id":"poi_n1677583265","name":"Cafeteria","kind":"cafe","at":[48.14845,11.55572],"osm_id":"node/1677583265","open_horizon":false,"views":"[{\"sightline_id\": \"sl_583b0d6f\", \"toward\": \"a\", \"distance_m\": 19.2}, {\"sightline_id\": \"sl_583b0d6f\", \"toward\": \"b\", \"distance_m\": 19.2}, {\"sightline_id\": \"sl_ca87492e\", \"toward\": \"a\", \"distance_m\": 39.5}]","tags":"{\"outdoor_seating\": \"no\"}","marker-color":"#1f78b4"}},
{"type":"Feature","geometry":{"type":"Point","coordinates":[11.55608,48.14889]},"properties":{"id":"poi_n1677583266","name":"apulia piccolo bar & cucina","kind":"cafe","at":[48.14889,11.55608],"osm_id":"node/1677583266","open_horizon":false,"views":"[{\"sightline_id\": \"sl_583b0d6f\", \"toward\": \"a\", \"distance_m\": 16.6}, {\"sightline_id\": \"sl_583b0d6f\", \"toward\": \"b\", \"distance_m\": 16.6}]","tags":"{\"opening_hours\": \"Mo-Fr 08:00-18:00; Sa 09:00-16:00; Su,PH off\", \"outdoor_seating\": \"yes\"}","marker-color":"#1f78b4"}},
{"type":"Feature","geometry":{"type":"Point","coordinates":[11.54839,48.14976]},"properties":{"id":"poi_n1682305369","name":"Pho","kind":"restaurant","at":[48.14976,11.54839],"osm_id":"node/1682305369","open_horizon":false,"views":"[{\"sightline_id\": \"sl_ca87492e\", \"toward\": \"a\", \"distance_m\": 24.1}, {\"sightline_id\": \"sl_ca87492e\", \"toward\": \"b\", \"distance_m\": 24.1}]","tags":"{\"cuisine\": \"vietnamese\", \"opening_hours\": \"Su-Fr,PH 11:30-21:00\", \"outdoor_seating\": \"yes\"}","marker-color":"#1f78b4"}},
{"type":"Feature","geometry":{"type":"Point","coordinates":[11.53298,48.13392]},"properties":{"id":"poi_n1698219409","name":"La Pia","kind":"cafe","at":[48.13392,11.53298],"osm_id":"node/1698219409","open_horizon":false,"views":"[{\"sightline_id\": \"sl_f5401bc8\", \"toward\": \"b\", \"distance_m\": 12.2}]","tags":"{\"outdoor_seating\": \"yes\"}","marker-color":"#1f78b4"}},
{"type":"Feature","geometry":{"type":"Point","coordinates":[11.57157,48.16412]},"properties":{"id":"poi_n1705713100","name":"Bonjour Vietnam","kind":"restaurant","at":[48.16412,11.57157],"osm_id":"node/1705713100","open_horizon":false,"views":"[{\"sightline_id\": \"sl_ba56d719\", \"toward\": \"a\", \"distance_m\": 37.5}, {\"sightline_id\": \"sl_ba56d719\", \"toward\": \"b\", \"distance_m\": 37.5}]","tags":"{\"cuisine\": \"vietnamese\", \"opening_hours\": \"Mo-Fr 11:30-14:30; Mo-Su,PH 17:30-23:00\"}","marker-color":"#1f78b4"}},
{"type":"Feature","geometry":{"type":"Point","coordinates":[11.49134,48.1202]},"properties":{"id":"poi_n1706937739","name":"Cafebar 007","kind":"bar","at":[48.1202,11.49134],"osm_id":"node/1706937739","open_horizon":false,"views":"[{\"sightline_id\": \"sl_e4dfba1d\", \"toward\": \"a\", \"distance_m\": 37.9}, {\"sightline_id\": \"sl_e4dfba1d\", \"toward\": \"b\", \"distance_m\": 37.9}]","tags":"{\"opening_hours\": \"Su-Th 09:30-23:00, Fr,Sa 09:30-01:00\", \"website\": \"https://cafebar007.de/\"}","marker-color":"#1f78b4"}},
{"type":"Feature","geometry":{"type":"Point","coordinates":[11.54187,48.1382]},"properties":{"id":"poi_n1712479524","name":"minibar","kind":"bar","at":[48.1382,11.54187],"osm_id":"node/1712479524","open_horizon":false,"views":"[{\"sightline_id\": \"sl_9858aff8\", \"toward\": \"a\", \"distance_m\": 20.8}]","tags":"{\"opening_hours\": \"Th 20:00+ || \\\"An Themenabenden geöffnet. Siehe: http://www.minibarmuenchen.de/index.php?article_id=4\\\"\", \"website\": \"https://www.minibar-muenchen.de/\"}","marker-color":"#1f78b4"}},
{"type":"Feature","geometry":{"type":"Point","coordinates":[11.55603,48.13588]},"properties":{"id":"poi_n1713202488","name":"MuWu GrillHouse","kind":"restaurant","at":[48.13588,11.55603],"osm_id":"node/1713202488","open_horizon":false,"views":"[{\"sightline_id\": \"sl_93b6724a\", \"toward\": \"a\", \"distance_m\": 15.0}]","tags":"{\"cuisine\": \"hotpot;barbecue;korean\", \"opening_hours\": \"Mo-Su 11:30-15:00, 17:30-23:00\"}","marker-color":"#1f78b4"}},
{"type":"Feature","geometry":{"type":"Point","coordinates":[11.50478,48.11198]},"properties":{"id":"poi_n1714857571","name":"Café Stenz","kind":"cafe","at":[48.11198,11.50478],"osm_id":"node/1714857571","open_horizon":false,"views":"[{\"sightline_id\": \"sl_d7b5e541\", \"toward\": \"a\", \"distance_m\": 32.2}]","tags":"{\"opening_hours\": \"Th 10:00-17:00; Fr-Su 09:00-17:00; PH 09:00-17:00\", \"website\": \"https://www.stenz.bayern/stenz-waldfriedhof/\"}","marker-color":"#1f78b4"}},
{"type":"Feature","geometry":{"type":"Point","coordinates":[11.5043,48.11239]},"properties":{"id":"poi_n1714857736","name":"The RIVER Restaurant & Pizzeria","kind":"restaurant","at":[48.11239,11.5043],"osm_id":"node/1714857736","open_horizon":false,"views":"[{\"sightline_id\": \"sl_d7b5e541\", \"toward\": \"a\", \"distance_m\": 21.1}]","tags":"{\"cuisine\": \"balkan;fish;pasta;pizza\", \"opening_hours\": \"Tu-Fr 11:30-14:30,17:30-22:00; Sa-Su 11:30-22:00; Mo off\", \"outdoor_seating\": \"yes\", \"phone\": \"+49 89 7149388\", \"website\": \"https://restaurantriver.de/\"}","marker-color":"#1f78b4"}},
{"type":"Feature","geometry":{"type":"Point","coordinates":[11.50397,48.11236]},"properties":{"id":"poi_n1714857782","name":"Milos","kind":"restaurant","at":[48.11236,11.50397],"osm_id":"node/1714857782","open_horizon":false,"views":"[{\"sightline_id\": \"sl_d7b5e541\", \"toward\": \"a\", \"distance_m\": 39.1}]","tags":"{\"outdoor_seating\": \"yes\"}","marker-color":"#1f78b4"}},
{"type":"Feature","geometry":{"type":"Point","coordinates":[11.51722,48.11136]},"properties":{"id":"poi_n1714857793","name":"Thalassa","kind":"restaurant","at":[48.11136,11.51722],"osm_id":"node/1714857793","open_horizon":false,"views":"[{\"sightline_id\": \"sl_87335307\", \"toward\": \"b\", \"distance_m\": 14.0}]","tags":"{\"cuisine\": \"greek\", \"opening_hours\": \"Mo-Su 17:30-00:00\", \"outdoor_seating\": \"yes\", \"phone\": \"+49 89 71049445\", \"website\": \"https://thalassa-restaurant.com/\"}","marker-color":"#1f78b4"}},
{"type":"Feature","geometry":{"type":"Point","coordinates":[11.50477,48.11239]},"properties":{"id":"poi_n1714858026","name":"Zur Wald-Hütt'n","kind":"pub","at":[48.11239,11.50477],"osm_id":"node/1714858026","open_horizon":false,"views":"[{\"sightline_id\": \"sl_d7b5e541\", \"toward\": \"a\", \"distance_m\": 12.3}]","tags":"{\"opening_hours\": \"Tu-Su,PH 15:00-01:00\", \"outdoor_seating\": \"yes\"}","marker-color":"#1f78b4"}},
{"type":"Feature","geometry":{"type":"Point","coordinates":[11.56206,48.15164]},"properties":{"id":"poi_n1716295866","name":"Bánh Mì Minh","kind":"restaurant","at":[48.15164,11.56206],"osm_id":"node/1716295866","open_horizon":false,"views":"[{\"sightline_id\": \"sl_6a30d50e\", \"toward\": \"b\", \"distance_m\": 8.6}, {\"sightline_id\": \"sl_b278f824\", \"toward\": \"a\", \"distance_m\": 27.1}]","tags":"{\"cuisine\": \"vietnamese\", \"opening_hours\": \"Tu-Su 10:30-21:00; Mo off\", \"outdoor_seating\": \"no\"}","marker-color":"#1f78b4"}},
{"type":"Feature","geometry":{"type":"Point","coordinates":[11.58147,48.11719]},"properties":{"id":"poi_n1716446269","name":"Gelateria Artefredda","kind":"ice_cream","at":[48.11719,11.58147],"osm_id":"node/1716446269","open_horizon":false,"views":"[{\"sightline_id\": \"sl_defc3d30\", \"toward\": \"b\", \"distance_m\": 13.0}]","tags":"{\"cuisine\": \"ice_cream\", \"opening_hours\": \"Mar-Sep: Mo-Sa 14:00-20:00; Su,PH 14:00-20:00; Oct-Feb: off\"}","marker-color":"#1f78b4"}},
{"type":"Feature","geometry":{"type":"Point","coordinates":[11.57762,48.13041]},"properties":{"id":"poi_n1717777105","name":"Bar Färber","kind":"bar","at":[48.13041,11.57762],"osm_id":"node/1717777105","open_horizon":false,"views":"[{\"sightline_id\": \"sl_609c344a\", \"toward\": \"a\", \"distance_m\": 38.9}, {\"sightline_id\": \"sl_609c344a\", \"toward\": \"b\", \"distance_m\": 38.9}]","tags":"{\"opening_hours\": \"We-Th 20:00-2:00; Fr-Sa 20:00-3:00\"}","marker-color":"#1f78b4"}},
{"type":"Feature","geometry":{"type":"Point","coordinates":[11.50692,48.09406]},"properties":{"id":"poi_n1726383947","name":"Gao","kind":"restaurant","at":[48.09406,11.50692],"osm_id":"node/1726383947","open_horizon":false,"views":"[{\"sightline_id\": \"sl_37290f52\", \"toward\": \"a\", \"distance_m\": 35.6}, {\"sightline_id\": \"sl_37290f52\", \"toward\": \"b\", \"distance_m\": 35.6}]","tags":"{\"cuisine\": \"chinese\", \"opening_hours\": \"We-Mo 11:30-14:30, 17:30-22:00\", \"phone\": \"+49 89 38 66 55 55\", \"website\": \"https://www.restaurant-gao.de/\"}","marker-color":"#1f78b4"}},
{"type":"Feature","geometry":{"type":"Point","coordinates":[11.58534,48.17449]},"properties":{"id":"poi_n1732149568","name":"Toni.O","kind":"restaurant","at":[48.17449,11.58534],"osm_id":"node/1732149568","open_horizon":false,"views":"[{\"sightline_id\": \"sl_1cf54481\", \"toward\": \"a\", \"distance_m\": 30.4}, {\"sightline_id\": \"sl_1cf54481\", \"toward\": \"b\", \"distance_m\": 30.4}]","tags":"{\"cuisine\": \"italian;italian_pizza\", \"opening_hours\": \"Mo off; Th-Su 17:30-22:30\", \"outdoor_seating\": \"yes\", \"phone\": \"+49 89 36076989\", \"website\": \"https://tonio.restaurant/\"}","marker-color":"#1f78b4"}},
{"type":"Feature","geometry":{"type":"Point","coordinates":[11.59642,48.13099]},"properties":{"id":"poi_n1735418068","name":"mezzodi","kind":"cafe","at":[48.13099,11.59642],"osm_id":"node/1735418068","open_horizon":false,"views":"[{\"sightline_id\": \"sl_ce9232c8\", \"toward\": \"b\", \"distance_m\": 8.7}]","tags":"{\"cuisine\": \"italian\", \"opening_hours\": \"Mo 16:00-22:00; Tu-Sa 10:30-22:00; Su 10:30-18:00\", \"phone\": \"+49 89 484950\", \"website\": \"http://www.mezzodi.de/\"}","marker-color":"#1f78b4"}},
{"type":"Feature","geometry":{"type":"Point","coordinates":[11.59599,48.13134]},"properties":{"id":"poi_n1736044444","name":"Malva","kind":"restaurant","at":[48.13134,11.59599],"osm_id":"node/1736044444","open_horizon":false,"views":"[{\"sightline_id\": \"sl_ce9232c8\", \"toward\": \"b\", \"distance_m\": 33.8}]","tags":"{\"opening_hours\": \"Mo-Fr 18:00-23:00\", \"phone\": \"+49 89 9442 8279\", \"website\": \"https://www.malvamuenchen.de\"}","marker-color":"#1f78b4"}},
{"type":"Feature","geometry":{"type":"Point","coordinates":[11.57885,48.15226]},"properties":{"id":"poi_n1737365973","name":"AKUO","kind":"restaurant","at":[48.15226,11.57885],"osm_id":"node/1737365973","open_horizon":false,"views":"[{\"sightline_id\": \"sl_950d235f\", \"toward\": \"a\", \"distance_m\": 13.8}, {\"sightline_id\": \"sl_950d235f\", \"toward\": \"b\", \"distance_m\": 13.8}]","tags":"{\"cuisine\": \"asian\", \"opening_hours\": \"Mo-Fr 11:00-21:00; Sa 12:00-20:00; Su,PH off\", \"outdoor_seating\": \"yes\", \"phone\": \"+49 89 39299006\"}","marker-color":"#1f78b4"}},
{"type":"Feature","geometry":{"type":"Point","coordinates":[11.53795,48.1167]},"properties":{"id":"poi_n1741222723","name":"Italo Restorantino","kind":"restaurant","at":[48.1167,11.53795],"osm_id":"node/1741222723","open_horizon":false,"views":"[{\"sightline_id\": \"sl_155df846\", \"toward\": \"b\", \"distance_m\": 17.8}]","tags":"{\"cuisine\": \"italian;pizza;pasta\", \"opening_hours\": \"Mo-Fr 11:00-23:00; Sa 17:00-23:00\", \"outdoor_seating\": \"yes\", \"phone\": \"+49 89 72997160\", \"website\": \"https://italo-ristorantino.de/\"}","marker-color":"#1f78b4"}},
{"type":"Feature","geometry":{"type":"Point","coordinates":[11.54026,48.11826]},"properties":{"id":"poi_n1741222733","name":"Cafe Grass","kind":"cafe","at":[48.11826,11.54026],"osm_id":"node/1741222733","open_horizon":false,"views":"[{\"sightline_id\": \"sl_261f9971\", \"toward\": \"b\", \"distance_m\": 10.6}]","tags":"{\"opening_hours\": \"Mo-Fr 08:30-18:00; Sa 10:00-16:30; Su 13:30-17:30\", \"outdoor_seating\": \"no\", \"phone\": \"+49 89 775879\", \"website\": \"https://www.cafe-grass.de/\"}","marker-color":"#1f78b4"}},
{"type":"Feature","geometry":{"type":"Point","coordinates":[11.47873,48.08508]},"properties":{"id":"poi_n1741683507","name":"Cori&Amuri Osteria Moderna","kind":"restaurant","at":[48.08508,11.47873],"osm_id":"node/1741683507","open_horizon":false,"views":"[{\"sightline_id\": \"sl_b4c3ed22\", \"toward\": \"b\", \"distance_m\": 20.2}]","tags":"{\"cuisine\": \"italian\", \"opening_hours\": \"Mo,We-Fr,Su 12:00-14:30, 18:00-22:00; Sa 18:00-22:00; Tu off\", \"outdoor_seating\": \"yes\"}","marker-color":"#1f78b4"}},
{"type":"Feature","geometry":{"type":"Point","coordinates":[11.61617,48.14255]},"properties":{"id":"poi_n1742737418","name":"Da Francesco","kind":"restaurant","at":[48.14255,11.61617],"osm_id":"node/1742737418","open_horizon":false,"views":"[{\"sightline_id\": \"sl_16e4bfdf\", \"toward\": \"b\", \"distance_m\": 20.4}]","tags":"{\"cuisine\": \"italian\", \"opening_hours\": \"Mo-Fr 09:00-22:00; Sa-Su 12:00-22:00\", \"outdoor_seating\": \"yes\", \"phone\": \"+49 89 9993 1015\"}","marker-color":"#1f78b4"}},
{"type":"Feature","geometry":{"type":"Point","coordinates":[11.4828,48.09516]},"properties":{"id":"poi_n1744397055","name":"Biergarten Einkehr zur Schweige","kind":"biergarten","at":[48.09516,11.4828],"osm_id":"node/1744397055","open_horizon":false,"views":"[{\"sightline_id\": \"sl_986851b7\", \"toward\": \"a\", \"distance_m\": 15.2}, {\"sightline_id\": \"sl_986851b7\", \"toward\": \"b\", \"distance_m\": 15.2}]","tags":"{\"cuisine\": \"bavarian\", \"opening_hours\": \"Mo-Fr 14:00-22:00; Sa,Su 11:00-22:00; PH 11:00-22:00\"}","marker-color":"#1f78b4"}},
{"type":"Feature","geometry":{"type":"Point","coordinates":[11.48313,48.0951]},"properties":{"id":"poi_n1744397076","name":"Einkehr zur Fürstenrieder Schwaige","kind":"restaurant","at":[48.0951,11.48313],"osm_id":"node/1744397076","open_horizon":false,"views":"[{\"sightline_id\": \"sl_986851b7\", \"toward\": \"a\", \"distance_m\": 10.2}]","tags":"{\"cuisine\": \"bavarian\", \"opening_hours\": \"Mo-Su 11:00-23:00\", \"outdoor_seating\": \"yes\", \"phone\": \"+49 89 724476-22\", \"website\": \"https://www.einkehr-schwaige.de/\"}","marker-color":"#1f78b4"}},
{"type":"Feature","geometry":{"type":"Point","coordinates":[11.52835,48.09962]},"properties":{"id":"poi_n1765873868","name":"Pinte","kind":"pub","at":[48.09962,11.52835],"osm_id":"node/1765873868","open_horizon":false,"views":"[{\"sightline_id\": \"sl_59f35990\", \"toward\": \"a\", \"distance_m\": 18.0}, {\"sightline_id\": \"sl_59f35990\", \"toward\": \"b\", \"distance_m\": 18.0}]","tags":"{\"opening_hours\": \"Mo-Su 10:00-23:00; PH 10:00-23:00\"}","marker-color":"#1f78b4"}},
{"type":"Feature","geometry":{"type":"Point","coordinates":[11.53337,48.09987]},"properties":{"id":"poi_n1765875397","name":"Fratelli","kind":"restaurant","at":[48.09987,11.53337],"osm_id":"node/1765875397","open_horizon":false,"views":"[{\"sightline_id\": \"sl_8640990a\", \"toward\": \"a\", \"distance_m\": 18.8}]","tags":"{\"cuisine\": \"italian\", \"opening_hours\": \"Mo-Fr 11:30-14:30,18:00-22:00; Sa 18:00-22:00\", \"outdoor_seating\": \"no\"}","marker-color":"#1f78b4"}},
{"type":"Feature","geometry":{"type":"Point","coordinates":[11.61469,48.14038]},"properties":{"id":"poi_n1774804578","name":"Naumann's Hüttn-Wirt","kind":"restaurant","at":[48.14038,11.61469],"osm_id":"node/1774804578","open_horizon":false,"views":"[{\"sightline_id\": \"sl_cd1704cc\", \"toward\": \"a\", \"distance_m\": 21.9}, {\"sightline_id\": \"sl_cd1704cc\", \"toward\": \"b\", \"distance_m\": 21.9}]","tags":"{\"opening_hours\": \"Mo-Fr 11:00-14:00,17:00-24:00\", \"outdoor_seating\": \"yes\"}","marker-color":"#1f78b4"}},
{"type":"Feature","geometry":{"type":"Point","coordinates":[11.61451,48.13949]},"properties":{"id":"poi_n1774804579","name":"Spontan Cocktail-Bar","kind":"pub","at":[48.13949,11.61451],"osm_id":"node/1774804579","open_horizon":false,"views":"[{\"sightline_id\": \"sl_b0edb4cc\", \"toward\": \"a\", \"distance_m\": 20.2}, {\"sightline_id\": \"sl_b0edb4cc\", \"toward\": \"b\", \"distance_m\": 20.2}, {\"sightline_id\": \"sl_cd1704cc\", \"toward\": \"a\", \"distance_m\": 25.4}]","tags":"{\"opening_hours\": \"Mo-Th 14:00-01:00, Fr,Sa 14:00-03:00, Su 14:00-24:00\", \"outdoor_seating\": \"yes\"}","marker-color":"#1f78b4"}},
{"type":"Feature","geometry":{"type":"Point","coordinates":[11.49082,48.07866]},"properties":{"id":"poi_n1776404496","name":"Taste of India","kind":"restaurant","at":[48.07866,11.49082],"osm_id":"node/1776404496","open_horizon":false,"views":"[{\"sightline_id\": \"sl_f9e48500\", \"toward\": \"b\", \"distance_m\": 19.0}]","tags":"{\"cuisine\": \"indian\", \"opening_hours\": \"Tu-Su 11:00-14:30,17:00-22:30\", \"outdoor_seating\": \"yes\", \"website\": \"https://tasteofindia-münchen.de/\"}","marker-color":"#1f78b4"}},
{"type":"Feature","geometry":{"type":"Point","coordinates":[11.51978,48.09453]},"properties":{"id":"poi_n1776488730","name":"La Donuteria München","kind":"cafe","at":[48.09453,11.51978],"osm_id":"node/1776488730","open_horizon":false,"views":"[{\"sightline_id\": \"sl_37290f52\", \"toward\": \"a\", \"distance_m\": 16.6}]","tags":"{\"cuisine\": \"donut;american\", \"opening_hours\": \"Tu-Sa 08:00-17:00; Su 08:00-16:00\", \"outdoor_seating\": \"sidewalk\", \"phone\": \"+49 176 72769999\", \"website\": \"https://ladonuteria.eu/\"}","marker-color":"#1f78b4"}},
{"type":"Feature","geometry":{"type":"Point","coordinates":[11.54777,48.12364]},"properties":{"id":"poi_n1778234240","name":"Jasmin","kind":"restaurant","at":[48.12364,11.54777],"osm_id":"node/1778234240","open_horizon":false,"views":"[{\"sightline_id\": \"sl_0261e149\", \"toward\": \"a\", \"distance_m\": 25.3}]","tags":"{\"cuisine\": \"vietnamese\", \"opening_hours\": \"Mo-Fr 11:30-15:00,18:00-23:00; Sa,Su,PH 18:00-23:00\", \"website\": \"https://jasmin-asia-cuisine.de/\"}","marker-color":"#1f78b4"}},
{"type":"Feature","geometry":{"type":"Point","coordinates":[11.61934,48.13795]},"properties":{"id":"poi_n1781760781","name":"Sushi & Poke","kind":"restaurant","at":[48.13795,11.61934],"osm_id":"node/1781760781","open_horizon":false,"views":"[{\"sightline_id\": \"sl_81ec7953\", \"toward\": \"b\", \"distance_m\": 15.3}]","tags":"{\"cuisine\": \"sushi\"}","marker-color":"#1f78b4"}},
{"type":"Feature","geometry":{"type":"Point","coordinates":[11.61936,48.13772]},"properties":{"id":"poi_n1781851351","name":"Sailor's","kind":"pub","at":[48.13772,11.61936],"osm_id":"node/1781851351","open_horizon":false,"views":"[{\"sightline_id\": \"sl_2ee29d83\", \"toward\": \"a\", \"distance_m\": 32.7}]","tags":"{}","marker-color":"#1f78b4"}},
{"type":"Feature","geometry":{"type":"Point","coordinates":[11.61914,48.13749]},"properties":{"id":"poi_n1781851357","name":"Soul","kind":"pub","at":[48.13749,11.61914],"osm_id":"node/1781851357","open_horizon":false,"views":"[{\"sightline_id\": \"sl_2ee29d83\", \"toward\": \"a\", \"distance_m\": 9.5}]","tags":"{}","marker-color":"#1f78b4"}},
{"type":"Feature","geometry":{"type":"Point","coordinates":[11.61533,48.13798]},"properties":{"id":"poi_n1781889722","name":"La Spaghettata","kind":"restaurant","at":[48.13798,11.61533],"osm_id":"node/1781889722","open_horizon":false,"views":"[{\"sightline_id\": \"sl_81ec7953\", \"toward\": \"a\", \"distance_m\": 26.2}, {\"sightline_id\": \"sl_81ec7953\", \"toward\": \"b\", \"distance_m\": 26.2}]","tags":"{\"cuisine\": \"italian\"}","marker-color":"#1f78b4"}},
{"type":"Feature","geometry":{"type":"Point","coordinates":[11.56005,48.14444]},"properties":{"id":"poi_n1785720591","name":"SIGGIS vegan burger & co","kind":"restaurant","at":[48.14444,11.56005],"osm_id":"node/1785720591","open_horizon":false,"views":"[{\"sightline_id\": \"sl_229e7580\", \"toward\": \"a\", \"distance_m\": 8.8}]","tags":"{\"cuisine\": \"burger\", \"opening_hours\": \"Mo-Th 11:30-14:30, 18:00-21:00; Fr 11:30-14:30, 18:00-22:00; Sa 12:00-22:00; Su 12:00-21:00\", \"outdoor_seating\": \"sidewalk\", \"phone\": \"+498926482073\", \"website\": \"https://siggis.jetzt/\"}","marker-color":"#1f78b4"}},
{"type":"Feature","geometry":{"type":"Point","coordinates":[11.52312,48.14922]},"properties":{"id":"poi_n1787759708","name":"Al Forat","kind":"restaurant","at":[48.14922,11.52312],"osm_id":"node/1787759708","open_horizon":false,"views":"[{\"sightline_id\": \"sl_d4115cdc\", \"toward\": \"a\", \"distance_m\": 29.9}]","tags":"{}","marker-color":"#1f78b4"}},
{"type":"Feature","geometry":{"type":"Point","coordinates":[11.51918,48.09921]},"properties":{"id":"poi_n1788287345","name":"Da Battista","kind":"cafe","at":[48.09921,11.51918],"osm_id":"node/1788287345","open_horizon":false,"views":"[{\"sightline_id\": \"sl_e7d8156a\", \"toward\": \"a\", \"distance_m\": 19.7}, {\"sightline_id\": \"sl_e7d8156a\", \"toward\": \"b\", \"distance_m\": 19.7}]","tags":"{\"opening_hours\": \"Mo-Th 10:30-14:00, 16:30-22:30; Fr-Sa 10:30-14:00, 16:30-02:00; Su 10:30-14:00, 16:30-23:00\"}","marker-color":"#1f78b4"}},
{"type":"Feature","geometry":{"type":"Point","coordinates":[11.57304,48.16041]},"properties":{"id":"poi_n1788317239","name":"Das Florentiner Backhaus","kind":"cafe","at":[48.16041,11.57304],"osm_id":"node/1788317239","open_horizon":false,"views":"[{\"sightline_id\": \"sl_8d8d5983\", \"toward\": \"b\", \"distance_m\": 8.6}]","tags":"{\"cuisine\": \"cake\", \"opening_hours\": \"Mo-Fr 06:30-18:00; Sa 07:30-18:00; Su,PH 08:00-18:00\", \"outdoor_seating\": \"yes\"}","marker-color":"#1f78b4"}},
{"type":"Feature","geometry":{"type":"Point","coordinates":[11.57342,48.16038]},"properties":{"id":"poi_n1788320027","name":"Diatonic Kaffeeladen","kind":"cafe","at":[48.16038,11.57342],"osm_id":"node/1788320027","open_horizon":false,"views":"[{\"sightline_id\": \"sl_8d8d5983\", \"toward\": \"b\", \"distance_m\": 18.4}]","tags":"{\"opening_hours\": \"Tu-Fr 07:15-15:30; Sa 09:15-15:30\"}","marker-color":"#1f78b4"}},
{"type":"Feature","geometry":{"type":"Point","coordinates":[11.57467,48.16143]},"properties":{"id":"poi_n1788352953","name":"The Indian Room","kind":"restaurant","at":[48.16143,11.57467],"osm_id":"node/1788352953","open_horizon":false,"views":"[{\"sightline_id\": \"sl_79d740de\", \"toward\": \"b\", \"distance_m\": 9.3}]","tags":"{\"cuisine\": \"indian\", \"opening_hours\": \"Tu-Su 17:30-23:30; Mo off\", \"outdoor_seating\": \"yes\"}","marker-color":"#1f78b4"}},
{"type":"Feature","geometry":{"type":"Point","coordinates":[11.58479,48.15683]},"properties":{"id":"poi_n1788814868","name":"yā | The Mandarin Room","kind":"restaurant","at":[48.15683,11.58479],"osm_id":"node/1788814868","open_horizon":false,"views":"[{\"sightline_id\": \"sl_302cf079\", \"toward\": \"a\", \"distance_m\": 29.2}, {\"sightline_id\": \"sl_302cf079\", \"toward\": \"b\", \"distance_m\": 29.2}]","tags":"{\"cuisine\": \"asian;chinese;cantonese\", \"opening_hours\": \"Mo-Th 18:00-23:00, Fr 18:00-00:00; Sa-Su 11:00-14:30, 18:00-00:00\", \"outdoor_seating\": \"yes\"}","marker-color":"#1f78b4"}},
{"type":"Feature","geometry":{"type":"Point","coordinates":[11.55878,48.13824]},"properties":{"id":"poi_n1795365717","name":"Bistro Lavash Gözleme","kind":"cafe","at":[48.13824,11.55878],"osm_id":"node/1795365717","open_horizon":false,"views":"[{\"sightline_id\": \"sl_20f86686\", \"toward\": \"a\", \"distance_m\": 11.5}]","tags":"{\"cuisine\": \"turkish\", \"opening_hours\": \"Mo-We 11:00-21:00; Fr-Sa 11:00-22:00; Su 11:00-20:00\", \"outdoor_seating\": \"no\"}","marker-color":"#1f78b4"}},
{"type":"Feature","geometry":{"type":"Point","coordinates":[11.5775,48.15187]},"properties":{"id":"poi_n1802720742","name":"Gartensalon","kind":"cafe","at":[48.15187,11.5775],"osm_id":"node/1802720742","open_horizon":false,"views":"[{\"sightline_id\": \"sl_b3216b45\", \"toward\": \"a\", \"distance_m\": 36.5}, {\"sightline_id\": \"sl_b3216b45\", \"toward\": \"b\", \"distance_m\": 36.5}]","tags":"{\"opening_hours\": \"Su 10:00-17:00; Sa 10:00-17:00\", \"outdoor_seating\": \"yes\", \"phone\": \"+49 89 28778604\", \"website\": \"https://www.gartensalon.net/\"}","marker-color":"#1f78b4"}},
{"type":"Feature","geometry":{"type":"Point","coordinates":[11.57478,48.15724]},"properties":{"id":"poi_n181328634","name":"Wintergarten","kind":"pub","at":[48.15724,11.57478],"osm_id":"node/181328634","open_horizon":false,"views":"[{\"sightline_id\": \"sl_8f7da990\", \"toward\": \"a\", \"distance_m\": 25.1}, {\"sightline_id\": \"sl_8f7da990\", \"toward\": \"b\", \"distance_m\": 25.1}]","tags":"{\"cuisine\": \"bavarian\", \"opening_hours\": \"Mo-Sa 10:00-24:00; Su 10:00-23:00\", \"outdoor_seating\": \"yes\"}","marker-color":"#1f78b4"}},
{"type":"Feature","geometry":{"type":"Point","coordinates":[11.56429,48.13209]},"properties":{"id":"poi_n1813634310","name":"Mixto","kind":"restaurant","at":[48.13209,11.56429],"osm_id":"node/1813634310","open_horizon":false,"views":"[{\"sightline_id\": \"sl_e8d3e711\", \"toward\": \"a\", \"distance_m\": 13.5}, {\"sightline_id\": \"sl_e8d3e711\", \"toward\": \"b\", \"distance_m\": 13.5}]","tags":"{\"cuisine\": \"italian\", \"opening_hours\": \"Mo-Sa 17:30-22:30\", \"outdoor_seating\": \"yes\", \"website\": \"https://mixto-cucina.de\"}","marker-color":"#1f78b4"}},
{"type":"Feature","geometry":{"type":"Point","coordinates":[11.53333,48.15497]},"properties":{"id":"poi_n1813634335","name":"Neulinger Brot & Feinbäckerei","kind":"cafe","at":[48.15497,11.53333],"osm_id":"node/1813634335","open_horizon":false,"views":"[{\"sightline_id\": \"sl_bea68911\", \"toward\": \"b\", \"distance_m\": 14.5}]","tags":"{\"opening_hours\": \"Mo-Fr 06:30-18:00; Sa 06:30-14:00; Su,PH 07:00-13:00\", \"outdoor_seating\": \"yes\"}","marker-color":"#1f78b4"}},
{"type":"Feature","geometry":{"type":"Point","coordinates":[11.53387,48.15512]},"properties":{"id":"poi_n1813634339","name":"Volk art - BAR DE TAPAS","kind":"restaurant","at":[48.15512,11.53387],"osm_id":"node/1813634339","open_horizon":false,"views":"[{\"sightline_id\": \"sl_bea68911\", \"toward\": \"a\", \"distance_m\": 13.3}, {\"sightline_id\": \"sl_bea68911\", \"toward\": \"b\", \"distance_m\": 13.3}]","tags":"{\"cuisine\": \"spanish\", \"opening_hours\": \"Mo,Sa 17:00-24:00; Tu-Fr 11:30-15:00,17:00-24:00\", \"outdoor_seating\": \"yes\"}","marker-color":"#1f78b4"}},
{"type":"Feature","geometry":{"type":"Point","coordinates":[11.60754,48.13928]},"properties":{"id":"poi_n1813634386","name":"Kerala","kind":"restaurant","at":[48.13928,11.60754],"osm_id":"node/1813634386","open_horizon":false,"views":"[{\"sightline_id\": \"sl_6a653de2\", \"toward\": \"a\", \"distance_m\": 27.2}]","tags":"{\"cuisine\": \"indian\", \"opening_hours\": \"Mo-Su 11:30-14:30, 17:30-23:00\", \"outdoor_seating\": \"yes\"}","marker-color":"#1f78b4"}},
{"type":"Feature","geometry":{"type":"Point","coordinates":[11.56529,48.1485]},"properties":{"id":"poi_n1813634813","name":"Caffee Bäckerei MÜLLER","kind":"cafe","at":[48.1485,11.56529],"osm_id":"node/1813634813","open_horizon":false,"views":"[{\"sightline_id\": \"sl_c6924d7e\", \"toward\": \"a\", \"distance_m\": 14.0}, {\"sightline_id\": \"sl_c6924d7e\", \"toward\": \"b\", \"distance_m\": 14.0}, {\"sightline_id\": \"sl_9752a41c\", \"toward\": \"a\", \"distance_m\": 19.6}, {\"sightline_id\": \"sl_9752a41c\", \"toward\": \"b\", \"distance_m\": 19.6}]","tags":"{\"opening_hours\": \"Mo-Fr 09:00-22:00, Sa,Su,PH 09:30-22:00\", \"outdoor_seating\": \"yes\"}","marker-color":"#1f78b4"}},
{"type":"Feature","geometry":{"type":"Point","coordinates":[11.60257,48.14001]},"properties":{"id":"poi_n1813634931","name":"der Prinzregent","kind":"cafe","at":[48.14001,11.60257],"osm_id":"node/1813634931","open_horizon":false,"views":"[{\"sightline_id\": \"sl_04c46e16\", \"toward\": \"a\", \"distance_m\": 28.1}, {\"sightline_id\": \"sl_04c46e16\", \"toward\": \"b\", \"distance_m\": 28.1}]","tags":"{\"opening_hours\": \"Mo-Fr 06:30-17:00\", \"outdoor_seating\": \"yes\"}","marker-color":"#1f78b4"}},
{"type":"Feature","geometry":{"type":"Point","coordinates":[11.59779,48.13606]},"properties":{"id":"poi_n1813637018","name":"Chocolatte","kind":"ice_cream","at":[48.13606,11.59779],"osm_id":"node/1813637018","open_horizon":false,"views":"[{\"sightline_id\": \"sl_414c81bc\", \"toward\": \"a\", \"distance_m\": 10.5}]","tags":"{\"opening_hours\": \"summer\", \"outdoor_seating\": \"no\"}","marker-color":"#1f78b4"}},
{"type":"Feature","geometry":{"type":"Point","coordinates":[11.59486,48.13374]},"properties":{"id":"poi_n1813637462","name":"Crêperie Bernard et Bernard","kind":"cafe","at":[48.13374,11.59486],"osm_id":"node/1813637462","open_horizon":false,"views":"[{\"sightline_id\": \"sl_be141589\", \"toward\": \"a\", \"distance_m\": 3.7}]","tags":"{\"cuisine\": \"crepe;french\", \"opening_hours\": \"Tu-Sa 17:00-23:30\", \"phone\": \"+49 89 4801173\", \"website\": \"https://www.creperie-bernard.de/\"}","marker-color":"#1f78b4"}},
{"type":"Feature","geometry":{"type":"Point","coordinates":[11.56473,48.15165]},"properties":{"id":"poi_n1813638199","name":"Giesinger Stehausschank","kind":"bar","at":[48.15165,11.56473],"osm_id":"node/1813638199","open_horizon":false,"views":"[{\"sightline_id\": \"sl_229e7580\", \"toward\": \"a\", \"distance_m\": 9.6}, {\"sightline_id\": \"sl_229e7580\", \"toward\": \"b\", \"distance_m\": 9.6}]","tags":"{\"opening_hours\": \"Tu-Sa 17:00-24:00\", \"outdoor_seating\": \"yes\", \"website\": \"https://www.giesinger-braeu.de/\"}","marker-color":"#1f78b4"}},
{"type":"Feature","geometry":{"type":"Point","coordinates":[11.57526,48.1341]},"properties":{"id":"poi_n1813638872","name":"Osteria Veneta","kind":"restaurant","at":[48.1341,11.57526],"osm_id":"node/1813638872","open_horizon":false,"views":"[{\"sightline_id\": \"sl_6838e0c2\", \"toward\": \"a\", \"distance_m\": 31.8}]","tags":"{\"opening_hours\": \"Mo-Sa 18:00+\"}","marker-color":"#1f78b4"}},
{"type":"Feature","geometry":{"type":"Point","coordinates":[11.53479,48.15541]},"properties":{"id":"poi_n1813639167","name":"Muffins 'n' More","kind":"pub","at":[48.15541,11.53479],"osm_id":"node/1813639167","open_horizon":false,"views":"[{\"sightline_id\": \"sl_bea68911\", \"toward\": \"a\", \"distance_m\": 8.2}, {\"sightline_id\": \"sl_bea68911\", \"toward\": \"b\", \"distance_m\": 8.2}, {\"sightline_id\": \"sl_b5457607\", \"toward\": \"b\", \"distance_m\": 26.2}]","tags":"{\"opening_hours\": \"We,Th 15:07-22:00; Fr,Sa 12:07-22:00; Su 12:07-20:00\"}","marker-color":"#1f78b4"}},
{"type":"Feature","geometry":{"type":"Point","coordinates":[11.56881,48.1522]},"properties":{"id":"poi_n1813639260","name":"Maxe Belle Spitz","kind":"bar","at":[48.1522,11.56881],"osm_id":"node/1813639260","open_horizon":false,"views":"[{\"sightline_id\": \"sl_1c73e5a8\", \"toward\": \"a\", \"distance_m\": 11.1}, {\"sightline_id\": \"sl_1c73e5a8\", \"toward\": \"b\", \"distance_m\": 11.1}]","tags":"{\"opening_hours\": \"We-Th 20:00-01:00; Fr-Sa 20:00-03:00\", \"outdoor_seating\": \"yes\"}","marker-color":"#1f78b4"}},
{"type":"Feature","geometry":{"type":"Point","coordinates":[11.57865,48.15091]},"properties":{"id":"poi_n1813640010","name":"Der verrückte Eismacher","kind":"ice_cream","at":[48.15091,11.57865],"osm_id":"node/1813640010","open_horizon":false,"views":"[{\"sightline_id\": \"sl_1932a3df\", \"toward\": \"a\", \"distance_m\": 14.2}, {\"sightline_id\": \"sl_1932a3df\", \"toward\": \"b\", \"distance_m\": 14.2}]","tags":"{\"opening_hours\": \"Mo-Su,PH 11:30-22:00\", \"outdoor_seating\": \"yes\"}","marker-color":"#1f78b4"}},
{"type":"Feature","geometry":{"type":"Point","coordinates":[11.57493,48.13114]},"properties":{"id":"poi_n1813640190","name":"Poushe Strudel","kind":"cafe","at":[48.13114,11.57493],"osm_id":"node/1813640190","open_horizon":false,"views":"[{\"sightline_id\": \"sl_53b1b3ea\", \"toward\": \"b\", \"distance_m\": 7.9}]","tags":"{\"opening_hours\": \"We-Fr 11:00-18:00; Su 14:00-17:00; Sa 11:00-19:00\"}","marker-color":"#1f78b4"}},
{"type":"Feature","geometry":{"type":"Point","coordinates":[11.57912,48.1516]},"properties":{"id":"poi_n1813640453","name":"Cafe Amalien","kind":"cafe","at":[48.1516,11.57912],"osm_id":"node/1813640453","open_horizon":false,"views":"[{\"sightline_id\": \"sl_1932a3df\", \"toward\": \"b\", \"distance_m\": 12.8}]","tags":"{\"opening_hours\": \"Mo-Fr 07:00-19:00; Sa 08:00-16:00; Su,PH off\", \"outdoor_seating\": \"yes\"}","marker-color":"#1f78b4"}},
{"type":"Feature","geometry":{"type":"Point","coordinates":[11.57393,48.13027]},"properties":{"id":"poi_n1813640480","name":"Pini","kind":"cafe","at":[48.13027,11.57393],"osm_id":"node/1813640480","open_horizon":false,"views":"[{\"sightline_id\": \"sl_53b1b3ea\", \"toward\": \"a\", \"distance_m\": 13.7}, {\"sightline_id\": \"sl_53b1b3ea\", \"toward\": \"b\", \"distance_m\": 13.7}]","tags":"{\"cuisine\": \"coffee_shop\", \"opening_hours\": \"Mo-Th 09:00-23:00; Fr-Sa 09:00-24:00; Su 09:00-18:00\", \"outdoor_seating\": \"yes\"}","marker-color":"#1f78b4"}},
{"type":"Feature","geometry":{"type":"Point","coordinates":[11.57659,48.15151]},"properties":{"id":"poi_n1813641124","name":"Mr. Ben","kind":"cafe","at":[48.15151,11.57659],"osm_id":"node/1813641124","open_horizon":false,"views":"[{\"sightline_id\": \"sl_b3216b45\", \"toward\": \"a\", \"distance_m\": 9.6}, {\"sightline_id\": \"sl_b3216b45\", \"toward\": \"b\", \"distance_m\": 9.6}]","tags":"{\"opening_hours\": \"Mo-Fr 07:00-20:00; Sa,Su 08:00-20:00\", \"outdoor_seating\": \"sidewalk\"}","marker-color":"#1f78b4"}},
{"type":"Feature","geometry":{"type":"Point","coordinates":[11.57993,48.13188]},"properties":{"id":"poi_n1813648411","name":"Ganga","kind":"restaurant","at":[48.13188,11.57993],"osm_id":"node/1813648411","open_horizon":false,"views":"[{\"sightline_id\": \"sl_609c344a\", \"toward\": \"a\", \"distance_m\": 4.3}, {\"sightline_id\": \"sl_609c344a\", \"toward\": \"b\", \"distance_m\": 4.3}]","tags":"{\"cuisine\": \"indian\", \"opening_hours\": \"Mo-Fr 11:30-14:30; Mo-Su 17:30-24:00\", \"outdoor_seating\": \"no\"}","marker-color":"#1f78b4"}},
{"type":"Feature","geometry":{"type":"Point","coordinates":[11.57918,48.1517]},"properties":{"id":"poi_n1813648529","name":"Ice Date","kind":"ice_cream","at":[48.1517,11.57918],"osm_id":"node/1813648529","open_horizon":false,"views":"[{\"sightline_id\": \"sl_1932a3df\", \"toward\": \"b\", \"distance_m\": 12.2}, {\"sightline_id\": \"sl_950d235f\", \"toward\": \"a\", \"distance_m\": 34.2}, {\"sightline_id\": \"sl_950d235f\", \"toward\": \"b\", \"distance_m\": 34.2}]","tags":"{\"opening_hours\": \"Jul-Sep: We-Fr 13:00-22:00; Jul-Sep: Sa,Su 12:00-22:00\", \"outdoor_seating\": \"sidewalk\"}","marker-color":"#1f78b4"}},
{"type":"Feature","geometry":{"type":"Point","coordinates":[11.57545,48.14786]},"properties":{"id":"poi_n1813648597","name":"Theresa Grill","kind":"restaurant","at":[48.14786,11.57545],"osm_id":"node/1813648597","open_horizon":false,"views":"[{\"sightline_id\": \"sl_6a30d50e\", \"toward\": \"a\", \"distance_m\": 12.0}, {\"sightline_id\": \"sl_6a30d50e\", \"toward\": \"b\", \"distance_m\": 12.0}]","tags":"{\"cuisine\": \"steak_house\", \"opening_hours\": \"Mo-Sa 18:00+; Su off\", \"outdoor_seating\": \"yes\"}","marker-color":"#1f78b4"}},
{"type":"Feature","geometry":{"type":"Point","coordinates":[11.57716,48.14738]},"properties":{"id":"poi_n1813648645","name":"Aquitaine Vinothèque","kind":"bar","at":[48.14738,11.57716],"osm_id":"node/1813648645","open_horizon":false,"views":"[{\"sightline_id\": \"sl_6a30d50e\", \"toward\": \"a\", \"distance_m\": 12.3}, {\"sightline_id\": \"sl_6a30d50e\", \"toward\": \"b\", \"distance_m\": 12.3}, {\"sightline_id\": \"sl_1932a3df\", \"toward\": \"a\", \"distance_m\": 38.0}, {\"sightline_id\": \"sl_1932a3df\", \"toward\": \"b\", \"distance_m\": 38.0}]","tags":"{\"opening_hours\": \"We-Fr 15:00-20:00; Sa,Su,PH off\"}","marker-color":"#1f78b4"}},
{"type":"Feature","geometry":{"type":"Point","coordinates":[11.60609,48.14859]},"properties":{"id":"poi_n1813648839","name":"GOBI Sushi Bar","kind":"restaurant","at":[48.14859,11.60609],"osm_id":"node/1813648839","open_horizon":false,"views":"[{\"sightline_id\": \"sl_f3890816\", \"toward\": \"a\", \"distance_m\": 7.8}, {\"sightline_id\": \"sl_f3890816\", \"toward\": \"b\", \"distance_m\": 7.8}, {\"sightline_id\": \"sl_3595c9f9\", \"toward\": \"a\", \"distance_m\": 18.2}]","tags":"{\"cuisine\": \"sushi;vietnamese\", \"opening_hours\": \"Mo-Fr 11:30-15:00,17:30-22:30; Sa,PH 17:30-22:30\", \"phone\": \"+49 89 94467300\"}","marker-color":"#1f78b4"}},
{"type":"Feature","geometry":{"type":"Point","coordinates":[11.59939,48.13063]},"properties":{"id":"poi_n1813648882","name":"L'angolino","kind":"restaurant","at":[48.13063,11.59939],"osm_id":"node/1813648882","open_horizon":false,"views":"[{\"sightline_id\": \"sl_8ae12373\", \"toward\": \"a\", \"distance_m\": 6.8}, {\"sightline_id\": \"sl_8ae12373\", \"toward\": \"b\", \"distance_m\": 6.8}]","tags":"{\"cuisine\": \"italian;pizza;pasta\", \"opening_hours\": \"Tu-Fr 10:00-20:00; Sa 10:00-16:00\", \"outdoor_seating\": \"yes\"}","marker-color":"#1f78b4"}},
{"type":"Feature","geometry":{"type":"Point","coordinates":[11.59497,48.1285]},"properties":{"id":"poi_n1813650630","name":"Café la Maison","kind":"cafe","at":[48.1285,11.59497],"osm_id":"node/1813650630","open_horizon":false,"views":"[{\"sightline_id\": \"sl_05e56817\", \"toward\": \"a\", \"distance_m\": 39.9}]","tags":"{\"opening_hours\": \"Tu-Fr 08:00-18:30; Sa-Su 09:00-18:30\", \"outdoor_seating\": \"yes\", \"website\": \"http://www.cafe-maison.de\"}","marker-color":"#1f78b4"}},
{"type":"Feature","geometry":{"type":"Point","coordinates":[11.60713,48.1306]},"properties":{"id":"poi_n1813652342","name":"Meandros","kind":"pub","at":[48.1306,11.60713],"osm_id":"node/1813652342","open_horizon":false,"views":"[{\"sightline_id\": \"sl_b6239528\", \"toward\": \"a\", \"distance_m\": 5.7}, {\"sightline_id\": \"sl_b6239528\", \"toward\": \"b\", \"distance_m\": 5.7}, {\"sightline_id\": \"sl_5670f08f\", \"toward\": \"a\", \"distance_m\": 17.8}, {\"sightline_id\": \"sl_5670f08f\", \"toward\": \"b\", \"distance_m\": 17.8}]","tags":"{\"outdoor_seating\": \"yes\"}","marker-color":"#1f78b4"}},
{"type":"Feature","geometry":{"type":"Point","coordinates":[11.57638,48.15429]},"properties":{"id":"poi_n1823097248","name":"Kurfürstenstüberl","kind":"pub","at":[48.15429,11.57638],"osm_id":"node/1823097248","open_horizon":false,"views":"[{\"sightline_id\": \"sl_8e8aca80\", \"toward\": \"a\", \"distance_m\": 8.3}, {\"sightline_id\": \"sl_8e8aca80\", \"toward\": \"b\", \"distance_m\": 8.3}]","tags":"{\"opening_hours\": \"Mo-Sa 10:00-02:00; Su 10:00-00:00\"}","marker-color":"#1f78b4"}},
{"type":"Feature","geometry":{"type":"Point","coordinates":[11.53708,48.13377]},"properties":{"id":"poi_n1826892222","name":"Da Maria","kind":"restaurant","at":[48.13377,11.53708],"osm_id":"node/1826892222","open_horizon":false,"views":"[{\"sightline_id\": \"sl_e21752a2\", \"toward\": \"a\", \"distance_m\": 16.2}]","tags":"{\"cuisine\": \"italian;pizza\", \"opening_hours\": \"Su-Fr 11:30-14:30, 17:00-22:30\", \"outdoor_seating\": \"yes\"}","marker-color":"#1f78b4"}},
{"type":"Feature","geometry":{"type":"Point","coordinates":[11.45167,48.14181]},"properties":{"id":"poi_n1828406453","name":"Intermezzo","kind":"cafe","at":[48.14181,11.45167],"osm_id":"node/1828406453","open_horizon":false,"views":"[{\"sightline_id\": \"sl_9a21da30\", \"toward\": \"a\", \"distance_m\": 30.0}]","tags":"{\"cuisine\": \"coffee_shop\"}","marker-color":"#1f78b4"}},
{"type":"Feature","geometry":{"type":"Point","coordinates":[11.53842,48.13305]},"properties":{"id":"poi_n1834233651","name":"Simurg","kind":"cafe","at":[48.13305,11.53842],"osm_id":"node/1834233651","open_horizon":false,"views":"[{\"sightline_id\": \"sl_b96d5c9c\", \"toward\": \"b\", \"distance_m\": 15.3}]","tags":"{\"cuisine\": \"coffee_shop;german;sandwich\", \"opening_hours\": \"Mo-Su 09:00-18:00\", \"outdoor_seating\": \"yes\", \"phone\": \"+49 89 6930 9250\", \"website\": \"https://www.cafesimurg.de/\"}","marker-color":"#1f78b4"}},
{"type":"Feature","geometry":{"type":"Point","coordinates":[11.5532,48.15414]},"properties":{"id":"poi_n1835843739","name":"Loth Café","kind":"cafe","at":[48.15414,11.5532],"osm_id":"node/1835843739","open_horizon":false,"views":"[{\"sightline_id\": \"sl_34f39a83\", \"toward\": \"a\", \"distance_m\": 21.5}, {\"sightline_id\": \"sl_34f39a83\", \"toward\": \"b\", \"distance_m\": 21.5}, {\"sightline_id\": \"sl_4cac06f4\", \"toward\": \"a\", \"distance_m\": 33.0}, {\"sightline_id\": \"sl_4cac06f4\", \"toward\": \"b\", \"distance_m\": 33.0}]","tags":"{\"opening_hours\": \"Mo-Fr 07:00-18:00; Sa 08:00-15:00; Su off\", \"outdoor_seating\": \"yes\"}","marker-color":"#1f78b4"}},
{"type":"Feature","geometry":{"type":"Point","coordinates":[11.59918,48.12524]},"properties":{"id":"poi_n1836234731","name":"Tap-House Munich","kind":"bar","at":[48.12524,11.59918],"osm_id":"node/1836234731","open_horizon":false,"views":"[{\"sightline_id\": \"sl_5670f08f\", \"toward\": \"a\", \"distance_m\": 5.9}, {\"sightline_id\": \"sl_b6239528\", \"toward\": \"a\", \"distance_m\": 20.2}, {\"sightline_id\": \"sl_d2bc76ac\", \"toward\": \"a\", \"distance_m\": 21.7}, {\"sightline_id\": \"sl_d2bc76ac\", \"toward\": \"b\", \"distance_m\": 21.7}]","tags":"{\"cuisine\": \"burger\", \"opening_hours\": \"Mo-Th 18:00-00:00; Fr-Sa 18:00-01:00\", \"outdoor_seating\": \"no\", \"phone\": \"+49 89 62231187\", \"website\": \"https://taphouse-münchen.de\"}","marker-color":"#1f78b4"}},
{"type":"Feature","geometry":{"type":"Point","coordinates":[11.50199,48.11237]},"properties":{"id":"poi_n1837958211","name":"Soohu","kind":"restaurant","at":[48.11237,11.50199],"osm_id":"node/1837958211","open_horizon":false,"views":"[{\"sightline_id\": \"sl_e4608dbb\", \"toward\": \"a\", \"distance_m\": 16.3}, {\"sightline_id\": \"sl_e4608dbb\", \"toward\": \"b\", \"distance_m\": 16.3}, {\"sightline_id\": \"sl_a32aa070\", \"toward\": \"a\", \"distance_m\": 20.1}]","tags":"{\"cuisine\": \"asian;korean;barbecue\", \"opening_hours\": \"Mo-Th 17:00-23:00; Fr 12:00-15:00,17:00-23:00; Sa,Su,PH 12:00-23:00\", \"outdoor_seating\": \"yes\"}","marker-color":"#1f78b4"}},
{"type":"Feature","geometry":{"type":"Point","coordinates":[11.53632,48.14898]},"properties":{"id":"poi_n1841126865","name":"New Delhi","kind":"restaurant","at":[48.14898,11.53632],"osm_id":"node/1841126865","open_horizon":false,"views":"[{\"sightline_id\": \"sl_457750b8\", \"toward\": \"a\", \"distance_m\": 11.5}, {\"sightline_id\": \"sl_457750b8\", \"toward\": \"b\", \"distance_m\": 11.5}]","tags":"{\"cuisine\": \"indian\", \"opening_hours\": \"Mo-Fr 11:30-14:30, Mo-Sa 17:30-23:30; Su,PH 12:00-23:00\", \"outdoor_seating\": \"yes\", \"phone\": \"+49 89 85670230\", \"website\": \"https://www.newdelhi-lieferservice.com/\"}","marker-color":"#1f78b4"}},
{"type":"Feature","geometry":{"type":"Point","coordinates":[11.54084,48.15435]},"properties":{"id":"poi_n1852211879","name":"Marbella","kind":"restaurant","at":[48.15435,11.54084],"osm_id":"node/1852211879","open_horizon":false,"views":"[{\"sightline_id\": \"sl_287c5745\", \"toward\": \"a\", \"distance_m\": 15.9}, {\"sightline_id\": \"sl_287c5745\", \"toward\": \"b\", \"distance_m\": 15.9}]","tags":"{\"cuisine\": \"spanish;mediterranean;european\", \"opening_hours\": \"Mo-Su 18:00-24:00\", \"outdoor_seating\": \"yes\", \"phone\": \"+49 89 12779753\"}","marker-color":"#1f78b4"}},
{"type":"Feature","geometry":{"type":"Point","coordinates":[11.56441,48.20278]},"properties":{"id":"poi_n1856411779","name":"Kapadokya","kind":"restaurant","at":[48.20278,11.56441],"osm_id":"node/1856411779","open_horizon":false,"views":"[{\"sightline_id\": \"sl_6df1d48f\", \"toward\": \"a\", \"distance_m\": 25.3}, {\"sightline_id\": \"sl_6df1d48f\", \"toward\": \"b\", \"distance_m\": 25.3}]","tags":"{\"cuisine\": \"turkish\", \"opening_hours\": \"Tu-Su 11:00-21:00\"}","marker-color":"#1f78b4"}},
{"type":"Feature","geometry":{"type":"Point","coordinates":[11.60066,48.17682]},"properties":{"id":"poi_n1856693486","name":"Grissini & Vini","kind":"restaurant","at":[48.17682,11.60066],"osm_id":"node/1856693486","open_horizon":false,"views":"[{\"sightline_id\": \"sl_b0b201f2\", \"toward\": \"a\", \"distance_m\": 29.9}, {\"sightline_id\": \"sl_b0b201f2\", \"toward\": \"b\", \"distance_m\": 29.9}]","tags":"{\"cuisine\": \"italian\", \"opening_hours\": \"PH Tu-Fr,Su 11:30-14:30,18:00-22:00; Sa 17:30-22:00; Mo off\", \"outdoor_seating\": \"yes\"}","marker-color":"#1f78b4"}},
{"type":"Feature","geometry":{"type":"Point","coordinates":[11.60123,48.17737]},"properties":{"id":"poi_n1856693487","name":"Estare","kind":"restaurant","at":[48.17737,11.60123],"osm_id":"node/1856693487","open_horizon":false,"views":"[{\"sightline_id\": \"sl_b0b201f2\", \"toward\": \"a\", \"distance_m\": 30.8}, {\"sightline_id\": \"sl_b0b201f2\", \"toward\": \"b\", \"distance_m\": 30.8}]","tags":"{\"cuisine\": \"italian;kebab;turkish;greek\", \"opening_hours\": \"Mo-Su,PH 10:00-23:00\", \"outdoor_seating\": \"yes\", \"phone\": \"+49 89 41226948\", \"website\": \"https://www.estare.de/\"}","marker-color":"#1f78b4"}},
{"type":"Feature","geometry":{"type":"Point","coordinates":[11.56132,48.12616]},"properties":{"id":"poi_n1861757589","name":"Savanna","kind":"restaurant","at":[48.12616,11.56132],"osm_id":"node/1861757589","open_horizon":false,"views":"[{\"sightline_id\": \"sl_d7ed4de6\", \"toward\": \"a\", \"distance_m\": 13.1}]","tags":"{\"cuisine\": \"african\", \"opening_hours\": \"Tu-Sa 17:00-23:00\"}","marker-color":"#1f78b4"}},
{"type":"Feature","geometry":{"type":"Point","coordinates":[11.60248,48.12752]},"properties":{"id":"poi_n1862650516","name":"Samarkand Grill und Burgerhaus","kind":"restaurant","at":[48.12752,11.60248],"osm_id":"node/1862650516","open_horizon":false,"views":"[{\"sightline_id\": \"sl_b6239528\", \"toward\": \"a\", \"distance_m\": 12.8}, {\"sightline_id\": \"sl_b6239528\", \"toward\": \"b\", \"distance_m\": 12.8}, {\"sightline_id\": \"sl_5670f08f\", \"toward\": \"a\", \"distance_m\": 15.2}, {\"sightline_id\": \"sl_5670f08f\", \"toward\": \"b\", \"distance_m\": 15.2}]","tags":"{\"opening_hours\": \"Mo-Fr 10:30-18:00; Sa 10:30-16:00; PH,Su off\", \"outdoor_seating\": \"no\", \"phone\": \"+49 89 43549900\", \"website\": \"https://samarkand-grill-und-burgerhaus.eatbu.com/\"}","marker-color":"#1f78b4"}},
{"type":"Feature","geometry":{"type":"Point","coordinates":[11.56718,48.13055]},"properties":{"id":"poi_n1871455028","name":"Botanista","kind":"cafe","at":[48.13055,11.56718],"osm_id":"node/1871455028","open_horizon":false,"views":"[{\"sightline_id\": \"sl_a03e96a7\", \"toward\": \"a\", \"distance_m\": 29.2}]","tags":"{\"opening_hours\": \"Su-Th 09:00-22:00, Fr,Sa 09:00-24:00\", \"outdoor_seating\": \"yes\", \"phone\": \"+4917659993056\", \"website\": \"https://www.botanista-muc.de/\"}","marker-color":"#1f78b4"}},
{"type":"Feature","geometry":{"type":"Point","coordinates":[11.57419,48.15066]},"properties":{"id":"poi_n1890925368","name":"gehölz","kind":"bar","at":[48.15066,11.57419],"osm_id":"node/1890925368","open_horizon":false,"views":"[{\"sightline_id\": \"sl_1c73e5a8\", \"toward\": \"a\", \"distance_m\": 13.1}, {\"sightline_id\": \"sl_1c73e5a8\", \"toward\": \"b\", \"distance_m\": 13.1}]","tags":"{\"opening_hours\": \"Tu-Th 17:00-24:00, Fr-Su 17:00-03:00\", \"outdoor_seating\": \"yes\"}","marker-color":"#1f78b4"}},
{"type":"Feature","geometry":{"type":"Point","coordinates":[11.58766,48.11427]},"properties":{"id":"poi_n1898412005","name":"Dong Que Quan","kind":"restaurant","at":[48.11427,11.58766],"osm_id":"node/1898412005","open_horizon":false,"views":"[{\"sightline_id\": \"sl_f6396d93\", \"toward\": \"a\", \"distance_m\": 11.9}, {\"sightline_id\": \"sl_f6396d93\", \"toward\": \"b\", \"distance_m\": 11.9}]","tags":"{\"cuisine\": \"vietnamese\", \"opening_hours\": \"Mo-Su 11:00-15:00,17:00-22:00\", \"phone\": \"+49 89 20569403\", \"website\": \"https://www.dongquequan.de/\"}","marker-color":"#1f78b4"}},
{"type":"Feature","geometry":{"type":"Point","coordinates":[11.58205,48.11773]},"properties":{"id":"poi_n1906966303","name":"70er","kind":"pub","at":[48.11773,11.58205],"osm_id":"node/1906966303","open_horizon":false,"views":"[{\"sightline_id\": \"sl_defc3d30\", \"toward\": \"a\", \"distance_m\": 12.0}, {\"sightline_id\": \"sl_defc3d30\", \"toward\": \"b\", \"distance_m\": 12.0}]","tags":"{}","marker-color":"#1f78b4"}},
{"type":"Feature","geometry":{"type":"Point","coordinates":[11.53399,48.16517]},"properties":{"id":"poi_n1912968798","name":"Cafe am Dantepark","kind":"cafe","at":[48.16517,11.53399],"osm_id":"node/1912968798","open_horizon":false,"views":"[{\"sightline_id\": \"sl_6a3964e6\", \"toward\": \"a\", \"distance_m\": 23.0}, {\"sightline_id\": \"sl_6a3964e6\", \"toward\": \"b\", \"distance_m\": 23.0}]","tags":"{}","marker-color":"#1f78b4"}},
{"type":"Feature","geometry":{"type":"Point","coordinates":[11.55733,48.12115]},"properties":{"id":"poi_n1917726215","name":"Los Bandidos","kind":"restaurant","at":[48.12115,11.55733],"osm_id":"node/1917726215","open_horizon":false,"views":"[{\"sightline_id\": \"sl_d3ff10ba\", \"toward\": \"a\", \"distance_m\": 14.8}, {\"sightline_id\": \"sl_d3ff10ba\", \"toward\": \"b\", \"distance_m\": 14.8}]","tags":"{\"cuisine\": \"mexican\", \"opening_hours\": \"closed\", \"outdoor_seating\": \"no\"}","marker-color":"#1f78b4"}},
{"type":"Feature","geometry":{"type":"Point","coordinates":[11.46313,48.14637]},"properties":{"id":"poi_n1927068359","name":"Viva","kind":"restaurant","at":[48.14637,11.46313],"osm_id":"node/1927068359","open_horizon":false,"views":"[{\"sightline_id\": \"sl_9466a8e6\", \"toward\": \"b\", \"distance_m\": 6.5}]","tags":"{\"cuisine\": \"pizza\"}","marker-color":"#1f78b4"}},
{"type":"Feature","geometry":{"type":"Point","coordinates":[11.42348,48.14299]},"properties":{"id":"poi_n1944618683","name":null,"kind":"ice_cream","at":[48.14299,11.42348],"osm_id":"node/1944618683","open_horizon":false,"views":"[{\"sightline_id\": \"sl_5ca808b8\", \"toward\": \"a\", \"distance_m\": 22.3}, {\"sightline_id\": \"sl_5ca808b8\", \"toward\": \"b\", \"distance_m\": 22.3}, {\"sightline_id\": \"sl_03c4e1ac\", \"toward\": \"b\", \"distance_m\": 28.4}]","tags":"{}","marker-color":"#1f78b4"}},
{"type":"Feature","geometry":{"type":"Point","coordinates":[11.58362,48.1188]},"properties":{"id":"poi_n1962225140","name":"La Migliore","kind":"restaurant","at":[48.1188,11.58362],"osm_id":"node/1962225140","open_horizon":false,"views":"[{\"sightline_id\": \"sl_defc3d30\", \"toward\": \"a\", \"distance_m\": 15.5}]","tags":"{\"cuisine\": \"pizza\", \"opening_hours\": \"Tu-Th 11:00-14:30,17:00-23:00; Sa 14:00-23:00; Su 12:00-23:00\", \"outdoor_seating\": \"yes\"}","marker-color":"#1f78b4"}},
{"type":"Feature","geometry":{"type":"Point","coordinates":[11.55053,48.11214]},"properties":{"id":"poi_n1968207486","name":"Amore Mio","kind":"restaurant","at":[48.11214,11.55053],"osm_id":"node/1968207486","open_horizon":false,"views":"[{\"sightline_id\": \"sl_b6c8fa2b\", \"toward\": \"b\", \"distance_m\": 12.0}]","tags":"{\"cuisine\": \"italian\", \"outdoor_seating\": \"yes\"}","marker-color":"#1f78b4"}},
{"type":"Feature","geometry":{"type":"Point","coordinates":[11.55963,48.14955]},"properties":{"id":"poi_n1973760268","name":"RAW","kind":"pub","at":[48.14955,11.55963],"osm_id":"node/1973760268","open_horizon":false,"views":"[{\"sightline_id\": \"sl_d1452881\", \"toward\": \"b\", \"distance_m\": 7.5}, {\"sightline_id\": \"sl_c6924d7e\", \"toward\": \"a\", \"distance_m\": 37.2}]","tags":"{\"opening_hours\": \"We-Sa 20:00-01:00\", \"outdoor_seating\": \"yes\"}","marker-color":"#1f78b4"}},
{"type":"Feature","geometry":{"type":"Point","coordinates":[11.5438,48.12092]},"properties":{"id":"poi_n1973947159","name":"Ninh","kind":"restaurant","at":[48.12092,11.5438],"osm_id":"node/1973947159","open_horizon":false,"views":"[{\"sightline_id\": \"sl_f6d0b0ad\", \"toward\": \"b\", \"distance_m\": 4.9}, {\"sightline_id\": \"sl_2a7f3b60\", \"toward\": \"a\", \"distance_m\": 15.7}]","tags":"{\"cuisine\": \"vietnamese\", \"opening_hours\": \"Mo-Fr 11:30-14:30,17:30-22:00; Sa-Su 11:30-14:30,17:30-22:00\", \"phone\": \"+49 89 7675 8448\", \"website\": \"https://www.ninh-restaurant.de/\"}","marker-color":"#1f78b4"}},
{"type":"Feature","geometry":{"type":"Point","coordinates":[11.54219,48.11937]},"properties":{"id":"poi_n1973948933","name":"Pizzeria Europa","kind":"restaurant","at":[48.11937,11.54219],"osm_id":"node/1973948933","open_horizon":false,"views":"[{\"sightline_id\": \"sl_10982d7a\", \"toward\": \"a\", \"distance_m\": 5.9}, {\"sightline_id\": \"sl_2641f4e4\", \"toward\": \"b\", \"distance_m\": 22.5}]","tags":"{\"cuisine\": \"italian\", \"opening_hours\": \"Mo-Su 11:00-24:00\", \"phone\": \"+49 89 7478285\", \"website\": \"https://pizzeria-europabar.de/\"}","marker-color":"#1f78b4"}},
{"type":"Feature","geometry":{"type":"Point","coordinates":[11.54372,48.12013]},"properties":{"id":"poi_n1973956840","name":"Centro Español","kind":"restaurant","at":[48.12013,11.54372],"osm_id":"node/1973956840","open_horizon":false,"views":"[{\"sightline_id\": \"sl_f6d0b0ad\", \"toward\": \"a\", \"distance_m\": 7.8}, {\"sightline_id\": \"sl_f6d0b0ad\", \"toward\": \"b\", \"distance_m\": 7.8}]","tags":"{\"cuisine\": \"spanish\", \"opening_hours\": \"Mo-Sa 17:30-23:00; Su 17:00-23:00\", \"outdoor_seating\": \"yes\"}","marker-color":"#1f78b4"}},
{"type":"Feature","geometry":{"type":"Point","coordinates":[11.54368,48.11966]},"properties":{"id":"poi_n1973959952","name":"Pschorr Krug","kind":"restaurant","at":[48.11966,11.54368],"osm_id":"node/1973959952","open_horizon":false,"views":"[{\"sightline_id\": \"sl_f6d0b0ad\", \"toward\": \"a\", \"distance_m\": 8.6}, {\"sightline_id\": \"sl_f6d0b0ad\", \"toward\": \"b\", \"distance_m\": 8.6}, {\"sightline_id\": \"sl_2641f4e4\", \"toward\": \"b\", \"distance_m\": 14.0}]","tags":"{\"cuisine\": \"romanian;international\", \"opening_hours\": \"Mo,We-Fr 11:30-14:30, Mo,We-Fr 17:30-23:00, Sa 17:30-23:00, Su 12:00-21:00\"}","marker-color":"#1f78b4"}},
{"type":"Feature","geometry":{"type":"Point","coordinates":[11.42379,48.15845]},"properties":{"id":"poi_n197903310","name":"Allerlei","kind":"restaurant","at":[48.15845,11.42379],"osm_id":"node/197903310","open_horizon":false,"views":"[{\"sightline_id\": \"sl_ff7cd1f3\", \"toward\": \"a\", \"distance_m\": 11.3}, {\"sightline_id\": \"sl_ff7cd1f3\", \"toward\": \"b\", \"distance_m\": 11.3}]","tags":"{}","marker-color":"#1f78b4"}},
{"type":"Feature","geometry":{"type":"Point","coordinates":[11.51164,48.18139]},"properties":{"id":"poi_n198195528","name":"Bella Italia","kind":"restaurant","at":[48.18139,11.51164],"osm_id":"node/198195528","open_horizon":false,"views":"[{\"sightline_id\": \"sl_d0873431\", \"toward\": \"a\", \"distance_m\": 24.3}, {\"sightline_id\": \"sl_ed8ad2eb\", \"toward\": \"b\", \"distance_m\": 28.9}]","tags":"{\"cuisine\": \"italian\", \"opening_hours\": \"Mo-Su 11:30-23:30\"}","marker-color":"#1f78b4"}},
{"type":"Feature","geometry":{"type":"Point","coordinates":[11.54234,48.11947]},"properties":{"id":"poi_n2015822730","name":"Giesinger Stehausschank","kind":"bar","at":[48.11947,11.54234],"osm_id":"node/2015822730","open_horizon":false,"views":"[{\"sightline_id\": \"sl_2641f4e4\", \"toward\": \"b\", \"distance_m\": 11.2}, {\"sightline_id\": \"sl_10982d7a\", \"toward\": \"a\", \"distance_m\": 15.9}]","tags":"{\"opening_hours\": \"Tu-Sa 16:00-24:00\", \"outdoor_seating\": \"yes\"}","marker-color":"#1f78b4"}},
{"type":"Feature","geometry":{"type":"Point","coordinates":[11.54556,48.12019]},"properties":{"id":"poi_n2015833278","name":"Kneipe A21","kind":"pub","at":[48.12019,11.54556],"osm_id":"node/2015833278","open_horizon":false,"views":"[{\"sightline_id\": \"sl_c779e6ab\", \"toward\": \"a\", \"distance_m\": 15.5}, {\"sightline_id\": \"sl_c779e6ab\", \"toward\": \"b\", \"distance_m\": 15.5}]","tags":"{}","marker-color":"#1f78b4"}},
{"type":"Feature","geometry":{"type":"Point","coordinates":[11.57571,48.11919]},"properties":{"id":"poi_n2018170858","name":"Happy Food","kind":"restaurant","at":[48.11919,11.57571],"osm_id":"node/2018170858","open_horizon":false,"views":"[{\"sightline_id\": \"sl_5346ff63\", \"toward\": \"b\", \"distance_m\": 7.2}]","tags":"{\"cuisine\": \"asian\", \"opening_hours\": \"Mo-Fr 11:30-21:00; Sa 12:00-17:00\"}","marker-color":"#1f78b4"}},
{"type":"Feature","geometry":{"type":"Point","coordinates":[11.57502,48.11928]},"properties":{"id":"poi_n2018441423","name":"Café-Bistro Roj","kind":"cafe","at":[48.11928,11.57502],"osm_id":"node/2018441423","open_horizon":false,"views":"[{\"sightline_id\": \"sl_5346ff63\", \"toward\": \"a\", \"distance_m\": 24.5}, {\"sightline_id\": \"sl_5346ff63\", \"toward\": \"b\", \"distance_m\": 24.5}]","tags":"{\"opening_hours\": \"Mo-Sa 08:00-22:00; Su 08:00-20:00\", \"phone\": \"+49 89 62069222\", \"website\": \"https://www.cafe-bistro-rom.com/\"}","marker-color":"#1f78b4"}},
{"type":"Feature","geometry":{"type":"Point","coordinates":[11.58301,48.11431]},"properties":{"id":"poi_n2021959888","name":"Giesinger Alm","kind":"restaurant","at":[48.11431,11.58301],"osm_id":"node/2021959888","open_horizon":false,"views":"[{\"sightline_id\": \"sl_855a6100\", \"toward\": \"b\", \"distance_m\": 33.8}]","tags":"{\"opening_hours\": \"Mo-Sa 16:00-24:00+; Su 14:00-24:00+\", \"phone\": \"+49 89 6924748\"}","marker-color":"#1f78b4"}},
{"type":"Feature","geometry":{"type":"Point","coordinates":[11.60035,48.18739]},"properties":{"id":"poi_n2065682275","name":"Kantine 2020","kind":"restaurant","at":[48.18739,11.60035],"osm_id":"node/2065682275","open_horizon":false,"views":"[{\"sightline_id\": \"sl_880f9d40\", \"toward\": \"a\", \"distance_m\": 29.0}, {\"sightline_id\": \"sl_880f9d40\", \"toward\": \"b\", \"distance_m\": 29.0}]","tags":"{\"cuisine\": \"international\", \"opening_hours\": \"Mo-Fr 07:30-15:00\", \"website\": \"https://pur-esszellent.de/kantine-20%c2%b720-muenchen-frische-mittagspause-im-company-house-2/\"}","marker-color":"#1f78b4"}},
{"type":"Feature","geometry":{"type":"Point","coordinates":[11.56339,48.13752]},"properties":{"id":"poi_n2087516306","name":"Ratchada","kind":"restaurant","at":[48.13752,11.56339],"osm_id":"node/2087516306","open_horizon":false,"views":"[{\"sightline_id\": \"sl_d3d5ebce\", \"toward\": \"b\", \"distance_m\": 7.8}]","tags":"{\"cuisine\": \"thai\", \"opening_hours\": \"Mo 15:00-23:00; Tu-Su 15:00-03:00\"}","marker-color":"#1f78b4"}},
{"type":"Feature","geometry":{"type":"Point","coordinates":[11.61376,48.1421]},"properties":{"id":"poi_n2087653759","name":"Acquarello","kind":"restaurant","at":[48.1421,11.61376],"osm_id":"node/2087653759","open_horizon":false,"views":"[{\"sightline_id\": \"sl_20dd5b13\", \"toward\": \"a\", \"distance_m\": 14.3}]","tags":"{\"cuisine\": \"italian\", \"outdoor_seating\": \"yes\"}","marker-color":"#1f78b4"}},
{"type":"Feature","geometry":{"type":"Point","coordinates":[11.67341,48.14394]},"properties":{"id":"poi_n2088699625","name":"Saigon Riem","kind":"restaurant","at":[48.14394,11.67341],"osm_id":"node/2088699625","open_horizon":false,"views":"[{\"sightline_id\": \"sl_71fdbc1d\", \"toward\": \"a\", \"distance_m\": 19.9}]","tags":"{\"cuisine\": \"asian\", \"opening_hours\": \"Tu-Fr 11:30-14:30,17:00-22:30; Sa,Su 17:00-22:30\", \"outdoor_seating\": \"yes\", \"website\": \"https://www.saigonriem.de\"}","marker-color":"#1f78b4"}},
{"type":"Feature","geometry":{"type":"Point","coordinates":[11.46094,48.15109]},"properties":{"id":"poi_n209147341","name":"Cantina","kind":"pub","at":[48.15109,11.46094],"osm_id":"node/209147341","open_horizon":false,"views":"[{\"sightline_id\": \"sl_54e3263b\", \"toward\": \"b\", \"distance_m\": 37.5}]","tags":"{\"opening_hours\": \"Su-We 10:00-23:30; Th-Sa 10:00-01:00\", \"outdoor_seating\": \"yes\"}","marker-color":"#1f78b4"}},
{"type":"Feature","geometry":{"type":"Point","coordinates":[11.5565,48.14976]},"properties":{"id":"poi_n2098997762","name":"barbarbar","kind":"bar","at":[48.14976,11.5565],"osm_id":"node/2098997762","open_horizon":false,"views":"[{\"sightline_id\": \"sl_583b0d6f\", \"toward\": \"a\", \"distance_m\": 31.2}, {\"sightline_id\": \"sl_583b0d6f\", \"toward\": \"b\", \"distance_m\": 31.2}]","tags":"{}","marker-color":"#1f78b4"}},
{"type":"Feature","geometry":{"type":"Point","coordinates":[11.59144,48.14217]},"properties":{"id":"poi_n2117586389","name":"Cafeteria des Wirtschaftsministeriums","kind":"restaurant","at":[48.14217,11.59144],"osm_id":"node/2117586389","open_horizon":false,"views":"[{\"sightline_id\": \"sl_5a3bf7bb\", \"toward\": \"a\", \"distance_m\": 31.8}, {\"sightline_id\": \"sl_5a3bf7bb\", \"toward\": \"b\", \"distance_m\": 31.8}]","tags":"{}","marker-color":"#1f78b4"}},
{"type":"Feature","geometry":{"type":"Point","coordinates":[11.55975,48.14982]},"properties":{"id":"poi_n211874140","name":"Casa Nostra","kind":"restaurant","at":[48.14982,11.55975],"osm_id":"node/211874140","open_horizon":false,"views":"[{\"sightline_id\": \"sl_c6924d7e\", \"toward\": \"a\", \"distance_m\": 6.7}, {\"sightline_id\": \"sl_d1452881\", \"toward\": \"a\", \"distance_m\": 8.9}, {\"sightline_id\": \"sl_d1452881\", \"toward\": \"b\", \"distance_m\": 8.9}]","tags":"{\"cuisine\": \"italian\", \"opening_hours\": \"Su-We 17:30-24:00, Th-Sa 17:00-01:00\", \"outdoor_seating\": \"yes\"}","marker-color":"#1f78b4"}},
{"type":"Feature","geometry":{"type":"Point","coordinates":[11.56076,48.14953]},"properties":{"id":"poi_n211874152","name":"Kaito","kind":"restaurant","at":[48.14953,11.56076],"osm_id":"node/211874152","open_horizon":false,"views":"[{\"sightline_id\": \"sl_c6924d7e\", \"toward\": \"a\", \"distance_m\": 8.0}, {\"sightline_id\": \"sl_c6924d7e\", \"toward\": \"b\", \"distance_m\": 8.0}]","tags":"{\"cuisine\": \"japanese\", \"opening_hours\": \"Mo-Sa 17:30-23:00\", \"outdoor_seating\": \"sidewalk\", \"website\": \"https://www.kaito-restaurant.com/de\"}","marker-color":"#1f78b4"}},
{"type":"Feature","geometry":{"type":"Point","coordinates":[11.56089,48.14971]},"properties":{"id":"poi_n219688125","name":"Drunken Cow","kind":"restaurant","at":[48.14971,11.56089],"osm_id":"node/219688125","open_horizon":false,"views":"[{\"sightline_id\": \"sl_c6924d7e\", \"toward\": \"a\", \"distance_m\": 14.1}, {\"sightline_id\": \"sl_c6924d7e\", \"toward\": \"b\", \"distance_m\": 14.1}]","tags":"{\"cuisine\": \"burger\", \"opening_hours\": \"Mo-Fr 11:30-14:00; Mo-Sa 17:00+\", \"outdoor_seating\": \"yes\"}","marker-color":"#1f78b4"}},
{"type":"Feature","geometry":{"type":"Point","coordinates":[11.56024,48.14989]},"properties":{"id":"poi_n219688132","name":"Giuliano Pikke","kind":"restaurant","at":[48.14989,11.56024],"osm_id":"node/219688132","open_horizon":false,"views":"[{\"sightline_id\": \"sl_c6924d7e\", \"toward\": \"a\", \"distance_m\": 14.7}]","tags":"{\"cuisine\": \"pizza\", \"opening_hours\": \"Mo-Fr 17:00-22:30; Sa-Su 12:30-22:30\", \"outdoor_seating\": \"sidewalk\", \"phone\": \"+49 89 37026206\", \"website\": \"https://guiliano-pikke.de\"}","marker-color":"#1f78b4"}},
{"type":"Feature","geometry":{"type":"Point","coordinates":[11.50254,48.10916]},"properties":{"id":"poi_n2214210177","name":"Locanda Busento","kind":"restaurant","at":[48.10916,11.50254],"osm_id":"node/2214210177","open_horizon":false,"views":"[{\"sightline_id\": \"sl_e4608dbb\", \"toward\": \"a\", \"distance_m\": 31.1}, {\"sightline_id\": \"sl_e4608dbb\", \"toward\": \"b\", \"distance_m\": 31.1}]","tags":"{\"cuisine\": \"italian\", \"opening_hours\": \"Mo-Su 11:30-23:30\", \"outdoor_seating\": \"yes\"}","marker-color":"#1f78b4"}},
{"type":"Feature","geometry":{"type":"Point","coordinates":[11.52349,48.09899]},"properties":{"id":"poi_n2265023379","name":"Food Today","kind":"restaurant","at":[48.09899,11.52349],"osm_id":"node/2265023379","open_horizon":false,"views":"[{\"sightline_id\": \"sl_e576c283\", \"toward\": \"a\", \"distance_m\": 17.2}, {\"sightline_id\": \"sl_e576c283\", \"toward\": \"b\", \"distance_m\": 17.2}, {\"sightline_id\": \"sl_7558f278\", \"toward\": \"a\", \"distance_m\": 24.5}, {\"sightline_id\": \"sl_7558f278\", \"toward\": \"b\", \"distance_m\": 24.5}]","tags":"{\"cuisine\": \"asian\", \"opening_hours\": \"Mo-Sa 11:00-21:00\", \"outdoor_seating\": \"yes\"}","marker-color":"#1f78b4"}},
{"type":"Feature","geometry":{"type":"Point","coordinates":[11.59314,48.1227]},"properties":{"id":"poi_n2269805616","name":"Tiato – Viet Deli","kind":"restaurant","at":[48.1227,11.59314],"osm_id":"node/2269805616","open_horizon":false,"views":"[{\"sightline_id\": \"sl_be287f5a\", \"toward\": \"b\", \"distance_m\": 18.8}]","tags":"{\"cuisine\": \"vietnamese\", \"opening_hours\": \"Mo-Su 11:00-23:00\", \"outdoor_seating\": \"yes\", \"phone\": \"+49 89 6226 9080\"}","marker-color":"#1f78b4"}},
{"type":"Feature","geometry":{"type":"Point","coordinates":[11.65517,48.10731]},"properties":{"id":"poi_n2282234657","name":"Bhima's","kind":"restaurant","at":[48.10731,11.65517],"osm_id":"node/2282234657","open_horizon":false,"views":"[{\"sightline_id\": \"sl_c6f9b22b\", \"toward\": \"a\", \"distance_m\": 36.3}, {\"sightline_id\": \"sl_c6f9b22b\", \"toward\": \"b\", \"distance_m\": 36.3}]","tags":"{\"cuisine\": \"indian\"}","marker-color":"#1f78b4"}},
{"type":"Feature","geometry":{"type":"Point","coordinates":[11.54542,48.14321]},"properties":{"id":"poi_n2284352325","name":"La Forchetta","kind":"restaurant","at":[48.14321,11.54542],"osm_id":"node/2284352325","open_horizon":false,"views":"[{\"sightline_id\": \"sl_b3d9d1bb\", \"toward\": \"a\", \"distance_m\": 36.7}]","tags":"{\"cuisine\": \"italian\", \"opening_hours\": \"Mo-Fr 11:00-23:00; Sa 17:00-23:00\"}","marker-color":"#1f78b4"}},
{"type":"Feature","geometry":{"type":"Point","coordinates":[11.57739,48.14891]},"properties":{"id":"poi_n2292435619","name":"Rosso Pizza","kind":"restaurant","at":[48.14891,11.57739],"osm_id":"node/2292435619","open_horizon":false,"views":"[{\"sightline_id\": \"sl_1932a3df\", \"toward\": \"a\", \"distance_m\": 13.4}, {\"sightline_id\": \"sl_1932a3df\", \"toward\": \"b\", \"distance_m\": 13.4}]","tags":"{\"cuisine\": \"pizza\", \"opening_hours\": \"Mo-Fr 18:00-22:00; Sa,Su,PH off, Mo-Fr 11:30-15:00\", \"outdoor_seating\": \"yes\"}","marker-color":"#1f78b4"}},
{"type":"Feature","geometry":{"type":"Point","coordinates":[11.57662,48.14728]},"properties":{"id":"poi_n2297885558","name":"Bar Sehnsucht","kind":"bar","at":[48.14728,11.57662],"osm_id":"node/2297885558","open_horizon":false,"views":"[{\"sightline_id\": \"sl_1932a3df\", \"toward\": \"a\", \"distance_m\": 5.1}, {\"sightline_id\": \"sl_1932a3df\", \"toward\": \"b\", \"distance_m\": 5.1}, {\"sightline_id\": \"sl_6a30d50e\", \"toward\": \"a\", \"distance_m\": 37.8}, {\"sightline_id\": \"sl_6a30d50e\", \"toward\": \"b\", \"distance_m\": 37.8}]","tags":"{\"opening_hours\": \"Tu,We 18:00-01:00, Th 18:00-02:00, Fr,Sa 18:00-03:00, Su 18:00-01:00\", \"outdoor_seating\": \"yes\"}","marker-color":"#1f78b4"}},
{"type":"Feature","geometry":{"type":"Point","coordinates":[11.56145,48.1545]},"properties":{"id":"poi_n2322334730","name":"Fairplay Saloon","kind":"restaurant","at":[48.1545,11.56145],"osm_id":"node/2322334730","open_horizon":false,"views":"[{\"sightline_id\": \"sl_1c73e5a8\", \"toward\": \"a\", \"distance_m\": 12.3}, {\"sightline_id\": \"sl_1c73e5a8\", \"toward\": \"b\", \"distance_m\": 12.3}, {\"sightline_id\": \"sl_d1452881\", \"toward\": \"a\", \"distance_m\": 16.9}, {\"sightline_id\": \"sl_d1452881\", \"toward\": \"b\", \"distance_m\": 16.9}]","tags":"{\"opening_hours\": \"Mo-Su 10:30+\", \"outdoor_seating\": \"sidewalk\"}","marker-color":"#1f78b4"}},
{"type":"Feature","geometry":{"type":"Point","coordinates":[11.5754,48.14968]},"properties":{"id":"poi_n2329915482","name":"laden","kind":"cafe","at":[48.14968,11.5754],"osm_id":"node/2329915482","open_horizon":false,"views":"[{\"sightline_id\": \"sl_b3216b45\", \"toward\": \"a\", \"distance_m\": 7.7}, {\"sightline_id\": \"sl_b3216b45\", \"toward\": \"b\", \"distance_m\": 7.7}]","tags":"{\"opening_hours\": \"Mo-Fr 10:00-22:00; Sa-Su 10:00-20:00\", \"outdoor_seating\": \"yes\"}","marker-color":"#1f78b4"}},
{"type":"Feature","geometry":{"type":"Point","coordinates":[11.56563,48.15347]},"properties":{"id":"poi_n2335043458","name":"zum Jagerhansl","kind":"bar","at":[48.15347,11.56563],"osm_id":"node/2335043458","open_horizon":false,"views":"[{\"sightline_id\": \"sl_229e7580\", \"toward\": \"a\", \"distance_m\": 9.7}, {\"sightline_id\": \"sl_229e7580\", \"toward\": \"b\", \"distance_m\": 9.7}, {\"sightline_id\": \"sl_1c73e5a8\", \"toward\": \"a\", \"distance_m\": 27.8}, {\"sightline_id\": \"sl_1c73e5a8\", \"toward\": \"b\", \"distance_m\": 27.8}]","tags":"{\"opening_hours\": \"Mo-Sa 10:30-02:00, Su 10:30-24:00\", \"outdoor_seating\": \"yes\"}","marker-color":"#1f78b4"}},
{"type":"Feature","geometry":{"type":"Point","coordinates":[11.57393,48.14249]},"properties":{"id":"poi_n2335047144","name":"Pietra Piccina","kind":"restaurant","at":[48.14249,11.57393],"osm_id":"node/2335047144","open_horizon":false,"views":"[{\"sightline_id\": \"sl_9df21fd2\", \"toward\": \"a\", \"distance_m\": 5.7}]","tags":"{\"opening_hours\": \"Mo-Fr 09:45-22:45\", \"outdoor_seating\": \"yes\"}","marker-color":"#1f78b4"}},
{"type":"Feature","geometry":{"type":"Point","coordinates":[11.5624,48.14868]},"properties":{"id":"poi_n2335067217","name":"Gyoza Bar","kind":"restaurant","at":[48.14868,11.5624],"osm_id":"node/2335067217","open_horizon":false,"views":"[{\"sightline_id\": \"sl_229e7580\", \"toward\": \"a\", \"distance_m\": 17.7}, {\"sightline_id\": \"sl_229e7580\", \"toward\": \"b\", \"distance_m\": 17.7}]","tags":"{\"cuisine\": \"chinese\", \"opening_hours\": \"Mo-Th 11:00-15:00,17:00-22:00; Fr,Sa 11:00-22:00\", \"outdoor_seating\": \"yes\"}","marker-color":"#1f78b4"}},
{"type":"Feature","geometry":{"type":"Point","coordinates":[11.56363,48.15055]},"properties":{"id":"poi_n2335079825","name":"AGusto77","kind":"restaurant","at":[48.15055,11.56363],"osm_id":"node/2335079825","open_horizon":false,"views":"[{\"sightline_id\": \"sl_229e7580\", \"toward\": \"a\", \"distance_m\": 16.8}, {\"sightline_id\": \"sl_229e7580\", \"toward\": \"b\", \"distance_m\": 16.8}]","tags":"{\"cuisine\": \"italian\", \"opening_hours\": \"Mo-Fr 11:30-15:00,17:30-23:00; Sa 17:30-23:00; Su off\", \"outdoor_seating\": \"no\", \"phone\": \"+49 89 45206969\", \"website\": \"https://agusto77.de/\"}","marker-color":"#1f78b4"}},
{"type":"Feature","geometry":{"type":"Point","coordinates":[11.61805,48.13042]},"properties":{"id":"poi_n2335092036","name":"Blue Ingwer","kind":"restaurant","at":[48.13042,11.61805],"osm_id":"node/2335092036","open_horizon":false,"views":"[{\"sightline_id\": \"sl_278b6e53\", \"toward\": \"a\", \"distance_m\": 25.9}, {\"sightline_id\": \"sl_278b6e53\", \"toward\": \"b\", \"distance_m\": 25.9}]","tags":"{\"cuisine\": \"japanese;sushi\", \"opening_hours\": \"Mo-Fr 11:30-14:30; 17:00-21:45; Sa,Su,PH 17:00-21:45\", \"outdoor_seating\": \"yes\", \"phone\": \"+49 89 4316174\", \"website\": \"https://blue-ingwer.geo.io/\"}","marker-color":"#1f78b4"}},
{"type":"Feature","geometry":{"type":"Point","coordinates":[11.57578,48.1278]},"properties":{"id":"poi_n2335092405","name":"Conditorei Mische","kind":"cafe","at":[48.1278,11.57578],"osm_id":"node/2335092405","open_horizon":false,"views":"[{\"sightline_id\": \"sl_f91ad012\", \"toward\": \"a\", \"distance_m\": 23.0}, {\"sightline_id\": \"sl_195c0dd2\", \"toward\": \"b\", \"distance_m\": 26.4}, {\"sightline_id\": \"sl_387fb7e3\", \"toward\": \"a\", \"distance_m\": 35.9}]","tags":"{\"opening_hours\": \"We-Sa 09:30-18:00; Su,PH 10:00-18:00\", \"outdoor_seating\": \"no\"}","marker-color":"#1f78b4"}},
{"type":"Feature","geometry":{"type":"Point","coordinates":[11.57059,48.1257]},"properties":{"id":"poi_n2335114176","name":"Auen-Backshop","kind":"cafe","at":[48.1257,11.57059],"osm_id":"node/2335114176","open_horizon":false,"views":"[{\"sightline_id\": \"sl_39d45671\", \"toward\": \"a\", \"distance_m\": 15.2}, {\"sightline_id\": \"sl_39d45671\", \"toward\": \"b\", \"distance_m\": 15.2}]","tags":"{\"cuisine\": \"cake\", \"opening_hours\": \"Mo-Fr 06:30-17:00; Sa 07:00-13:00; Su 08:00-11:00; PH off\", \"outdoor_seating\": \"no\", \"phone\": \"+49 89 20209383\"}","marker-color":"#1f78b4"}},
{"type":"Feature","geometry":{"type":"Point","coordinates":[11.57463,48.15871]},"properties":{"id":"poi_n2335119827","name":"Münchner Boulangerie","kind":"cafe","at":[48.15871,11.57463],"osm_id":"node/2335119827","open_horizon":false,"views":"[{\"sightline_id\": \"sl_8f7da990\", \"toward\": \"b\", \"distance_m\": 18.0}, {\"sightline_id\": \"sl_99ea3340\", \"toward\": \"a\", \"distance_m\": 34.3}]","tags":"{\"cuisine\": \"french\", \"opening_hours\": \"Mo-Fr 07:00-18:00; Sa,Su 08:00-18:00\", \"outdoor_seating\": \"yes\"}","marker-color":"#1f78b4"}},
{"type":"Feature","geometry":{"type":"Point","coordinates":[11.5773,48.14979]},"properties":{"id":"poi_n2335129587","name":"Kencho Matcha","kind":"cafe","at":[48.14979,11.5773],"osm_id":"node/2335129587","open_horizon":false,"views":"[{\"sightline_id\": \"sl_1c73e5a8\", \"toward\": \"a\", \"distance_m\": 11.4}, {\"sightline_id\": \"sl_1c73e5a8\", \"toward\": \"b\", \"distance_m\": 11.4}]","tags":"{\"opening_hours\": \"Tu-Su,PH 12:00-20:00\", \"outdoor_seating\": \"yes\"}","marker-color":"#1f78b4"}},
{"type":"Feature","geometry":{"type":"Point","coordinates":[11.5717,48.1211]},"properties":{"id":"poi_n2335142504","name":"Humboldt's","kind":"restaurant","at":[48.1211,11.5717],"osm_id":"node/2335142504","open_horizon":false,"views":"[{\"sightline_id\": \"sl_5346ff63\", \"toward\": \"a\", \"distance_m\": 20.2}]","tags":"{\"opening_hours\": \"Mo-Fr 17:00-01:00; Sa 18:00-03:00\", \"outdoor_seating\": \"yes\"}","marker-color":"#1f78b4"}},
{"type":"Feature","geometry":{"type":"Point","coordinates":[11.57194,48.12904]},"properties":{"id":"poi_n2335177178","name":"Cordobar","kind":"restaurant","at":[48.12904,11.57194],"osm_id":"node/2335177178","open_horizon":false,"views":"[{\"sightline_id\": \"sl_53b1b3ea\", \"toward\": \"a\", \"distance_m\": 15.0}]","tags":"{\"cuisine\": \"tapas\", \"phone\": \"+49 89 60 32 02\", \"website\": \"https://www.cordo-bar.de/\"}","marker-color":"#1f78b4"}},
{"type":"Feature","geometry":{"type":"Point","coordinates":[11.58382,48.16583]},"properties":{"id":"poi_n2335277199","name":"Made in Portugal & Brasil Feinkost","kind":"restaurant","at":[48.16583,11.58382],"osm_id":"node/2335277199","open_horizon":false,"views":"[{\"sightline_id\": \"sl_85a82b1e\", \"toward\": \"a\", \"distance_m\": 11.0}, {\"sightline_id\": \"sl_85a82b1e\", \"toward\": \"b\", \"distance_m\": 11.0}]","tags":"{\"opening_hours\": \"Mo-Fr 10:00-19:00; Sa 10:00-18:00\", \"phone\": \"+49 89 3500 4716\"}","marker-color":"#1f78b4"}},
{"type":"Feature","geometry":{"type":"Point","coordinates":[11.56188,48.15189]},"properties":{"id":"poi_n2335312069","name":"Sunshine","kind":"restaurant","at":[48.15189,11.56188],"osm_id":"node/2335312069","open_horizon":false,"views":"[{\"sightline_id\": \"sl_6a30d50e\", \"toward\": \"b\", \"distance_m\": 12.0}]","tags":"{\"cuisine\": \"ethiopian;eritrean\", \"opening_hours\": \"Mo-Su 07:30-22:30\", \"outdoor_seating\": \"yes\"}","marker-color":"#1f78b4"}},
{"type":"Feature","geometry":{"type":"Point","coordinates":[11.56157,48.15169]},"properties":{"id":"poi_n2335314067","name":"Ellis","kind":"cafe","at":[48.15169,11.56157],"osm_id":"node/2335314067","open_horizon":false,"views":"[{\"sightline_id\": \"sl_6a30d50e\", \"toward\": \"b\", \"distance_m\": 17.7}]","tags":"{\"opening_hours\": \"Mo-Sa 08:00-20:00; Su,PH off\", \"outdoor_seating\": \"yes\"}","marker-color":"#1f78b4"}},
{"type":"Feature","geometry":{"type":"Point","coordinates":[11.56052,48.15206]},"properties":{"id":"poi_n2335315817","name":"Soy Vegan München","kind":"restaurant","at":[48.15206,11.56052],"osm_id":"node/2335315817","open_horizon":false,"views":"[{\"sightline_id\": \"sl_d1452881\", \"toward\": \"a\", \"distance_m\": 9.5}, {\"sightline_id\": \"sl_d1452881\", \"toward\": \"b\", \"distance_m\": 9.5}, {\"sightline_id\": \"sl_6a30d50e\", \"toward\": \"b\", \"distance_m\": 10.0}]","tags":"{\"cuisine\": \"vietnamese\", \"opening_hours\": \"Mo-Su,PH 11:30-14:30,17:00-23:30\", \"outdoor_seating\": \"yes\", \"phone\": \"+49 89 54540886\", \"website\": \"https://soy-muenchen.com/\"}","marker-color":"#1f78b4"}},
{"type":"Feature","geometry":{"type":"Point","coordinates":[11.56323,48.14908]},"properties":{"id":"poi_n2336088851","name":"Mentor's Pizza","kind":"restaurant","at":[48.14908,11.56323],"osm_id":"node/2336088851","open_horizon":false,"views":"[{\"sightline_id\": \"sl_c6924d7e\", \"toward\": \"a\", \"distance_m\": 16.2}, {\"sightline_id\": \"sl_c6924d7e\", \"toward\": \"b\", \"distance_m\": 16.2}, {\"sightline_id\": \"sl_229e7580\", \"toward\": \"a\", \"distance_m\": 21.1}, {\"sightline_id\": \"sl_229e7580\", \"toward\": \"b\", \"distance_m\": 21.1}]","tags":"{\"cuisine\": \"italian\", \"opening_hours\": \"Mo-Su 11:00-23:00\", \"outdoor_seating\": \"yes\"}","marker-color":"#1f78b4"}},
{"type":"Feature","geometry":{"type":"Point","coordinates":[11.71096,48.11093]},"properties":{"id":"poi_n2351170017","name":"Truderinger Waldwirtschaft","kind":"restaurant","at":[48.11093,11.71096],"osm_id":"node/2351170017","open_horizon":false,"views":"[{\"sightline_id\": \"sl_19fb3d19\", \"toward\": \"b\", \"distance_m\": 33.0}]","tags":"{\"cuisine\": \"regional\", \"opening_hours\": \"Mo-Su 11:00-21:00\", \"outdoor_seating\": \"yes\", \"phone\": \"+49 89 61440099\", \"website\": \"https://truderinger-waldwirtschaft.de/\"}","marker-color":"#1f78b4"}},
{"type":"Feature","geometry":{"type":"Point","coordinates":[11.709,48.11112]},"properties":{"id":"poi_n2351174958","name":"Cortile","kind":"restaurant","at":[48.11112,11.709],"osm_id":"node/2351174958","open_horizon":false,"views":"[{\"sightline_id\": \"sl_b54acdb6\", \"toward\": \"a\", \"distance_m\": 16.4}, {\"sightline_id\": \"sl_b54acdb6\", \"toward\": \"b\", \"distance_m\": 16.4}]","tags":"{\"cuisine\": \"italian\", \"opening_hours\": \"Su 18:00-22:00; Su-Fr 11:30-14:30; Mo-Sa 18:00-22:30\", \"outdoor_seating\": \"yes\", \"website\": \"https://www.ristorante-cortile.de/\"}","marker-color":"#1f78b4"}},
{"type":"Feature","geometry":{"type":"Point","coordinates":[11.54773,48.11946]},"properties":{"id":"poi_n2354494363","name":"La Certosa","kind":"restaurant","at":[48.11946,11.54773],"osm_id":"node/2354494363","open_horizon":false,"views":"[{\"sightline_id\": \"sl_2641f4e4\", \"toward\": \"a\", \"distance_m\": 6.3}]","tags":"{\"cuisine\": \"italian\", \"opening_hours\": \"Mo-Fr 11:30-14:30, Mo-Sa 18:00-22:00; Su,PH off\", \"phone\": \"+49 89 7254522\"}","marker-color":"#1f78b4"}},
{"type":"Feature","geometry":{"type":"Point","coordinates":[11.59623,48.10766]},"properties":{"id":"poi_n2359842583","name":"Alluna Cake","kind":"cafe","at":[48.10766,11.59623],"osm_id":"node/2359842583","open_horizon":false,"views":"[{\"sightline_id\": \"sl_5aaa36d4\", \"toward\": \"a\", \"distance_m\": 35.0}, {\"sightline_id\": \"sl_5aaa36d4\", \"toward\": \"b\", \"distance_m\": 35.0}, {\"sightline_id\": \"sl_89409e6d\", \"toward\": \"a\", \"distance_m\": 37.6}]","tags":"{\"outdoor_seating\": \"yes\"}","marker-color":"#1f78b4"}},
{"type":"Feature","geometry":{"type":"Point","coordinates":[11.47932,48.11513]},"properties":{"id":"poi_n2375892971","name":"Haderner Augustiner","kind":"restaurant","at":[48.11513,11.47932],"osm_id":"node/2375892971","open_horizon":false,"views":"[{\"sightline_id\": \"sl_33a7ca45\", \"toward\": \"b\", \"distance_m\": 24.0}]","tags":"{\"cuisine\": \"bavarian\", \"opening_hours\": \"Tu-Su 11:30-23:00\", \"outdoor_seating\": \"yes\", \"website\": \"https://www.haderner-augustiner.de/\"}","marker-color":"#1f78b4"}},
{"type":"Feature","geometry":{"type":"Point","coordinates":[11.69988,48.11348]},"properties":{"id":"poi_n2379811354","name":"Guru","kind":"restaurant","at":[48.11348,11.69988],"osm_id":"node/2379811354","open_horizon":false,"views":"[{\"sightline_id\": \"sl_dacc3434\", \"toward\": \"b\", \"distance_m\": 28.3}]","tags":"{\"cuisine\": \"indian\", \"opening_hours\": \"Mo-Fr,Su 12:00-14:30,18:00-23:00; Sa 17:00-23:00\", \"outdoor_seating\": \"yes\", \"website\": \"https://www.guru-restaurant.de/\"}","marker-color":"#1f78b4"}},
{"type":"Feature","geometry":{"type":"Point","coordinates":[11.57653,48.15142]},"properties":{"id":"poi_n2401588657","name":"plex","kind":"cafe","at":[48.15142,11.57653],"osm_id":"node/2401588657","open_horizon":false,"views":"[{\"sightline_id\": \"sl_b3216b45\", \"toward\": \"a\", \"distance_m\": 8.9}, {\"sightline_id\": \"sl_b3216b45\", \"toward\": \"b\", \"distance_m\": 8.9}]","tags":"{\"outdoor_seating\": \"no\"}","marker-color":"#1f78b4"}},
{"type":"Feature","geometry":{"type":"Point","coordinates":[11.55361,48.1427]},"properties":{"id":"poi_n2402552055","name":"BR-Café","kind":"restaurant","at":[48.1427,11.55361],"osm_id":"node/2402552055","open_horizon":false,"views":"[{\"sightline_id\": \"sl_08e4cf20\", \"toward\": \"a\", \"distance_m\": 20.0}, {\"sightline_id\": \"sl_08e4cf20\", \"toward\": \"b\", \"distance_m\": 20.0}]","tags":"{\"cuisine\": \"snack;bread\", \"opening_hours\": \"Mo-Fr 08:30-17:00\"}","marker-color":"#1f78b4"}},
{"type":"Feature","geometry":{"type":"Point","coordinates":[11.5756,48.15322]},"properties":{"id":"poi_n2405810468","name":"benko","kind":"restaurant","at":[48.15322,11.5756],"osm_id":"node/2405810468","open_horizon":false,"views":"[{\"sightline_id\": \"sl_8f7da990\", \"toward\": \"a\", \"distance_m\": 11.7}, {\"sightline_id\": \"sl_8f7da990\", \"toward\": \"b\", \"distance_m\": 11.7}, {\"sightline_id\": \"sl_950d235f\", \"toward\": \"a\", \"distance_m\": 16.2}, {\"sightline_id\": \"sl_950d235f\", \"toward\": \"b\", \"distance_m\": 16.2}]","tags":"{\"opening_hours\": \"Mo-Sa 18:00-23:00\", \"outdoor_seating\": \"yes\"}","marker-color":"#1f78b4"}},
{"type":"Feature","geometry":{"type":"Point","coordinates":[11.54367,48.10391]},"properties":{"id":"poi_n2406260833","name":"Stammtisch","kind":"pub","at":[48.10391,11.54367],"osm_id":"node/2406260833","open_horizon":false,"views":"[{\"sightline_id\": \"sl_ae31ff3c\", \"toward\": \"a\", \"distance_m\": 17.0}]","tags":"{\"outdoor_seating\": \"yes\", \"phone\": \"+49 89 7233301\"}","marker-color":"#1f78b4"}},
{"type":"Feature","geometry":{"type":"Point","coordinates":[11.5802,48.09779]},"properties":{"id":"poi_n2431272940","name":"May Cake","kind":"cafe","at":[48.09779,11.5802],"osm_id":"node/2431272940","open_horizon":false,"views":"[{\"sightline_id\": \"sl_c107d057\", \"toward\": \"b\", \"distance_m\": 25.3}]","tags":"{\"opening_hours\": \"We-Fr 10:00-17:00; Sa-Su 09:00-17:00\", \"outdoor_seating\": \"yes\", \"website\": \"https://www.maycake.de\"}","marker-color":"#1f78b4"}},
{"type":"Feature","geometry":{"type":"Point","coordinates":[11.56092,48.14194]},"properties":{"id":"poi_n2431281938","name":"Cucurucu","kind":"pub","at":[48.14194,11.56092],"osm_id":"node/2431281938","open_horizon":false,"views":"[{\"sightline_id\": \"sl_59626cd8\", \"toward\": \"b\", \"distance_m\": 32.7}]","tags":"{}","marker-color":"#1f78b4"}},
{"type":"Feature","geometry":{"type":"Point","coordinates":[11.54559,48.11826]},"properties":{"id":"poi_n2431498613","name":"Schwarzer Engel","kind":"pub","at":[48.11826,11.54559],"osm_id":"node/2431498613","open_horizon":false,"views":"[{\"sightline_id\": \"sl_261f9971\", \"toward\": \"a\", \"distance_m\": 11.0}, {\"sightline_id\": \"sl_261f9971\", \"toward\": \"b\", \"distance_m\": 11.0}, {\"sightline_id\": \"sl_c779e6ab\", \"toward\": \"b\", \"distance_m\": 26.8}]","tags":"{\"opening_hours\": \"Su-Th 12:00-01:00, Fr,Sa 12:00-03:00\"}","marker-color":"#1f78b4"}},
{"type":"Feature","geometry":{"type":"Point","coordinates":[11.58558,48.16184]},"properties":{"id":"poi_n2431582873","name":"letcha organic tea room","kind":"cafe","at":[48.16184,11.58558],"osm_id":"node/2431582873","open_horizon":false,"views":"[{\"sightline_id\": \"sl_6b60b331\", \"toward\": \"b\", \"distance_m\": 9.8}]","tags":"{\"cuisine\": \"bubble_tea\", \"opening_hours\": \"Tu-Su 12:00-19:00\", \"phone\": \"+49 89 38989866\"}","marker-color":"#1f78b4"}},
{"type":"Feature","geometry":{"type":"Point","coordinates":[11.56094,48.15326]},"properties":{"id":"poi_n243666968","name":"BaTo Café","kind":"cafe","at":[48.15326,11.56094],"osm_id":"node/243666968","open_horizon":false,"views":"[{\"sightline_id\": \"sl_d1452881\", \"toward\": \"a\", \"distance_m\": 10.0}, {\"sightline_id\": \"sl_d1452881\", \"toward\": \"b\", \"distance_m\": 10.0}, {\"sightline_id\": \"sl_ea614def\", \"toward\": \"a\", \"distance_m\": 16.5}, {\"sightline_id\": \"sl_ea614def\", \"toward\": \"b\", \"distance_m\": 16.5}]","tags":"{\"opening_hours\": \"Mo off; Tu-Th 08:30-18:30; Sa 09:00-18:30; Su 09:00-17:00\", \"outdoor_seating\": \"yes\"}","marker-color":"#1f78b4"}},
{"type":"Feature","geometry":{"type":"Point","coordinates":[11.5627,48.15146]},"properties":{"id":"poi_n243934064","name":"Shaxe Bar","kind":"pub","at":[48.15146,11.5627],"osm_id":"node/243934064","open_horizon":false,"views":"[{\"sightline_id\": \"sl_6a30d50e\", \"toward\": \"a\", \"distance_m\": 9.3}, {\"sightline_id\": \"sl_6a30d50e\", \"toward\": \"b\", \"distance_m\": 9.3}, {\"sightline_id\": \"sl_b278f824\", \"toward\": \"a\", \"distance_m\": 28.9}]","tags":"{\"opening_hours\": \"Mo-Su 17:00-05:00\", \"outdoor_seating\": \"no\"}","marker-color":"#1f78b4"}},
{"type":"Feature","geometry":{"type":"Point","coordinates":[11.56536,48.1509]},"properties":{"id":"poi_n244015496","name":"Joon","kind":"cafe","at":[48.1509,11.56536],"osm_id":"node/244015496","open_horizon":false,"views":"[{\"sightline_id\": \"sl_6a30d50e\", \"toward\": \"a\", \"distance_m\": 10.1}, {\"sightline_id\": \"sl_6a30d50e\", \"toward\": \"b\", \"distance_m\": 10.1}]","tags":"{\"cuisine\": \"coffee_shop\", \"opening_hours\": \"Mo-Su 09:00-17:00\", \"outdoor_seating\": \"yes\", \"website\": \"http://cafejoon.de\"}","marker-color":"#1f78b4"}},
{"type":"Feature","geometry":{"type":"Point","coordinates":[11.56264,48.14923]},"properties":{"id":"poi_n244038467","name":"Wirtshaus Maxvorstadt","kind":"restaurant","at":[48.14923,11.56264],"osm_id":"node/244038467","open_horizon":false,"views":"[{\"sightline_id\": \"sl_c6924d7e\", \"toward\": \"a\", \"distance_m\": 14.6}, {\"sightline_id\": \"sl_c6924d7e\", \"toward\": \"b\", \"distance_m\": 14.6}, {\"sightline_id\": \"sl_229e7580\", \"toward\": \"a\", \"distance_m\": 26.2}, {\"sightline_id\": \"sl_229e7580\", \"toward\": \"b\", \"distance_m\": 26.2}]","tags":"{\"opening_hours\": \"Mo-Su 11:30-24:00\", \"outdoor_seating\": \"yes\"}","marker-color":"#1f78b4"}},
{"type":"Feature","geometry":{"type":"Point","coordinates":[11.5745,48.15529]},"properties":{"id":"poi_n2440534886","name":"Ali Bey","kind":"restaurant","at":[48.15529,11.5745],"osm_id":"node/2440534886","open_horizon":false,"views":"[{\"sightline_id\": \"sl_fce6bfbb\", \"toward\": \"a\", \"distance_m\": 7.5}, {\"sightline_id\": \"sl_f8e80ae8\", \"toward\": \"b\", \"distance_m\": 16.2}]","tags":"{\"cuisine\": \"turkish\", \"opening_hours\": \"Tu-Sa 17:00-24:00; Su,PH 16:00-23:00\", \"outdoor_seating\": \"yes\", \"phone\": \"+49 89 27374000\", \"website\": \"https://alibey-restaurant.de/\"}","marker-color":"#1f78b4"}},
{"type":"Feature","geometry":{"type":"Point","coordinates":[11.56717,48.13047]},"properties":{"id":"poi_n2463620244","name":"Zum Wolf","kind":"bar","at":[48.13047,11.56717],"osm_id":"node/2463620244","open_horizon":false,"views":"[{\"sightline_id\": \"sl_a03e96a7\", \"toward\": \"a\", \"distance_m\": 29.5}]","tags":"{\"opening_hours\": \"Mo-Su 18:00+\"}","marker-color":"#1f78b4"}},
{"type":"Feature","geometry":{"type":"Point","coordinates":[11.57997,48.15988]},"properties":{"id":"poi_n2467823350","name":"Bravo Grande","kind":"restaurant","at":[48.15988,11.57997],"osm_id":"node/2467823350","open_horizon":false,"views":"[{\"sightline_id\": \"sl_23ae6155\", \"toward\": \"a\", \"distance_m\": 13.0}, {\"sightline_id\": \"sl_23ae6155\", \"toward\": \"b\", \"distance_m\": 13.0}]","tags":"{\"cuisine\": \"italian\", \"opening_hours\": \"Mo-Fr 11:00-01:00; Sa 10:00-01:00; Su 10:00-20:00\", \"outdoor_seating\": \"yes\"}","marker-color":"#1f78b4"}},
{"type":"Feature","geometry":{"type":"Point","coordinates":[11.56939,48.163]},"properties":{"id":"poi_n247675761","name":"SALTA Bar","kind":"restaurant","at":[48.163,11.56939],"osm_id":"node/247675761","open_horizon":false,"views":"[{\"sightline_id\": \"sl_b038d7f7\", \"toward\": \"a\", \"distance_m\": 7.0}, {\"sightline_id\": \"sl_b038d7f7\", \"toward\": \"b\", \"distance_m\": 7.0}]","tags":"{\"cuisine\": \"international\", \"opening_hours\": \"Tu-Fr 17:00-00:00; Sa-Su 09:00-00:00\", \"outdoor_seating\": \"yes\"}","marker-color":"#1f78b4"}},
{"type":"Feature","geometry":{"type":"Point","coordinates":[11.47791,48.14179]},"properties":{"id":"poi_n2476939063","name":"Da Wirtshauser","kind":"restaurant","at":[48.14179,11.47791],"osm_id":"node/2476939063","open_horizon":false,"views":"[{\"sightline_id\": \"sl_09b39cf5\", \"toward\": \"a\", \"distance_m\": 22.2}, {\"sightline_id\": \"sl_09b39cf5\", \"toward\": \"b\", \"distance_m\": 22.2}]","tags":"{\"cuisine\": \"german;regional\", \"opening_hours\": \"10:30-23:00\", \"outdoor_seating\": \"yes\", \"phone\": \"+49 89 82 93 95 50\", \"website\": \"https://www.wirtshauser.de/\"}","marker-color":"#1f78b4"}},
{"type":"Feature","geometry":{"type":"Point","coordinates":[11.48526,48.1684]},"properties":{"id":"poi_n2482521000","name":null,"kind":"restaurant","at":[48.1684,11.48526],"osm_id":"node/2482521000","open_horizon":false,"views":"[{\"sightline_id\": \"sl_a879e0b8\", \"toward\": \"a\", \"distance_m\": 30.1}, {\"sightline_id\": \"sl_a879e0b8\", \"toward\": \"b\", \"distance_m\": 30.1}]","tags":"{\"cuisine\": \"international\", \"opening_hours\": \"09:00-22:00\", \"website\": \"https://www.parkhotel-obermenzing.de/restaurant/\"}","marker-color":"#1f78b4"}},
{"type":"Feature","geometry":{"type":"Point","coordinates":[11.56155,48.15478]},"properties":{"id":"poi_n2482583266","name":"Münchner Pizza","kind":"restaurant","at":[48.15478,11.56155],"osm_id":"node/2482583266","open_horizon":false,"views":"[{\"sightline_id\": \"sl_d1452881\", \"toward\": \"a\", \"distance_m\": 17.3}, {\"sightline_id\": \"sl_d1452881\", \"toward\": \"b\", \"distance_m\": 17.3}]","tags":"{\"cuisine\": \"pizza\", \"opening_hours\": \"Mo-Fr 11:00-14:00, Mo-Th 17:00-23:45, Fr 17:00-01:45, Sa 11:00-01:45, Su 11:00-21:45\", \"outdoor_seating\": \"no\", \"phone\": \"+4989529943\", \"website\": \"https://www.muenchner-pizza-heimservice.de/\"}","marker-color":"#1f78b4"}},
{"type":"Feature","geometry":{"type":"Point","coordinates":[11.47982,48.11653]},"properties":{"id":"poi_n2488191998","name":"Huna Asia Food","kind":"restaurant","at":[48.11653,11.47982],"osm_id":"node/2488191998","open_horizon":false,"views":"[{\"sightline_id\": \"sl_9584c033\", \"toward\": \"a\", \"distance_m\": 13.9}, {\"sightline_id\": \"sl_9584c033\", \"toward\": \"b\", \"distance_m\": 13.9}]","tags":"{\"cuisine\": \"asian;sushi;vietnamese\", \"opening_hours\": \"Tu-Su 11:00-14:30,16:00-21:00\", \"phone\": \"+498980959846\"}","marker-color":"#1f78b4"}},
{"type":"Feature","geometry":{"type":"Point","coordinates":[11.54716,48.13906]},"properties":{"id":"poi_n2488863121","name":"Due Fratelli","kind":"restaurant","at":[48.13906,11.54716],"osm_id":"node/2488863121","open_horizon":false,"views":"[{\"sightline_id\": \"sl_620ca713\", \"toward\": \"b\", \"distance_m\": 24.0}]","tags":"{\"cuisine\": \"pizza\", \"outdoor_seating\": \"no\", \"website\": \"https://2-fratelli.de/\"}","marker-color":"#1f78b4"}},
{"type":"Feature","geometry":{"type":"Point","coordinates":[11.58149,48.15996]},"properties":{"id":"poi_n2493800184","name":"Asia Feinkost","kind":"restaurant","at":[48.15996,11.58149],"osm_id":"node/2493800184","open_horizon":false,"views":"[{\"sightline_id\": \"sl_23ae6155\", \"toward\": \"b\", \"distance_m\": 9.0}]","tags":"{\"cuisine\": \"asian\", \"opening_hours\": \"Mo-Sa 11:00-20:00; Su,PH off\", \"outdoor_seating\": \"no\"}","marker-color":"#1f78b4"}},
{"type":"Feature","geometry":{"type":"Point","coordinates":[11.57504,48.15927]},"properties":{"id":"poi_n2503090968","name":"Koriander","kind":"restaurant","at":[48.15927,11.57504],"osm_id":"node/2503090968","open_horizon":false,"views":"[{\"sightline_id\": \"sl_8e8aca80\", \"toward\": \"b\", \"distance_m\": 24.3}, {\"sightline_id\": \"sl_ea36d703\", \"toward\": \"b\", \"distance_m\": 29.4}]","tags":"{\"cuisine\": \"vietnamese\", \"opening_hours\": \"Mo-Sa 11:30-14:45,17:30-22:15; Su off\", \"outdoor_seating\": \"yes\"}","marker-color":"#1f78b4"}},
{"type":"Feature","geometry":{"type":"Point","coordinates":[11.64998,48.14854]},"properties":{"id":"poi_n2504953885","name":"Tantra (dauerhaft geschlossen)","kind":"pub","at":[48.14854,11.64998],"osm_id":"node/2504953885","open_horizon":false,"views":"[{\"sightline_id\": \"sl_10a59083\", \"toward\": \"b\", \"distance_m\": 33.3}]","tags":"{}","marker-color":"#1f78b4"}},
{"type":"Feature","geometry":{"type":"Point","coordinates":[11.52145,48.1778]},"properties":{"id":"poi_n2505252874","name":"Palmos Cafe & Bar","kind":"cafe","at":[48.1778,11.52145],"osm_id":"node/2505252874","open_horizon":false,"views":"[{\"sightline_id\": \"sl_000fe2bc\", \"toward\": \"b\", \"distance_m\": 38.1}]","tags":"{\"outdoor_seating\": \"yes\", \"phone\": \"+498944469577\"}","marker-color":"#1f78b4"}},
{"type":"Feature","geometry":{"type":"Point","coordinates":[11.51662,48.18187]},"properties":{"id":"poi_n2505269348","name":"Café Loco","kind":"restaurant","at":[48.18187,11.51662],"osm_id":"node/2505269348","open_horizon":false,"views":"[{\"sightline_id\": \"sl_d0873431\", \"toward\": \"b\", \"distance_m\": 17.8}, {\"sightline_id\": \"sl_e8363a7b\", \"toward\": \"b\", \"distance_m\": 27.4}]","tags":"{\"cuisine\": \"greek\", \"opening_hours\": \"Mo off\", \"outdoor_seating\": \"yes\"}","marker-color":"#1f78b4"}},
{"type":"Feature","geometry":{"type":"Point","coordinates":[11.58737,48.13056]},"properties":{"id":"poi_n2508606635","name":"Showroom","kind":"restaurant","at":[48.13056,11.58737],"osm_id":"node/2508606635","open_horizon":false,"views":"[{\"sightline_id\": \"sl_263bdfd3\", \"toward\": \"a\", \"distance_m\": 33.3}]","tags":"{\"opening_hours\": \"Mo-Fr 18:00-01:00\", \"outdoor_seating\": \"no\", \"phone\": \"+49 89 44429082\", \"website\": \"https://www.showroom-restaurant.de/\"}","marker-color":"#1f78b4"}},
{"type":"Feature","geometry":{"type":"Point","coordinates":[11.49548,48.13967]},"properties":{"id":"poi_n2513696090","name":"Trattoria Lindengarten","kind":"restaurant","at":[48.13967,11.49548],"osm_id":"node/2513696090","open_horizon":false,"views":"[{\"sightline_id\": \"sl_1d136216\", \"toward\": \"b\", \"distance_m\": 39.3}]","tags":"{\"cuisine\": \"italian\", \"opening_hours\": \"Tu-Su,PH 11:30-24:00, Tu-Su,PH 12:00-22:30 open \\\"Küche\\\"\", \"outdoor_seating\": \"yes\", \"website\": \"https://www.trattoria-lindengarten.com/\"}","marker-color":"#1f78b4"}},
{"type":"Feature","geometry":{"type":"Point","coordinates":[11.53448,48.14851]},"properties":{"id":"poi_n2519880318","name":"Gusto Suppe-Brot-Kaffee","kind":"restaurant","at":[48.14851,11.53448],"osm_id":"node/2519880318","open_horizon":false,"views":"[{\"sightline_id\": \"sl_6425cfed\", \"toward\": \"a\", \"distance_m\": 24.9}, {\"sightline_id\": \"sl_6425cfed\", \"toward\": \"b\", \"distance_m\": 24.9}]","tags":"{\"cuisine\": \"regional\", \"opening_hours\": \"Mo-Fr 11:00-16:00; Sa,Su,PH off\", \"outdoor_seating\": \"yes\", \"phone\": \"+49 89 17928904\", \"website\": \"https://meingusto-catering.de/\"}","marker-color":"#1f78b4"}},
{"type":"Feature","geometry":{"type":"Point","coordinates":[11.58539,48.16868]},"properties":{"id":"poi_n2526824630","name":"Mivu","kind":"restaurant","at":[48.16868,11.58539],"osm_id":"node/2526824630","open_horizon":false,"views":"[{\"sightline_id\": \"sl_8d7742a4\", \"toward\": \"a\", \"distance_m\": 12.6}]","tags":"{\"cuisine\": \"vietnamese\", \"opening_hours\": \"Mo-Fr,Su 11:30-14:30,17:30-23:00; Sa 17:30-23:00\", \"phone\": \"+49 89 30 66 98 91\", \"website\": \"https://www.peony-lounge.de/\"}","marker-color":"#1f78b4"}},
{"type":"Feature","geometry":{"type":"Point","coordinates":[11.55137,48.09699]},"properties":{"id":"poi_n2529189238","name":"Cafè Rhino","kind":"cafe","at":[48.09699,11.55137],"osm_id":"node/2529189238","open_horizon":false,"views":"[{\"sightline_id\": \"sl_53f13c7e\", \"toward\": \"a\", \"distance_m\": 35.4}, {\"sightline_id\": \"sl_53f13c7e\", \"toward\": \"b\", \"distance_m\": 35.4}]","tags":"{\"cuisine\": \"pizza\", \"outdoor_seating\": \"yes\"}","marker-color":"#1f78b4"}},
{"type":"Feature","geometry":{"type":"Point","coordinates":[11.62476,48.09419]},"properties":{"id":"poi_n253247251","name":"Forschungsbrauerei","kind":"restaurant","at":[48.09419,11.62476],"osm_id":"node/253247251","open_horizon":false,"views":"[{\"sightline_id\": \"sl_af746726\", \"toward\": \"b\", \"distance_m\": 27.4}]","tags":"{\"cuisine\": \"regional\", \"opening_hours\": \"Mo-Sa 11:00-23:00; Su, PH 10:00-22:00\", \"outdoor_seating\": \"yes\"}","marker-color":"#1f78b4"}},
{"type":"Feature","geometry":{"type":"Point","coordinates":[11.57854,48.13916]},"properties":{"id":"poi_n2546598965","name":"Azuki","kind":"restaurant","at":[48.13916,11.57854],"osm_id":"node/2546598965","open_horizon":false,"views":"[{\"sightline_id\": \"sl_0ef924b1\", \"toward\": \"a\", \"distance_m\": 22.2}]","tags":"{\"cuisine\": \"asian\"}","marker-color":"#1f78b4"}},
{"type":"Feature","geometry":{"type":"Point","coordinates":[11.56769,48.14292]},"properties":{"id":"poi_n2548291590","name":"Neo-Brasserie Hoiz","kind":"restaurant","at":[48.14292,11.56769],"osm_id":"node/2548291590","open_horizon":false,"views":"[{\"sightline_id\": \"sl_92fc0adb\", \"toward\": \"a\", \"distance_m\": 15.1}]","tags":"{\"cuisine\": \"international\", \"opening_hours\": \"Mo-Fr 12:00-15:00,18:00-24:00; Sa 18:00-24:00\", \"outdoor_seating\": \"yes\", \"phone\": \"+49 89 28808809\", \"website\": \"https://hoiz.restaurant/\"}","marker-color":"#1f78b4"}},
{"type":"Feature","geometry":{"type":"Point","coordinates":[11.54436,48.19924]},"properties":{"id":"poi_n254951783","name":"Pils-Pub Royal","kind":"pub","at":[48.19924,11.54436],"osm_id":"node/254951783","open_horizon":false,"views":"[{\"sightline_id\": \"sl_2a9074b4\", \"toward\": \"a\", \"distance_m\": 25.0}, {\"sightline_id\": \"sl_2a9074b4\", \"toward\": \"b\", \"distance_m\": 25.0}]","tags":"{\"opening_hours\": \"Mo 11:30-21:30; Tu,We 11:30-22:00; Th off; Fr 11:30-22:00; Sa 11:00-22:00; Su 11:30-18:00\", \"outdoor_seating\": \"yes\", \"phone\": \"+49 89 35 7472 32\", \"website\": \"https://pilspubroyal.eatbu.com/?lang=de\"}","marker-color":"#1f78b4"}},
{"type":"Feature","geometry":{"type":"Point","coordinates":[11.53456,48.14539]},"properties":{"id":"poi_n2553991819","name":"Wirtshaus Richel´s","kind":"restaurant","at":[48.14539,11.53456],"osm_id":"node/2553991819","open_horizon":false,"views":"[{\"sightline_id\": \"sl_9464e3dc\", \"toward\": \"b\", \"distance_m\": 10.3}]","tags":"{\"cuisine\": \"german\", \"opening_hours\": \"Mo-Fr 11:00-23:00\", \"outdoor_seating\": \"yes\", \"phone\": \"+49 89 13010074\"}","marker-color":"#1f78b4"}},
{"type":"Feature","geometry":{"type":"Point","coordinates":[11.52393,48.09805]},"properties":{"id":"poi_n2554581916","name":"Bauers Backstube","kind":"cafe","at":[48.09805,11.52393],"osm_id":"node/2554581916","open_horizon":false,"views":"[{\"sightline_id\": \"sl_e576c283\", \"toward\": \"a\", \"distance_m\": 23.4}, {\"sightline_id\": \"sl_e576c283\", \"toward\": \"b\", \"distance_m\": 23.4}]","tags":"{\"opening_hours\": \"Mo-Fr 05:30-18:00\", \"outdoor_seating\": \"no\", \"phone\": \"+49 89 74847794\"}","marker-color":"#1f78b4"}},
{"type":"Feature","geometry":{"type":"Point","coordinates":[11.53653,48.14008]},"properties":{"id":"poi_n2556667491","name":"HaiAnh","kind":"restaurant","at":[48.14008,11.53653],"osm_id":"node/2556667491","open_horizon":false,"views":"[{\"sightline_id\": \"sl_620ca713\", \"toward\": \"a\", \"distance_m\": 10.2}, {\"sightline_id\": \"sl_620ca713\", \"toward\": \"b\", \"distance_m\": 10.2}]","tags":"{\"cuisine\": \"vietnamese\", \"opening_hours\": \"Mo-Fr 11:00-15:00,17:30-23:00; Sa 17:30-23:00; Su,PH 13:00-23:00\", \"outdoor_seating\": \"yes\"}","marker-color":"#1f78b4"}},
{"type":"Feature","geometry":{"type":"Point","coordinates":[11.56389,48.20773]},"properties":{"id":"poi_n258189051","name":"Restaurant zum Harthof","kind":"restaurant","at":[48.20773,11.56389],"osm_id":"node/258189051","open_horizon":false,"views":"[{\"sightline_id\": \"sl_6df1d48f\", \"toward\": \"b\", \"distance_m\": 35.1}]","tags":"{\"cuisine\": \"chicken;burger;german;seafood\", \"opening_hours\": \"Mo-Su 11:00-21:00\", \"outdoor_seating\": \"yes\", \"phone\": \"+49 89 3135 307\", \"website\": \"https://restaurant-harthof.de/\"}","marker-color":"#1f78b4"}},
{"type":"Feature","geometry":{"type":"Point","coordinates":[11.56301,48.20711]},"properties":{"id":"poi_n258189053","name":"Caracciolastüberl","kind":"pub","at":[48.20711,11.56301],"osm_id":"node/258189053","open_horizon":false,"views":"[{\"sightline_id\": \"sl_6df1d48f\", \"toward\": \"a\", \"distance_m\": 35.9}, {\"sightline_id\": \"sl_6df1d48f\", \"toward\": \"b\", \"distance_m\": 35.9}]","tags":"{\"opening_hours\": \"Mo 10:00-00:00; Tu-Sa 10:00-01:00; Su 11:00-23:00\", \"outdoor_seating\": \"yes\"}","marker-color":"#1f78b4"}},
{"type":"Feature","geometry":{"type":"Point","coordinates":[11.5442,48.20938]},"properties":{"id":"poi_n258189079","name":"La Capannina","kind":"restaurant","at":[48.20938,11.5442],"osm_id":"node/258189079","open_horizon":false,"views":"[{\"sightline_id\": \"sl_be97fee0\", \"toward\": \"a\", \"distance_m\": 33.6}]","tags":"{\"cuisine\": \"italian\", \"website\": \"http://www.lacapannina.de/\"}","marker-color":"#1f78b4"}},
{"type":"Feature","geometry":{"type":"Point","coordinates":[11.55193,48.20813]},"properties":{"id":"poi_n258189085","name":"Zum Kuckuck Nochmal","kind":"pub","at":[48.20813,11.55193],"osm_id":"node/258189085","open_horizon":false,"views":"[{\"sightline_id\": \"sl_be97fee0\", \"toward\": \"b\", \"distance_m\": 25.0}]","tags":"{\"cuisine\": \"regional;german;bavarian\", \"opening_hours\": \"Mo-Sa 10:00-24:00; Su 10:00-22:00\", \"outdoor_seating\": \"yes\", \"website\": \"https://zumkuckuck-nochmal.de/\"}","marker-color":"#1f78b4"}},
{"type":"Feature","geometry":{"type":"Point","coordinates":[11.57052,48.15643]},"properties":{"id":"poi_n258490963","name":"Arnold/Werner","kind":"cafe","at":[48.15643,11.57052],"osm_id":"node/258490963","open_horizon":false,"views":"[{\"sightline_id\": \"sl_f8e80ae8\", \"toward\": \"a\", \"distance_m\": 6.4}, {\"sightline_id\": \"sl_8d8d5983\", \"toward\": \"a\", \"distance_m\": 9.8}, {\"sightline_id\": \"sl_8d8d5983\", \"toward\": \"b\", \"distance_m\": 9.8}]","tags":"{\"opening_hours\": \"Mo-Fr 08:00-10:00\"}","marker-color":"#1f78b4"}},
{"type":"Feature","geometry":{"type":"Point","coordinates":[11.57149,48.15737]},"properties":{"id":"poi_n258491051","name":"Kalypso","kind":"restaurant","at":[48.15737,11.57149],"osm_id":"node/258491051","open_horizon":false,"views":"[{\"sightline_id\": \"sl_8d8d5983\", \"toward\": \"a\", \"distance_m\": 16.0}, {\"sightline_id\": \"sl_8d8d5983\", \"toward\": \"b\", \"distance_m\": 16.0}, {\"sightline_id\": \"sl_4143d534\", \"toward\": \"a\", \"distance_m\": 23.3}, {\"sightline_id\": \"sl_4143d534\", \"toward\": \"b\", \"distance_m\": 23.3}]","tags":"{\"cuisine\": \"greek\", \"opening_hours\": \"Su-We 18:00-24:00, Th-Sa 18:00-01:00\", \"outdoor_seating\": \"yes\"}","marker-color":"#1f78b4"}},
{"type":"Feature","geometry":{"type":"Point","coordinates":[11.47517,48.14251]},"properties":{"id":"poi_n2585573244","name":"Eiscafé Cellino","kind":"ice_cream","at":[48.14251,11.47517],"osm_id":"node/2585573244","open_horizon":false,"views":"[{\"sightline_id\": \"sl_09b39cf5\", \"toward\": \"a\", \"distance_m\": 26.7}]","tags":"{\"opening_hours\": \"Mo-Sa 11:00-21:30; Su 11:00-21:30\", \"outdoor_seating\": \"yes\"}","marker-color":"#1f78b4"}},
{"type":"Feature","geometry":{"type":"Point","coordinates":[11.54604,48.14289]},"properties":{"id":"poi_n2588829493","name":"Victualia","kind":"restaurant","at":[48.14289,11.54604],"osm_id":"node/2588829493","open_horizon":false,"views":"[{\"sightline_id\": \"sl_b3d9d1bb\", \"toward\": \"a\", \"distance_m\": 7.0}]","tags":"{\"opening_hours\": \"Mo-Fr 08:00-16:00\", \"outdoor_seating\": \"yes\", \"phone\": \"+49 89 51503765\"}","marker-color":"#1f78b4"}},
{"type":"Feature","geometry":{"type":"Point","coordinates":[11.55376,48.14231]},"properties":{"id":"poi_n2588929585","name":"Sparda Café","kind":"cafe","at":[48.14231,11.55376],"osm_id":"node/2588929585","open_horizon":false,"views":"[{\"sightline_id\": \"sl_08e4cf20\", \"toward\": \"a\", \"distance_m\": 17.9}, {\"sightline_id\": \"sl_08e4cf20\", \"toward\": \"b\", \"distance_m\": 17.9}]","tags":"{\"opening_hours\": \"Mo-Th 08:00-18:00; Fr 08:00-16:00\", \"outdoor_seating\": \"no\"}","marker-color":"#1f78b4"}},
{"type":"Feature","geometry":{"type":"Point","coordinates":[11.57746,48.14749]},"properties":{"id":"poi_n2595562246","name":"LeDu - Happy Dumplings","kind":"restaurant","at":[48.14749,11.57746],"osm_id":"node/2595562246","open_horizon":false,"views":"[{\"sightline_id\": \"sl_6a30d50e\", \"toward\": \"a\", \"distance_m\": 8.1}, {\"sightline_id\": \"sl_6a30d50e\", \"toward\": \"b\", \"distance_m\": 8.1}]","tags":"{\"cuisine\": \"chinese\", \"opening_hours\": \"Mo-Th 11:30-21:30; Fr 11:30-22:00; Sa,PH 12:00-22:00; Su 12:00-21:30\", \"outdoor_seating\": \"yes\", \"website\": \"https://ledu.restaurant/restaurants/ledu-happy-dumplings-theresienstrasse/\"}","marker-color":"#1f78b4"}},
{"type":"Feature","geometry":{"type":"Point","coordinates":[11.53843,48.15172]},"properties":{"id":"poi_n2596893599","name":"Titta's","kind":"restaurant","at":[48.15172,11.53843],"osm_id":"node/2596893599","open_horizon":false,"views":"[{\"sightline_id\": \"sl_ca87492e\", \"toward\": \"a\", \"distance_m\": 21.3}, {\"sightline_id\": \"sl_ca87492e\", \"toward\": \"b\", \"distance_m\": 21.3}]","tags":"{\"cuisine\": \"regional\"}","marker-color":"#1f78b4"}},
{"type":"Feature","geometry":{"type":"Point","coordinates":[11.59532,48.12788]},"properties":{"id":"poi_n259760344","name":"Bombay Tandoori","kind":"restaurant","at":[48.12788,11.59532],"osm_id":"node/259760344","open_horizon":false,"views":"[{\"sightline_id\": \"sl_05e56817\", \"toward\": \"a\", \"distance_m\": 10.1}]","tags":"{\"cuisine\": \"indian\", \"opening_hours\": \"Mo-Fr 11:30-14:30,17:30-23:00; Sa 17:30-23:00\", \"outdoor_seating\": \"yes\", \"phone\": \"+49 89 44409422\", \"website\": \"https://www.bombay-tandoori.de/\"}","marker-color":"#1f78b4"}},
{"type":"Feature","geometry":{"type":"Point","coordinates":[11.5976,48.12655]},"properties":{"id":"poi_n259760470","name":"Ganesha","kind":"restaurant","at":[48.12655,11.5976],"osm_id":"node/259760470","open_horizon":false,"views":"[{\"sightline_id\": \"sl_d2bc76ac\", \"toward\": \"a\", \"distance_m\": 13.3}, {\"sightline_id\": \"sl_d2bc76ac\", \"toward\": \"b\", \"distance_m\": 13.3}]","tags":"{\"cuisine\": \"indian\", \"opening_hours\": \"Mo-Sa 11:30-14:30,17:30-23:00; Su 17:30-23:00\", \"outdoor_seating\": \"yes\", \"phone\": \"+49 89 4480962\", \"website\": \"https://www.ganesha-muenchen.de/\"}","marker-color":"#1f78b4"}},
{"type":"Feature","geometry":{"type":"Point","coordinates":[11.57364,48.09498]},"properties":{"id":"poi_n260431779","name":"Zum Dachs","kind":"pub","at":[48.09498,11.57364],"osm_id":"node/260431779","open_horizon":false,"views":"[{\"sightline_id\": \"sl_c107d057\", \"toward\": \"a\", \"distance_m\": 20.1}, {\"sightline_id\": \"sl_c107d057\", \"toward\": \"b\", \"distance_m\": 20.1}, {\"sightline_id\": \"sl_a84dceb1\", \"toward\": \"a\", \"distance_m\": 29.4}]","tags":"{\"opening_hours\": \"Tu-Sa 11:00-21:00; Su 11:00-19:00\", \"outdoor_seating\": \"yes\"}","marker-color":"#1f78b4"}},
{"type":"Feature","geometry":{"type":"Point","coordinates":[11.67395,48.12594]},"properties":{"id":"poi_n260445973","name":"Truderinger Wirtshaus","kind":"restaurant","at":[48.12594,11.67395],"osm_id":"node/260445973","open_horizon":false,"views":"[{\"sightline_id\": \"sl_d0cacc2e\", \"toward\": \"a\", \"distance_m\": 35.9}]","tags":"{\"cuisine\": \"regional\", \"opening_hours\": \"Mo-Tu, Th-Fr 10:30-01:00; Sa-Su 10:00-01:00\", \"outdoor_seating\": \"yes\"}","marker-color":"#1f78b4"}},
{"type":"Feature","geometry":{"type":"Point","coordinates":[11.60718,48.12043]},"properties":{"id":"poi_n260796705","name":"Hendlglück Biergarten","kind":"biergarten","at":[48.12043,11.60718],"osm_id":"node/260796705","open_horizon":false,"views":"[{\"sightline_id\": \"sl_dafaf1f5\", \"toward\": \"b\", \"distance_m\": 16.7}, {\"sightline_id\": \"sl_48d4480f\", \"toward\": \"b\", \"distance_m\": 39.6}]","tags":"{\"opening_hours\": \"Mo-Su 11:00-22:00\", \"outdoor_seating\": \"yes\", \"phone\": \"+49 89 400767\", \"website\": \"https://hendlglueck.de/\"}","marker-color":"#1f78b4"}},
{"type":"Feature","geometry":{"type":"Point","coordinates":[11.56332,48.13753]},"properties":{"id":"poi_n261026929","name":"Karam","kind":"restaurant","at":[48.13753,11.56332],"osm_id":"node/261026929","open_horizon":false,"views":"[{\"sightline_id\": \"sl_d3d5ebce\", \"toward\": \"b\", \"distance_m\": 7.8}]","tags":"{\"cuisine\": \"syrian\"}","marker-color":"#1f78b4"}},
{"type":"Feature","geometry":{"type":"Point","coordinates":[11.49409,48.13221]},"properties":{"id":"poi_n2619835338","name":"Am Ziel","kind":"restaurant","at":[48.13221,11.49409],"osm_id":"node/2619835338","open_horizon":false,"views":"[{\"sightline_id\": \"sl_7c52fb91\", \"toward\": \"a\", \"distance_m\": 17.4}]","tags":"{\"cuisine\": \"bavarian;german\", \"opening_hours\": \"Mo-Tu,Th-Sa 11:00+; Su 10:00+; We off\", \"outdoor_seating\": \"yes\", \"phone\": \"+49 89 70059961\", \"website\": \"https://www.gaststaette-amziel.de\"}","marker-color":"#1f78b4"}},
{"type":"Feature","geometry":{"type":"Point","coordinates":[11.59398,48.20368]},"properties":{"id":"poi_n2621681521","name":"Grusonstüberl","kind":"pub","at":[48.20368,11.59398],"osm_id":"node/2621681521","open_horizon":false,"views":"[{\"sightline_id\": \"sl_4538d7b7\", \"toward\": \"a\", \"distance_m\": 13.7}, {\"sightline_id\": \"sl_4538d7b7\", \"toward\": \"b\", \"distance_m\": 13.7}]","tags":"{\"opening_hours\": \"Mo-Th 17:00-01:00, Fr-Su 15:00-01:00\"}","marker-color":"#1f78b4"}},
{"type":"Feature","geometry":{"type":"Point","coordinates":[11.58773,48.12383]},"properties":{"id":"poi_n2631021804","name":"La Caffettiera","kind":"cafe","at":[48.12383,11.58773],"osm_id":"node/2631021804","open_horizon":false,"views":"[{\"sightline_id\": \"sl_163b7417\", \"toward\": \"a\", \"distance_m\": 8.6}]","tags":"{\"cuisine\": \"coffee;pizza;italian;snack\", \"opening_hours\": \"Mo-Fr 07:00-18:00; Sa-Su 09:00-18:00\", \"outdoor_seating\": \"yes\"}","marker-color":"#1f78b4"}},
{"type":"Feature","geometry":{"type":"Point","coordinates":[11.57624,48.19271]},"properties":{"id":"poi_n2631625911","name":"Lagom Lunch","kind":"restaurant","at":[48.19271,11.57624],"osm_id":"node/2631625911","open_horizon":false,"views":"[{\"sightline_id\": \"sl_5eb9a120\", \"toward\": \"a\", \"distance_m\": 26.4}]","tags":"{\"outdoor_seating\": \"yes\"}","marker-color":"#1f78b4"}},
{"type":"Feature","geometry":{"type":"Point","coordinates":[11.60521,48.12933]},"properties":{"id":"poi_n263827392","name":"Zum Brünnstein","kind":"restaurant","at":[48.12933,11.60521],"osm_id":"node/263827392","open_horizon":false,"views":"[{\"sightline_id\": \"sl_b6239528\", \"toward\": \"a\", \"distance_m\": 8.8}, {\"sightline_id\": \"sl_b6239528\", \"toward\": \"b\", \"distance_m\": 8.8}, {\"sightline_id\": \"sl_5670f08f\", \"toward\": \"a\", \"distance_m\": 16.9}, {\"sightline_id\": \"sl_5670f08f\", \"toward\": \"b\", \"distance_m\": 16.9}]","tags":"{\"cuisine\": \"bavarian\", \"opening_hours\": \"Mo-Su,PH 10:00-24:00\", \"outdoor_seating\": \"sidewalk\", \"phone\": \"+49 89 4482429\", \"website\": \"https://zum-bruennstein.de/\"}","marker-color":"#1f78b4"}},
{"type":"Feature","geometry":{"type":"Point","coordinates":[11.59942,48.12956]},"properties":{"id":"poi_n263871091","name":"Café im Hinterhof","kind":"cafe","at":[48.12956,11.59942],"osm_id":"node/263871091","open_horizon":false,"views":"[{\"sightline_id\": \"sl_ce9232c8\", \"toward\": \"a\", \"distance_m\": 39.4}]","tags":"{\"cuisine\": \"german;breakfast;cake\", \"opening_hours\": \"Mo-Sa 08:30-20:00; Su 09:00-20:00\", \"outdoor_seating\": \"yes\"}","marker-color":"#1f78b4"}},
{"type":"Feature","geometry":{"type":"Point","coordinates":[11.59807,48.12975]},"properties":{"id":"poi_n263875446","name":"Fortuna Cafébar","kind":"cafe","at":[48.12975,11.59807],"osm_id":"node/263875446","open_horizon":false,"views":"[{\"sightline_id\": \"sl_8ae12373\", \"toward\": \"a\", \"distance_m\": 8.0}, {\"sightline_id\": \"sl_8ae12373\", \"toward\": \"b\", \"distance_m\": 8.0}, {\"sightline_id\": \"sl_ce9232c8\", \"toward\": \"a\", \"distance_m\": 17.6}, {\"sightline_id\": \"sl_ce9232c8\", \"toward\": \"b\", \"distance_m\": 17.6}]","tags":"{\"opening_hours\": \"Mo-Fr 08:00-22:00; Sa 09:00-19:00; Su,PH 10:00-18:00\", \"outdoor_seating\": \"yes\", \"website\": \"http://www.fortuna-cafebar.de/\"}","marker-color":"#1f78b4"}},
{"type":"Feature","geometry":{"type":"Point","coordinates":[11.59732,48.12951]},"properties":{"id":"poi_n263877042","name":"Kalami","kind":"restaurant","at":[48.12951,11.59732],"osm_id":"node/263877042","open_horizon":false,"views":"[{\"sightline_id\": \"sl_8ae12373\", \"toward\": \"b\", \"distance_m\": 12.1}]","tags":"{\"cuisine\": \"greek\", \"opening_hours\": \"Tu-Su 17:00-01:00; Mo off\", \"outdoor_seating\": \"yes\"}","marker-color":"#1f78b4"}},
{"type":"Feature","geometry":{"type":"Point","coordinates":[11.59667,48.12907]},"properties":{"id":"poi_n263879617","name":"Metz 7","kind":"pub","at":[48.12907,11.59667],"osm_id":"node/263879617","open_horizon":false,"views":"[{\"sightline_id\": \"sl_8ae12373\", \"toward\": \"b\", \"distance_m\": 11.3}]","tags":"{\"opening_hours\": \"Mo-Fr 11:30-23:00; Sa 17:00-24:00; Su off\", \"outdoor_seating\": \"no\"}","marker-color":"#1f78b4"}},
{"type":"Feature","geometry":{"type":"Point","coordinates":[11.59666,48.12878]},"properties":{"id":"poi_n263879963","name":"Piazzetta","kind":"restaurant","at":[48.12878,11.59666],"osm_id":"node/263879963","open_horizon":false,"views":"[{\"sightline_id\": \"sl_8ae12373\", \"toward\": \"b\", \"distance_m\": 10.7}]","tags":"{\"cuisine\": \"italian\", \"opening_hours\": \"Tu-Fr 11:30-22:30; Sa 17:00-22:30; Mo,Su off\", \"outdoor_seating\": \"yes\"}","marker-color":"#1f78b4"}},
{"type":"Feature","geometry":{"type":"Point","coordinates":[11.59444,48.12846]},"properties":{"id":"poi_n264347625","name":"Giorgia Trattoria","kind":"restaurant","at":[48.12846,11.59444],"osm_id":"node/264347625","open_horizon":false,"views":"[{\"sightline_id\": \"sl_05e56817\", \"toward\": \"a\", \"distance_m\": 8.6}]","tags":"{\"cuisine\": \"italian\", \"opening_hours\": \"Mo-Th 12:00-14:00,16:30-21:15; Fr 12:00-14:30,16:30-22:00; Sa 12:00-22:00; Su 12:00-21:15\", \"outdoor_seating\": \"yes\"}","marker-color":"#1f78b4"}},
{"type":"Feature","geometry":{"type":"Point","coordinates":[11.5229,48.09435]},"properties":{"id":"poi_n2658099372","name":"Gaststätte Freiland","kind":"restaurant","at":[48.09435,11.5229],"osm_id":"node/2658099372","open_horizon":false,"views":"[{\"sightline_id\": \"sl_964f929d\", \"toward\": \"b\", \"distance_m\": 19.2}]","tags":"{\"cuisine\": \"regional\", \"opening_hours\": \"Tu-Su 17:00-23:00\", \"outdoor_seating\": \"yes\", \"phone\": \"+498978508790\", \"website\": \"https://gaststaette-freiland.de/\"}","marker-color":"#1f78b4"}},
{"type":"Feature","geometry":{"type":"Point","coordinates":[11.56253,48.15419]},"properties":{"id":"poi_n266316744","name":"Porto Cervo","kind":"restaurant","at":[48.15419,11.56253],"osm_id":"node/266316744","open_horizon":false,"views":"[{\"sightline_id\": \"sl_3e068e52\", \"toward\": \"b\", \"distance_m\": 10.6}, {\"sightline_id\": \"sl_1c73e5a8\", \"toward\": \"a\", \"distance_m\": 11.0}, {\"sightline_id\": \"sl_1c73e5a8\", \"toward\": \"b\", \"distance_m\": 11.0}]","tags":"{\"cuisine\": \"italian\", \"opening_hours\": \"Mo-Fr 11:00-14:30, 17:30-00:00; Sa 17:30-01:00\", \"website\": \"https://www.trattoria-porto-cervo.de/\"}","marker-color":"#1f78b4"}},
{"type":"Feature","geometry":{"type":"Point","coordinates":[11.56173,48.15527]},"properties":{"id":"poi_n266317189","name":"Coconut Bowl","kind":"restaurant","at":[48.15527,11.56173],"osm_id":"node/266317189","open_horizon":false,"views":"[{\"sightline_id\": \"sl_d1452881\", \"toward\": \"a\", \"distance_m\": 18.4}, {\"sightline_id\": \"sl_d1452881\", \"toward\": \"b\", \"distance_m\": 18.4}]","tags":"{\"cuisine\": \"vietnamese\", \"opening_hours\": \"Tu-Fr 11:00-14:30,17:00-23:00; PH,Su 12:00-22:00\", \"outdoor_seating\": \"yes\", \"phone\": \"+49 89 45240033\", \"website\": \"https://www.coconutbowl.net/\"}","marker-color":"#1f78b4"}},
{"type":"Feature","geometry":{"type":"Point","coordinates":[11.56772,48.15417]},"properties":{"id":"poi_n266320078","name":"Il Mulino","kind":"restaurant","at":[48.15417,11.56772],"osm_id":"node/266320078","open_horizon":false,"views":"[{\"sightline_id\": \"sl_cda6fb02\", \"toward\": \"b\", \"distance_m\": 21.7}]","tags":"{\"cuisine\": \"italian\", \"opening_hours\": \"Mo-Su 12:00-24:00\", \"outdoor_seating\": \"yes\"}","marker-color":"#1f78b4"}},
{"type":"Feature","geometry":{"type":"Point","coordinates":[11.56205,48.15614]},"properties":{"id":"poi_n266321934","name":"Wirtshaus Görreshof","kind":"restaurant","at":[48.15614,11.56205],"osm_id":"node/266321934","open_horizon":false,"views":"[{\"sightline_id\": \"sl_cda6fb02\", \"toward\": \"a\", \"distance_m\": 15.7}, {\"sightline_id\": \"sl_d1452881\", \"toward\": \"a\", \"distance_m\": 20.1}, {\"sightline_id\": \"sl_d1452881\", \"toward\": \"b\", \"distance_m\": 20.1}]","tags":"{\"cuisine\": \"bavarian\", \"opening_hours\": \"Mo,Su 11:00-23:00; Tu-Sa 11:00-24:00\", \"outdoor_seating\": \"yes\"}","marker-color":"#1f78b4"}},
{"type":"Feature","geometry":{"type":"Point","coordinates":[11.56148,48.15458]},"properties":{"id":"poi_n266343880","name":"Michl","kind":"cafe","at":[48.15458,11.56148],"osm_id":"node/266343880","open_horizon":false,"views":"[{\"sightline_id\": \"sl_d1452881\", \"toward\": \"a\", \"distance_m\": 16.7}, {\"sightline_id\": \"sl_d1452881\", \"toward\": \"b\", \"distance_m\": 16.7}, {\"sightline_id\": \"sl_1c73e5a8\", \"toward\": \"a\", \"distance_m\": 21.4}, {\"sightline_id\": \"sl_1c73e5a8\", \"toward\": \"b\", \"distance_m\": 21.4}]","tags":"{\"cuisine\": \"coffee_shop\", \"opening_hours\": \"Mo-Fr 06:30-14:00; Sa,Su 08:00-17:00\", \"outdoor_seating\": \"yes\", \"phone\": \"+49 89 522 190\"}","marker-color":"#1f78b4"}},
{"type":"Feature","geometry":{"type":"Point","coordinates":[11.55345,48.13532]},"properties":{"id":"poi_n266571859","name":"Marie-Therese Gasthaus","kind":"restaurant","at":[48.13532,11.55345],"osm_id":"node/266571859","open_horizon":false,"views":"[{\"sightline_id\": \"sl_286f1be4\", \"toward\": \"b\", \"distance_m\": 21.8}]","tags":"{\"cuisine\": \"regional;bavarian\", \"opening_hours\": \"Mo-Sa 12:00-24:00, Su 12:00-22:00\", \"outdoor_seating\": \"yes\", \"phone\": \"+49 89 44236033\", \"website\": \"https://www.marie-therese.restaurant\"}","marker-color":"#1f78b4"}},
{"type":"Feature","geometry":{"type":"Point","coordinates":[11.59721,48.1268]},"properties":{"id":"poi_n266621952","name":"Tepsija","kind":"restaurant","at":[48.1268,11.59721],"osm_id":"node/266621952","open_horizon":false,"views":"[{\"sightline_id\": \"sl_d2bc76ac\", \"toward\": \"b\", \"distance_m\": 15.4}]","tags":"{\"cuisine\": \"bosnian\", \"opening_hours\": \"Mo-Su 11:00-21:00\", \"outdoor_seating\": \"yes\"}","marker-color":"#1f78b4"}},
{"type":"Feature","geometry":{"type":"Point","coordinates":[11.59741,48.13058]},"properties":{"id":"poi_n266698116","name":"Negroni","kind":"bar","at":[48.13058,11.59741],"osm_id":"node/266698116","open_horizon":false,"views":"[{\"sightline_id\": \"sl_ce9232c8\", \"toward\": \"b\", \"distance_m\": 12.2}]","tags":"{\"cuisine\": \"italian\", \"opening_hours\": \"Fr-Sa 18:00-01:30; Tu-Th 18:00-01:00\", \"outdoor_seating\": \"yes\", \"website\": \"https://negronibar.de/\"}","marker-color":"#1f78b4"}},
{"type":"Feature","geometry":{"type":"Point","coordinates":[11.59642,48.13409]},"properties":{"id":"poi_n266698130","name":"Café Wiener Platz","kind":"cafe","at":[48.13409,11.59642],"osm_id":"node/266698130","open_horizon":false,"views":"[{\"sightline_id\": \"sl_be141589\", \"toward\": \"a\", \"distance_m\": 22.6}]","tags":"{\"opening_hours\": \"Mo-Su 08:00-24:00\"}","marker-color":"#1f78b4"}},
{"type":"Feature","geometry":{"type":"Point","coordinates":[11.5966,48.13115]},"properties":{"id":"poi_n266698148","name":"Pizzeria Vicari","kind":"restaurant","at":[48.13115,11.5966],"osm_id":"node/266698148","open_horizon":false,"views":"[{\"sightline_id\": \"sl_ce9232c8\", \"toward\": \"b\", \"distance_m\": 13.2}]","tags":"{\"cuisine\": \"italian;pizza\", \"opening_hours\": \"Mo,We,Th,Fr 17:30-23:30; Tu off; Sa,Su,PH 12:00-23:30\", \"outdoor_seating\": \"no\", \"phone\": \"+49 89 4484937\", \"website\": \"https://pizzeria-europa-haidhausen.de/\"}","marker-color":"#1f78b4"}},
{"type":"Feature","geometry":{"type":"Point","coordinates":[11.594,48.12829]},"properties":{"id":"poi_n266698157","name":"Backspielhaus","kind":"cafe","at":[48.12829,11.594],"osm_id":"node/266698157","open_horizon":false,"views":"[{\"sightline_id\": \"sl_05e56817\", \"toward\": \"a\", \"distance_m\": 28.2}, {\"sightline_id\": \"sl_05e56817\", \"toward\": \"b\", \"distance_m\": 28.2}, {\"sightline_id\": \"sl_6ae91f6a\", \"toward\": \"a\", \"distance_m\": 35.6}]","tags":"{\"cuisine\": \"breakfast;cake;burger\", \"opening_hours\": \"Mo-Sa 06:30-18:00; Su,PH 08:00-18:00\", \"outdoor_seating\": \"yes\"}","marker-color":"#1f78b4"}},
{"type":"Feature","geometry":{"type":"Point","coordinates":[11.53833,48.10928]},"properties":{"id":"poi_n267205767","name":"Mykonos","kind":"restaurant","at":[48.10928,11.53833],"osm_id":"node/267205767","open_horizon":false,"views":"[{\"sightline_id\": \"sl_e0f40b36\", \"toward\": \"b\", \"distance_m\": 10.6}]","tags":"{\"cuisine\": \"greek\", \"opening_hours\": \"Tu-Fr,Su 11:30-14:30, Tu-Su 17:30-24:00, PH 17:30-24:00\", \"outdoor_seating\": \"yes\", \"phone\": \"+49 89 7241970\", \"website\": \"https://mykonos-sendling.com/\"}","marker-color":"#1f78b4"}},
{"type":"Feature","geometry":{"type":"Point","coordinates":[11.56666,48.15451]},"properties":{"id":"poi_n267245179","name":"Taverna Lakis","kind":"restaurant","at":[48.15451,11.56666],"osm_id":"node/267245179","open_horizon":false,"views":"[{\"sightline_id\": \"sl_229e7580\", \"toward\": \"b\", \"distance_m\": 15.6}, {\"sightline_id\": \"sl_cda6fb02\", \"toward\": \"b\", \"distance_m\": 17.7}]","tags":"{\"cuisine\": \"greek\", \"opening_hours\": \"Mo-Sa 16:00-01:00; Su,PH 11:30-01:00\", \"outdoor_seating\": \"yes\"}","marker-color":"#1f78b4"}},
{"type":"Feature","geometry":{"type":"Point","coordinates":[11.49888,48.13374]},"properties":{"id":"poi_n2673532514","name":"Speisezimmer","kind":"restaurant","at":[48.13374,11.49888],"osm_id":"node/2673532514","open_horizon":false,"views":"[{\"sightline_id\": \"sl_12eb697a\", \"toward\": \"b\", \"distance_m\": 12.0}]","tags":"{\"cuisine\": \"regional\", \"opening_hours\": \"Tu-Fr 10:00-15:00\", \"phone\": \"+49 89 568 20 360\", \"website\": \"https://www.speisezimmer.net/\"}","marker-color":"#1f78b4"}},
{"type":"Feature","geometry":{"type":"Point","coordinates":[11.50041,48.13947]},"properties":{"id":"poi_n268137236","name":"Detterbeck","kind":"cafe","at":[48.13947,11.50041],"osm_id":"node/268137236","open_horizon":false,"views":"[{\"sightline_id\": \"sl_7b2c610b\", \"toward\": \"b\", \"distance_m\": 26.5}, {\"sightline_id\": \"sl_fa2505e7\", \"toward\": \"a\", \"distance_m\": 27.0}, {\"sightline_id\": \"sl_fa2505e7\", \"toward\": \"b\", \"distance_m\": 27.0}]","tags":"{\"cuisine\": \"ice_cream;coffee_shop;cake\", \"opening_hours\": \"PH,Tu-Su 10:00-17:00\", \"outdoor_seating\": \"yes\"}","marker-color":"#1f78b4"}},
{"type":"Feature","geometry":{"type":"Point","coordinates":[11.57238,48.11978]},"properties":{"id":"poi_n2694914842","name":"Boazeria","kind":"bar","at":[48.11978,11.57238],"osm_id":"node/2694914842","open_horizon":false,"views":"[{\"sightline_id\": \"sl_2266d98b\", \"toward\": \"a\", \"distance_m\": 39.5}, {\"sightline_id\": \"sl_2266d98b\", \"toward\": \"b\", \"distance_m\": 39.5}]","tags":"{\"opening_hours\": \"Tu 18:00-01:00; Fr-Sa 18:00-02:00\"}","marker-color":"#1f78b4"}},
{"type":"Feature","geometry":{"type":"Point","coordinates":[11.67663,48.11301]},"properties":{"id":"poi_n269571504","name":"Royal Garden","kind":"restaurant","at":[48.11301,11.67663],"osm_id":"node/269571504","open_horizon":false,"views":"[{\"sightline_id\": \"sl_6e6ecbb3\", \"toward\": \"b\", \"distance_m\": 10.2}]","tags":"{\"cuisine\": \"chinese\", \"opening_hours\": \"We-Mo,PH 11:30-15:00,17:30-22:00; Tu off\"}","marker-color":"#1f78b4"}},
{"type":"Feature","geometry":{"type":"Point","coordinates":[11.6182,48.13741]},"properties":{"id":"poi_n2698581148","name":"Khang","kind":"restaurant","at":[48.13741,11.6182],"osm_id":"node/2698581148","open_horizon":false,"views":"[{\"sightline_id\": \"sl_2ee29d83\", \"toward\": \"a\", \"distance_m\": 10.8}]","tags":"{\"cuisine\": \"vietnamese\"}","marker-color":"#1f78b4"}},
{"type":"Feature","geometry":{"type":"Point","coordinates":[11.56505,48.1541]},"properties":{"id":"poi_n269945556","name":"Alter Ofen","kind":"pub","at":[48.1541,11.56505],"osm_id":"node/269945556","open_horizon":false,"views":"[{\"sightline_id\": \"sl_3c62cbbd\", \"toward\": \"a\", \"distance_m\": 11.7}]","tags":"{\"cuisine\": \"german\", \"opening_hours\": \"18:00-01:00\"}","marker-color":"#1f78b4"}},
{"type":"Feature","geometry":{"type":"Point","coordinates":[11.50853,48.14949]},"properties":{"id":"poi_n2701880121","name":"Augustiner Kurgarten","kind":"restaurant","at":[48.14949,11.50853],"osm_id":"node/2701880121","open_horizon":false,"views":"[{\"sightline_id\": \"sl_112066f9\", \"toward\": \"a\", \"distance_m\": 23.4}, {\"sightline_id\": \"sl_112066f9\", \"toward\": \"b\", \"distance_m\": 23.4}]","tags":"{\"cuisine\": \"regional\", \"opening_hours\": \"Mo-Fr 16:30-23:00 ; Sa,Su,PH 12:00-23:00\", \"outdoor_seating\": \"yes\"}","marker-color":"#1f78b4"}},
{"type":"Feature","geometry":{"type":"Point","coordinates":[11.70508,48.11249]},"properties":{"id":"poi_n270586929","name":"Seidl's","kind":"cafe","at":[48.11249,11.70508],"osm_id":"node/270586929","open_horizon":false,"views":"[{\"sightline_id\": \"sl_19fb3d19\", \"toward\": \"a\", \"distance_m\": 8.8}, {\"sightline_id\": \"sl_19fb3d19\", \"toward\": \"b\", \"distance_m\": 8.8}, {\"sightline_id\": \"sl_709122c2\", \"toward\": \"a\", \"distance_m\": 38.9}]","tags":"{\"opening_hours\": \"Tu-Sa 09:00-18:00; Su,PH 10:00-18:00\", \"outdoor_seating\": \"yes\"}","marker-color":"#1f78b4"}},
{"type":"Feature","geometry":{"type":"Point","coordinates":[11.70424,48.11286]},"properties":{"id":"poi_n270586931","name":"Croatica","kind":"restaurant","at":[48.11286,11.70424],"osm_id":"node/270586931","open_horizon":false,"views":"[{\"sightline_id\": \"sl_19fb3d19\", \"toward\": \"a\", \"distance_m\": 29.5}, {\"sightline_id\": \"sl_19fb3d19\", \"toward\": \"b\", \"distance_m\": 29.5}, {\"sightline_id\": \"sl_709122c2\", \"toward\": \"a\", \"distance_m\": 31.9}]","tags":"{\"cuisine\": \"balkan\", \"opening_hours\": \"Tu-Su 11:00-15:00,17:00-24:00\", \"outdoor_seating\": \"no\"}","marker-color":"#1f78b4"}},
{"type":"Feature","geometry":{"type":"Point","coordinates":[11.69119,48.11759]},"properties":{"id":"poi_n270586972","name":"IchiBan","kind":"restaurant","at":[48.11759,11.69119],"osm_id":"node/270586972","open_horizon":false,"views":"[{\"sightline_id\": \"sl_06483183\", \"toward\": \"a\", \"distance_m\": 24.2}]","tags":"{\"cuisine\": \"japanese;korean\", \"opening_hours\": \"Mo-Sa 11:30-14:30, 17:30-23:00; Su off\", \"outdoor_seating\": \"yes\"}","marker-color":"#1f78b4"}},
{"type":"Feature","geometry":{"type":"Point","coordinates":[11.52697,48.15853]},"properties":{"id":"poi_n2708539829","name":"EREMITage Nymphenburg","kind":"cafe","at":[48.15853,11.52697],"osm_id":"node/2708539829","open_horizon":false,"views":"[{\"sightline_id\": \"sl_31206593\", \"toward\": \"b\", \"distance_m\": 34.7}]","tags":"{\"outdoor_seating\": \"yes\"}","marker-color":"#1f78b4"}},
{"type":"Feature","geometry":{"type":"Point","coordinates":[11.68109,48.11601]},"properties":{"id":"poi_n271015734","name":"Antica Cantina","kind":"restaurant","at":[48.11601,11.68109],"osm_id":"node/271015734","open_horizon":false,"views":"[{\"sightline_id\": \"sl_d3e5506a\", \"toward\": \"a\", \"distance_m\": 25.5}]","tags":"{\"cuisine\": \"italian\", \"opening_hours\": \"Mo,We,Fr,Sa 18:00-01:00; Tu,Th,Su 11:30-14:30,18:00-01:00\", \"outdoor_seating\": \"yes\"}","marker-color":"#1f78b4"}},
{"type":"Feature","geometry":{"type":"Point","coordinates":[11.65501,48.10731]},"properties":{"id":"poi_n271236134","name":"Bhima's Biergarten","kind":"biergarten","at":[48.10731,11.65501],"osm_id":"node/271236134","open_horizon":false,"views":"[{\"sightline_id\": \"sl_c6f9b22b\", \"toward\": \"a\", \"distance_m\": 24.5}, {\"sightline_id\": \"sl_c6f9b22b\", \"toward\": \"b\", \"distance_m\": 24.5}]","tags":"{}","marker-color":"#1f78b4"}},
{"type":"Feature","geometry":{"type":"Point","coordinates":[11.53577,48.15186]},"properties":{"id":"poi_n2714924739","name":"FUJI Sushi & Nudel","kind":"restaurant","at":[48.15186,11.53577],"osm_id":"node/2714924739","open_horizon":false,"views":"[{\"sightline_id\": \"sl_ca87492e\", \"toward\": \"b\", \"distance_m\": 20.1}]","tags":"{\"cuisine\": \"sushi;ramen;udon\", \"opening_hours\": \"Mo-Sa 11:00-15:30,17:30-22:00; Su,PH 12:00-16:00,17:00-22:00\", \"outdoor_seating\": \"no\", \"phone\": \"+49 89 13010183\", \"website\": \"https://www.fuji-sushi-nudel.com/\"}","marker-color":"#1f78b4"}},
{"type":"Feature","geometry":{"type":"Point","coordinates":[11.59069,48.16655]},"properties":{"id":"poi_n2717850839","name":"Spicy Temptation","kind":"restaurant","at":[48.16655,11.59069],"osm_id":"node/2717850839","open_horizon":false,"views":"[{\"sightline_id\": \"sl_b0b201f2\", \"toward\": \"a\", \"distance_m\": 27.9}, {\"sightline_id\": \"sl_b0b201f2\", \"toward\": \"b\", \"distance_m\": 27.9}]","tags":"{\"cuisine\": \"asian\"}","marker-color":"#1f78b4"}},
{"type":"Feature","geometry":{"type":"Point","coordinates":[11.53825,48.0987]},"properties":{"id":"poi_n2717937047","name":"Tölzer Stüberl","kind":"pub","at":[48.0987,11.53825],"osm_id":"node/2717937047","open_horizon":false,"views":"[{\"sightline_id\": \"sl_1cf8642a\", \"toward\": \"a\", \"distance_m\": 19.5}, {\"sightline_id\": \"sl_1cf8642a\", \"toward\": \"b\", \"distance_m\": 19.5}]","tags":"{\"cuisine\": \"german\", \"opening_hours\": \"Mo-Fr 11:30-00:00; Sa 12:00-20:00\", \"outdoor_seating\": \"yes\"}","marker-color":"#1f78b4"}},
{"type":"Feature","geometry":{"type":"Point","coordinates":[11.57579,48.18136]},"properties":{"id":"poi_n2718906892","name":"kiosk nono","kind":"cafe","at":[48.18136,11.57579],"osm_id":"node/2718906892","open_horizon":false,"views":"[{\"sightline_id\": \"sl_ebd9c2cc\", \"toward\": \"a\", \"distance_m\": 19.8}, {\"sightline_id\": \"sl_ebd9c2cc\", \"toward\": \"b\", \"distance_m\": 19.8}, {\"sightline_id\": \"sl_0fd76acd\", \"toward\": \"b\", \"distance_m\": 38.9}]","tags":"{\"cuisine\": \"bubble_tea\", \"opening_hours\": \"Tu-Sa 14:00-18:30; Su 13:00-18:30\"}","marker-color":"#1f78b4"}},
{"type":"Feature","geometry":{"type":"Point","coordinates":[11.58555,48.15886]},"properties":{"id":"poi_n272529037","name":"Starbucks","kind":"cafe","at":[48.15886,11.58555],"osm_id":"node/272529037","open_horizon":false,"views":"[{\"sightline_id\": \"sl_302cf079\", \"toward\": \"a\", \"distance_m\": 15.6}, {\"sightline_id\": \"sl_302cf079\", \"toward\": \"b\", \"distance_m\": 15.6}]","tags":"{\"cuisine\": \"coffee_shop\", \"opening_hours\": \"Mo-Th 06:30-21:30; Fr 06:30-22:00; Sa 08:00-22:00; Su,PH 08:00-21:30\", \"outdoor_seating\": \"yes\"}","marker-color":"#1f78b4"}},
{"type":"Feature","geometry":{"type":"Point","coordinates":[11.54919,48.14906]},"properties":{"id":"poi_n2734272905","name":"Little Asia","kind":"restaurant","at":[48.14906,11.54919],"osm_id":"node/2734272905","open_horizon":false,"views":"[{\"sightline_id\": \"sl_ca87492e\", \"toward\": \"a\", \"distance_m\": 34.3}, {\"sightline_id\": \"sl_ca87492e\", \"toward\": \"b\", \"distance_m\": 34.3}]","tags":"{\"cuisine\": \"asian\", \"opening_hours\": \"Mo-Fr 10:00-21:00; Sa 11:00-16:00\", \"outdoor_seating\": \"yes\"}","marker-color":"#1f78b4"}},
{"type":"Feature","geometry":{"type":"Point","coordinates":[11.57528,48.15673]},"properties":{"id":"poi_n274380373","name":"Lumi","kind":"restaurant","at":[48.15673,11.57528],"osm_id":"node/274380373","open_horizon":false,"views":"[{\"sightline_id\": \"sl_8f7da990\", \"toward\": \"a\", \"distance_m\": 6.2}, {\"sightline_id\": \"sl_8f7da990\", \"toward\": \"b\", \"distance_m\": 6.2}]","tags":"{\"cuisine\": \"asian\", \"opening_hours\": \"Mo-Th 11:30-15:00,16:00-21:30; Fr,Sa 11:30-15:00,16:00-22:00; Su off\", \"outdoor_seating\": \"yes\"}","marker-color":"#1f78b4"}},
{"type":"Feature","geometry":{"type":"Point","coordinates":[11.50681,48.09266]},"properties":{"id":"poi_n2752495129","name":"drehbar Event Location","kind":"bar","at":[48.09266,11.50681],"osm_id":"node/2752495129","open_horizon":false,"views":"[{\"sightline_id\": \"sl_2dc1dc0b\", \"toward\": \"a\", \"distance_m\": 5.9}, {\"sightline_id\": \"sl_2dc1dc0b\", \"toward\": \"b\", \"distance_m\": 5.9}]","tags":"{\"website\": \"https://drehbar-eventlocation.de/\"}","marker-color":"#1f78b4"}},
{"type":"Feature","geometry":{"type":"Point","coordinates":[11.54499,48.11722]},"properties":{"id":"poi_n277179482","name":"Wirtshaus Valley’s","kind":"restaurant","at":[48.11722,11.54499],"osm_id":"node/277179482","open_horizon":false,"views":"[{\"sightline_id\": \"sl_e61c2044\", \"toward\": \"a\", \"distance_m\": 10.0}, {\"sightline_id\": \"sl_e61c2044\", \"toward\": \"b\", \"distance_m\": 10.0}, {\"sightline_id\": \"sl_c779e6ab\", \"toward\": \"b\", \"distance_m\": 13.0}]","tags":"{\"cuisine\": \"regional\", \"opening_hours\": \"Mo, We-Sa 16:00-24:00\", \"outdoor_seating\": \"no\", \"phone\": \"+49 89 76775151\", \"website\": \"https://www.wirtshausvalley.de\"}","marker-color":"#1f78b4"}},
{"type":"Feature","geometry":{"type":"Point","coordinates":[11.61324,48.12248]},"properties":{"id":"poi_n277253368","name":"Bombay Palace","kind":"restaurant","at":[48.12248,11.61324],"osm_id":"node/277253368","open_horizon":false,"views":"[{\"sightline_id\": \"sl_a00f6fab\", \"toward\": \"a\", \"distance_m\": 9.3}, {\"sightline_id\": \"sl_a00f6fab\", \"toward\": \"b\", \"distance_m\": 9.3}]","tags":"{\"cuisine\": \"indian\", \"opening_hours\": \"Su-Fr 11:30-14:30,17:30-22:00; Sa 17:30-22:00\", \"outdoor_seating\": \"yes\", \"website\": \"https://www.bombaypalacerestaurant.de/\"}","marker-color":"#1f78b4"}},
{"type":"Feature","geometry":{"type":"Point","coordinates":[11.42502,48.14321]},"properties":{"id":"poi_n277311504","name":"Dessi Tadka","kind":"restaurant","at":[48.14321,11.42502],"osm_id":"node/277311504","open_horizon":false,"views":"[{\"sightline_id\": \"sl_5ca808b8\", \"toward\": \"a\", \"distance_m\": 22.6}, {\"sightline_id\": \"sl_5ca808b8\", \"toward\": \"b\", \"distance_m\": 22.6}]","tags":"{\"cuisine\": \"indian\", \"opening_hours\": \"Tu-Fr 11:30-15:00, Mo-Fr 17:30-23:00, Sa,Su 17:00-23:00\", \"outdoor_seating\": \"yes\", \"website\": \"https://dessitadka.com/\"}","marker-color":"#1f78b4"}},
{"type":"Feature","geometry":{"type":"Point","coordinates":[11.47914,48.16397]},"properties":{"id":"poi_n278841390","name":"Taverna Naxos","kind":"restaurant","at":[48.16397,11.47914],"osm_id":"node/278841390","open_horizon":false,"views":"[{\"sightline_id\": \"sl_19b965b3\", \"toward\": \"a\", \"distance_m\": 27.2}, {\"sightline_id\": \"sl_19b965b3\", \"toward\": \"b\", \"distance_m\": 27.2}]","tags":"{\"cuisine\": \"greek\", \"opening_hours\": \"Mo off; PH,Tu-Su 17:30-24:00,11:30-14:30\", \"phone\": \"+49 89 85793920\", \"website\": \"https://naxos-muenchen.de/\"}","marker-color":"#1f78b4"}},
{"type":"Feature","geometry":{"type":"Point","coordinates":[11.56739,48.11068]},"properties":{"id":"poi_n2792188516","name":"Bottega del Gelato","kind":"ice_cream","at":[48.11068,11.56739],"osm_id":"node/2792188516","open_horizon":false,"views":"[{\"sightline_id\": \"sl_da94cef0\", \"toward\": \"a\", \"distance_m\": 34.8}]","tags":"{\"opening_hours\": \"Tu-Su,PH 11:00-19:00; Mo off\"}","marker-color":"#1f78b4"}},
{"type":"Feature","geometry":{"type":"Point","coordinates":[11.56017,48.15459]},"properties":{"id":"poi_n2795048299","name":"Triticum","kind":"restaurant","at":[48.15459,11.56017],"osm_id":"node/2795048299","open_horizon":false,"views":"[{\"sightline_id\": \"sl_1c73e5a8\", \"toward\": \"a\", \"distance_m\": 16.1}, {\"sightline_id\": \"sl_1c73e5a8\", \"toward\": \"b\", \"distance_m\": 16.1}]","tags":"{\"cuisine\": \"asian\", \"opening_hours\": \"Tu-Su 11:30-15:00,17:00-22:00\", \"outdoor_seating\": \"yes\"}","marker-color":"#1f78b4"}},
{"type":"Feature","geometry":{"type":"Point","coordinates":[11.65627,48.124]},"properties":{"id":"poi_n279798553","name":"Wok","kind":"restaurant","at":[48.124,11.65627],"osm_id":"node/279798553","open_horizon":false,"views":"[{\"sightline_id\": \"sl_c0850d00\", \"toward\": \"b\", \"distance_m\": 27.2}, {\"sightline_id\": \"sl_e19f2e59\", \"toward\": \"a\", \"distance_m\": 32.2}]","tags":"{\"cuisine\": \"asian;sushi\", \"opening_hours\": \"Mo off; Tu-Fr 11:00-14:00,17:00-22:00; PH,Sa,Su 17:00-21:00\", \"outdoor_seating\": \"yes\", \"phone\": \"+49 89 424488\", \"website\": \"https://www.woksushibar-muenchen.de/\"}","marker-color":"#1f78b4"}},
{"type":"Feature","geometry":{"type":"Point","coordinates":[11.57048,48.16717]},"properties":{"id":"poi_n279830869","name":"Bei Ling","kind":"restaurant","at":[48.16717,11.57048],"osm_id":"node/279830869","open_horizon":false,"views":"[{\"sightline_id\": \"sl_250bd6c3\", \"toward\": \"a\", \"distance_m\": 26.8}, {\"sightline_id\": \"sl_250bd6c3\", \"toward\": \"b\", \"distance_m\": 26.8}]","tags":"{\"cuisine\": \"chinese\", \"opening_hours\": \"Tu-Su 11:30-15:00,17:30-23:00\", \"outdoor_seating\": \"yes\"}","marker-color":"#1f78b4"}},
{"type":"Feature","geometry":{"type":"Point","coordinates":[11.57878,48.16982]},"properties":{"id":"poi_n279831813","name":"La Piazza","kind":"restaurant","at":[48.16982,11.57878],"osm_id":"node/279831813","open_horizon":false,"views":"[{\"sightline_id\": \"sl_8d7742a4\", \"toward\": \"b\", \"distance_m\": 20.3}]","tags":"{\"opening_hours\": \"Mo-Su 11:30-23:00\", \"outdoor_seating\": \"yes\"}","marker-color":"#1f78b4"}},
{"type":"Feature","geometry":{"type":"Point","coordinates":[11.67201,48.12049]},"properties":{"id":"poi_n279881217","name":"Masala Noir","kind":"restaurant","at":[48.12049,11.67201],"osm_id":"node/279881217","open_horizon":false,"views":"[{\"sightline_id\": \"sl_b3a61923\", \"toward\": \"b\", \"distance_m\": 19.2}]","tags":"{\"opening_hours\": \"Tu-Su,PH 11:30-14:30,17:30-22:30; Mo 17:30-22:30\"}","marker-color":"#1f78b4"}},
{"type":"Feature","geometry":{"type":"Point","coordinates":[11.57321,48.16695]},"properties":{"id":"poi_n279890310","name":"Ohana","kind":"restaurant","at":[48.16695,11.57321],"osm_id":"node/279890310","open_horizon":false,"views":"[{\"sightline_id\": \"sl_250bd6c3\", \"toward\": \"a\", \"distance_m\": 25.0}, {\"sightline_id\": \"sl_250bd6c3\", \"toward\": \"b\", \"distance_m\": 25.0}]","tags":"{\"opening_hours\": \"Mo-Fr 11:30-15:00, 17:30-21:30; Sa 17:30-22:00; Su 12:00-15:00, 17:30-21:30\"}","marker-color":"#1f78b4"}},
{"type":"Feature","geometry":{"type":"Point","coordinates":[11.57375,48.16732]},"properties":{"id":"poi_n279896259","name":"Izakaya Ohayou","kind":"restaurant","at":[48.16732,11.57375],"osm_id":"node/279896259","open_horizon":false,"views":"[{\"sightline_id\": \"sl_250bd6c3\", \"toward\": \"a\", \"distance_m\": 20.9}, {\"sightline_id\": \"sl_250bd6c3\", \"toward\": \"b\", \"distance_m\": 20.9}, {\"sightline_id\": \"sl_d6a27724\", \"toward\": \"a\", \"distance_m\": 25.6}, {\"sightline_id\": \"sl_d6a27724\", \"toward\": \"b\", \"distance_m\": 25.6}]","tags":"{\"cuisine\": \"japanese\", \"opening_hours\": \"Mo off; Tu-Sa 17:30-22:30; Tu-Th 11:30-14:30; Sa-Su 11:30-14:30\", \"outdoor_seating\": \"yes\"}","marker-color":"#1f78b4"}},
{"type":"Feature","geometry":{"type":"Point","coordinates":[11.67437,48.0856]},"properties":{"id":"poi_n281216583","name":"Terra Kreta","kind":"restaurant","at":[48.0856,11.67437],"osm_id":"node/281216583","open_horizon":false,"views":"[{\"sightline_id\": \"sl_1cf1a9ee\", \"toward\": \"a\", \"distance_m\": 29.0}]","tags":"{\"cuisine\": \"greek\", \"opening_hours\": \"Mo-Su 11:00-15:00, 17:00-22:00\", \"outdoor_seating\": \"yes\", \"phone\": \"+49 89 12288669\", \"website\": \"https://www.terra-kreta.eu/\"}","marker-color":"#1f78b4"}},
{"type":"Feature","geometry":{"type":"Point","coordinates":[11.54225,48.13473]},"properties":{"id":"poi_n2826468704","name":"La Kaz","kind":"restaurant","at":[48.13473,11.54225],"osm_id":"node/2826468704","open_horizon":false,"views":"[{\"sightline_id\": \"sl_9858aff8\", \"toward\": \"b\", \"distance_m\": 22.9}]","tags":"{\"opening_hours\": \"Mo-Th 12:00-14:30,17:30-00:00 ; Fr 12:00-14:30,17:30-01:00 ; Sa 17:30-01:00 ; Su 17:30-23:00\", \"outdoor_seating\": \"yes\"}","marker-color":"#1f78b4"}},
{"type":"Feature","geometry":{"type":"Point","coordinates":[11.56002,48.14248]},"properties":{"id":"poi_n283103746","name":"Café Kosmos","kind":"pub","at":[48.14248,11.56002],"osm_id":"node/283103746","open_horizon":false,"views":"[{\"sightline_id\": \"sl_76e2b5ac\", \"toward\": \"b\", \"distance_m\": 27.9}]","tags":"{\"cuisine\": \"coffee_shop\", \"opening_hours\": \"Mo-Fr 12:00-01:00; Sa, Su 18:00-03:00\", \"outdoor_seating\": \"yes\"}","marker-color":"#1f78b4"}},
{"type":"Feature","geometry":{"type":"Point","coordinates":[11.66199,48.13258]},"properties":{"id":"poi_n283154294","name":"Kaminstube","kind":"restaurant","at":[48.13258,11.66199],"osm_id":"node/283154294","open_horizon":false,"views":"[{\"sightline_id\": \"sl_70c0bad6\", \"toward\": \"a\", \"distance_m\": 14.8}, {\"sightline_id\": \"sl_e314149b\", \"toward\": \"b\", \"distance_m\": 21.9}, {\"sightline_id\": \"sl_ce7c4ad0\", \"toward\": \"b\", \"distance_m\": 22.3}]","tags":"{}","marker-color":"#1f78b4"}},
{"type":"Feature","geometry":{"type":"Point","coordinates":[11.64875,48.13966]},"properties":{"id":"poi_n283154303","name":"de Lune","kind":"restaurant","at":[48.13966,11.64875],"osm_id":"node/283154303","open_horizon":false,"views":"[{\"sightline_id\": \"sl_cf8a1c15\", \"toward\": \"b\", \"distance_m\": 18.9}]","tags":"{\"cuisine\": \"vietnamese\", \"opening_hours\": \"Mo-Fr 11:30-22:30; Sa-Su 17:30-22:30\", \"phone\": \"+49 17655375205\"}","marker-color":"#1f78b4"}},
{"type":"Feature","geometry":{"type":"Point","coordinates":[11.4781,48.11177]},"properties":{"id":"poi_n284203406","name":"Bei Antonio","kind":"restaurant","at":[48.11177,11.4781],"osm_id":"node/284203406","open_horizon":false,"views":"[{\"sightline_id\": \"sl_59cc5316\", \"toward\": \"a\", \"distance_m\": 13.1}, {\"sightline_id\": \"sl_59cc5316\", \"toward\": \"b\", \"distance_m\": 13.1}]","tags":"{\"cuisine\": \"italian,greek\", \"opening_hours\": \"Th-Tu 11:30-23:30\", \"outdoor_seating\": \"yes\", \"phone\": \"+49 89 71056 697\"}","marker-color":"#1f78b4"}},
{"type":"Feature","geometry":{"type":"Point","coordinates":[11.58398,48.11903]},"properties":{"id":"poi_n2859544446","name":"The Italian Bar","kind":"ice_cream","at":[48.11903,11.58398],"osm_id":"node/2859544446","open_horizon":false,"views":"[{\"sightline_id\": \"sl_defc3d30\", \"toward\": \"a\", \"distance_m\": 22.6}]","tags":"{}","marker-color":"#1f78b4"}},
{"type":"Feature","geometry":{"type":"Point","coordinates":[11.64069,48.15145]},"properties":{"id":"poi_n2869818611","name":"Amber","kind":"restaurant","at":[48.15145,11.64069],"osm_id":"node/2869818611","open_horizon":false,"views":"[{\"sightline_id\": \"sl_63d537d8\", \"toward\": \"a\", \"distance_m\": 12.2}]","tags":"{\"cuisine\": \"indian\", \"opening_hours\": \"Su 12:00-23:00; Mo-Fr 11:30-14:30,17:30-23:30; Sa 17:30-23:30\", \"phone\": \"+49 89 99939775\", \"website\": \"https://amber-restaurant.de/\"}","marker-color":"#1f78b4"}},
{"type":"Feature","geometry":{"type":"Point","coordinates":[11.56098,48.14684]},"properties":{"id":"poi_n2876254096","name":"Hamburgerei","kind":"restaurant","at":[48.14684,11.56098],"osm_id":"node/2876254096","open_horizon":false,"views":"[{\"sightline_id\": \"sl_229e7580\", \"toward\": \"a\", \"distance_m\": 33.4}, {\"sightline_id\": \"sl_229e7580\", \"toward\": \"b\", \"distance_m\": 33.4}]","tags":"{\"cuisine\": \"burger\", \"opening_hours\": \"Mo-Th,Su 11:30-22:00; Fr,Sa,PH 11:30-23:00\", \"outdoor_seating\": \"yes\"}","marker-color":"#1f78b4"}},
{"type":"Feature","geometry":{"type":"Point","coordinates":[11.55815,48.13552]},"properties":{"id":"poi_n2884314528","name":"Karotte","kind":"pub","at":[48.13552,11.55815],"osm_id":"node/2884314528","open_horizon":false,"views":"[{\"sightline_id\": \"sl_20f86686\", \"toward\": \"a\", \"distance_m\": 31.3}, {\"sightline_id\": \"sl_20f86686\", \"toward\": \"b\", \"distance_m\": 31.3}]","tags":"{\"opening_hours\": \"Th 17:00-01:00\", \"outdoor_seating\": \"yes\"}","marker-color":"#1f78b4"}},
{"type":"Feature","geometry":{"type":"Point","coordinates":[11.63399,48.12774]},"properties":{"id":"poi_n288694736","name":"Kreiller's","kind":"restaurant","at":[48.12774,11.63399],"osm_id":"node/288694736","open_horizon":false,"views":"[{\"sightline_id\": \"sl_3a15a36d\", \"toward\": \"a\", \"distance_m\": 13.8}, {\"sightline_id\": \"sl_3a15a36d\", \"toward\": \"b\", \"distance_m\": 13.8}]","tags":"{\"cuisine\": \"international;pasta;pizza\", \"opening_hours\": \"Tu-Th 16:00-00:00; Fr 16:00-01:00; Sa 10:00-01:00; Su 10:00-00:00\", \"outdoor_seating\": \"yes\", \"website\": \"https://www.kreillersmuenchen.de/\"}","marker-color":"#1f78b4"}},
{"type":"Feature","geometry":{"type":"Point","coordinates":[11.61358,48.12052]},"properties":{"id":"poi_n2894519315","name":"AKA - Aktiv für interKulturellen Austausch e.V.","kind":"cafe","at":[48.12052,11.61358],"osm_id":"node/2894519315","open_horizon":false,"views":"[{\"sightline_id\": \"sl_100b733a\", \"toward\": \"a\", \"distance_m\": 24.2}]","tags":"{\"opening_hours\": \"Mo-Fr 10:00-13:30\"}","marker-color":"#1f78b4"}},
{"type":"Feature","geometry":{"type":"Point","coordinates":[11.49253,48.14134]},"properties":{"id":"poi_n290345973","name":"Laimers","kind":"restaurant","at":[48.14134,11.49253],"osm_id":"node/290345973","open_horizon":false,"views":"[{\"sightline_id\": \"sl_8f5c8a4b\", \"toward\": \"b\", \"distance_m\": 21.1}]","tags":"{\"cuisine\": \"regional;burger\", \"opening_hours\": \"Mo-Th 11:00-23:00; Sa 10:00-24:00; Fr 11:00-24:00; Su 10:00-23:00\", \"outdoor_seating\": \"yes\", \"phone\": \"+49 89 54 66 401\", \"website\": \"https://www.laimers.com/\"}","marker-color":"#1f78b4"}},
{"type":"Feature","geometry":{"type":"Point","coordinates":[11.56347,48.20366]},"properties":{"id":"poi_n2903644301","name":"Mazagan","kind":"restaurant","at":[48.20366,11.56347],"osm_id":"node/2903644301","open_horizon":false,"views":"[{\"sightline_id\": \"sl_6df1d48f\", \"toward\": \"a\", \"distance_m\": 35.7}, {\"sightline_id\": \"sl_6df1d48f\", \"toward\": \"b\", \"distance_m\": 35.7}]","tags":"{\"cuisine\": \"kebab;pizza\", \"opening_hours\": \"11:00-22:00\"}","marker-color":"#1f78b4"}},
{"type":"Feature","geometry":{"type":"Point","coordinates":[11.64064,48.11866]},"properties":{"id":"poi_n290528084","name":"Lucky","kind":"pub","at":[48.11866,11.64064],"osm_id":"node/290528084","open_horizon":false,"views":"[{\"sightline_id\": \"sl_0e85cefd\", \"toward\": \"a\", \"distance_m\": 14.5}, {\"sightline_id\": \"sl_0e85cefd\", \"toward\": \"b\", \"distance_m\": 14.5}]","tags":"{\"opening_hours\": \"Tu-Su 11:00-00:00\", \"outdoor_seating\": \"no\", \"phone\": \"+49 89 18910347\", \"website\": \"https://www.lucky-bar.de/home/home_main.php\"}","marker-color":"#1f78b4"}},
{"type":"Feature","geometry":{"type":"Point","coordinates":[11.65543,48.11732]},"properties":{"id":"poi_n290722984","name":"Rokko's Wirtshaus und Pension","kind":"restaurant","at":[48.11732,11.65543],"osm_id":"node/290722984","open_horizon":false,"views":"[{\"sightline_id\": \"sl_78705929\", \"toward\": \"a\", \"distance_m\": 18.7}]","tags":"{\"cuisine\": \"international\", \"opening_hours\": \"Mo-Su 11:00-01:00\", \"website\": \"https://rokkos.de/\"}","marker-color":"#1f78b4"}},
{"type":"Feature","geometry":{"type":"Point","coordinates":[11.64557,48.15053]},"properties":{"id":"poi_n291076831","name":"Wirtshaus zur Marienburg","kind":"restaurant","at":[48.15053,11.64557],"osm_id":"node/291076831","open_horizon":false,"views":"[{\"sightline_id\": \"sl_8ab65850\", \"toward\": \"a\", \"distance_m\": 18.0}, {\"sightline_id\": \"sl_8ab65850\", \"toward\": \"b\", \"distance_m\": 18.0}]","tags":"{\"cuisine\": \"bavarian\", \"opening_hours\": \"Mo-Su 11:30-23:00\", \"outdoor_seating\": \"yes\", \"phone\": \"+49 89 939 32239\", \"website\": \"https://wirtshauszurmarienburg.de/\"}","marker-color":"#1f78b4"}},
{"type":"Feature","geometry":{"type":"Point","coordinates":[11.55779,48.14357]},"properties":{"id":"poi_n2910991213","name":"SAUNA","kind":"bar","at":[48.14357,11.55779],"osm_id":"node/2910991213","open_horizon":false,"views":"[{\"sightline_id\": \"sl_76e2b5ac\", \"toward\": \"a\", \"distance_m\": 16.9}, {\"sightline_id\": \"sl_76e2b5ac\", \"toward\": \"b\", \"distance_m\": 16.9}, {\"sightline_id\": \"sl_993f46be\", \"toward\": \"b\", \"distance_m\": 21.9}]","tags":"{}","marker-color":"#1f78b4"}},
{"type":"Feature","geometry":{"type":"Point","coordinates":[11.59259,48.14044]},"properties":{"id":"poi_n291103843","name":"Trichards","kind":"restaurant","at":[48.14044,11.59259],"osm_id":"node/291103843","open_horizon":false,"views":"[{\"sightline_id\": \"sl_fb56a278\", \"toward\": \"b\", \"distance_m\": 6.9}, {\"sightline_id\": \"sl_0bb7a8a9\", \"toward\": \"a\", \"distance_m\": 14.1}]","tags":"{\"outdoor_seating\": \"yes\"}","marker-color":"#1f78b4"}},
{"type":"Feature","geometry":{"type":"Point","coordinates":[11.59067,48.14078]},"properties":{"id":"poi_n291103849","name":"Liebighof im Lehel","kind":"restaurant","at":[48.14078,11.59067],"osm_id":"node/291103849","open_horizon":false,"views":"[{\"sightline_id\": \"sl_0bb7a8a9\", \"toward\": \"a\", \"distance_m\": 7.5}, {\"sightline_id\": \"sl_0bb7a8a9\", \"toward\": \"b\", \"distance_m\": 7.5}]","tags":"{\"cuisine\": \"bavarian\", \"opening_hours\": \"Mo-Fr 09:00-01:00, Sa-Su 17:00-01:00\", \"phone\": \"+49 89 295405\", \"website\": \"https://www.liebighof.de/\"}","marker-color":"#1f78b4"}},
{"type":"Feature","geometry":{"type":"Point","coordinates":[11.5887,48.14103]},"properties":{"id":"poi_n291103853","name":"Café Lehel","kind":"cafe","at":[48.14103,11.5887],"osm_id":"node/291103853","open_horizon":false,"views":"[{\"sightline_id\": \"sl_0bb7a8a9\", \"toward\": \"a\", \"distance_m\": 12.1}, {\"sightline_id\": \"sl_0bb7a8a9\", \"toward\": \"b\", \"distance_m\": 12.1}]","tags":"{\"cuisine\": \"coffee_shop\", \"opening_hours\": \"Mo-Fr 07:00-18:00; Sa-Su 09:00-18:00; PH open\", \"outdoor_seating\": \"yes\"}","marker-color":"#1f78b4"}},
{"type":"Feature","geometry":{"type":"Point","coordinates":[11.59056,48.14068]},"properties":{"id":"poi_n291364487","name":"Morso Cafe","kind":"cafe","at":[48.14068,11.59056],"osm_id":"node/291364487","open_horizon":false,"views":"[{\"sightline_id\": \"sl_0bb7a8a9\", \"toward\": \"a\", \"distance_m\": 20.8}, {\"sightline_id\": \"sl_0bb7a8a9\", \"toward\": \"b\", \"distance_m\": 20.8}]","tags":"{\"cuisine\": \"italian\", \"opening_hours\": \"Mo-Su, PH 08:00-20:00\"}","marker-color":"#1f78b4"}},
{"type":"Feature","geometry":{"type":"Point","coordinates":[11.59211,48.13949]},"properties":{"id":"poi_n291364509","name":"Xaxiu","kind":"restaurant","at":[48.13949,11.59211],"osm_id":"node/291364509","open_horizon":false,"views":"[{\"sightline_id\": \"sl_fb56a278\", \"toward\": \"b\", \"distance_m\": 12.6}]","tags":"{\"cuisine\": \"vietnamese\", \"opening_hours\": \"Mo-Fr 10:30-14:30,17:00-22:00; Sa-Su 17:00-22:00\"}","marker-color":"#1f78b4"}},
{"type":"Feature","geometry":{"type":"Point","coordinates":[11.51869,48.13971]},"properties":{"id":"poi_n291436154","name":"Cafe San","kind":"pub","at":[48.13971,11.51869],"osm_id":"node/291436154","open_horizon":false,"views":"[{\"sightline_id\": \"sl_fc3c3511\", \"toward\": \"a\", \"distance_m\": 12.4}]","tags":"{\"outdoor_seating\": \"yes\"}","marker-color":"#1f78b4"}},
{"type":"Feature","geometry":{"type":"Point","coordinates":[11.59711,48.14962]},"properties":{"id":"poi_n291898690","name":"Nuovo Tivoli","kind":"restaurant","at":[48.14962,11.59711],"osm_id":"node/291898690","open_horizon":false,"views":"[{\"sightline_id\": \"sl_560b074d\", \"toward\": \"b\", \"distance_m\": 39.3}]","tags":"{\"cuisine\": \"italian\", \"opening_hours\": \"We-Mo 11:30-14:30, 17:30-23:00; Tu off\", \"outdoor_seating\": \"sidewalk\", \"website\": \"https://nuovo-tivoli.de\"}","marker-color":"#1f78b4"}},
{"type":"Feature","geometry":{"type":"Point","coordinates":[11.65775,48.15053]},"properties":{"id":"poi_n292738172","name":"Zur Post","kind":"restaurant","at":[48.15053,11.65775],"osm_id":"node/292738172","open_horizon":false,"views":"[{\"sightline_id\": \"sl_54481a2f\", \"toward\": \"a\", \"distance_m\": 10.3}]","tags":"{\"cuisine\": \"german\", \"opening_hours\": \"Su-Fr 11:30-14:00, Mo-Fr 17:00-22:00\"}","marker-color":"#1f78b4"}},
{"type":"Feature","geometry":{"type":"Point","coordinates":[11.53075,48.16405]},"properties":{"id":"poi_n2949363929","name":"The Tribeca Café","kind":"cafe","at":[48.16405,11.53075],"osm_id":"node/2949363929","open_horizon":false,"views":"[{\"sightline_id\": \"sl_3e81a04f\", \"toward\": \"a\", \"distance_m\": 36.6}, {\"sightline_id\": \"sl_3e81a04f\", \"toward\": \"b\", \"distance_m\": 36.6}]","tags":"{\"opening_hours\": \"Mo-Su 09:00-18:00\", \"outdoor_seating\": \"sidewalk\", \"website\": \"https://tribecacafe.de/\"}","marker-color":"#1f78b4"}},
{"type":"Feature","geometry":{"type":"Point","coordinates":[11.57706,48.15221]},"properties":{"id":"poi_n2951261596","name":"Hans im Glück","kind":"restaurant","at":[48.15221,11.57706],"osm_id":"node/2951261596","open_horizon":false,"views":"[{\"sightline_id\": \"sl_b3216b45\", \"toward\": \"a\", \"distance_m\": 8.6}, {\"sightline_id\": \"sl_b3216b45\", \"toward\": \"b\", \"distance_m\": 8.6}]","tags":"{\"cuisine\": \"burger\", \"opening_hours\": \"Mo-Su 11:00+\", \"outdoor_seating\": \"sidewalk\", \"phone\": \"+49 89 66664688\", \"website\": \"https://hansimglueck-burgergrill.de/burger-restaurant/muenchen-tuerkenstrasse/\"}","marker-color":"#1f78b4"}},
{"type":"Feature","geometry":{"type":"Point","coordinates":[11.56002,48.14396]},"properties":{"id":"poi_n2951288221","name":"Noodle King","kind":"restaurant","at":[48.14396,11.56002],"osm_id":"node/2951288221","open_horizon":false,"views":"[{\"sightline_id\": \"sl_229e7580\", \"toward\": \"a\", \"distance_m\": 36.2}]","tags":"{\"cuisine\": \"asian;noodles\", \"opening_hours\": \"Mo-Fr 11:30-15:00, 17:00-21:30; Sa-Su 11:30-21:30\"}","marker-color":"#1f78b4"}},
{"type":"Feature","geometry":{"type":"Point","coordinates":[11.55794,48.12998]},"properties":{"id":"poi_n2951429878","name":"Hans im Glück","kind":"restaurant","at":[48.12998,11.55794],"osm_id":"node/2951429878","open_horizon":false,"views":"[{\"sightline_id\": \"sl_20f86686\", \"toward\": \"b\", \"distance_m\": 38.8}]","tags":"{\"cuisine\": \"burger\", \"opening_hours\": \"Mo-Th, Su, PH 11:30-22:00; Fr, Sa 11:30-23:00\", \"outdoor_seating\": \"yes\", \"phone\": \"+49 89 59918121\", \"website\": \"https://hansimglueck-burgergrill.de/burger-restaurant/muenchen-goetheplatz/\"}","marker-color":"#1f78b4"}},
{"type":"Feature","geometry":{"type":"Point","coordinates":[11.55024,48.09262]},"properties":{"id":"poi_n29582657","name":"Steg an der Marienklause","kind":"viewpoint","at":[48.09262,11.55024],"osm_id":"node/29582657","open_horizon":false,"views":"[{\"sightline_id\": \"sl_29b430de\", \"toward\": \"a\", \"distance_m\": 30.3}]","tags":"{}","marker-color":"#1f78b4"}},
{"type":"Feature","geometry":{"type":"Point","coordinates":[11.52859,48.16412]},"properties":{"id":"poi_n296136524","name":"Kurfürst Maximilian Trattoria","kind":"restaurant","at":[48.16412,11.52859],"osm_id":"node/296136524","open_horizon":false,"views":"[{\"sightline_id\": \"sl_0088a936\", \"toward\": \"b\", \"distance_m\": 15.6}, {\"sightline_id\": \"sl_91427ff4\", \"toward\": \"a\", \"distance_m\": 21.3}]","tags":"{\"cuisine\": \"italian\", \"opening_hours\": \"Mo off; Tu-Sa 11:30-14:30,18:00-23:00; Su 12:00-22:00\", \"outdoor_seating\": \"terrace\"}","marker-color":"#1f78b4"}},
{"type":"Feature","geometry":{"type":"Point","coordinates":[11.56425,48.13642]},"properties":{"id":"poi_n296394611","name":"Kauz","kind":"bar","at":[48.13642,11.56425],"osm_id":"node/296394611","open_horizon":false,"views":"[{\"sightline_id\": \"sl_c1a6aafe\", \"toward\": \"a\", \"distance_m\": 4.5}]","tags":"{}","marker-color":"#1f78b4"}},
{"type":"Feature","geometry":{"type":"Point","coordinates":[11.62577,48.1001]},"properties":{"id":"poi_n2967993398","name":"Café Konditorei Tortenparadies","kind":"cafe","at":[48.1001,11.62577],"osm_id":"node/2967993398","open_horizon":false,"views":"[{\"sightline_id\": \"sl_af746726\", \"toward\": \"a\", \"distance_m\": 15.3}]","tags":"{\"opening_hours\": \"Mo-Fr 07:00-18:00; Sa-Su 08:00-18:00; PH 08:00-18:00\", \"outdoor_seating\": \"yes\", \"phone\": \"+49 89 62789555\", \"website\": \"https://tortenparadies-muenchen.jimdofree.com/\"}","marker-color":"#1f78b4"}},
{"type":"Feature","geometry":{"type":"Point","coordinates":[11.61771,48.11216]},"properties":{"id":"poi_n296937481","name":"Xin Yun","kind":"restaurant","at":[48.11216,11.61771],"osm_id":"node/296937481","open_horizon":false,"views":"[{\"sightline_id\": \"sl_0fa92075\", \"toward\": \"a\", \"distance_m\": 26.2}]","tags":"{\"cuisine\": \"chinese\", \"opening_hours\": \"Tu-Su,PH 11:30-15:00,17:30-22:30\", \"outdoor_seating\": \"yes\", \"phone\": \"+49 89 686803\"}","marker-color":"#1f78b4"}},
{"type":"Feature","geometry":{"type":"Point","coordinates":[11.60946,48.11884]},"properties":{"id":"poi_n296937500","name":"Poseidon","kind":"restaurant","at":[48.11884,11.60946],"osm_id":"node/296937500","open_horizon":false,"views":"[{\"sightline_id\": \"sl_dafaf1f5\", \"toward\": \"a\", \"distance_m\": 19.9}, {\"sightline_id\": \"sl_dafaf1f5\", \"toward\": \"b\", \"distance_m\": 19.9}, {\"sightline_id\": \"sl_48d4480f\", \"toward\": \"a\", \"distance_m\": 36.9}, {\"sightline_id\": \"sl_48d4480f\", \"toward\": \"b\", \"distance_m\": 36.9}]","tags":"{\"cuisine\": \"greek\", \"opening_hours\": \"Mo-Su 11:00-24:00\", \"outdoor_seating\": \"yes\"}","marker-color":"#1f78b4"}},
{"type":"Feature","geometry":{"type":"Point","coordinates":[11.57491,48.16262]},"properties":{"id":"poi_n298817185","name":"Dhaba","kind":"restaurant","at":[48.16262,11.57491],"osm_id":"node/298817185","open_horizon":false,"views":"[{\"sightline_id\": \"sl_b038d7f7\", \"toward\": \"b\", \"distance_m\": 13.2}, {\"sightline_id\": \"sl_d6a27724\", \"toward\": \"b\", \"distance_m\": 14.0}, {\"sightline_id\": \"sl_79d740de\", \"toward\": \"a\", \"distance_m\": 24.1}, {\"sightline_id\": \"sl_79d740de\", \"toward\": \"b\", \"distance_m\": 24.1}]","tags":"{\"cuisine\": \"indian\", \"opening_hours\": \"Mo-Fr 11:30-14:30; Mo-Sa 17:30-23:30; Su 12:00-23:00\"}","marker-color":"#1f78b4"}},
{"type":"Feature","geometry":{"type":"Point","coordinates":[11.52918,48.13884]},"properties":{"id":"poi_n2989549123","name":"Ibero Tapas","kind":"restaurant","at":[48.13884,11.52918],"osm_id":"node/2989549123","open_horizon":false,"views":"[{\"sightline_id\": \"sl_7c751cfb\", \"toward\": \"a\", \"distance_m\": 11.9}]","tags":"{\"opening_hours\": \"Tu-Sa 17:30-00:00\", \"phone\": \"+49 89 14348940\", \"website\": \"https://www.iberotapas.com/\"}","marker-color":"#1f78b4"}},
{"type":"Feature","geometry":{"type":"Point","coordinates":[11.5897,48.13125]},"properties":{"id":"poi_n2989787437","name":"True&12","kind":"ice_cream","at":[48.13125,11.5897],"osm_id":"node/2989787437","open_horizon":false,"views":"[{\"sightline_id\": \"sl_6ae91f6a\", \"toward\": \"b\", \"distance_m\": 19.5}, {\"sightline_id\": \"sl_05e56817\", \"toward\": \"b\", \"distance_m\": 25.5}]","tags":"{\"opening_hours\": \"Mo-Su 12:00-22:00\", \"outdoor_seating\": \"no\", \"phone\": \"+49 172 6761205\", \"website\": \"https://www.trueand12.com/\"}","marker-color":"#1f78b4"}},
{"type":"Feature","geometry":{"type":"Point","coordinates":[11.58544,48.17359]},"properties":{"id":"poi_n2992466403","name":"Mostros","kind":"restaurant","at":[48.17359,11.58544],"osm_id":"node/2992466403","open_horizon":false,"views":"[{\"sightline_id\": \"sl_1cf54481\", \"toward\": \"a\", \"distance_m\": 28.2}, {\"sightline_id\": \"sl_1cf54481\", \"toward\": \"b\", \"distance_m\": 28.2}]","tags":"{\"cuisine\": \"latin_american;fusion\", \"outdoor_seating\": \"no\", \"website\": \"https://mostros.kitchen/#menu\"}","marker-color":"#1f78b4"}},
{"type":"Feature","geometry":{"type":"Point","coordinates":[11.58161,48.13898]},"properties":{"id":"poi_n299794070","name":"Schwarzreiter Tagesbar & Restaurant","kind":"restaurant","at":[48.13898,11.58161],"osm_id":"node/299794070","open_horizon":false,"views":"[{\"sightline_id\": \"sl_0ef924b1\", \"toward\": \"a\", \"distance_m\": 22.9}, {\"sightline_id\": \"sl_0ef924b1\", \"toward\": \"b\", \"distance_m\": 22.9}]","tags":"{}","marker-color":"#1f78b4"}},
{"type":"Feature","geometry":{"type":"Point","coordinates":[11.56499,48.1658]},"properties":{"id":"poi_n300886680","name":"Roshan","kind":"restaurant","at":[48.1658,11.56499],"osm_id":"node/300886680","open_horizon":false,"views":"[{\"sightline_id\": \"sl_bc70167d\", \"toward\": \"a\", \"distance_m\": 27.1}]","tags":"{\"opening_hours\": \"11:30-23:00\", \"phone\": \"+49 89 62816845\"}","marker-color":"#1f78b4"}},
{"type":"Feature","geometry":{"type":"Point","coordinates":[11.58453,48.11109]},"properties":{"id":"poi_n302372429","name":"Schinken Peter","kind":"restaurant","at":[48.11109,11.58453],"osm_id":"node/302372429","open_horizon":false,"views":"[{\"sightline_id\": \"sl_abf6353c\", \"toward\": \"a\", \"distance_m\": 21.2}, {\"sightline_id\": \"sl_abf6353c\", \"toward\": \"b\", \"distance_m\": 21.2}]","tags":"{\"cuisine\": \"bavarian;regional\", \"opening_hours\": \"Tu-Fr 16:30-24:00; Sa,Su 11:30-24:00; PH 11:30-23:00; Mo off\"}","marker-color":"#1f78b4"}},
{"type":"Feature","geometry":{"type":"Point","coordinates":[11.54413,48.14435]},"properties":{"id":"poi_n302753353","name":"Die Cibos","kind":"cafe","at":[48.14435,11.54413],"osm_id":"node/302753353","open_horizon":false,"views":"[{\"sightline_id\": \"sl_08e4cf20\", \"toward\": \"a\", \"distance_m\": 19.5}, {\"sightline_id\": \"sl_08e4cf20\", \"toward\": \"b\", \"distance_m\": 19.5}, {\"sightline_id\": \"sl_9473429f\", \"toward\": \"a\", \"distance_m\": 26.6}]","tags":"{\"opening_hours\": \"Mo-Fr 06:30-18:00, Sa 07:00-13:00\", \"outdoor_seating\": \"yes\"}","marker-color":"#1f78b4"}},
{"type":"Feature","geometry":{"type":"Point","coordinates":[11.50269,48.13683]},"properties":{"id":"poi_n3030688514","name":"Asia Bites","kind":"restaurant","at":[48.13683,11.50269],"osm_id":"node/3030688514","open_horizon":false,"views":"[{\"sightline_id\": \"sl_e4608dbb\", \"toward\": \"a\", \"distance_m\": 14.8}, {\"sightline_id\": \"sl_e4608dbb\", \"toward\": \"b\", \"distance_m\": 14.8}]","tags":"{\"cuisine\": \"asian\", \"outdoor_seating\": \"yes\"}","marker-color":"#1f78b4"}},
{"type":"Feature","geometry":{"type":"Point","coordinates":[11.54874,48.12183]},"properties":{"id":"poi_n303071163","name":"Al Tabie","kind":"restaurant","at":[48.12183,11.54874],"osm_id":"node/303071163","open_horizon":false,"views":"[{\"sightline_id\": \"sl_c4d1a70a\", \"toward\": \"a\", \"distance_m\": 18.4}, {\"sightline_id\": \"sl_c4d1a70a\", \"toward\": \"b\", \"distance_m\": 18.4}]","tags":"{\"cuisine\": \"italian\", \"opening_hours\": \"Mo,We-Fr 11:00-14:30,17:30-22:00; Sa 16:30-23:00; Su 14:30-22:00; Tu off\"}","marker-color":"#1f78b4"}},
{"type":"Feature","geometry":{"type":"Point","coordinates":[11.58977,48.13121]},"properties":{"id":"poi_n3035320744","name":"Bowls & Blenders","kind":"cafe","at":[48.13121,11.58977],"osm_id":"node/3035320744","open_horizon":false,"views":"[{\"sightline_id\": \"sl_6ae91f6a\", \"toward\": \"b\", \"distance_m\": 19.4}, {\"sightline_id\": \"sl_05e56817\", \"toward\": \"b\", \"distance_m\": 25.5}]","tags":"{\"opening_hours\": \"Mo-Su 10:00-20:00\", \"outdoor_seating\": \"yes\"}","marker-color":"#1f78b4"}},
{"type":"Feature","geometry":{"type":"Point","coordinates":[11.53412,48.195]},"properties":{"id":"poi_n303801021","name":"Pia y Pablo","kind":"restaurant","at":[48.195,11.53412],"osm_id":"node/303801021","open_horizon":false,"views":"[{\"sightline_id\": \"sl_216b78c7\", \"toward\": \"a\", \"distance_m\": 20.3}, {\"sightline_id\": \"sl_de660076\", \"toward\": \"b\", \"distance_m\": 38.6}]","tags":"{\"cuisine\": \"spanish;tapas\", \"opening_hours\": \"Mo-Su 17:00-22:00\", \"outdoor_seating\": \"yes\"}","marker-color":"#1f78b4"}},
{"type":"Feature","geometry":{"type":"Point","coordinates":[11.54543,48.19682]},"properties":{"id":"poi_n303801051","name":"La Giara II","kind":"restaurant","at":[48.19682,11.54543],"osm_id":"node/303801051","open_horizon":false,"views":"[{\"sightline_id\": \"sl_2a9074b4\", \"toward\": \"a\", \"distance_m\": 5.2}, {\"sightline_id\": \"sl_2a9074b4\", \"toward\": \"b\", \"distance_m\": 5.2}]","tags":"{\"cuisine\": \"italian;pizza\", \"opening_hours\": \"Mo-Sa 11:30-23:00\", \"outdoor_seating\": \"yes\", \"phone\": \"+49 89 3514808\", \"website\": \"http://www.trattoria-lagiara.de/?La_Giara_II\"}","marker-color":"#1f78b4"}},
{"type":"Feature","geometry":{"type":"Point","coordinates":[11.46041,48.14951]},"properties":{"id":"poi_n3038162121","name":"Thai Fresh Cuisine","kind":"restaurant","at":[48.14951,11.46041],"osm_id":"node/3038162121","open_horizon":false,"views":"[{\"sightline_id\": \"sl_4479b547\", \"toward\": \"b\", \"distance_m\": 25.8}]","tags":"{\"cuisine\": \"thai\", \"opening_hours\": \"Mo-Sa 11:00-22:00\", \"outdoor_seating\": \"yes\", \"phone\": \"+49 89 82988046\"}","marker-color":"#1f78b4"}},
{"type":"Feature","geometry":{"type":"Point","coordinates":[11.64527,48.11358]},"properties":{"id":"poi_n304005380","name":"Ägäis","kind":"restaurant","at":[48.11358,11.64527],"osm_id":"node/304005380","open_horizon":false,"views":"[{\"sightline_id\": \"sl_37c7d73a\", \"toward\": \"a\", \"distance_m\": 26.1}, {\"sightline_id\": \"sl_37c7d73a\", \"toward\": \"b\", \"distance_m\": 26.1}]","tags":"{\"cuisine\": \"greek\", \"opening_hours\": \"Mo-Th 16:00-23:00; Fr-Sa 16:00-02:00; Su 10:00-23:00\"}","marker-color":"#1f78b4"}},
{"type":"Feature","geometry":{"type":"Point","coordinates":[11.5635,48.13642]},"properties":{"id":"poi_n3049250124","name":"Bab Al Yemen","kind":"restaurant","at":[48.13642,11.5635],"osm_id":"node/3049250124","open_horizon":false,"views":"[{\"sightline_id\": \"sl_c1a6aafe\", \"toward\": \"a\", \"distance_m\": 4.8}]","tags":"{\"cuisine\": \"arab\", \"opening_hours\": \"Mo-Su 12:00-23:00\", \"outdoor_seating\": \"yes\"}","marker-color":"#1f78b4"}},
{"type":"Feature","geometry":{"type":"Point","coordinates":[11.56269,48.13643]},"properties":{"id":"poi_n3049250126","name":"Oriental Palace","kind":"restaurant","at":[48.13643,11.56269],"osm_id":"node/3049250126","open_horizon":false,"views":"[{\"sightline_id\": \"sl_c1a6aafe\", \"toward\": \"a\", \"distance_m\": 5.6}]","tags":"{\"cuisine\": \"lebanese\"}","marker-color":"#1f78b4"}},
{"type":"Feature","geometry":{"type":"Point","coordinates":[11.56568,48.12416]},"properties":{"id":"poi_n3051676297","name":"Geyerwally","kind":"pub","at":[48.12416,11.56568],"osm_id":"node/3051676297","open_horizon":false,"views":"[{\"sightline_id\": \"sl_e5506831\", \"toward\": \"a\", \"distance_m\": 38.4}, {\"sightline_id\": \"sl_e5506831\", \"toward\": \"b\", \"distance_m\": 38.4}]","tags":"{\"opening_hours\": \"Mo-Sa 19:00+\", \"website\": \"https://www.sueddeutsche.de/muenchen/die-zehn-schraegsten-kneipen-kult-kultiger-muenchen-1.1534254\"}","marker-color":"#1f78b4"}},
{"type":"Feature","geometry":{"type":"Point","coordinates":[11.58758,48.10048]},"properties":{"id":"poi_n305258377","name":"Devo's","kind":"bar","at":[48.10048,11.58758],"osm_id":"node/305258377","open_horizon":false,"views":"[{\"sightline_id\": \"sl_e5827524\", \"toward\": \"a\", \"distance_m\": 18.5}, {\"sightline_id\": \"sl_e5827524\", \"toward\": \"b\", \"distance_m\": 18.5}]","tags":"{\"outdoor_seating\": \"no\"}","marker-color":"#1f78b4"}},
{"type":"Feature","geometry":{"type":"Point","coordinates":[11.5904,48.11711]},"properties":{"id":"poi_n305258403","name":"Taverne Lithos im Brecherspitz","kind":"restaurant","at":[48.11711,11.5904],"osm_id":"node/305258403","open_horizon":false,"views":"[{\"sightline_id\": \"sl_14341a6b\", \"toward\": \"b\", \"distance_m\": 13.2}]","tags":"{\"cuisine\": \"greek\", \"opening_hours\": \"Su 12:00-20:30; Mo-Sa 16:00-20:30\", \"outdoor_seating\": \"yes\"}","marker-color":"#1f78b4"}},
{"type":"Feature","geometry":{"type":"Point","coordinates":[11.53052,48.21532]},"properties":{"id":"poi_n305371189","name":"Tre Scalini","kind":"restaurant","at":[48.21532,11.53052],"osm_id":"node/305371189","open_horizon":false,"views":"[{\"sightline_id\": \"sl_6cadd798\", \"toward\": \"b\", \"distance_m\": 6.8}]","tags":"{\"cuisine\": \"italian\", \"opening_hours\": \"Th,Su,Mo 11:00-14:00; Fr,Sa 16:30-23:00\", \"outdoor_seating\": \"yes\", \"website\": \"https://www.trescalini.de/\"}","marker-color":"#1f78b4"}},
{"type":"Feature","geometry":{"type":"Point","coordinates":[11.55889,48.13335]},"properties":{"id":"poi_n305506461","name":"Mariandl","kind":"restaurant","at":[48.13335,11.55889],"osm_id":"node/305506461","open_horizon":false,"views":"[{\"sightline_id\": \"sl_20f86686\", \"toward\": \"a\", \"distance_m\": 26.8}, {\"sightline_id\": \"sl_20f86686\", \"toward\": \"b\", \"distance_m\": 26.8}]","tags":"{\"opening_hours\": \"Mo-Su,PH 10:00-01:00\", \"outdoor_seating\": \"yes\"}","marker-color":"#1f78b4"}},
{"type":"Feature","geometry":{"type":"Point","coordinates":[11.5351,48.20701]},"properties":{"id":"poi_n305693097","name":"Risto-Pizza Ciro Borrelli","kind":"restaurant","at":[48.20701,11.5351],"osm_id":"node/305693097","open_horizon":false,"views":"[{\"sightline_id\": \"sl_2b298665\", \"toward\": \"b\", \"distance_m\": 39.4}]","tags":"{\"cuisine\": \"italian;pizza;pasta\", \"opening_hours\": \"Mo,We-Fr 16:00-22:30; Sa,Su 11:30-22:00; Tu off\", \"outdoor_seating\": \"veranda\", \"phone\": \"+49 89 20204435\", \"website\": \"https://ristopizza-ciroborrelli.de/\"}","marker-color":"#1f78b4"}},
{"type":"Feature","geometry":{"type":"Point","coordinates":[11.54376,48.10202]},"properties":{"id":"poi_n307190177","name":"Kyprios","kind":"restaurant","at":[48.10202,11.54376],"osm_id":"node/307190177","open_horizon":false,"views":"[{\"sightline_id\": \"sl_ae31ff3c\", \"toward\": \"b\", \"distance_m\": 22.5}]","tags":"{\"cuisine\": \"greek\", \"opening_hours\": \"Tu-Su,PH 17:30-01:00\", \"outdoor_seating\": \"yes\", \"phone\": \"+49 89 7236 673\", \"website\": \"http://www.kyprios-muenchen.de/\"}","marker-color":"#1f78b4"}},
{"type":"Feature","geometry":{"type":"Point","coordinates":[11.4453,48.13855]},"properties":{"id":"poi_n3072229173","name":"Backhaus & Café","kind":"cafe","at":[48.13855,11.4453],"osm_id":"node/3072229173","open_horizon":false,"views":"[{\"sightline_id\": \"sl_d62d7505\", \"toward\": \"a\", \"distance_m\": 15.0}]","tags":"{\"opening_hours\": \"Mo-Fr 06:00-18:00, Sa 06:00-14:00, Su,PH 08:00-12:00\", \"phone\": \"+49 152 53983393\"}","marker-color":"#1f78b4"}},
{"type":"Feature","geometry":{"type":"Point","coordinates":[11.54,48.15569]},"properties":{"id":"poi_n3072246868","name":"Onkel Kaan's Kiosk","kind":"cafe","at":[48.15569,11.54],"osm_id":"node/3072246868","open_horizon":false,"views":"[{\"sightline_id\": \"sl_2457b661\", \"toward\": \"a\", \"distance_m\": 6.6}, {\"sightline_id\": \"sl_2457b661\", \"toward\": \"b\", \"distance_m\": 6.6}, {\"sightline_id\": \"sl_287c5745\", \"toward\": \"a\", \"distance_m\": 31.7}]","tags":"{\"cuisine\": \"coffee_shop\", \"opening_hours\": \"Mo-Fr 08:00-19:00; Sa 08:00-15:00\", \"outdoor_seating\": \"no\"}","marker-color":"#1f78b4"}},
{"type":"Feature","geometry":{"type":"Point","coordinates":[11.51722,48.21709]},"properties":{"id":"poi_n307464609","name":"Seehaus Feldmoching","kind":"restaurant","at":[48.21709,11.51722],"osm_id":"node/307464609","open_horizon":false,"views":"[{\"sightline_id\": \"sl_b60a5a54\", \"toward\": \"b\", \"distance_m\": 21.2}]","tags":"{\"cuisine\": \"greek\", \"opening_hours\": \"11:00-22:00\"}","marker-color":"#1f78b4"}},
{"type":"Feature","geometry":{"type":"Point","coordinates":[11.56994,48.1151]},"properties":{"id":"poi_n307535899","name":"Saletta Giesing","kind":"restaurant","at":[48.1151,11.56994],"osm_id":"node/307535899","open_horizon":false,"views":"[{\"sightline_id\": \"sl_acd6ffce\", \"toward\": \"b\", \"distance_m\": 8.3}]","tags":"{\"cuisine\": \"pizza;local\", \"opening_hours\": \"Tu-Th 11:30-24:00, Fr 11:30-01:00, Sa 10:00-01:00, Su 10:00-23:00\", \"phone\": \"+49 15563 022682\"}","marker-color":"#1f78b4"}},
{"type":"Feature","geometry":{"type":"Point","coordinates":[11.60634,48.13979]},"properties":{"id":"poi_n307535923","name":"Swagat","kind":"restaurant","at":[48.13979,11.60634],"osm_id":"node/307535923","open_horizon":false,"views":"[{\"sightline_id\": \"sl_9c281192\", \"toward\": \"a\", \"distance_m\": 11.5}, {\"sightline_id\": \"sl_04c46e16\", \"toward\": \"b\", \"distance_m\": 28.6}]","tags":"{\"cuisine\": \"indian\", \"opening_hours\": \"Mo-Su 11:30-14:30,17:30-01:00\", \"outdoor_seating\": \"yes\"}","marker-color":"#1f78b4"}},
{"type":"Feature","geometry":{"type":"Point","coordinates":[11.57476,48.14297]},"properties":{"id":"poi_n307740749","name":"Cafe Luitpold - Palmengarten","kind":"cafe","at":[48.14297,11.57476],"osm_id":"node/307740749","open_horizon":false,"views":"[{\"sightline_id\": \"sl_bd0ac71e\", \"toward\": \"a\", \"distance_m\": 22.0}, {\"sightline_id\": \"sl_9df21fd2\", \"toward\": \"a\", \"distance_m\": 27.7}]","tags":"{\"cuisine\": \"regional;coffee_shop\", \"opening_hours\": \"Mo-Fr 11:30-20:00; PH,Sa,Su 12:00-20:00\", \"outdoor_seating\": \"yes\"}","marker-color":"#1f78b4"}},
{"type":"Feature","geometry":{"type":"Point","coordinates":[11.52893,48.21373]},"properties":{"id":"poi_n307757463","name":"Croatia Grill","kind":"restaurant","at":[48.21373,11.52893],"osm_id":"node/307757463","open_horizon":false,"views":"[{\"sightline_id\": \"sl_15e78e90\", \"toward\": \"a\", \"distance_m\": 17.8}, {\"sightline_id\": \"sl_a42bf52c\", \"toward\": \"b\", \"distance_m\": 36.4}]","tags":"{\"cuisine\": \"croatian\"}","marker-color":"#1f78b4"}},
{"type":"Feature","geometry":{"type":"Point","coordinates":[11.57498,48.162]},"properties":{"id":"poi_n308039129","name":"Blue Nile","kind":"restaurant","at":[48.162,11.57498],"osm_id":"node/308039129","open_horizon":false,"views":"[{\"sightline_id\": \"sl_79d740de\", \"toward\": \"a\", \"distance_m\": 21.0}, {\"sightline_id\": \"sl_79d740de\", \"toward\": \"b\", \"distance_m\": 21.0}, {\"sightline_id\": \"sl_d6a27724\", \"toward\": \"b\", \"distance_m\": 34.1}]","tags":"{\"cuisine\": \"ethiopian\", \"opening_hours\": \"18:00-24:30\"}","marker-color":"#1f78b4"}},
{"type":"Feature","geometry":{"type":"Point","coordinates":[11.57506,48.1617]},"properties":{"id":"poi_n308039130","name":null,"kind":"restaurant","at":[48.1617,11.57506],"osm_id":"node/308039130","open_horizon":false,"views":"[{\"sightline_id\": \"sl_79d740de\", \"toward\": \"b\", \"distance_m\": 23.1}]","tags":"{\"cuisine\": \"korean\"}","marker-color":"#1f78b4"}},
{"type":"Feature","geometry":{"type":"Point","coordinates":[11.57203,48.16268]},"properties":{"id":"poi_n308039132","name":"KIMs Sushi","kind":"restaurant","at":[48.16268,11.57203],"osm_id":"node/308039132","open_horizon":false,"views":"[{\"sightline_id\": \"sl_b038d7f7\", \"toward\": \"a\", \"distance_m\": 11.8}, {\"sightline_id\": \"sl_b038d7f7\", \"toward\": \"b\", \"distance_m\": 11.8}]","tags":"{\"cuisine\": \"sushi\", \"opening_hours\": \"Su-Fr 17:00-22:00; Th-Fr 11:00-15:00; PH 17:00-22:00; Sa off\", \"outdoor_seating\": \"yes\", \"phone\": \"+49 89 3007533\", \"website\": \"https://www.kimssushi.de/\"}","marker-color":"#1f78b4"}},
{"type":"Feature","geometry":{"type":"Point","coordinates":[11.57337,48.16251]},"properties":{"id":"poi_n308039138","name":"Bamyan Aron","kind":"restaurant","at":[48.16251,11.57337],"osm_id":"node/308039138","open_horizon":false,"views":"[{\"sightline_id\": \"sl_b038d7f7\", \"toward\": \"b\", \"distance_m\": 16.1}]","tags":"{\"cuisine\": \"asian\", \"opening_hours\": \"Mo-Sa 16:00-24:00; Su 12:00-24:00\", \"outdoor_seating\": \"sidewalk\", \"phone\": \"+49 89 80040191\", \"website\": \"https://www.bamyam-aron.de/\"}","marker-color":"#1f78b4"}},
{"type":"Feature","geometry":{"type":"Point","coordinates":[11.57286,48.16282]},"properties":{"id":"poi_n308039139","name":"Schwabinger Wassermann","kind":"restaurant","at":[48.16282,11.57286],"osm_id":"node/308039139","open_horizon":false,"views":"[{\"sightline_id\": \"sl_b038d7f7\", \"toward\": \"a\", \"distance_m\": 11.8}, {\"sightline_id\": \"sl_b038d7f7\", \"toward\": \"b\", \"distance_m\": 11.8}]","tags":"{\"cuisine\": \"breakfast;bavarian\", \"opening_hours\": \"Mo-Th 10:00-23:00, Fr 10:00-24:00, Sa 09:00-24:00, Su,PH 09:00-23:00\"}","marker-color":"#1f78b4"}},
{"type":"Feature","geometry":{"type":"Point","coordinates":[11.57548,48.15962]},"properties":{"id":"poi_n308055997","name":"Tem Thai Cooking","kind":"restaurant","at":[48.15962,11.57548],"osm_id":"node/308055997","open_horizon":false,"views":"[{\"sightline_id\": \"sl_8e8aca80\", \"toward\": \"b\", \"distance_m\": 16.6}]","tags":"{\"cuisine\": \"thai\", \"opening_hours\": \"Mo-Fr 11:00-14:30; Mo-Sa 17:00-23:30; Su,PH off\", \"outdoor_seating\": \"no\"}","marker-color":"#1f78b4"}},
{"type":"Feature","geometry":{"type":"Point","coordinates":[11.5609,48.15399]},"properties":{"id":"poi_n3080746151","name":"Basteis","kind":"cafe","at":[48.15399,11.5609],"osm_id":"node/3080746151","open_horizon":false,"views":"[{\"sightline_id\": \"sl_d1452881\", \"toward\": \"a\", \"distance_m\": 10.6}, {\"sightline_id\": \"sl_d1452881\", \"toward\": \"b\", \"distance_m\": 10.6}]","tags":"{}","marker-color":"#1f78b4"}},
{"type":"Feature","geometry":{"type":"Point","coordinates":[11.56277,48.18582]},"properties":{"id":"poi_n308960795","name":"Simitçi Cafe","kind":"restaurant","at":[48.18582,11.56277],"osm_id":"node/308960795","open_horizon":false,"views":"[{\"sightline_id\": \"sl_6445c73a\", \"toward\": \"a\", \"distance_m\": 18.6}, {\"sightline_id\": \"sl_6445c73a\", \"toward\": \"b\", \"distance_m\": 18.6}]","tags":"{\"cuisine\": \"turkish\", \"opening_hours\": \"Mo-Su 07:00-20:00\", \"outdoor_seating\": \"yes\"}","marker-color":"#1f78b4"}},
{"type":"Feature","geometry":{"type":"Point","coordinates":[11.51132,48.19913]},"properties":{"id":"poi_n309419909","name":"Rattlesnake Saloon","kind":"restaurant","at":[48.19913,11.51132],"osm_id":"node/309419909","open_horizon":false,"views":"[{\"sightline_id\": \"sl_225b2d55\", \"toward\": \"a\", \"distance_m\": 6.7}, {\"sightline_id\": \"sl_225b2d55\", \"toward\": \"b\", \"distance_m\": 6.7}]","tags":"{\"opening_hours\": \"Th-Su 18:00-03:00\", \"outdoor_seating\": \"yes\", \"phone\": \"+49 89 1504035\", \"website\": \"https://rattlesnake-saloon.com/\"}","marker-color":"#1f78b4"}},
{"type":"Feature","geometry":{"type":"Point","coordinates":[11.56661,48.18702]},"properties":{"id":"poi_n310408360","name":"Restaurant Keferloher/ Kod Muje","kind":"restaurant","at":[48.18702,11.56661],"osm_id":"node/310408360","open_horizon":false,"views":"[{\"sightline_id\": \"sl_cceb6b6c\", \"toward\": \"a\", \"distance_m\": 27.8}, {\"sightline_id\": \"sl_6df1d48f\", \"toward\": \"a\", \"distance_m\": 32.5}, {\"sightline_id\": \"sl_6df1d48f\", \"toward\": \"b\", \"distance_m\": 32.5}]","tags":"{\"cuisine\": \"balkan;german;italian\", \"opening_hours\": \"Mo off; Tu-Su 10:30-22:00\", \"outdoor_seating\": \"no\", \"phone\": \"+49 89 3519186\", \"website\": \"https://keferloher-restaurant.de\"}","marker-color":"#1f78b4"}},
{"type":"Feature","geometry":{"type":"Point","coordinates":[11.56536,48.12403]},"properties":{"id":"poi_n3115068455","name":"Moonlight Restaurant","kind":"restaurant","at":[48.12403,11.56536],"osm_id":"node/3115068455","open_horizon":false,"views":"[{\"sightline_id\": \"sl_e5506831\", \"toward\": \"a\", \"distance_m\": 14.9}, {\"sightline_id\": \"sl_e5506831\", \"toward\": \"b\", \"distance_m\": 14.9}]","tags":"{\"cuisine\": \"asian;sushi\", \"opening_hours\": \"Mo-Sa 11:30-15:00, Su-Th,PH 17:30-23:00, Fr,Sa 17:30-24:00, Su,PH 12:00-15:00\", \"outdoor_seating\": \"yes\", \"phone\": \"+49 89 35003990\", \"website\": \"https://moonlight-restaurant.de/\"}","marker-color":"#1f78b4"}},
{"type":"Feature","geometry":{"type":"Point","coordinates":[11.54828,48.12387]},"properties":{"id":"poi_n311709815","name":"Cafe BLUe","kind":"cafe","at":[48.12387,11.54828],"osm_id":"node/311709815","open_horizon":false,"views":"[{\"sightline_id\": \"sl_c4d1a70a\", \"toward\": \"a\", \"distance_m\": 21.4}, {\"sightline_id\": \"sl_0261e149\", \"toward\": \"a\", \"distance_m\": 31.8}, {\"sightline_id\": \"sl_0261e149\", \"toward\": \"b\", \"distance_m\": 31.8}]","tags":"{\"opening_hours\": \"Mo-Su 10:00-01:00\", \"outdoor_seating\": \"yes\", \"phone\": \"+49 89 74664693\", \"website\": \"https://cafeblue.de/\"}","marker-color":"#1f78b4"}},
{"type":"Feature","geometry":{"type":"Point","coordinates":[11.54527,48.12111]},"properties":{"id":"poi_n311712084","name":"Piccola Italia","kind":"restaurant","at":[48.12111,11.54527],"osm_id":"node/311712084","open_horizon":false,"views":"[{\"sightline_id\": \"sl_c779e6ab\", \"toward\": \"a\", \"distance_m\": 11.1}, {\"sightline_id\": \"sl_2a7f3b60\", \"toward\": \"a\", \"distance_m\": 12.1}, {\"sightline_id\": \"sl_2a7f3b60\", \"toward\": \"b\", \"distance_m\": 12.1}]","tags":"{\"cuisine\": \"italian\", \"opening_hours\": \"Mo,Tu,Th,Fr 12:00-14:30,18:00-23:00; Sa 18:00-23:00; Su 12:00-23:00; We off\", \"phone\": \"+49 89 761844\", \"website\": \"https://www.piccola-italia.org/\"}","marker-color":"#1f78b4"}},
{"type":"Feature","geometry":{"type":"Point","coordinates":[11.58751,48.12413]},"properties":{"id":"poi_n3123128916","name":"Le Plaisant","kind":"restaurant","at":[48.12413,11.58751],"osm_id":"node/3123128916","open_horizon":false,"views":"[{\"sightline_id\": \"sl_163b7417\", \"toward\": \"a\", \"distance_m\": 21.8}]","tags":"{\"cuisine\": \"french\", \"opening_hours\": \"Mo-Fr 18:00-24:00\"}","marker-color":"#1f78b4"}},
{"type":"Feature","geometry":{"type":"Point","coordinates":[11.56681,48.12297]},"properties":{"id":"poi_n3124057522","name":"Le Berlu","kind":"restaurant","at":[48.12297,11.56681],"osm_id":"node/3124057522","open_horizon":false,"views":"[{\"sightline_id\": \"sl_f91ad012\", \"toward\": \"a\", \"distance_m\": 9.6}, {\"sightline_id\": \"sl_f91ad012\", \"toward\": \"b\", \"distance_m\": 9.6}]","tags":"{\"cuisine\": \"french;spanish\", \"opening_hours\": \"Tu-Sa 18:30-24:00, Fr 11:30-14:30\", \"outdoor_seating\": \"yes\", \"phone\": \"+498974747750\", \"website\": \"https://www.leberlu.de/\"}","marker-color":"#1f78b4"}},
{"type":"Feature","geometry":{"type":"Point","coordinates":[11.54755,48.11191]},"properties":{"id":"poi_n3152345455","name":"Aperon","kind":"restaurant","at":[48.11191,11.54755],"osm_id":"node/3152345455","open_horizon":false,"views":"[{\"sightline_id\": \"sl_b6c8fa2b\", \"toward\": \"a\", \"distance_m\": 9.7}, {\"sightline_id\": \"sl_b6c8fa2b\", \"toward\": \"b\", \"distance_m\": 9.7}]","tags":"{\"opening_hours\": \"Mo-Sa 17:00-23:30\"}","marker-color":"#1f78b4"}},
{"type":"Feature","geometry":{"type":"Point","coordinates":[11.59946,48.10864]},"properties":{"id":"poi_n315484517","name":"Pizza Burger Company","kind":"restaurant","at":[48.10864,11.59946],"osm_id":"node/315484517","open_horizon":false,"views":"[{\"sightline_id\": \"sl_2ed6a656\", \"toward\": \"b\", \"distance_m\": 10.1}]","tags":"{\"cuisine\": \"burger\", \"opening_hours\": \"Mo-Su 10:45-23:45\", \"website\": \"https://www.pizza-burger-company.de\"}","marker-color":"#1f78b4"}},
{"type":"Feature","geometry":{"type":"Point","coordinates":[11.55936,48.14879]},"properties":{"id":"poi_n315919374","name":"Bambushain","kind":"restaurant","at":[48.14879,11.55936],"osm_id":"node/315919374","open_horizon":false,"views":"[{\"sightline_id\": \"sl_d1452881\", \"toward\": \"b\", \"distance_m\": 6.6}]","tags":"{\"cuisine\": \"vietnamese\", \"opening_hours\": \"Mo-Fr 11:00-22:00; Sa-Su 12:00-22:00\", \"outdoor_seating\": \"yes\", \"phone\": \"+49 89 52314838\"}","marker-color":"#1f78b4"}},
{"type":"Feature","geometry":{"type":"Point","coordinates":[11.55916,48.149]},"properties":{"id":"poi_n315919414","name":"Maharani","kind":"restaurant","at":[48.149,11.55916],"osm_id":"node/315919414","open_horizon":false,"views":"[{\"sightline_id\": \"sl_d1452881\", \"toward\": \"b\", \"distance_m\": 13.5}]","tags":"{\"cuisine\": \"indian\", \"opening_hours\": \"11:30-15:00,17:30-24:00\", \"outdoor_seating\": \"yes\"}","marker-color":"#1f78b4"}},
{"type":"Feature","geometry":{"type":"Point","coordinates":[11.55926,48.14915]},"properties":{"id":"poi_n315919425","name":"Song’s Kitchen","kind":"restaurant","at":[48.14915,11.55926],"osm_id":"node/315919425","open_horizon":false,"views":"[{\"sightline_id\": \"sl_d1452881\", \"toward\": \"b\", \"distance_m\": 9.7}]","tags":"{\"cuisine\": \"chinese\", \"opening_hours\": \"Mo-Su 11:00-15:00,17:00-23:00\", \"outdoor_seating\": \"yes\"}","marker-color":"#1f78b4"}},
{"type":"Feature","geometry":{"type":"Point","coordinates":[11.55951,48.14984]},"properties":{"id":"poi_n315919442","name":"Lavazza","kind":"cafe","at":[48.14984,11.55951],"osm_id":"node/315919442","open_horizon":false,"views":"[{\"sightline_id\": \"sl_d1452881\", \"toward\": \"a\", \"distance_m\": 8.3}, {\"sightline_id\": \"sl_d1452881\", \"toward\": \"b\", \"distance_m\": 8.3}, {\"sightline_id\": \"sl_c6924d7e\", \"toward\": \"a\", \"distance_m\": 11.4}]","tags":"{\"cuisine\": \"coffee_shop\", \"opening_hours\": \"Mo-Fr 06:30-18:00; Sa 07:30-13:00; Su 08:30-12:00\", \"outdoor_seating\": \"yes\", \"phone\": \"+49 89 70096298\"}","marker-color":"#1f78b4"}},
{"type":"Feature","geometry":{"type":"Point","coordinates":[11.55241,48.14729]},"properties":{"id":"poi_n315935208","name":"Tan Cafe Kursumliya","kind":"cafe","at":[48.14729,11.55241],"osm_id":"node/315935208","open_horizon":false,"views":"[{\"sightline_id\": \"sl_92fc0adb\", \"toward\": \"b\", \"distance_m\": 6.1}]","tags":"{}","marker-color":"#1f78b4"}},
{"type":"Feature","geometry":{"type":"Point","coordinates":[11.55196,48.14773]},"properties":{"id":"poi_n315935216","name":"phi asia","kind":"restaurant","at":[48.14773,11.55196],"osm_id":"node/315935216","open_horizon":false,"views":"[{\"sightline_id\": \"sl_92fc0adb\", \"toward\": \"b\", \"distance_m\": 36.8}, {\"sightline_id\": \"sl_ad00ce9a\", \"toward\": \"b\", \"distance_m\": 36.8}]","tags":"{\"cuisine\": \"asian\", \"opening_hours\": \"Mo-Fr 11:00-14:30,17:00-21:00; Sa off; Su 17:00-21:00\", \"phone\": \"+49 89 66066665\"}","marker-color":"#1f78b4"}},
{"type":"Feature","geometry":{"type":"Point","coordinates":[11.55244,48.14896]},"properties":{"id":"poi_n315935269","name":"Nymphenburger Hof","kind":"restaurant","at":[48.14896,11.55244],"osm_id":"node/315935269","open_horizon":false,"views":"[{\"sightline_id\": \"sl_92c4049f\", \"toward\": \"a\", \"distance_m\": 11.8}, {\"sightline_id\": \"sl_ca87492e\", \"toward\": \"a\", \"distance_m\": 24.5}, {\"sightline_id\": \"sl_ca87492e\", \"toward\": \"b\", \"distance_m\": 24.5}]","tags":"{\"opening_hours\": \"Tu-Fr 12:00-15:00, Tu-Sa 18:00-01:00, PH 01:00+ off\", \"phone\": \"+49 89 1233830\", \"website\": \"https://www.nymphenburgerhof.de/\"}","marker-color":"#1f78b4"}},
{"type":"Feature","geometry":{"type":"Point","coordinates":[11.55188,48.14907]},"properties":{"id":"poi_n315935277","name":"Natraj","kind":"restaurant","at":[48.14907,11.55188],"osm_id":"node/315935277","open_horizon":false,"views":"[{\"sightline_id\": \"sl_ca87492e\", \"toward\": \"a\", \"distance_m\": 24.6}, {\"sightline_id\": \"sl_ca87492e\", \"toward\": \"b\", \"distance_m\": 24.6}]","tags":"{\"cuisine\": \"indian\", \"opening_hours\": \"Su-Sa 11:30-14:30, 17:30-00:00\", \"phone\": \"+498912001262\", \"website\": \"https://natrajmünchen.de/\"}","marker-color":"#1f78b4"}},
{"type":"Feature","geometry":{"type":"Point","coordinates":[11.54545,48.15036]},"properties":{"id":"poi_n315953161","name":"Hao92","kind":"restaurant","at":[48.15036,11.54545],"osm_id":"node/315953161","open_horizon":false,"views":"[{\"sightline_id\": \"sl_ca87492e\", \"toward\": \"a\", \"distance_m\": 25.7}, {\"sightline_id\": \"sl_ca87492e\", \"toward\": \"b\", \"distance_m\": 25.7}]","tags":"{\"cuisine\": \"asian\", \"opening_hours\": \"Mo-Sa 11:30-15:00, 17:30-23:00\", \"outdoor_seating\": \"yes\", \"phone\": \"+49 89 89057393\", \"website\": \"https://www.hao92.de/\"}","marker-color":"#1f78b4"}},
{"type":"Feature","geometry":{"type":"Point","coordinates":[11.5453,48.15154]},"properties":{"id":"poi_n315953192","name":"Bavaria Bowling","kind":"restaurant","at":[48.15154,11.5453],"osm_id":"node/315953192","open_horizon":false,"views":"[{\"sightline_id\": \"sl_64d92860\", \"toward\": \"a\", \"distance_m\": 24.4}, {\"sightline_id\": \"sl_287c5745\", \"toward\": \"b\", \"distance_m\": 38.6}]","tags":"{\"opening_hours\": \"Tu-Th 16:00-23:00; Fr 15:00-24:00; Sa 13:00-24:00; Su 12:00-18:00\", \"outdoor_seating\": \"no\"}","marker-color":"#1f78b4"}},
{"type":"Feature","geometry":{"type":"Point","coordinates":[11.54085,48.15126]},"properties":{"id":"poi_n315953197","name":"Trattoria Bellini","kind":"restaurant","at":[48.15126,11.54085],"osm_id":"node/315953197","open_horizon":false,"views":"[{\"sightline_id\": \"sl_ca87492e\", \"toward\": \"a\", \"distance_m\": 23.1}, {\"sightline_id\": \"sl_ca87492e\", \"toward\": \"b\", \"distance_m\": 23.1}]","tags":"{\"cuisine\": \"italian\", \"opening_hours\": \"Tu-Su 11:30-23:00\", \"outdoor_seating\": \"yes\"}","marker-color":"#1f78b4"}},
{"type":"Feature","geometry":{"type":"Point","coordinates":[11.54082,48.15072]},"properties":{"id":"poi_n315953221","name":"Wari-Ke","kind":"restaurant","at":[48.15072,11.54082],"osm_id":"node/315953221","open_horizon":false,"views":"[{\"sightline_id\": \"sl_ca87492e\", \"toward\": \"a\", \"distance_m\": 34.5}, {\"sightline_id\": \"sl_ca87492e\", \"toward\": \"b\", \"distance_m\": 34.5}]","tags":"{\"cuisine\": \"peruvian\", \"opening_hours\": \"Tu-Sa 17:00-00:00; Su 13:00-00:00; Mo off\", \"outdoor_seating\": \"yes\"}","marker-color":"#1f78b4"}},
{"type":"Feature","geometry":{"type":"Point","coordinates":[11.54663,48.14953]},"properties":{"id":"poi_n315953246","name":"Hans im Glück","kind":"restaurant","at":[48.14953,11.54663],"osm_id":"node/315953246","open_horizon":false,"views":"[{\"sightline_id\": \"sl_ca87492e\", \"toward\": \"a\", \"distance_m\": 38.0}, {\"sightline_id\": \"sl_ca87492e\", \"toward\": \"b\", \"distance_m\": 38.0}]","tags":"{\"cuisine\": \"burger\", \"opening_hours\": \"Su-Th 11:30-22:00; Fr-Sa 11:30-22:30\", \"outdoor_seating\": \"no\"}","marker-color":"#1f78b4"}},
{"type":"Feature","geometry":{"type":"Point","coordinates":[11.54553,48.14888]},"properties":{"id":"poi_n315953299","name":"Osteria mugolone","kind":"restaurant","at":[48.14888,11.54553],"osm_id":"node/315953299","open_horizon":false,"views":"[{\"sightline_id\": \"sl_ad00ce9a\", \"toward\": \"a\", \"distance_m\": 16.7}, {\"sightline_id\": \"sl_ad00ce9a\", \"toward\": \"b\", \"distance_m\": 16.7}]","tags":"{\"cuisine\": \"italian\", \"opening_hours\": \"Tu-Th 12:00-14:00, Tu-Sa 18:00-24:00\", \"outdoor_seating\": \"yes\"}","marker-color":"#1f78b4"}},
{"type":"Feature","geometry":{"type":"Point","coordinates":[11.54515,48.14879]},"properties":{"id":"poi_n315953311","name":"Café Dolce","kind":"cafe","at":[48.14879,11.54515],"osm_id":"node/315953311","open_horizon":false,"views":"[{\"sightline_id\": \"sl_ad00ce9a\", \"toward\": \"a\", \"distance_m\": 2.1}, {\"sightline_id\": \"sl_ad00ce9a\", \"toward\": \"b\", \"distance_m\": 2.1}]","tags":"{\"outdoor_seating\": \"yes\"}","marker-color":"#1f78b4"}},
{"type":"Feature","geometry":{"type":"Point","coordinates":[11.543,48.14922]},"properties":{"id":"poi_n315953368","name":"RYU Fusion Kitchen","kind":"restaurant","at":[48.14922,11.543],"osm_id":"node/315953368","open_horizon":false,"views":"[{\"sightline_id\": \"sl_ad00ce9a\", \"toward\": \"a\", \"distance_m\": 4.4}, {\"sightline_id\": \"sl_ad00ce9a\", \"toward\": \"b\", \"distance_m\": 4.4}]","tags":"{\"cuisine\": \"sushi;asian\", \"opening_hours\": \"Mo-Fr 11:30-14:30,17:30-22:00; Sa 17:30-22:00; Su off\", \"outdoor_seating\": \"yes\"}","marker-color":"#1f78b4"}},
{"type":"Feature","geometry":{"type":"Point","coordinates":[11.53837,48.15037]},"properties":{"id":"poi_n315953424","name":"Das Neuhausen","kind":"restaurant","at":[48.15037,11.53837],"osm_id":"node/315953424","open_horizon":false,"views":"[{\"sightline_id\": \"sl_ad00ce9a\", \"toward\": \"a\", \"distance_m\": 15.4}]","tags":"{\"cuisine\": \"german\", \"opening_hours\": \"Su-Th 09:00-23:00; Fr,Sa 09:00-24:00\", \"outdoor_seating\": \"yes\"}","marker-color":"#1f78b4"}},
{"type":"Feature","geometry":{"type":"Point","coordinates":[11.53734,48.15058]},"properties":{"id":"poi_n315953438","name":"Mochi","kind":"restaurant","at":[48.15058,11.53734],"osm_id":"node/315953438","open_horizon":false,"views":"[{\"sightline_id\": \"sl_ad00ce9a\", \"toward\": \"a\", \"distance_m\": 14.4}, {\"sightline_id\": \"sl_7cbeec19\", \"toward\": \"a\", \"distance_m\": 22.3}, {\"sightline_id\": \"sl_7cbeec19\", \"toward\": \"b\", \"distance_m\": 22.3}]","tags":"{\"cuisine\": \"japanese\", \"opening_hours\": \"Mo-Sa 11:30-14:30,17:00-23:00; Su 12:30-21:00\", \"outdoor_seating\": \"yes\", \"phone\": \"+49 89 62819494\", \"website\": \"https://mochimunich.de/\"}","marker-color":"#1f78b4"}},
{"type":"Feature","geometry":{"type":"Point","coordinates":[11.53941,48.14991]},"properties":{"id":"poi_n315953454","name":"Kam Lung","kind":"restaurant","at":[48.14991,11.53941],"osm_id":"node/315953454","open_horizon":false,"views":"[{\"sightline_id\": \"sl_ad00ce9a\", \"toward\": \"a\", \"distance_m\": 10.7}, {\"sightline_id\": \"sl_ad00ce9a\", \"toward\": \"b\", \"distance_m\": 10.7}]","tags":"{\"cuisine\": \"chinese\", \"opening_hours\": \"Tu-Su 11:30-14:00,17:30-22:00\"}","marker-color":"#1f78b4"}},
{"type":"Feature","geometry":{"type":"Point","coordinates":[11.54145,48.14952]},"properties":{"id":"poi_n315969650","name":"Il Melograno","kind":"restaurant","at":[48.14952,11.54145],"osm_id":"node/315969650","open_horizon":false,"views":"[{\"sightline_id\": \"sl_ad00ce9a\", \"toward\": \"a\", \"distance_m\": 7.0}, {\"sightline_id\": \"sl_ad00ce9a\", \"toward\": \"b\", \"distance_m\": 7.0}, {\"sightline_id\": \"sl_a79d3a77\", \"toward\": \"b\", \"distance_m\": 19.9}]","tags":"{\"cuisine\": \"italian\", \"opening_hours\": \"Tu-Su 11:00-01:00\", \"outdoor_seating\": \"yes\"}","marker-color":"#1f78b4"}},
{"type":"Feature","geometry":{"type":"Point","coordinates":[11.54284,48.149]},"properties":{"id":"poi_n315969661","name":"AnAn","kind":"restaurant","at":[48.149,11.54284],"osm_id":"node/315969661","open_horizon":false,"views":"[{\"sightline_id\": \"sl_ad00ce9a\", \"toward\": \"a\", \"distance_m\": 31.1}, {\"sightline_id\": \"sl_ad00ce9a\", \"toward\": \"b\", \"distance_m\": 31.1}]","tags":"{\"cuisine\": \"vietnamese\", \"opening_hours\": \"Mo-Fr 11:00-14:30,17:00-22:00; Sa 17:00-22:00; Su 12:00-22:00\", \"website\": \"https://www.anan-restaurant.de/\"}","marker-color":"#1f78b4"}},
{"type":"Feature","geometry":{"type":"Point","coordinates":[11.54863,48.14918]},"properties":{"id":"poi_n315969668","name":"Athene","kind":"restaurant","at":[48.14918,11.54863],"osm_id":"node/315969668","open_horizon":false,"views":"[{\"sightline_id\": \"sl_ca87492e\", \"toward\": \"a\", \"distance_m\": 33.2}, {\"sightline_id\": \"sl_ca87492e\", \"toward\": \"b\", \"distance_m\": 33.2}]","tags":"{\"cuisine\": \"greek\", \"opening_hours\": \"Mo-Sa 11:30-15:00, 17:30-00:00\", \"outdoor_seating\": \"yes\", \"phone\": \"+49 89 20201724\", \"website\": \"https://www.athene-muenchen.de\"}","marker-color":"#1f78b4"}},
{"type":"Feature","geometry":{"type":"Point","coordinates":[11.56292,48.14399]},"properties":{"id":"poi_n315969676","name":"Hans im Glück","kind":"restaurant","at":[48.14399,11.56292],"osm_id":"node/315969676","open_horizon":false,"views":"[{\"sightline_id\": \"sl_9752a41c\", \"toward\": \"a\", \"distance_m\": 17.6}, {\"sightline_id\": \"sl_9752a41c\", \"toward\": \"b\", \"distance_m\": 17.6}, {\"sightline_id\": \"sl_92fc0adb\", \"toward\": \"a\", \"distance_m\": 17.9}, {\"sightline_id\": \"sl_92fc0adb\", \"toward\": \"b\", \"distance_m\": 17.9}]","tags":"{\"cuisine\": \"burger\", \"opening_hours\": \"Su-Th 11:30-21:00; Fr,Sa 11:30-22:00\", \"outdoor_seating\": \"yes\"}","marker-color":"#1f78b4"}},
{"type":"Feature","geometry":{"type":"Point","coordinates":[11.58407,48.15532]},"properties":{"id":"poi_n315969678","name":"Peter Pane","kind":"restaurant","at":[48.15532,11.58407],"osm_id":"node/315969678","open_horizon":false,"views":"[{\"sightline_id\": \"sl_302cf079\", \"toward\": \"a\", \"distance_m\": 28.2}, {\"sightline_id\": \"sl_302cf079\", \"toward\": \"b\", \"distance_m\": 28.2}]","tags":"{\"cuisine\": \"burger\", \"opening_hours\": \"12:00-22:30; Fr,Sa 12:00-23:30\", \"outdoor_seating\": \"yes\"}","marker-color":"#1f78b4"}},
{"type":"Feature","geometry":{"type":"Point","coordinates":[11.58439,48.15586]},"properties":{"id":"poi_n315969679","name":"BLOCK HOUSE","kind":"restaurant","at":[48.15586,11.58439],"osm_id":"node/315969679","open_horizon":false,"views":"[{\"sightline_id\": \"sl_302cf079\", \"toward\": \"a\", \"distance_m\": 32.8}, {\"sightline_id\": \"sl_302cf079\", \"toward\": \"b\", \"distance_m\": 32.8}]","tags":"{\"cuisine\": \"steak_house\", \"opening_hours\": \"Mo-Sa 11:30-24:00; Su 11:30-23:00\", \"outdoor_seating\": \"yes\", \"phone\": \"+49 89 331718\", \"website\": \"https://www.block-house.de/\"}","marker-color":"#1f78b4"}},
{"type":"Feature","geometry":{"type":"Point","coordinates":[11.58514,48.15795]},"properties":{"id":"poi_n315969682","name":"Papa Benz","kind":"restaurant","at":[48.15795,11.58514],"osm_id":"node/315969682","open_horizon":false,"views":"[{\"sightline_id\": \"sl_302cf079\", \"toward\": \"a\", \"distance_m\": 17.0}, {\"sightline_id\": \"sl_302cf079\", \"toward\": \"b\", \"distance_m\": 17.0}]","tags":"{\"cuisine\": \"bavarian\", \"opening_hours\": \"Mo-Fr 16:00-24:00; Sa 12:00-24:00; Su,PH 12:00-21:00\", \"outdoor_seating\": \"yes\"}","marker-color":"#1f78b4"}},
{"type":"Feature","geometry":{"type":"Point","coordinates":[11.58608,48.1601]},"properties":{"id":"poi_n315972795","name":"Coffee Fellows","kind":"cafe","at":[48.1601,11.58608],"osm_id":"node/315972795","open_horizon":false,"views":"[{\"sightline_id\": \"sl_302cf079\", \"toward\": \"a\", \"distance_m\": 12.3}, {\"sightline_id\": \"sl_302cf079\", \"toward\": \"b\", \"distance_m\": 12.3}]","tags":"{\"cuisine\": \"coffee_shop\", \"opening_hours\": \"Mo-Th 08:00-20:00; Fr-Sa 08:00-21:00; Su 08:00-20:00\", \"outdoor_seating\": \"yes\"}","marker-color":"#1f78b4"}},
{"type":"Feature","geometry":{"type":"Point","coordinates":[11.58617,48.16028]},"properties":{"id":"poi_n315972800","name":"Wirtshaus zur Brez'n","kind":"restaurant","at":[48.16028,11.58617],"osm_id":"node/315972800","open_horizon":false,"views":"[{\"sightline_id\": \"sl_302cf079\", \"toward\": \"a\", \"distance_m\": 12.2}, {\"sightline_id\": \"sl_302cf079\", \"toward\": \"b\", \"distance_m\": 12.2}]","tags":"{\"cuisine\": \"bavarian\", \"opening_hours\": \"Su-We 10:00-01:00, Th-Sa 10:00-03:00\", \"outdoor_seating\": \"yes\"}","marker-color":"#1f78b4"}},
{"type":"Feature","geometry":{"type":"Point","coordinates":[11.5608,48.14558]},"properties":{"id":"poi_n3159829361","name":"Sausage & Soul","kind":"restaurant","at":[48.14558,11.5608],"osm_id":"node/3159829361","open_horizon":false,"views":"[{\"sightline_id\": \"sl_229e7580\", \"toward\": \"a\", \"distance_m\": 9.9}, {\"sightline_id\": \"sl_229e7580\", \"toward\": \"b\", \"distance_m\": 9.9}]","tags":"{\"cuisine\": \"sausage;fries\", \"outdoor_seating\": \"sidewalk\"}","marker-color":"#1f78b4"}},
{"type":"Feature","geometry":{"type":"Point","coordinates":[11.54527,48.12089]},"properties":{"id":"poi_n316916033","name":"Cafetteria Alimentari e Diversi","kind":"cafe","at":[48.12089,11.54527],"osm_id":"node/316916033","open_horizon":false,"views":"[{\"sightline_id\": \"sl_c779e6ab\", \"toward\": \"a\", \"distance_m\": 9.6}, {\"sightline_id\": \"sl_2a7f3b60\", \"toward\": \"a\", \"distance_m\": 11.6}, {\"sightline_id\": \"sl_2a7f3b60\", \"toward\": \"b\", \"distance_m\": 11.6}]","tags":"{\"opening_hours\": \"Sa 10:30-15:00; Mo-Fr 08:00-15:00\"}","marker-color":"#1f78b4"}},
{"type":"Feature","geometry":{"type":"Point","coordinates":[11.53914,48.10735]},"properties":{"id":"poi_n317361638","name":"Sabbia Café Bar Pizza","kind":"cafe","at":[48.10735,11.53914],"osm_id":"node/317361638","open_horizon":false,"views":"[{\"sightline_id\": \"sl_e0f40b36\", \"toward\": \"a\", \"distance_m\": 10.2}]","tags":"{\"outdoor_seating\": \"yes\"}","marker-color":"#1f78b4"}},
{"type":"Feature","geometry":{"type":"Point","coordinates":[11.51905,48.07177]},"properties":{"id":"poi_n3179914782","name":"Chang Bistro & Catering","kind":"bar","at":[48.07177,11.51905],"osm_id":"node/3179914782","open_horizon":false,"views":"[{\"sightline_id\": \"sl_7aa49adc\", \"toward\": \"a\", \"distance_m\": 23.5}, {\"sightline_id\": \"sl_7aa49adc\", \"toward\": \"b\", \"distance_m\": 23.5}]","tags":"{\"opening_hours\": \"Mo-Fr 12:00-15:00,18:00-22:00; Sa 18:00-22:00; Su off\"}","marker-color":"#1f78b4"}},
{"type":"Feature","geometry":{"type":"Point","coordinates":[11.54815,48.12075]},"properties":{"id":"poi_n318294286","name":"Bei Dagmars Herbi","kind":"pub","at":[48.12075,11.54815],"osm_id":"node/318294286","open_horizon":false,"views":"[{\"sightline_id\": \"sl_2a7f3b60\", \"toward\": \"b\", \"distance_m\": 12.5}, {\"sightline_id\": \"sl_c4d1a70a\", \"toward\": \"a\", \"distance_m\": 22.6}, {\"sightline_id\": \"sl_c4d1a70a\", \"toward\": \"b\", \"distance_m\": 22.6}]","tags":"{}","marker-color":"#1f78b4"}},
{"type":"Feature","geometry":{"type":"Point","coordinates":[11.54814,48.11759]},"properties":{"id":"poi_n318294553","name":"Vazi","kind":"restaurant","at":[48.11759,11.54814],"osm_id":"node/318294553","open_horizon":false,"views":"[{\"sightline_id\": \"sl_e61c2044\", \"toward\": \"a\", \"distance_m\": 14.7}, {\"sightline_id\": \"sl_c4d1a70a\", \"toward\": \"b\", \"distance_m\": 29.1}]","tags":"{\"cuisine\": \"georgian\", \"opening_hours\": \"Tu-Su 13:00-23:00\", \"outdoor_seating\": \"yes\"}","marker-color":"#1f78b4"}},
{"type":"Feature","geometry":{"type":"Point","coordinates":[11.56248,48.15285]},"properties":{"id":"poi_n3184233722","name":"Calvello‘s Pizza","kind":"restaurant","at":[48.15285,11.56248],"osm_id":"node/3184233722","open_horizon":false,"views":"[{\"sightline_id\": \"sl_ea614def\", \"toward\": \"a\", \"distance_m\": 13.8}, {\"sightline_id\": \"sl_ea614def\", \"toward\": \"b\", \"distance_m\": 13.8}]","tags":"{\"cuisine\": \"italian_pizza\", \"opening_hours\": \"Tu-Su 06:00-24:00\", \"outdoor_seating\": \"yes\", \"website\": \"https://wheretogo-agency.com/calvellos/\"}","marker-color":"#1f78b4"}},
{"type":"Feature","geometry":{"type":"Point","coordinates":[11.5807,48.09801]},"properties":{"id":"poi_n318625576","name":"Harlachinger Gartenstadt","kind":"restaurant","at":[48.09801,11.5807],"osm_id":"node/318625576","open_horizon":false,"views":"[{\"sightline_id\": \"sl_c107d057\", \"toward\": \"b\", \"distance_m\": 26.4}]","tags":"{\"cuisine\": \"regional\", \"opening_hours\": \"Mo-Su 11:00-23:00\", \"outdoor_seating\": \"yes\", \"phone\": \"+49 89 69777767\", \"website\": \"https://www.harlachinger-gartenstadt.de/\"}","marker-color":"#1f78b4"}},
{"type":"Feature","geometry":{"type":"Point","coordinates":[11.57581,48.09588]},"properties":{"id":"poi_n318646779","name":"Alessio","kind":"bar","at":[48.09588,11.57581],"osm_id":"node/318646779","open_horizon":false,"views":"[{\"sightline_id\": \"sl_c107d057\", \"toward\": \"a\", \"distance_m\": 19.1}, {\"sightline_id\": \"sl_c107d057\", \"toward\": \"b\", \"distance_m\": 19.1}]","tags":"{\"phone\": \"+49 173 2077777\"}","marker-color":"#1f78b4"}},
{"type":"Feature","geometry":{"type":"Point","coordinates":[11.61011,48.13669]},"properties":{"id":"poi_n318708860","name":"Asia Restaurant","kind":"restaurant","at":[48.13669,11.61011],"osm_id":"node/318708860","open_horizon":false,"views":"[{\"sightline_id\": \"sl_2ee29d83\", \"toward\": \"b\", \"distance_m\": 20.8}]","tags":"{\"cuisine\": \"chinese\", \"opening_hours\": \"Mo-Su,PH 11:30-15:00,17:30-23:00\", \"outdoor_seating\": \"yes\"}","marker-color":"#1f78b4"}},
{"type":"Feature","geometry":{"type":"Point","coordinates":[11.61277,48.12381]},"properties":{"id":"poi_n318712617","name":"Café Ada","kind":"cafe","at":[48.12381,11.61277],"osm_id":"node/318712617","open_horizon":false,"views":"[{\"sightline_id\": \"sl_a00f6fab\", \"toward\": \"a\", \"distance_m\": 31.7}]","tags":"{}","marker-color":"#1f78b4"}},
{"type":"Feature","geometry":{"type":"Point","coordinates":[11.6056,48.10442]},"properties":{"id":"poi_n318715747","name":"Palm Lounge","kind":"bar","at":[48.10442,11.6056],"osm_id":"node/318715747","open_horizon":false,"views":"[{\"sightline_id\": \"sl_4103148d\", \"toward\": \"a\", \"distance_m\": 24.7}, {\"sightline_id\": \"sl_e9f351e8\", \"toward\": \"a\", \"distance_m\": 30.0}, {\"sightline_id\": \"sl_e9f351e8\", \"toward\": \"b\", \"distance_m\": 30.0}]","tags":"{\"outdoor_seating\": \"yes\"}","marker-color":"#1f78b4"}},
{"type":"Feature","geometry":{"type":"Point","coordinates":[11.57966,48.14912]},"properties":{"id":"poi_n3188625900","name":"Lost Weekend","kind":"cafe","at":[48.14912,11.57966],"osm_id":"node/3188625900","open_horizon":false,"views":"[{\"sightline_id\": \"sl_1c73e5a8\", \"toward\": \"b\", \"distance_m\": 12.2}]","tags":"{\"cuisine\": \"coffee_shop\", \"opening_hours\": \"Mo-Fr 08:00-20:00; Sa 10:00-20:00; Su, PH 12:00-18:00\", \"outdoor_seating\": \"parklet\", \"phone\": \"+49 89 28701881\"}","marker-color":"#1f78b4"}},
{"type":"Feature","geometry":{"type":"Point","coordinates":[11.54845,48.11125]},"properties":{"id":"poi_n319137702","name":"Myra","kind":"restaurant","at":[48.11125,11.54845],"osm_id":"node/319137702","open_horizon":false,"views":"[{\"sightline_id\": \"sl_db89940d\", \"toward\": \"a\", \"distance_m\": 28.5}]","tags":"{\"cuisine\": \"turkish\", \"opening_hours\": \"Mo-Fr 17:00-24:00, Sa 11:00-24:00, Su,PH 10:00-24:00\", \"outdoor_seating\": \"yes\"}","marker-color":"#1f78b4"}},
{"type":"Feature","geometry":{"type":"Point","coordinates":[11.56045,48.15358]},"properties":{"id":"poi_n319258996","name":"Taste My Burger","kind":"restaurant","at":[48.15358,11.56045],"osm_id":"node/319258996","open_horizon":false,"views":"[{\"sightline_id\": \"sl_ea614def\", \"toward\": \"a\", \"distance_m\": 1.5}, {\"sightline_id\": \"sl_ea614def\", \"toward\": \"b\", \"distance_m\": 1.5}, {\"sightline_id\": \"sl_d1452881\", \"toward\": \"a\", \"distance_m\": 32.8}, {\"sightline_id\": \"sl_d1452881\", \"toward\": \"b\", \"distance_m\": 32.8}]","tags":"{\"cuisine\": \"burger\", \"opening_hours\": \"Tu,We 11:00-14:30, Tu-Fr 17:00-21:30, Sa 16:00-22:00, Su 15:00-21:00, Th,Fr 11:00-14:30,17:00-22:00\", \"outdoor_seating\": \"no\", \"phone\": \"+49 89 54328827\", \"website\": \"https://www.tastemyburger.com\"}","marker-color":"#1f78b4"}},
{"type":"Feature","geometry":{"type":"Point","coordinates":[11.60796,48.1198]},"properties":{"id":"poi_n319378537","name":"Ilai","kind":"restaurant","at":[48.1198,11.60796],"osm_id":"node/319378537","open_horizon":false,"views":"[{\"sightline_id\": \"sl_dafaf1f5\", \"toward\": \"a\", \"distance_m\": 12.0}, {\"sightline_id\": \"sl_dafaf1f5\", \"toward\": \"b\", \"distance_m\": 12.0}, {\"sightline_id\": \"sl_48d4480f\", \"toward\": \"a\", \"distance_m\": 32.7}, {\"sightline_id\": \"sl_48d4480f\", \"toward\": \"b\", \"distance_m\": 32.7}]","tags":"{\"cuisine\": \"indian\", \"opening_hours\": \"Mo-Fr 10:30-21:00; Sa 11:30-20:00\", \"outdoor_seating\": \"yes\"}","marker-color":"#1f78b4"}},
{"type":"Feature","geometry":{"type":"Point","coordinates":[11.59494,48.10936]},"properties":{"id":"poi_n3202904328","name":"Cafe 90 Min","kind":"cafe","at":[48.10936,11.59494],"osm_id":"node/3202904328","open_horizon":false,"views":"[{\"sightline_id\": \"sl_5aaa36d4\", \"toward\": \"a\", \"distance_m\": 10.8}, {\"sightline_id\": \"sl_5aaa36d4\", \"toward\": \"b\", \"distance_m\": 10.8}]","tags":"{\"outdoor_seating\": \"no\"}","marker-color":"#1f78b4"}},
{"type":"Feature","geometry":{"type":"Point","coordinates":[11.595,48.10904]},"properties":{"id":"poi_n3202904331","name":"Hayalisa","kind":"cafe","at":[48.10904,11.595],"osm_id":"node/3202904331","open_horizon":false,"views":"[{\"sightline_id\": \"sl_5aaa36d4\", \"toward\": \"a\", \"distance_m\": 15.1}, {\"sightline_id\": \"sl_5aaa36d4\", \"toward\": \"b\", \"distance_m\": 15.1}]","tags":"{\"opening_hours\": \"Mo-Th 08:30-17:30; Fr 08:30-19:00; Sa,Su 10:00-19:00\", \"outdoor_seating\": \"yes\"}","marker-color":"#1f78b4"}},
{"type":"Feature","geometry":{"type":"Point","coordinates":[11.59709,48.12687]},"properties":{"id":"poi_n321021185","name":"Heartbeet","kind":"restaurant","at":[48.12687,11.59709],"osm_id":"node/321021185","open_horizon":false,"views":"[{\"sightline_id\": \"sl_d2bc76ac\", \"toward\": \"b\", \"distance_m\": 14.9}]","tags":"{\"cuisine\": \"salad\", \"opening_hours\": \"Mo-Fr 11:00-21:00; Su,PH 17:00-21:00\", \"website\": \"https://heartbeet.de/\"}","marker-color":"#1f78b4"}},
{"type":"Feature","geometry":{"type":"Point","coordinates":[11.50255,48.1322]},"properties":{"id":"poi_n3221860167","name":"Konditorei Schmidhofer","kind":"cafe","at":[48.1322,11.50255],"osm_id":"node/3221860167","open_horizon":false,"views":"[{\"sightline_id\": \"sl_e4608dbb\", \"toward\": \"a\", \"distance_m\": 15.1}, {\"sightline_id\": \"sl_e4608dbb\", \"toward\": \"b\", \"distance_m\": 15.1}]","tags":"{\"cuisine\": \"coffee_shop;cake\", \"opening_hours\": \"Tu-Fr 08:00-18:00, Sa-Su 08:00-16:00; PH 08:00-16:00\", \"outdoor_seating\": \"yes\"}","marker-color":"#1f78b4"}},
{"type":"Feature","geometry":{"type":"Point","coordinates":[11.49595,48.14013]},"properties":{"id":"poi_n3232812698","name":"Die Kuchenmeisterei","kind":"cafe","at":[48.14013,11.49595],"osm_id":"node/3232812698","open_horizon":false,"views":"[{\"sightline_id\": \"sl_1d136216\", \"toward\": \"b\", \"distance_m\": 29.8}]","tags":"{\"opening_hours\": \"We-Sa 09:00-16:30; Su,PH 10:30-16:30; Mo,Tu off\", \"outdoor_seating\": \"yes\", \"phone\": \"+49 89 565866\", \"website\": \"https://www.diekuchenmeisterei.de/\"}","marker-color":"#1f78b4"}},
{"type":"Feature","geometry":{"type":"Point","coordinates":[11.58238,48.11638]},"properties":{"id":"poi_n3235024979","name":"Edelweiss","kind":"cafe","at":[48.11638,11.58238],"osm_id":"node/3235024979","open_horizon":false,"views":"[{\"sightline_id\": \"sl_e47a7f6d\", \"toward\": \"b\", \"distance_m\": 15.6}]","tags":"{\"opening_hours\": \"We-Fr 11:30-17:00\", \"website\": \"https://www.edel-weiss.info/\"}","marker-color":"#1f78b4"}},
{"type":"Feature","geometry":{"type":"Point","coordinates":[11.57227,48.16291]},"properties":{"id":"poi_n3240816897","name":"Die Kuchenwerkstatt","kind":"cafe","at":[48.16291,11.57227],"osm_id":"node/3240816897","open_horizon":false,"views":"[{\"sightline_id\": \"sl_b038d7f7\", \"toward\": \"a\", \"distance_m\": 16.0}, {\"sightline_id\": \"sl_b038d7f7\", \"toward\": \"b\", \"distance_m\": 16.0}]","tags":"{\"cuisine\": \"coffee;cake;confectionery\", \"opening_hours\": \"Tu-Sa 12:00-20:00; Su,Mo,PH off\"}","marker-color":"#1f78b4"}},
{"type":"Feature","geometry":{"type":"Point","coordinates":[11.56596,48.15049]},"properties":{"id":"poi_n3242200264","name":"Caféhaus Griesbeck","kind":"cafe","at":[48.15049,11.56596],"osm_id":"node/3242200264","open_horizon":false,"views":"[{\"sightline_id\": \"sl_6a30d50e\", \"toward\": \"a\", \"distance_m\": 14.5}, {\"sightline_id\": \"sl_6a30d50e\", \"toward\": \"b\", \"distance_m\": 14.5}]","tags":"{\"opening_hours\": \"Mo-Fr 07:00-19:00; Sa,Su,PH 08:00-19:00\", \"outdoor_seating\": \"yes\"}","marker-color":"#1f78b4"}},
{"type":"Feature","geometry":{"type":"Point","coordinates":[11.52424,48.11252]},"properties":{"id":"poi_n325810923","name":"Ruffino","kind":"restaurant","at":[48.11252,11.52424],"osm_id":"node/325810923","open_horizon":false,"views":"[{\"sightline_id\": \"sl_93c7175d\", \"toward\": \"a\", \"distance_m\": 14.6}, {\"sightline_id\": \"sl_93c7175d\", \"toward\": \"b\", \"distance_m\": 14.6}]","tags":"{\"cuisine\": \"italian\", \"opening_hours\": \"Tu-Sa 17:30-22:00\", \"website\": \"https://ruffino-restaurant.de/\"}","marker-color":"#1f78b4"}},
{"type":"Feature","geometry":{"type":"Point","coordinates":[11.5341,48.11239]},"properties":{"id":"poi_n325823264","name":"Lamingtons","kind":"cafe","at":[48.11239,11.5341],"osm_id":"node/325823264","open_horizon":false,"views":"[{\"sightline_id\": \"sl_ef53d5b6\", \"toward\": \"a\", \"distance_m\": 13.4}, {\"sightline_id\": \"sl_ef53d5b6\", \"toward\": \"b\", \"distance_m\": 13.4}]","tags":"{\"cuisine\": \"cake;coffee_shop;breakfast;bakery;sandwich\", \"opening_hours\": \"Tu-Sa 07:30-16:00; Su 08:00-16:00\", \"outdoor_seating\": \"yes\"}","marker-color":"#1f78b4"}},
{"type":"Feature","geometry":{"type":"Point","coordinates":[11.57574,48.12866]},"properties":{"id":"poi_n3263091358","name":"L'Americano","kind":"cafe","at":[48.12866,11.57574],"osm_id":"node/3263091358","open_horizon":false,"views":"[{\"sightline_id\": \"sl_195c0dd2\", \"toward\": \"b\", \"distance_m\": 35.1}, {\"sightline_id\": \"sl_609c344a\", \"toward\": \"b\", \"distance_m\": 38.0}]","tags":"{\"cuisine\": \"italian\", \"opening_hours\": \"Mo-Sa 09:00-22:00\", \"outdoor_seating\": \"yes\"}","marker-color":"#1f78b4"}},
{"type":"Feature","geometry":{"type":"Point","coordinates":[11.57412,48.16333]},"properties":{"id":"poi_n326725301","name":"Zum Jennerwein","kind":"pub","at":[48.16333,11.57412],"osm_id":"node/326725301","open_horizon":false,"views":"[{\"sightline_id\": \"sl_ba56d719\", \"toward\": \"a\", \"distance_m\": 19.3}, {\"sightline_id\": \"sl_79d740de\", \"toward\": \"a\", \"distance_m\": 24.4}, {\"sightline_id\": \"sl_d6a27724\", \"toward\": \"b\", \"distance_m\": 37.2}]","tags":"{}","marker-color":"#1f78b4"}},
{"type":"Feature","geometry":{"type":"Point","coordinates":[11.57438,48.16359]},"properties":{"id":"poi_n326725407","name":"San Jie Mei","kind":"restaurant","at":[48.16359,11.57438],"osm_id":"node/326725407","open_horizon":false,"views":"[{\"sightline_id\": \"sl_79d740de\", \"toward\": \"a\", \"distance_m\": 1.6}, {\"sightline_id\": \"sl_ba56d719\", \"toward\": \"a\", \"distance_m\": 12.8}, {\"sightline_id\": \"sl_d6a27724\", \"toward\": \"b\", \"distance_m\": 15.2}, {\"sightline_id\": \"sl_c3eb23b0\", \"toward\": \"b\", \"distance_m\": 27.0}]","tags":"{\"cuisine\": \"chinese\", \"opening_hours\": \"Tu-Su 11:00-14:30, 17:00-22:30; Mo off\", \"outdoor_seating\": \"yes\"}","marker-color":"#1f78b4"}},
{"type":"Feature","geometry":{"type":"Point","coordinates":[11.56157,48.14927]},"properties":{"id":"poi_n3290551024","name":"TAKUMI","kind":"restaurant","at":[48.14927,11.56157],"osm_id":"node/3290551024","open_horizon":false,"views":"[{\"sightline_id\": \"sl_c6924d7e\", \"toward\": \"a\", \"distance_m\": 11.4}, {\"sightline_id\": \"sl_c6924d7e\", \"toward\": \"b\", \"distance_m\": 11.4}]","tags":"{\"cuisine\": \"japanese;ramen\", \"opening_hours\": \"Mo-Su,PH 11:45-21:00\", \"outdoor_seating\": \"terrace\"}","marker-color":"#1f78b4"}},
{"type":"Feature","geometry":{"type":"Point","coordinates":[11.57609,48.15013]},"properties":{"id":"poi_n329088197","name":"Giesinger Stehausschank","kind":"bar","at":[48.15013,11.57609],"osm_id":"node/329088197","open_horizon":false,"views":"[{\"sightline_id\": \"sl_1c73e5a8\", \"toward\": \"a\", \"distance_m\": 12.0}, {\"sightline_id\": \"sl_1c73e5a8\", \"toward\": \"b\", \"distance_m\": 12.0}, {\"sightline_id\": \"sl_b3216b45\", \"toward\": \"a\", \"distance_m\": 19.0}, {\"sightline_id\": \"sl_b3216b45\", \"toward\": \"b\", \"distance_m\": 19.0}]","tags":"{\"opening_hours\": \"Mo-Fr 17:00+, Sa,Su 15:00+\", \"outdoor_seating\": \"yes\"}","marker-color":"#1f78b4"}},
{"type":"Feature","geometry":{"type":"Point","coordinates":[11.57344,48.15086]},"properties":{"id":"poi_n329092735","name":"Mackbear","kind":"cafe","at":[48.15086,11.57344],"osm_id":"node/329092735","open_horizon":false,"views":"[{\"sightline_id\": \"sl_1c73e5a8\", \"toward\": \"a\", \"distance_m\": 14.4}, {\"sightline_id\": \"sl_1c73e5a8\", \"toward\": \"b\", \"distance_m\": 14.4}, {\"sightline_id\": \"sl_cfd8afe9\", \"toward\": \"a\", \"distance_m\": 18.8}, {\"sightline_id\": \"sl_cfd8afe9\", \"toward\": \"b\", \"distance_m\": 18.8}]","tags":"{\"cuisine\": \"coffee_shop\", \"outdoor_seating\": \"no\"}","marker-color":"#1f78b4"}},
{"type":"Feature","geometry":{"type":"Point","coordinates":[11.57317,48.15121]},"properties":{"id":"poi_n329092753","name":"Schelling-Salon","kind":"pub","at":[48.15121,11.57317],"osm_id":"node/329092753","open_horizon":false,"views":"[{\"sightline_id\": \"sl_1c73e5a8\", \"toward\": \"a\", \"distance_m\": 13.6}, {\"sightline_id\": \"sl_1c73e5a8\", \"toward\": \"b\", \"distance_m\": 13.6}, {\"sightline_id\": \"sl_cfd8afe9\", \"toward\": \"a\", \"distance_m\": 14.7}, {\"sightline_id\": \"sl_cfd8afe9\", \"toward\": \"b\", \"distance_m\": 14.7}]","tags":"{\"opening_hours\": \"Mo 10:00-00:30; Th-Sa 10:00-01:00, Su 10:00-24:00; Jul 17-Sep 03 off \\\"Sommerpause\\\"\", \"outdoor_seating\": \"yes\"}","marker-color":"#1f78b4"}},
{"type":"Feature","geometry":{"type":"Point","coordinates":[11.55561,48.12841]},"properties":{"id":"poi_n329349239","name":"Kustermann","kind":"cafe","at":[48.12841,11.55561],"osm_id":"node/329349239","open_horizon":false,"views":"[{\"sightline_id\": \"sl_e8d3e711\", \"toward\": \"a\", \"distance_m\": 23.9}]","tags":"{\"opening_hours\": \"Mo-Su 09:00-18:00; PH off\", \"outdoor_seating\": \"yes\"}","marker-color":"#1f78b4"}},
{"type":"Feature","geometry":{"type":"Point","coordinates":[11.54418,48.12242]},"properties":{"id":"poi_n3303112264","name":"Stenz","kind":"cafe","at":[48.12242,11.54418],"osm_id":"node/3303112264","open_horizon":false,"views":"[{\"sightline_id\": \"sl_f6d0b0ad\", \"toward\": \"b\", \"distance_m\": 39.1}]","tags":"{\"cuisine\": \"regional\", \"opening_hours\": \"We-Fr 09:00-17:00; Sa-Su 09:00-18:00\", \"phone\": \"+49 89 76755388\", \"website\": \"https://www.stenz.bayern/\"}","marker-color":"#1f78b4"}},
{"type":"Feature","geometry":{"type":"Point","coordinates":[11.53872,48.15649]},"properties":{"id":"poi_n330429333","name":"Ristorante Il Trullo","kind":"restaurant","at":[48.15649,11.53872],"osm_id":"node/330429333","open_horizon":false,"views":"[{\"sightline_id\": \"sl_287c5745\", \"toward\": \"a\", \"distance_m\": 16.2}, {\"sightline_id\": \"sl_e440dfbc\", \"toward\": \"b\", \"distance_m\": 17.7}]","tags":"{\"cuisine\": \"italian\", \"opening_hours\": \"Tu-Fr,Su 11:30-23:00; Sa 17:30-23:00\", \"outdoor_seating\": \"yes\", \"phone\": \"+49 89 18954192\", \"website\": \"https://www.ristorante-il-trullo.de/\"}","marker-color":"#1f78b4"}},
{"type":"Feature","geometry":{"type":"Point","coordinates":[11.53988,48.15562]},"properties":{"id":"poi_n330429336","name":"Restaurant Al Shaam","kind":"restaurant","at":[48.15562,11.53988],"osm_id":"node/330429336","open_horizon":false,"views":"[{\"sightline_id\": \"sl_2457b661\", \"toward\": \"a\", \"distance_m\": 6.6}, {\"sightline_id\": \"sl_2457b661\", \"toward\": \"b\", \"distance_m\": 6.6}, {\"sightline_id\": \"sl_287c5745\", \"toward\": \"a\", \"distance_m\": 20.5}]","tags":"{\"cuisine\": \"lebanese;syrian\", \"opening_hours\": \"Su-Fr 11:00-23:00; Sa 16:00-23:00\", \"outdoor_seating\": \"yes\"}","marker-color":"#1f78b4"}},
{"type":"Feature","geometry":{"type":"Point","coordinates":[11.55339,48.13654]},"properties":{"id":"poi_n3307633814","name":"Bahalo","kind":"pub","at":[48.13654,11.55339],"osm_id":"node/3307633814","open_horizon":false,"views":"[{\"sightline_id\": \"sl_c1a6aafe\", \"toward\": \"b\", \"distance_m\": 14.7}]","tags":"{\"cuisine\": \"greek\", \"opening_hours\": \"Mo-Sa 12:00-01:00\"}","marker-color":"#1f78b4"}},
{"type":"Feature","geometry":{"type":"Point","coordinates":[11.58925,48.1315]},"properties":{"id":"poi_n330912622","name":"Chandani Chowk","kind":"restaurant","at":[48.1315,11.58925],"osm_id":"node/330912622","open_horizon":false,"views":"[{\"sightline_id\": \"sl_6ae91f6a\", \"toward\": \"b\", \"distance_m\": 25.5}, {\"sightline_id\": \"sl_05e56817\", \"toward\": \"b\", \"distance_m\": 30.2}, {\"sightline_id\": \"sl_321d09fb\", \"toward\": \"a\", \"distance_m\": 38.9}]","tags":"{\"cuisine\": \"indian\", \"opening_hours\": \"Mo-Su 11:30-14:30,17:30-23:00\", \"outdoor_seating\": \"yes\"}","marker-color":"#1f78b4"}},
{"type":"Feature","geometry":{"type":"Point","coordinates":[11.62172,48.13024]},"properties":{"id":"poi_n331359817","name":"Juicy Shisha Lounge","kind":"pub","at":[48.13024,11.62172],"osm_id":"node/331359817","open_horizon":false,"views":"[{\"sightline_id\": \"sl_278b6e53\", \"toward\": \"a\", \"distance_m\": 23.2}, {\"sightline_id\": \"sl_278b6e53\", \"toward\": \"b\", \"distance_m\": 23.2}]","tags":"{\"outdoor_seating\": \"yes\"}","marker-color":"#1f78b4"}},
{"type":"Feature","geometry":{"type":"Point","coordinates":[11.57454,48.13375]},"properties":{"id":"poi_n331907823","name":"Buena Vista","kind":"pub","at":[48.13375,11.57454],"osm_id":"node/331907823","open_horizon":false,"views":"[{\"sightline_id\": \"sl_6838e0c2\", \"toward\": \"a\", \"distance_m\": 26.0}]","tags":"{\"opening_hours\": \"Tu-Th 18:00-01:00; Fr-Sa 18:00-03:00\"}","marker-color":"#1f78b4"}},
{"type":"Feature","geometry":{"type":"Point","coordinates":[11.5666,48.15863]},"properties":{"id":"poi_n3324886666","name":"Café Franca","kind":"cafe","at":[48.15863,11.5666],"osm_id":"node/3324886666","open_horizon":false,"views":"[{\"sightline_id\": \"sl_2f2eeac9\", \"toward\": \"b\", \"distance_m\": 9.2}]","tags":"{\"cuisine\": \"coffee_shop;cake\", \"opening_hours\": \"Th-Su 10:00-18:00\", \"outdoor_seating\": \"yes\"}","marker-color":"#1f78b4"}},
{"type":"Feature","geometry":{"type":"Point","coordinates":[11.56013,48.14239]},"properties":{"id":"poi_n332544447","name":"Slemani Grill Restaurant","kind":"restaurant","at":[48.14239,11.56013],"osm_id":"node/332544447","open_horizon":false,"views":"[{\"sightline_id\": \"sl_59626cd8\", \"toward\": \"b\", \"distance_m\": 31.2}]","tags":"{\"cuisine\": \"kebab;falafel\", \"opening_hours\": \"Su-Th 09:00-01:00; Fr-Sa 09:00-04:00\", \"outdoor_seating\": \"no\"}","marker-color":"#1f78b4"}},
{"type":"Feature","geometry":{"type":"Point","coordinates":[11.53728,48.13377]},"properties":{"id":"poi_n3327136676","name":"Heldenspeisen","kind":"restaurant","at":[48.13377,11.53728],"osm_id":"node/3327136676","open_horizon":false,"views":"[{\"sightline_id\": \"sl_e21752a2\", \"toward\": \"a\", \"distance_m\": 31.3}]","tags":"{\"opening_hours\": \"Mo-Th 10:00-17:00; Fr 10:00-15:00\", \"outdoor_seating\": \"yes\"}","marker-color":"#1f78b4"}},
{"type":"Feature","geometry":{"type":"Point","coordinates":[11.57214,48.14901]},"properties":{"id":"poi_n332790691","name":"Die Kneipe 80","kind":"pub","at":[48.14901,11.57214],"osm_id":"node/332790691","open_horizon":false,"views":"[{\"sightline_id\": \"sl_cfd8afe9\", \"toward\": \"a\", \"distance_m\": 9.5}, {\"sightline_id\": \"sl_cfd8afe9\", \"toward\": \"b\", \"distance_m\": 9.5}, {\"sightline_id\": \"sl_6a30d50e\", \"toward\": \"a\", \"distance_m\": 10.6}, {\"sightline_id\": \"sl_6a30d50e\", \"toward\": \"b\", \"distance_m\": 10.6}]","tags":"{\"opening_hours\": \"Mo-Fr 16:00-00:00; Sa 10:00-01:00; Su 10:00-00:00\", \"outdoor_seating\": \"yes\"}","marker-color":"#1f78b4"}},
{"type":"Feature","geometry":{"type":"Point","coordinates":[11.57237,48.14894]},"properties":{"id":"poi_n332790692","name":"Lam","kind":"restaurant","at":[48.14894,11.57237],"osm_id":"node/332790692","open_horizon":false,"views":"[{\"sightline_id\": \"sl_6a30d50e\", \"toward\": \"a\", \"distance_m\": 10.5}, {\"sightline_id\": \"sl_6a30d50e\", \"toward\": \"b\", \"distance_m\": 10.5}, {\"sightline_id\": \"sl_cfd8afe9\", \"toward\": \"a\", \"distance_m\": 28.5}, {\"sightline_id\": \"sl_cfd8afe9\", \"toward\": \"b\", \"distance_m\": 28.5}]","tags":"{\"cuisine\": \"vietnamese\", \"opening_hours\": \"Mo-Su 11:30-14:30, 17:30-22:30\", \"outdoor_seating\": \"yes\"}","marker-color":"#1f78b4"}},
{"type":"Feature","geometry":{"type":"Point","coordinates":[11.58851,48.13145]},"properties":{"id":"poi_n332793907","name":"Chopan","kind":"restaurant","at":[48.13145,11.58851],"osm_id":"node/332793907","open_horizon":false,"views":"[{\"sightline_id\": \"sl_321d09fb\", \"toward\": \"a\", \"distance_m\": 12.8}]","tags":"{\"cuisine\": \"afghan\", \"opening_hours\": \"Mo-Su 17:00-23:00\", \"outdoor_seating\": \"no\"}","marker-color":"#1f78b4"}},
{"type":"Feature","geometry":{"type":"Point","coordinates":[11.58963,48.1313]},"properties":{"id":"poi_n332797650","name":"Ver o Peso","kind":"pub","at":[48.1313,11.58963],"osm_id":"node/332797650","open_horizon":false,"views":"[{\"sightline_id\": \"sl_6ae91f6a\", \"toward\": \"b\", \"distance_m\": 19.3}, {\"sightline_id\": \"sl_05e56817\", \"toward\": \"b\", \"distance_m\": 25.2}]","tags":"{\"cuisine\": \"brazilian\", \"opening_hours\": \"Mo-Fr 12:00-22:30; Sa,Su 14:30-23:00\", \"outdoor_seating\": \"yes\"}","marker-color":"#1f78b4"}},
{"type":"Feature","geometry":{"type":"Point","coordinates":[11.5696,48.10391]},"properties":{"id":"poi_n3338183566","name":"Chuan-Fans","kind":"restaurant","at":[48.10391,11.5696],"osm_id":"node/3338183566","open_horizon":false,"views":"[{\"sightline_id\": \"sl_3284fea4\", \"toward\": \"b\", \"distance_m\": 25.4}]","tags":"{\"cuisine\": \"chinese\", \"opening_hours\": \"Tu-Su,PH 11:30-21:30\", \"outdoor_seating\": \"no\"}","marker-color":"#1f78b4"}},
{"type":"Feature","geometry":{"type":"Point","coordinates":[11.55281,48.15459]},"properties":{"id":"poi_n3342347110","name":"Mellow Cafe & Bar","kind":"cafe","at":[48.15459,11.55281],"osm_id":"node/3342347110","open_horizon":false,"views":"[{\"sightline_id\": \"sl_4cac06f4\", \"toward\": \"a\", \"distance_m\": 23.1}, {\"sightline_id\": \"sl_4cac06f4\", \"toward\": \"b\", \"distance_m\": 23.1}]","tags":"{\"cuisine\": \"coffee_shop;italian;breakfast\", \"opening_hours\": \"Mo-Sa 11:00-01:00; Su 16:00-23:00\", \"phone\": \"+49 89 89050923\", \"website\": \"https://cafe-mellow.squarespace.com/\"}","marker-color":"#1f78b4"}},
{"type":"Feature","geometry":{"type":"Point","coordinates":[11.5402,48.13468]},"properties":{"id":"poi_n335168197","name":"platt & belegt","kind":"restaurant","at":[48.13468,11.5402],"osm_id":"node/335168197","open_horizon":false,"views":"[{\"sightline_id\": \"sl_80678b5a\", \"toward\": \"a\", \"distance_m\": 20.7}]","tags":"{\"cuisine\": \"regional\", \"opening_hours\": \"Tu-Fr 17:00-23:00; Sa-Su,PH 17:00-23:00; Mo off\", \"outdoor_seating\": \"yes\", \"phone\": \"+49 89 85634873\", \"website\": \"https://platt-belegt.de/\"}","marker-color":"#1f78b4"}},
{"type":"Feature","geometry":{"type":"Point","coordinates":[11.54067,48.13679]},"properties":{"id":"poi_n335577903","name":"Taverna Pantis","kind":"restaurant","at":[48.13679,11.54067],"osm_id":"node/335577903","open_horizon":false,"views":"[{\"sightline_id\": \"sl_074c52fc\", \"toward\": \"b\", \"distance_m\": 14.7}]","tags":"{\"cuisine\": \"greek\", \"opening_hours\": \"Mo-Sa 17:00-00:30, Su,PH 11:00-14:30,17:00-00:30\"}","marker-color":"#1f78b4"}},
{"type":"Feature","geometry":{"type":"Point","coordinates":[11.53668,48.13375]},"properties":{"id":"poi_n335708388","name":"MAY","kind":"restaurant","at":[48.13375,11.53668],"osm_id":"node/335708388","open_horizon":false,"views":"[{\"sightline_id\": \"sl_e21752a2\", \"toward\": \"a\", \"distance_m\": 12.7}]","tags":"{\"cuisine\": \"asian\", \"opening_hours\": \"Mo-Fr 11:30-14:30,17:30-23:00; Sa,Su 12:00-14:30,17:30-23:00\", \"outdoor_seating\": \"yes\", \"phone\": \"+498995874174\", \"website\": \"https://mayrestaurant.de/\"}","marker-color":"#1f78b4"}},
{"type":"Feature","geometry":{"type":"Point","coordinates":[11.60088,48.1354]},"properties":{"id":"poi_n335729783","name":"Jazzclub Unterfahrt","kind":"restaurant","at":[48.1354,11.60088],"osm_id":"node/335729783","open_horizon":false,"views":"[{\"sightline_id\": \"sl_46da9b6b\", \"toward\": \"a\", \"distance_m\": 26.0}, {\"sightline_id\": \"sl_46da9b6b\", \"toward\": \"b\", \"distance_m\": 26.0}]","tags":"{\"opening_hours\": \"Mo-Su 19:30-01:00\", \"phone\": \"+49 89 4482794\", \"website\": \"https://www.unterfahrt.de\"}","marker-color":"#1f78b4"}},
{"type":"Feature","geometry":{"type":"Point","coordinates":[11.54647,48.15923]},"properties":{"id":"poi_n335741561","name":"Hendl Glück","kind":"restaurant","at":[48.15923,11.54647],"osm_id":"node/335741561","open_horizon":false,"views":"[{\"sightline_id\": \"sl_2457b661\", \"toward\": \"a\", \"distance_m\": 15.4}]","tags":"{\"cuisine\": \"german\", \"opening_hours\": \"Mo-Su 10:00-23:00\", \"outdoor_seating\": \"yes\"}","marker-color":"#1f78b4"}},
{"type":"Feature","geometry":{"type":"Point","coordinates":[11.5459,48.15666]},"properties":{"id":"poi_n335743329","name":"Lam Vy","kind":"restaurant","at":[48.15666,11.5459],"osm_id":"node/335743329","open_horizon":false,"views":"[{\"sightline_id\": \"sl_97007c01\", \"toward\": \"a\", \"distance_m\": 15.4}, {\"sightline_id\": \"sl_97007c01\", \"toward\": \"b\", \"distance_m\": 15.4}]","tags":"{\"cuisine\": \"vietnamese\", \"opening_hours\": \"Mo-Fr 11:30-14:30; Mo-Su 17:30-22:00\", \"outdoor_seating\": \"yes\", \"phone\": \"+49 89 183915\", \"website\": \"https://lamvy-restaurant.de\"}","marker-color":"#1f78b4"}},
{"type":"Feature","geometry":{"type":"Point","coordinates":[11.58593,48.16207]},"properties":{"id":"poi_n336582566","name":"Chi Thu","kind":"restaurant","at":[48.16207,11.58593],"osm_id":"node/336582566","open_horizon":false,"views":"[{\"sightline_id\": \"sl_6b60b331\", \"toward\": \"b\", \"distance_m\": 20.3}, {\"sightline_id\": \"sl_453c72bc\", \"toward\": \"b\", \"distance_m\": 30.6}]","tags":"{\"cuisine\": \"vietnamese\", \"opening_hours\": \"Mo-Su 11:00-21:30\", \"outdoor_seating\": \"yes\"}","marker-color":"#1f78b4"}},
{"type":"Feature","geometry":{"type":"Point","coordinates":[11.54015,48.13445]},"properties":{"id":"poi_n337484404","name":"Giesinger Stehausschank","kind":"pub","at":[48.13445,11.54015],"osm_id":"node/337484404","open_horizon":false,"views":"[{\"sightline_id\": \"sl_80678b5a\", \"toward\": \"a\", \"distance_m\": 20.1}]","tags":"{\"opening_hours\": \"Mo-Sa 16:00-22:00\", \"outdoor_seating\": \"yes\"}","marker-color":"#1f78b4"}},
{"type":"Feature","geometry":{"type":"Point","coordinates":[11.5712,48.11896]},"properties":{"id":"poi_n3375638385","name":"Ahimsa Restaurant","kind":"restaurant","at":[48.11896,11.5712],"osm_id":"node/3375638385","open_horizon":false,"views":"[{\"sightline_id\": \"sl_2266d98b\", \"toward\": \"a\", \"distance_m\": 9.1}]","tags":"{\"cuisine\": \"asian;fusion\", \"opening_hours\": \"Tu-Su 17:00-22:00\", \"phone\": \"+49 89 27793993\", \"website\": \"https://www.ahimsa-restaurant.de/\"}","marker-color":"#1f78b4"}},
{"type":"Feature","geometry":{"type":"Point","coordinates":[11.56996,48.11373]},"properties":{"id":"poi_n3378886647","name":"Gaststätte Hans Mielich","kind":"restaurant","at":[48.11373,11.56996],"osm_id":"node/3378886647","open_horizon":false,"views":"[{\"sightline_id\": \"sl_acd6ffce\", \"toward\": \"a\", \"distance_m\": 6.2}]","tags":"{\"cuisine\": \"german\", \"opening_hours\": \"Tu-Su 17:00-23:00\", \"outdoor_seating\": \"yes\", \"phone\": \"+49 89 655443\"}","marker-color":"#1f78b4"}},
{"type":"Feature","geometry":{"type":"Point","coordinates":[11.50534,48.09471]},"properties":{"id":"poi_n3382171989","name":"Die Küche im Kraftwerk","kind":"restaurant","at":[48.09471,11.50534],"osm_id":"node/3382171989","open_horizon":false,"views":"[{\"sightline_id\": \"sl_37290f52\", \"toward\": \"b\", \"distance_m\": 39.9}]","tags":"{\"cuisine\": \"cake;chinese;international;regional\", \"opening_hours\": \"Mo-Fr 11:00-22:00; Sa 10:00-22:00; Su 09:00-17:00; PH off\", \"outdoor_seating\": \"yes\", \"phone\": \"+49 89 452128 99\", \"website\": \"https://www.diekuecheimkraftwerk.de\"}","marker-color":"#1f78b4"}},
{"type":"Feature","geometry":{"type":"Point","coordinates":[11.58146,48.16116]},"properties":{"id":"poi_n338337355","name":"Kaisergarten","kind":"restaurant","at":[48.16116,11.58146],"osm_id":"node/338337355","open_horizon":false,"views":"[{\"sightline_id\": \"sl_98abdad3\", \"toward\": \"b\", \"distance_m\": 17.3}]","tags":"{\"opening_hours\": \"Mo-Su 10:00-01:00\", \"website\": \"http://www.kaisergarten.com\"}","marker-color":"#1f78b4"}},
{"type":"Feature","geometry":{"type":"Point","coordinates":[11.46341,48.14634]},"properties":{"id":"poi_n3383688167","name":"Moon Bar","kind":"bar","at":[48.14634,11.46341],"osm_id":"node/3383688167","open_horizon":false,"views":"[{\"sightline_id\": \"sl_9466a8e6\", \"toward\": \"b\", \"distance_m\": 5.3}]","tags":"{\"outdoor_seating\": \"yes\"}","marker-color":"#1f78b4"}},
{"type":"Feature","geometry":{"type":"Point","coordinates":[11.61056,48.11809]},"properties":{"id":"poi_n3385875771","name":"Feige & Olive","kind":"cafe","at":[48.11809,11.61056],"osm_id":"node/3385875771","open_horizon":false,"views":"[{\"sightline_id\": \"sl_dafaf1f5\", \"toward\": \"a\", \"distance_m\": 22.8}, {\"sightline_id\": \"sl_dafaf1f5\", \"toward\": \"b\", \"distance_m\": 22.8}, {\"sightline_id\": \"sl_48d4480f\", \"toward\": \"a\", \"distance_m\": 37.0}, {\"sightline_id\": \"sl_48d4480f\", \"toward\": \"b\", \"distance_m\": 37.0}]","tags":"{\"opening_hours\": \"Mo-Fr 07:00-16:00; Su 08:00-15:00\", \"outdoor_seating\": \"yes\", \"phone\": \"+49 89 66682334\"}","marker-color":"#1f78b4"}},
{"type":"Feature","geometry":{"type":"Point","coordinates":[11.53394,48.13903]},"properties":{"id":"poi_n3387987732","name":"Bridge","kind":"bar","at":[48.13903,11.53394],"osm_id":"node/3387987732","open_horizon":false,"views":"[{\"sightline_id\": \"sl_7c751cfb\", \"toward\": \"b\", \"distance_m\": 21.4}]","tags":"{\"cuisine\": \"chinese\", \"opening_hours\": \"Mo-Fr 00:00-03:00,10:00-24:00; Sa,Su 00:00-03:00,17:00-24:00\", \"outdoor_seating\": \"yes\"}","marker-color":"#1f78b4"}},
{"type":"Feature","geometry":{"type":"Point","coordinates":[11.58525,48.16186]},"properties":{"id":"poi_n338861920","name":"Dhaba","kind":"restaurant","at":[48.16186,11.58525],"osm_id":"node/338861920","open_horizon":false,"views":"[{\"sightline_id\": \"sl_6b60b331\", \"toward\": \"b\", \"distance_m\": 13.4}]","tags":"{\"cuisine\": \"indian\", \"opening_hours\": \"Mo-Fr 11:30-14:30,17:30-23:30; Sa 17:30-23:30; Su,PH 12:00-23:00\", \"phone\": \"+49 89 394341\", \"website\": \"https://www.dhaba.de/conMun.html\"}","marker-color":"#1f78b4"}},
{"type":"Feature","geometry":{"type":"Point","coordinates":[11.49765,48.13354]},"properties":{"id":"poi_n3392212356","name":"Taverna - Griechisches Restaurant","kind":"restaurant","at":[48.13354,11.49765],"osm_id":"node/3392212356","open_horizon":false,"views":"[{\"sightline_id\": \"sl_12eb697a\", \"toward\": \"b\", \"distance_m\": 26.0}]","tags":"{\"website\": \"https://taverna-muenchen.de/\"}","marker-color":"#1f78b4"}},
{"type":"Feature","geometry":{"type":"Point","coordinates":[11.58253,48.11776]},"properties":{"id":"poi_n3398575537","name":"Ambar Bistro","kind":"bar","at":[48.11776,11.58253],"osm_id":"node/3398575537","open_horizon":false,"views":"[{\"sightline_id\": \"sl_defc3d30\", \"toward\": \"a\", \"distance_m\": 14.8}, {\"sightline_id\": \"sl_defc3d30\", \"toward\": \"b\", \"distance_m\": 14.8}]","tags":"{\"cuisine\": \"italian\", \"opening_hours\": \"Mo-Sa 18:00-23:00\", \"outdoor_seating\": \"yes\", \"phone\": \"+498995426658\"}","marker-color":"#1f78b4"}},
{"type":"Feature","geometry":{"type":"Point","coordinates":[11.61523,48.12049]},"properties":{"id":"poi_n3405893303","name":"Bei Mitzi","kind":"pub","at":[48.12049,11.61523],"osm_id":"node/3405893303","open_horizon":false,"views":"[{\"sightline_id\": \"sl_100b733a\", \"toward\": \"a\", \"distance_m\": 14.0}, {\"sightline_id\": \"sl_100b733a\", \"toward\": \"b\", \"distance_m\": 14.0}]","tags":"{\"opening_hours\": \"Su-Fr 10:00-01:00; Sa 13:45-01:00\"}","marker-color":"#1f78b4"}},
{"type":"Feature","geometry":{"type":"Point","coordinates":[11.67072,48.10932]},"properties":{"id":"poi_n34072038","name":"Franziskaner Garten","kind":"restaurant","at":[48.10932,11.67072],"osm_id":"node/34072038","open_horizon":false,"views":"[{\"sightline_id\": \"sl_7b6955fe\", \"toward\": \"a\", \"distance_m\": 26.5}, {\"sightline_id\": \"sl_d46d60a6\", \"toward\": \"b\", \"distance_m\": 27.7}]","tags":"{\"cuisine\": \"bavarian\", \"opening_hours\": \"Tu-Su 11:00-23:00\", \"outdoor_seating\": \"yes\", \"phone\": \"+49 89 4300996\", \"website\": \"https://franziskanergarten.de/\"}","marker-color":"#1f78b4"}},
{"type":"Feature","geometry":{"type":"Point","coordinates":[11.56234,48.1292]},"properties":{"id":"poi_n3412290345","name":"Nam Giao","kind":"restaurant","at":[48.1292,11.56234],"osm_id":"node/3412290345","open_horizon":false,"views":"[{\"sightline_id\": \"sl_d7ed4de6\", \"toward\": \"b\", \"distance_m\": 9.5}]","tags":"{\"cuisine\": \"vietnamese\", \"opening_hours\": \"Mo-Fr 11:00-15:00,17:00-22:30, Sa 17:00-22:30, Su 11:00-15:00, Su 17:00-22:30\", \"outdoor_seating\": \"yes\"}","marker-color":"#1f78b4"}},
{"type":"Feature","geometry":{"type":"Point","coordinates":[11.52008,48.13875]},"properties":{"id":"poi_n342293305","name":"Hoa Quynh","kind":"restaurant","at":[48.13875,11.52008],"osm_id":"node/342293305","open_horizon":false,"views":"[{\"sightline_id\": \"sl_fc3c3511\", \"toward\": \"a\", \"distance_m\": 10.1}, {\"sightline_id\": \"sl_fc3c3511\", \"toward\": \"b\", \"distance_m\": 10.1}]","tags":"{\"cuisine\": \"asian\", \"opening_hours\": \"Tu-Th 11:30-14:30,18:00-22:00; PH,Sa 17:00-22:00\", \"outdoor_seating\": \"yes\", \"website\": \"https://www.hoa-quynh.de/\"}","marker-color":"#1f78b4"}},
{"type":"Feature","geometry":{"type":"Point","coordinates":[11.59092,48.13244]},"properties":{"id":"poi_n344491864","name":"L'Osteria","kind":"restaurant","at":[48.13244,11.59092],"osm_id":"node/344491864","open_horizon":false,"views":"[{\"sightline_id\": \"sl_be141589\", \"toward\": \"b\", \"distance_m\": 19.4}]","tags":"{\"cuisine\": \"italian\", \"opening_hours\": \"Su 12:00-23:00; Mo-Tu 11:30-23:00; Fr-Sa 11:30-00:00\", \"outdoor_seating\": \"terrace\", \"phone\": \"+49 89 622328051\", \"website\": \"https://losteria.net/de/restaurants/restaurant/muenchen-am-gasteig/\"}","marker-color":"#1f78b4"}},
{"type":"Feature","geometry":{"type":"Point","coordinates":[11.51077,48.12971]},"properties":{"id":"poi_n344718970","name":"Paalma","kind":"pub","at":[48.12971,11.51077],"osm_id":"node/344718970","open_horizon":false,"views":"[{\"sightline_id\": \"sl_a241a747\", \"toward\": \"a\", \"distance_m\": 19.4}, {\"sightline_id\": \"sl_c95b094f\", \"toward\": \"a\", \"distance_m\": 23.8}, {\"sightline_id\": \"sl_c95b094f\", \"toward\": \"b\", \"distance_m\": 23.8}]","tags":"{}","marker-color":"#1f78b4"}},
{"type":"Feature","geometry":{"type":"Point","coordinates":[11.58787,48.14299]},"properties":{"id":"poi_n3451058226","name":"Casino am Eisbach","kind":"restaurant","at":[48.14299,11.58787],"osm_id":"node/3451058226","open_horizon":false,"views":"[{\"sightline_id\": \"sl_5a3bf7bb\", \"toward\": \"a\", \"distance_m\": 22.1}, {\"sightline_id\": \"sl_5a3bf7bb\", \"toward\": \"b\", \"distance_m\": 22.1}]","tags":"{\"opening_hours\": \"Mo-Fr 08:00-15:00\", \"outdoor_seating\": \"no\", \"website\": \"https://eisbach-catering.de\"}","marker-color":"#1f78b4"}},
{"type":"Feature","geometry":{"type":"Point","coordinates":[11.57417,48.16442]},"properties":{"id":"poi_n3451806164","name":"Tante Emma","kind":"cafe","at":[48.16442,11.57417],"osm_id":"node/3451806164","open_horizon":false,"views":"[{\"sightline_id\": \"sl_79d740de\", \"toward\": \"a\", \"distance_m\": 6.3}, {\"sightline_id\": \"sl_8fd21a02\", \"toward\": \"a\", \"distance_m\": 10.8}, {\"sightline_id\": \"sl_d6a27724\", \"toward\": \"a\", \"distance_m\": 22.9}, {\"sightline_id\": \"sl_d6a27724\", \"toward\": \"b\", \"distance_m\": 22.9}]","tags":"{\"opening_hours\": \"Mo-Su 08:30-22:00; PH 08:30-22:00\", \"outdoor_seating\": \"sidewalk\"}","marker-color":"#1f78b4"}},
{"type":"Feature","geometry":{"type":"Point","coordinates":[11.50167,48.11645]},"properties":{"id":"poi_n3455662793","name":"il Gelato italiano","kind":"ice_cream","at":[48.11645,11.50167],"osm_id":"node/3455662793","open_horizon":false,"views":"[{\"sightline_id\": \"sl_e3fb6acc\", \"toward\": \"b\", \"distance_m\": 32.0}]","tags":"{\"opening_hours\": \"Mo-Su 10:00-22:00\", \"outdoor_seating\": \"yes\"}","marker-color":"#1f78b4"}},
{"type":"Feature","geometry":{"type":"Point","coordinates":[11.57273,48.15129]},"properties":{"id":"poi_n345796251","name":"Mozzamo","kind":"restaurant","at":[48.15129,11.57273],"osm_id":"node/345796251","open_horizon":false,"views":"[{\"sightline_id\": \"sl_1c73e5a8\", \"toward\": \"a\", \"distance_m\": 10.0}, {\"sightline_id\": \"sl_1c73e5a8\", \"toward\": \"b\", \"distance_m\": 10.0}]","tags":"{\"cuisine\": \"italian_pizza;turkish\", \"opening_hours\": \"Mo-Sa 17:00-00:00\", \"outdoor_seating\": \"yes\"}","marker-color":"#1f78b4"}},
{"type":"Feature","geometry":{"type":"Point","coordinates":[11.58667,48.16668]},"properties":{"id":"poi_n345849097","name":"Seoul","kind":"restaurant","at":[48.16668,11.58667],"osm_id":"node/345849097","open_horizon":false,"views":"[{\"sightline_id\": \"sl_1cf54481\", \"toward\": \"a\", \"distance_m\": 20.9}, {\"sightline_id\": \"sl_1cf54481\", \"toward\": \"b\", \"distance_m\": 20.9}]","tags":"{\"cuisine\": \"korean\", \"opening_hours\": \"Su-Sa 18:00-23:00; Tu-Su 12:00-14:30\", \"website\": \"https://www.seoulrestaurantmunich.com/\"}","marker-color":"#1f78b4"}},
{"type":"Feature","geometry":{"type":"Point","coordinates":[11.7021,48.11312]},"properties":{"id":"poi_n3458758758","name":"Tre Tavoli","kind":"restaurant","at":[48.11312,11.7021],"osm_id":"node/3458758758","open_horizon":false,"views":"[{\"sightline_id\": \"sl_9412757b\", \"toward\": \"b\", \"distance_m\": 7.8}, {\"sightline_id\": \"sl_19fb3d19\", \"toward\": \"a\", \"distance_m\": 12.0}]","tags":"{\"cuisine\": \"italian\", \"opening_hours\": \"Mo-Fr 09:00-16:00; Sa 09:00-15:00\", \"outdoor_seating\": \"yes\"}","marker-color":"#1f78b4"}},
{"type":"Feature","geometry":{"type":"Point","coordinates":[11.69436,48.11568]},"properties":{"id":"poi_n3458827593","name":"Paradoxx","kind":"bar","at":[48.11568,11.69436],"osm_id":"node/3458827593","open_horizon":false,"views":"[{\"sightline_id\": \"sl_06483183\", \"toward\": \"a\", \"distance_m\": 26.6}, {\"sightline_id\": \"sl_06483183\", \"toward\": \"b\", \"distance_m\": 26.6}]","tags":"{\"opening_hours\": \"We-Mo,PH 14:00-23:00+\", \"outdoor_seating\": \"yes\"}","marker-color":"#1f78b4"}},
{"type":"Feature","geometry":{"type":"Point","coordinates":[11.59594,48.13442]},"properties":{"id":"poi_n3472761908","name":"Suuapinga","kind":"cafe","at":[48.13442,11.59594],"osm_id":"node/3472761908","open_horizon":false,"views":"[{\"sightline_id\": \"sl_be141589\", \"toward\": \"a\", \"distance_m\": 32.7}]","tags":"{\"cuisine\": \"pastry\", \"opening_hours\": \"Mo-Fr 08:00-18:00; Sa 09:00-18:00\"}","marker-color":"#1f78b4"}},
{"type":"Feature","geometry":{"type":"Point","coordinates":[11.59595,48.1342]},"properties":{"id":"poi_n3472761910","name":"La Baita","kind":"restaurant","at":[48.1342,11.59595],"osm_id":"node/3472761910","open_horizon":false,"views":"[{\"sightline_id\": \"sl_be141589\", \"toward\": \"a\", \"distance_m\": 10.3}]","tags":"{\"opening_hours\": \"Tu-Sa 10:30-14:30\", \"outdoor_seating\": \"yes\"}","marker-color":"#1f78b4"}},
{"type":"Feature","geometry":{"type":"Point","coordinates":[11.57565,48.15049]},"properties":{"id":"poi_n348146578","name":"Lo Studente","kind":"restaurant","at":[48.15049,11.57565],"osm_id":"node/348146578","open_horizon":false,"views":"[{\"sightline_id\": \"sl_1c73e5a8\", \"toward\": \"a\", \"distance_m\": 11.5}, {\"sightline_id\": \"sl_1c73e5a8\", \"toward\": \"b\", \"distance_m\": 11.5}, {\"sightline_id\": \"sl_b3216b45\", \"toward\": \"a\", \"distance_m\": 27.3}, {\"sightline_id\": \"sl_b3216b45\", \"toward\": \"b\", \"distance_m\": 27.3}]","tags":"{\"cuisine\": \"italian;pizza\", \"opening_hours\": \"Mo-Su 11:00-24:00\", \"outdoor_seating\": \"sidewalk\", \"phone\": \"+49 89 27375447\", \"website\": \"https://lo-studente.de/\"}","marker-color":"#1f78b4"}},
{"type":"Feature","geometry":{"type":"Point","coordinates":[11.57618,48.15087]},"properties":{"id":"poi_n348146579","name":"Alter Simpl","kind":"pub","at":[48.15087,11.57618],"osm_id":"node/348146579","open_horizon":false,"views":"[{\"sightline_id\": \"sl_b3216b45\", \"toward\": \"a\", \"distance_m\": 7.9}, {\"sightline_id\": \"sl_b3216b45\", \"toward\": \"b\", \"distance_m\": 7.9}]","tags":"{\"opening_hours\": \"Mo-We 11:00-00:00; Th-Sa 11:00-01:00; Su 11:00-22:00\", \"outdoor_seating\": \"yes\"}","marker-color":"#1f78b4"}},
{"type":"Feature","geometry":{"type":"Point","coordinates":[11.5767,48.15113]},"properties":{"id":"poi_n348146581","name":"Zeitgeist","kind":"cafe","at":[48.15113,11.5767],"osm_id":"node/348146581","open_horizon":false,"views":"[{\"sightline_id\": \"sl_b3216b45\", \"toward\": \"a\", \"distance_m\": 15.4}, {\"sightline_id\": \"sl_b3216b45\", \"toward\": \"b\", \"distance_m\": 15.4}]","tags":"{\"opening_hours\": \"Mo-Su,PH 09:00-24:00\", \"outdoor_seating\": \"yes\"}","marker-color":"#1f78b4"}},
{"type":"Feature","geometry":{"type":"Point","coordinates":[11.59243,48.14051]},"properties":{"id":"poi_n3498934683","name":"Café Chance","kind":"cafe","at":[48.14051,11.59243],"osm_id":"node/3498934683","open_horizon":false,"views":"[{\"sightline_id\": \"sl_0bb7a8a9\", \"toward\": \"a\", \"distance_m\": 8.8}, {\"sightline_id\": \"sl_fb56a278\", \"toward\": \"b\", \"distance_m\": 20.1}]","tags":"{\"opening_hours\": \"Sa,Su 09:30-17:30; We-Fr 08:00-16:30\", \"outdoor_seating\": \"yes\"}","marker-color":"#1f78b4"}},
{"type":"Feature","geometry":{"type":"Point","coordinates":[11.56361,48.20839]},"properties":{"id":"poi_n3507847292","name":"Sultan","kind":"restaurant","at":[48.20839,11.56361],"osm_id":"node/3507847292","open_horizon":false,"views":"[{\"sightline_id\": \"sl_6df1d48f\", \"toward\": \"b\", \"distance_m\": 21.2}]","tags":"{\"cuisine\": \"kebab\", \"opening_hours\": \"Mo-Su 08:00-22:00\"}","marker-color":"#1f78b4"}},
{"type":"Feature","geometry":{"type":"Point","coordinates":[11.54877,48.11745]},"properties":{"id":"poi_n3530977293","name":"Franz","kind":"restaurant","at":[48.11745,11.54877],"osm_id":"node/3530977293","open_horizon":false,"views":"[{\"sightline_id\": \"sl_e61c2044\", \"toward\": \"a\", \"distance_m\": 8.1}]","tags":"{\"opening_hours\": \"Tu-Th 17:00-22:00; Fr-Su 15:00-22:00\"}","marker-color":"#1f78b4"}},
{"type":"Feature","geometry":{"type":"Point","coordinates":[11.57315,48.10812]},"properties":{"id":"poi_n3534426007","name":"Manzil","kind":"restaurant","at":[48.10812,11.57315],"osm_id":"node/3534426007","open_horizon":false,"views":"[{\"sightline_id\": \"sl_652507c3\", \"toward\": \"a\", \"distance_m\": 15.3}, {\"sightline_id\": \"sl_652507c3\", \"toward\": \"b\", \"distance_m\": 15.3}]","tags":"{\"opening_hours\": \"Mo-Fr 11:30-14:30, Mo-Su,PH 17:30-23:00\"}","marker-color":"#1f78b4"}},
{"type":"Feature","geometry":{"type":"Point","coordinates":[11.55599,48.22298]},"properties":{"id":"poi_n354395204","name":"Stadteilcafe","kind":"cafe","at":[48.22298,11.55599],"osm_id":"node/354395204","open_horizon":false,"views":"[{\"sightline_id\": \"sl_7f8189b3\", \"toward\": \"a\", \"distance_m\": 23.5}]","tags":"{\"opening_hours\": \"Mo-Fr 11:00-14:00\", \"outdoor_seating\": \"yes\"}","marker-color":"#1f78b4"}},
{"type":"Feature","geometry":{"type":"Point","coordinates":[11.52146,48.18209]},"properties":{"id":"poi_n354451797","name":"Augustiner Spieglwirt","kind":"restaurant","at":[48.18209,11.52146],"osm_id":"node/354451797","open_horizon":false,"views":"[{\"sightline_id\": \"sl_a2e768c0\", \"toward\": \"a\", \"distance_m\": 17.9}, {\"sightline_id\": \"sl_a2e768c0\", \"toward\": \"b\", \"distance_m\": 17.9}, {\"sightline_id\": \"sl_5063a87f\", \"toward\": \"a\", \"distance_m\": 21.7}]","tags":"{\"cuisine\": \"regional\", \"opening_hours\": \"Mo-Fr 11:00-23:00; Sa,Su 10:00-23:00\", \"outdoor_seating\": \"yes\", \"phone\": \"+49 89 3090 8960\", \"website\": \"https://augustiner-spieglwirt.de/\"}","marker-color":"#1f78b4"}},
{"type":"Feature","geometry":{"type":"Point","coordinates":[11.56835,48.14227]},"properties":{"id":"poi_n3551073821","name":"Kunst Café","kind":"cafe","at":[48.14227,11.56835],"osm_id":"node/3551073821","open_horizon":false,"views":"[{\"sightline_id\": \"sl_92fc0adb\", \"toward\": \"a\", \"distance_m\": 31.5}]","tags":"{\"opening_hours\": \"Mo-Fr 08:00-18:00; PH off\", \"outdoor_seating\": \"yes\"}","marker-color":"#1f78b4"}},
{"type":"Feature","geometry":{"type":"Point","coordinates":[11.53909,48.15694]},"properties":{"id":"poi_n3556567925","name":"Neulinger Brot & Feinbäckerei","kind":"cafe","at":[48.15694,11.53909],"osm_id":"node/3556567925","open_horizon":false,"views":"[{\"sightline_id\": \"sl_e440dfbc\", \"toward\": \"b\", \"distance_m\": 5.6}]","tags":"{\"opening_hours\": \"Mo-Fr 06:30-18:00; Sa 06:30-12:00; PH,Su 08:00-11:00\"}","marker-color":"#1f78b4"}},
{"type":"Feature","geometry":{"type":"Point","coordinates":[11.53408,48.13325]},"properties":{"id":"poi_n3559091468","name":"Cafe Kiosk","kind":"cafe","at":[48.13325,11.53408],"osm_id":"node/3559091468","open_horizon":false,"views":"[{\"sightline_id\": \"sl_f5401bc8\", \"toward\": \"b\", \"distance_m\": 23.4}]","tags":"{}","marker-color":"#1f78b4"}},
{"type":"Feature","geometry":{"type":"Point","coordinates":[11.57502,48.14913]},"properties":{"id":"poi_n3574872797","name":"Katzentempel","kind":"cafe","at":[48.14913,11.57502],"osm_id":"node/3574872797","open_horizon":false,"views":"[{\"sightline_id\": \"sl_b3216b45\", \"toward\": \"a\", \"distance_m\": 8.5}, {\"sightline_id\": \"sl_b3216b45\", \"toward\": \"b\", \"distance_m\": 8.5}]","tags":"{\"cuisine\": \"breakfast;coffee_shop\", \"opening_hours\": \"Mo-Th 10:00-20:00; Fr 10:00-21:00; Sa 09:00-21:00; Su 09:00-20:00\", \"outdoor_seating\": \"yes\"}","marker-color":"#1f78b4"}},
{"type":"Feature","geometry":{"type":"Point","coordinates":[11.49518,48.14364]},"properties":{"id":"poi_n357912716","name":"Via bella Italia","kind":"restaurant","at":[48.14364,11.49518],"osm_id":"node/357912716","open_horizon":false,"views":"[{\"sightline_id\": \"sl_69cb35bd\", \"toward\": \"b\", \"distance_m\": 11.2}, {\"sightline_id\": \"sl_9476dda7\", \"toward\": \"a\", \"distance_m\": 18.9}, {\"sightline_id\": \"sl_9476dda7\", \"toward\": \"b\", \"distance_m\": 18.9}]","tags":"{\"cuisine\": \"italian\", \"opening_hours\": \"Mo-Su 10:00-00:00\", \"outdoor_seating\": \"yes\", \"phone\": \"+49 89 56826615\", \"website\": \"https://restaurant-nuovaitalia.de/\"}","marker-color":"#1f78b4"}},
{"type":"Feature","geometry":{"type":"Point","coordinates":[11.55606,48.12863]},"properties":{"id":"poi_n358182679","name":"Lindwurmstüberl","kind":"restaurant","at":[48.12863,11.55606],"osm_id":"node/358182679","open_horizon":false,"views":"[{\"sightline_id\": \"sl_e8d3e711\", \"toward\": \"a\", \"distance_m\": 24.5}, {\"sightline_id\": \"sl_e8d3e711\", \"toward\": \"b\", \"distance_m\": 24.5}]","tags":"{\"cuisine\": \"bavarian;local;regional\", \"opening_hours\": \"Mo-Sa 11:00-00:00; Su 11:00-22:00\", \"outdoor_seating\": \"yes\"}","marker-color":"#1f78b4"}},
{"type":"Feature","geometry":{"type":"Point","coordinates":[11.53828,48.09862]},"properties":{"id":"poi_n358480330","name":"Santorini","kind":"restaurant","at":[48.09862,11.53828],"osm_id":"node/358480330","open_horizon":false,"views":"[{\"sightline_id\": \"sl_1cf8642a\", \"toward\": \"a\", \"distance_m\": 23.1}, {\"sightline_id\": \"sl_1cf8642a\", \"toward\": \"b\", \"distance_m\": 23.1}]","tags":"{\"cuisine\": \"greek\", \"opening_hours\": \"Tu-Su 11:30-15:00,17:00-23:30\", \"outdoor_seating\": \"yes\", \"website\": \"https://www.santorini-sendling.de/\"}","marker-color":"#1f78b4"}},
{"type":"Feature","geometry":{"type":"Point","coordinates":[11.5752,48.13475]},"properties":{"id":"poi_n358492740","name":"Der Pschorr","kind":"restaurant","at":[48.13475,11.5752],"osm_id":"node/358492740","open_horizon":false,"views":"[{\"sightline_id\": \"sl_6838e0c2\", \"toward\": \"a\", \"distance_m\": 26.0}]","tags":"{\"cuisine\": \"bavarian\", \"opening_hours\": \"Su-Sa 10:00-23:00\", \"outdoor_seating\": \"yes\"}","marker-color":"#1f78b4"}},
{"type":"Feature","geometry":{"type":"Point","coordinates":[11.58241,48.11767]},"properties":{"id":"poi_n3591666887","name":"Pizziamo","kind":"restaurant","at":[48.11767,11.58241],"osm_id":"node/3591666887","open_horizon":false,"views":"[{\"sightline_id\": \"sl_defc3d30\", \"toward\": \"a\", \"distance_m\": 13.9}, {\"sightline_id\": \"sl_defc3d30\", \"toward\": \"b\", \"distance_m\": 13.9}]","tags":"{\"cuisine\": \"italian\", \"opening_hours\": \"11:30-22:30\"}","marker-color":"#1f78b4"}},
{"type":"Feature","geometry":{"type":"Point","coordinates":[11.56161,48.13082]},"properties":{"id":"poi_n3594164603","name":"Cocoon Pinsa & Bar","kind":"bar","at":[48.13082,11.56161],"osm_id":"node/3594164603","open_horizon":false,"views":"[{\"sightline_id\": \"sl_e8d3e711\", \"toward\": \"a\", \"distance_m\": 14.6}, {\"sightline_id\": \"sl_e8d3e711\", \"toward\": \"b\", \"distance_m\": 14.6}]","tags":"{\"opening_hours\": \"Mo-Th,Su 16:00-24:00; Fr-Sa 16:00-01:00\", \"outdoor_seating\": \"yes\"}","marker-color":"#1f78b4"}},
{"type":"Feature","geometry":{"type":"Point","coordinates":[11.54379,48.12118]},"properties":{"id":"poi_n359740043","name":"Sendlinger Augustiner","kind":"restaurant","at":[48.12118,11.54379],"osm_id":"node/359740043","open_horizon":false,"views":"[{\"sightline_id\": \"sl_f6d0b0ad\", \"toward\": \"b\", \"distance_m\": 6.3}, {\"sightline_id\": \"sl_2a7f3b60\", \"toward\": \"a\", \"distance_m\": 12.5}]","tags":"{\"cuisine\": \"german;regional\", \"opening_hours\": \"Mo, Fr 16:00-23:00; Sa-Su 11:00-23:00; Tu-Th 12:00-23:00\", \"outdoor_seating\": \"yes\"}","marker-color":"#1f78b4"}},
{"type":"Feature","geometry":{"type":"Point","coordinates":[11.47803,48.11277]},"properties":{"id":"poi_n3603873119","name":"Restaurant Johannas","kind":"restaurant","at":[48.11277,11.47803],"osm_id":"node/3603873119","open_horizon":false,"views":"[{\"sightline_id\": \"sl_59cc5316\", \"toward\": \"a\", \"distance_m\": 16.7}, {\"sightline_id\": \"sl_59cc5316\", \"toward\": \"b\", \"distance_m\": 16.7}]","tags":"{\"cuisine\": \"regional\", \"opening_hours\": \"We-Th 18:00+; Fr-Su 12:00-15:00, 18:00+\", \"outdoor_seating\": \"yes\", \"phone\": \"+49 89 7 41 14 40\", \"website\": \"https://www.restaurant-johannas.de/\"}","marker-color":"#1f78b4"}},
{"type":"Feature","geometry":{"type":"Point","coordinates":[11.43963,48.1779]},"properties":{"id":"poi_n360419367","name":null,"kind":"viewpoint","at":[48.1779,11.43963],"osm_id":"node/360419367","open_horizon":false,"views":"[{\"sightline_id\": \"sl_22323489\", \"toward\": \"a\", \"distance_m\": 33.4}, {\"sightline_id\": \"sl_22323489\", \"toward\": \"b\", \"distance_m\": 33.4}]","tags":"{}","marker-color":"#1f78b4"}},
{"type":"Feature","geometry":{"type":"Point","coordinates":[11.56113,48.12547]},"properties":{"id":"poi_n3605926394","name":"Dua Pizza","kind":"restaurant","at":[48.12547,11.56113],"osm_id":"node/3605926394","open_horizon":false,"views":"[{\"sightline_id\": \"sl_e5506831\", \"toward\": \"b\", \"distance_m\": 16.5}, {\"sightline_id\": \"sl_d7ed4de6\", \"toward\": \"a\", \"distance_m\": 16.8}]","tags":"{\"cuisine\": \"pizza\", \"opening_hours\": \"Mo-Su 11:00-23:00\", \"outdoor_seating\": \"yes\"}","marker-color":"#1f78b4"}},
{"type":"Feature","geometry":{"type":"Point","coordinates":[11.53451,48.15096]},"properties":{"id":"poi_n3609039728","name":"broeding","kind":"restaurant","at":[48.15096,11.53451],"osm_id":"node/3609039728","open_horizon":false,"views":"[{\"sightline_id\": \"sl_34a6801e\", \"toward\": \"a\", \"distance_m\": 12.1}]","tags":"{\"opening_hours\": \"Mo-Sa 18:00-23:55\", \"phone\": \"+49 89 16 42 38\", \"website\": \"https://www.broeding.de/restaurant.html\"}","marker-color":"#1f78b4"}},
{"type":"Feature","geometry":{"type":"Point","coordinates":[11.5381,48.14011]},"properties":{"id":"poi_n3609643538","name":"Café Dupont","kind":"restaurant","at":[48.14011,11.5381],"osm_id":"node/3609643538","open_horizon":false,"views":"[{\"sightline_id\": \"sl_620ca713\", \"toward\": \"a\", \"distance_m\": 24.6}, {\"sightline_id\": \"sl_620ca713\", \"toward\": \"b\", \"distance_m\": 24.6}, {\"sightline_id\": \"sl_e21752a2\", \"toward\": \"b\", \"distance_m\": 37.8}]","tags":"{\"cuisine\": \"french\", \"opening_hours\": \"Mo-Th 10:00-00:00; Fr-Sa 10:00-02:00\"}","marker-color":"#1f78b4"}},
{"type":"Feature","geometry":{"type":"Point","coordinates":[11.57574,48.15382]},"properties":{"id":"poi_n362100911","name":"freebird Bar & Food","kind":"bar","at":[48.15382,11.57574],"osm_id":"node/362100911","open_horizon":false,"views":"[{\"sightline_id\": \"sl_8f7da990\", \"toward\": \"a\", \"distance_m\": 5.5}, {\"sightline_id\": \"sl_8f7da990\", \"toward\": \"b\", \"distance_m\": 5.5}, {\"sightline_id\": \"sl_f1c85e2a\", \"toward\": \"a\", \"distance_m\": 9.7}]","tags":"{\"opening_hours\": \"18:00+\", \"outdoor_seating\": \"yes\"}","marker-color":"#1f78b4"}},
{"type":"Feature","geometry":{"type":"Point","coordinates":[11.57523,48.15495]},"properties":{"id":"poi_n362102662","name":"Donuts & Candies","kind":"cafe","at":[48.15495,11.57523],"osm_id":"node/362102662","open_horizon":false,"views":"[{\"sightline_id\": \"sl_8f7da990\", \"toward\": \"a\", \"distance_m\": 18.6}, {\"sightline_id\": \"sl_8f7da990\", \"toward\": \"b\", \"distance_m\": 18.6}, {\"sightline_id\": \"sl_f8e80ae8\", \"toward\": \"b\", \"distance_m\": 31.6}]","tags":"{\"opening_hours\": \"Mo-Sa 09:00-19:00\"}","marker-color":"#1f78b4"}},
{"type":"Feature","geometry":{"type":"Point","coordinates":[11.57482,48.1552]},"properties":{"id":"poi_n362104085","name":"Salzkruste","kind":"restaurant","at":[48.1552,11.57482],"osm_id":"node/362104085","open_horizon":false,"views":"[{\"sightline_id\": \"sl_f8e80ae8\", \"toward\": \"b\", \"distance_m\": 16.9}, {\"sightline_id\": \"sl_fce6bfbb\", \"toward\": \"a\", \"distance_m\": 33.4}]","tags":"{\"cuisine\": \"mediterranean\", \"opening_hours\": \"Mo-Fr 11:30-14:30,18:00-24:00; Sa 18:00-24:00\", \"outdoor_seating\": \"yes\"}","marker-color":"#1f78b4"}},
{"type":"Feature","geometry":{"type":"Point","coordinates":[11.57476,48.15542]},"properties":{"id":"poi_n362104193","name":"Vega Bar","kind":"bar","at":[48.15542,11.57476],"osm_id":"node/362104193","open_horizon":false,"views":"[{\"sightline_id\": \"sl_f8e80ae8\", \"toward\": \"b\", \"distance_m\": 4.9}, {\"sightline_id\": \"sl_fce6bfbb\", \"toward\": \"a\", \"distance_m\": 22.3}]","tags":"{\"opening_hours\": \"Tu-Th 20:00-03:00, Fr,Sa 20:00-05:00\", \"outdoor_seating\": \"yes\"}","marker-color":"#1f78b4"}},
{"type":"Feature","geometry":{"type":"Point","coordinates":[11.57904,48.15485]},"properties":{"id":"poi_n362109054","name":"Georgenhof","kind":"restaurant","at":[48.15485,11.57904],"osm_id":"node/362109054","open_horizon":false,"views":"[{\"sightline_id\": \"sl_b3216b45\", \"toward\": \"b\", \"distance_m\": 19.8}]","tags":"{\"cuisine\": \"bavarian;regional\", \"opening_hours\": \"Mo-Su 08:00-01:00\", \"outdoor_seating\": \"yes\"}","marker-color":"#1f78b4"}},
{"type":"Feature","geometry":{"type":"Point","coordinates":[11.58388,48.15007]},"properties":{"id":"poi_n3623074677","name":"I love Leo","kind":"ice_cream","at":[48.15007,11.58388],"osm_id":"node/3623074677","open_horizon":false,"views":"[{\"sightline_id\": \"sl_7dadb81b\", \"toward\": \"a\", \"distance_m\": 10.1}, {\"sightline_id\": \"sl_7dadb81b\", \"toward\": \"b\", \"distance_m\": 10.1}]","tags":"{\"cuisine\": \"coffee_shop\", \"opening_hours\": \"\\\"Wetterabhängig/wheather dependent\\\"\", \"outdoor_seating\": \"yes\"}","marker-color":"#1f78b4"}},
{"type":"Feature","geometry":{"type":"Point","coordinates":[11.55639,48.14928]},"properties":{"id":"poi_n3633134278","name":"Vina","kind":"restaurant","at":[48.14928,11.55639],"osm_id":"node/3633134278","open_horizon":false,"views":"[{\"sightline_id\": \"sl_583b0d6f\", \"toward\": \"a\", \"distance_m\": 15.4}, {\"sightline_id\": \"sl_583b0d6f\", \"toward\": \"b\", \"distance_m\": 15.4}]","tags":"{\"cuisine\": \"vietnamese\", \"opening_hours\": \"Mo-Fr 11:00-15:00,17:30-22:00; Su,PH 12:00-22:00; Sa off\", \"phone\": \"+498954740944\"}","marker-color":"#1f78b4"}},
{"type":"Feature","geometry":{"type":"Point","coordinates":[11.59325,48.10513]},"properties":{"id":"poi_n3633366588","name":"Damaskus Café","kind":"cafe","at":[48.10513,11.59325],"osm_id":"node/3633366588","open_horizon":false,"views":"[{\"sightline_id\": \"sl_8c059e5f\", \"toward\": \"a\", \"distance_m\": 14.6}]","tags":"{\"opening_hours\": \"Sa,Su 08:00-18:00; Mo-Fr 07:00-18:00\"}","marker-color":"#1f78b4"}},
{"type":"Feature","geometry":{"type":"Point","coordinates":[11.47504,48.12816]},"properties":{"id":"poi_n364098364","name":"Pelagos Taverna","kind":"restaurant","at":[48.12816,11.47504],"osm_id":"node/364098364","open_horizon":false,"views":"[{\"sightline_id\": \"sl_b2fdc915\", \"toward\": \"a\", \"distance_m\": 19.2}]","tags":"{\"cuisine\": \"greek\", \"opening_hours\": \"We-Mo 11:30-14:30,17:00-23:00\", \"outdoor_seating\": \"yes\", \"website\": \"https://taverna-pelagos.de\"}","marker-color":"#1f78b4"}},
{"type":"Feature","geometry":{"type":"Point","coordinates":[11.46294,48.13611]},"properties":{"id":"poi_n364099686","name":"Franzz","kind":"biergarten","at":[48.13611,11.46294],"osm_id":"node/364099686","open_horizon":false,"views":"[{\"sightline_id\": \"sl_c43688ed\", \"toward\": \"b\", \"distance_m\": 39.7}]","tags":"{}","marker-color":"#1f78b4"}},
{"type":"Feature","geometry":{"type":"Point","coordinates":[11.55116,48.1389]},"properties":{"id":"poi_n3651429062","name":"Amadeus","kind":"cafe","at":[48.1389,11.55116],"osm_id":"node/3651429062","open_horizon":false,"views":"[{\"sightline_id\": \"sl_49b89dc9\", \"toward\": \"a\", \"distance_m\": 18.5}, {\"sightline_id\": \"sl_49b89dc9\", \"toward\": \"b\", \"distance_m\": 18.5}]","tags":"{\"outdoor_seating\": \"no\"}","marker-color":"#1f78b4"}},
{"type":"Feature","geometry":{"type":"Point","coordinates":[11.55054,48.13888]},"properties":{"id":"poi_n3651429067","name":"Binh Minh","kind":"restaurant","at":[48.13888,11.55054],"osm_id":"node/3651429067","open_horizon":false,"views":"[{\"sightline_id\": \"sl_49b89dc9\", \"toward\": \"b\", \"distance_m\": 19.1}]","tags":"{\"cuisine\": \"asian;thai\", \"opening_hours\": \"Mo-Fr 11:00-22:00; Sa-Su,PH 12:00-22:00\", \"outdoor_seating\": \"no\"}","marker-color":"#1f78b4"}},
{"type":"Feature","geometry":{"type":"Point","coordinates":[11.55146,48.13795]},"properties":{"id":"poi_n3651429073","name":"Marmaris","kind":"restaurant","at":[48.13795,11.55146],"osm_id":"node/3651429073","open_horizon":false,"views":"[{\"sightline_id\": \"sl_d3d5ebce\", \"toward\": \"a\", \"distance_m\": 39.8}, {\"sightline_id\": \"sl_d3d5ebce\", \"toward\": \"b\", \"distance_m\": 39.8}]","tags":"{\"cuisine\": \"turkish\", \"opening_hours\": \"Mo-Fr 11:00-23:00; Sa 10:00-01:00; Su 14:00-24:00\", \"outdoor_seating\": \"yes\"}","marker-color":"#1f78b4"}},
{"type":"Feature","geometry":{"type":"Point","coordinates":[11.46421,48.14281]},"properties":{"id":"poi_n365479282","name":"Aurora","kind":"restaurant","at":[48.14281,11.46421],"osm_id":"node/365479282","open_horizon":false,"views":"[{\"sightline_id\": \"sl_8079e40f\", \"toward\": \"a\", \"distance_m\": 23.4}, {\"sightline_id\": \"sl_8079e40f\", \"toward\": \"b\", \"distance_m\": 23.4}]","tags":"{\"cuisine\": \"italian\", \"opening_hours\": \"Tu-Su 11:00-23:00\", \"outdoor_seating\": \"yes\", \"phone\": \"+49 89 880182\", \"website\": \"https://www.ristoranteaurora.de/\"}","marker-color":"#1f78b4"}},
{"type":"Feature","geometry":{"type":"Point","coordinates":[11.53393,48.1486]},"properties":{"id":"poi_n365479288","name":"Sappralott","kind":"restaurant","at":[48.1486,11.53393],"osm_id":"node/365479288","open_horizon":false,"views":"[{\"sightline_id\": \"sl_6425cfed\", \"toward\": \"a\", \"distance_m\": 12.9}, {\"sightline_id\": \"sl_6425cfed\", \"toward\": \"b\", \"distance_m\": 12.9}]","tags":"{\"cuisine\": \"regional\", \"opening_hours\": \"Mo-Th, Su 10:00-01:00; Fr, Sa 10:00-02:00\", \"outdoor_seating\": \"street\"}","marker-color":"#1f78b4"}},
{"type":"Feature","geometry":{"type":"Point","coordinates":[11.57974,48.16293]},"properties":{"id":"poi_n365498584","name":"Pad Thai","kind":"restaurant","at":[48.16293,11.57974],"osm_id":"node/365498584","open_horizon":false,"views":"[{\"sightline_id\": \"sl_6b60b331\", \"toward\": \"a\", \"distance_m\": 21.3}]","tags":"{\"cuisine\": \"thai\", \"opening_hours\": \"Mo-Th 11:30-14:30,17:30-22:00; Fr 11:30-14:30,17:30-23:00; Mo-Su,PH 17:30-23:00\", \"outdoor_seating\": \"yes\", \"website\": \"https://www.padthaimuenchen.com/impressum\"}","marker-color":"#1f78b4"}},
{"type":"Feature","geometry":{"type":"Point","coordinates":[11.5642,48.1793]},"properties":{"id":"poi_n365949572","name":"Arena","kind":"pub","at":[48.1793,11.5642],"osm_id":"node/365949572","open_horizon":false,"views":"[{\"sightline_id\": \"sl_3fe241b1\", \"toward\": \"a\", \"distance_m\": 10.2}, {\"sightline_id\": \"sl_3fe241b1\", \"toward\": \"b\", \"distance_m\": 10.2}]","tags":"{}","marker-color":"#1f78b4"}},
{"type":"Feature","geometry":{"type":"Point","coordinates":[11.56507,48.17747]},"properties":{"id":"poi_n365949573","name":"Sport Cafe","kind":"pub","at":[48.17747,11.56507],"osm_id":"node/365949573","open_horizon":false,"views":"[{\"sightline_id\": \"sl_3fe241b1\", \"toward\": \"b\", \"distance_m\": 16.4}]","tags":"{}","marker-color":"#1f78b4"}},
{"type":"Feature","geometry":{"type":"Point","coordinates":[11.5646,48.17851]},"properties":{"id":"poi_n365949578","name":"Anh Tien","kind":"restaurant","at":[48.17851,11.5646],"osm_id":"node/365949578","open_horizon":false,"views":"[{\"sightline_id\": \"sl_3fe241b1\", \"toward\": \"a\", \"distance_m\": 14.9}, {\"sightline_id\": \"sl_3fe241b1\", \"toward\": \"b\", \"distance_m\": 14.9}]","tags":"{\"cuisine\": \"vietnamese\", \"opening_hours\": \"Tu-Su 11:30-14:30, 17:30-22:30\", \"outdoor_seating\": \"yes\", \"phone\": \"+49 89 35474724\", \"website\": \"https://anhtien-restaurant.geo.io/\"}","marker-color":"#1f78b4"}},
{"type":"Feature","geometry":{"type":"Point","coordinates":[11.56452,48.17868]},"properties":{"id":"poi_n365949581","name":"Bistro Playhouse Treff","kind":"pub","at":[48.17868,11.56452],"osm_id":"node/365949581","open_horizon":false,"views":"[{\"sightline_id\": \"sl_3fe241b1\", \"toward\": \"a\", \"distance_m\": 14.2}, {\"sightline_id\": \"sl_3fe241b1\", \"toward\": \"b\", \"distance_m\": 14.2}]","tags":"{\"opening_hours\": \"Mo-Sa 09:00-03:00, Su,PH 11:00-03:00\"}","marker-color":"#1f78b4"}},
{"type":"Feature","geometry":{"type":"Point","coordinates":[11.56203,48.15707]},"properties":{"id":"poi_n366122489","name":"Weinträne","kind":"restaurant","at":[48.15707,11.56203],"osm_id":"node/366122489","open_horizon":false,"views":"[{\"sightline_id\": \"sl_d1452881\", \"toward\": \"a\", \"distance_m\": 4.6}, {\"sightline_id\": \"sl_d1452881\", \"toward\": \"b\", \"distance_m\": 4.6}]","tags":"{\"opening_hours\": \"Tu-Sa 18:00-23:00\"}","marker-color":"#1f78b4"}},
{"type":"Feature","geometry":{"type":"Point","coordinates":[11.48332,48.1804]},"properties":{"id":"poi_n366569243","name":"Herrnbräu-Stüberl","kind":"pub","at":[48.1804,11.48332],"osm_id":"node/366569243","open_horizon":false,"views":"[{\"sightline_id\": \"sl_3a2ec809\", \"toward\": \"b\", \"distance_m\": 13.6}]","tags":"{\"opening_hours\": \"Tu-Sa 16:00-01:00, Su 14:00-22:00, PH 16:00-01:00; Mo off\"}","marker-color":"#1f78b4"}},
{"type":"Feature","geometry":{"type":"Point","coordinates":[11.53751,48.136]},"properties":{"id":"poi_n367787214","name":"Augustiner Bürgerheim","kind":"restaurant","at":[48.136,11.53751],"osm_id":"node/367787214","open_horizon":false,"views":"[{\"sightline_id\": \"sl_e21752a2\", \"toward\": \"a\", \"distance_m\": 15.9}, {\"sightline_id\": \"sl_e21752a2\", \"toward\": \"b\", \"distance_m\": 15.9}]","tags":"{\"cuisine\": \"bavarian\", \"opening_hours\": \"Mo-Su 10:00-01:00\", \"outdoor_seating\": \"yes\"}","marker-color":"#1f78b4"}},
{"type":"Feature","geometry":{"type":"Point","coordinates":[11.55189,48.13891]},"properties":{"id":"poi_n3679340328","name":"Vi Vadi Ottantanove","kind":"restaurant","at":[48.13891,11.55189],"osm_id":"node/3679340328","open_horizon":false,"views":"[{\"sightline_id\": \"sl_49b89dc9\", \"toward\": \"a\", \"distance_m\": 19.5}, {\"sightline_id\": \"sl_49b89dc9\", \"toward\": \"b\", \"distance_m\": 19.5}]","tags":"{\"cuisine\": \"italian\", \"opening_hours\": \"Mo-Fr 11:30-22:30; Sa-Su 18:00-22:30\", \"outdoor_seating\": \"yes\"}","marker-color":"#1f78b4"}},
{"type":"Feature","geometry":{"type":"Point","coordinates":[11.51939,48.13923]},"properties":{"id":"poi_n3681174346","name":"ArteBianca pizza in pala","kind":"restaurant","at":[48.13923,11.51939],"osm_id":"node/3681174346","open_horizon":false,"views":"[{\"sightline_id\": \"sl_fc3c3511\", \"toward\": \"a\", \"distance_m\": 10.4}]","tags":"{\"cuisine\": \"pizza\", \"opening_hours\": \"Mo-Sa 10:30-20:30\", \"phone\": \"+49 89 24605106\", \"website\": \"https://artebianca-pizza.de/\"}","marker-color":"#1f78b4"}},
{"type":"Feature","geometry":{"type":"Point","coordinates":[11.55226,48.13894]},"properties":{"id":"poi_n3681346752","name":"Back and Flavour","kind":"cafe","at":[48.13894,11.55226],"osm_id":"node/3681346752","open_horizon":false,"views":"[{\"sightline_id\": \"sl_49b89dc9\", \"toward\": \"a\", \"distance_m\": 16.0}, {\"sightline_id\": \"sl_49b89dc9\", \"toward\": \"b\", \"distance_m\": 16.0}]","tags":"{\"cuisine\": \"sandwich\", \"opening_hours\": \"Mo-Th 06:30-15:00; Fr 06:30-15:00\", \"outdoor_seating\": \"no\"}","marker-color":"#1f78b4"}},
{"type":"Feature","geometry":{"type":"Point","coordinates":[11.6036,48.14647]},"properties":{"id":"poi_n368348830","name":"Bogenhauser Hof","kind":"restaurant","at":[48.14647,11.6036],"osm_id":"node/368348830","open_horizon":false,"views":"[{\"sightline_id\": \"sl_f3890816\", \"toward\": \"a\", \"distance_m\": 16.7}]","tags":"{}","marker-color":"#1f78b4"}},
{"type":"Feature","geometry":{"type":"Point","coordinates":[11.6254,48.11518]},"properties":{"id":"poi_n369485109","name":"Nefeli","kind":"restaurant","at":[48.11518,11.6254],"osm_id":"node/369485109","open_horizon":false,"views":"[{\"sightline_id\": \"sl_01cb0a44\", \"toward\": \"b\", \"distance_m\": 19.2}]","tags":"{\"cuisine\": \"greek\", \"opening_hours\": \"Tu-Su,PH 17:00-23:00; Mo off\", \"outdoor_seating\": \"yes\", \"phone\": \"+49 89 45080269\", \"website\": \"https://nefeli.de/\"}","marker-color":"#1f78b4"}},
{"type":"Feature","geometry":{"type":"Point","coordinates":[11.53442,48.15552]},"properties":{"id":"poi_n3709346493","name":"Hide-Out 2","kind":"pub","at":[48.15552,11.53442],"osm_id":"node/3709346493","open_horizon":false,"views":"[{\"sightline_id\": \"sl_bea68911\", \"toward\": \"a\", \"distance_m\": 13.2}, {\"sightline_id\": \"sl_bea68911\", \"toward\": \"b\", \"distance_m\": 13.2}]","tags":"{\"opening_hours\": \"Tu-Sa 20:00-03:00\", \"outdoor_seating\": \"yes\", \"website\": \"https://hideout-muenchen.de/\"}","marker-color":"#1f78b4"}},
{"type":"Feature","geometry":{"type":"Point","coordinates":[11.61958,48.13013]},"properties":{"id":"poi_n371011769","name":"Bella Rosa","kind":"restaurant","at":[48.13013,11.61958],"osm_id":"node/371011769","open_horizon":false,"views":"[{\"sightline_id\": \"sl_278b6e53\", \"toward\": \"a\", \"distance_m\": 28.9}, {\"sightline_id\": \"sl_278b6e53\", \"toward\": \"b\", \"distance_m\": 28.9}]","tags":"{\"cuisine\": \"italian\", \"opening_hours\": \"Mo-Fr 11:00-15:00,17:00-23:00; Sa 15:00-23:00; Su 11:00-23:00\", \"outdoor_seating\": \"yes\"}","marker-color":"#1f78b4"}},
{"type":"Feature","geometry":{"type":"Point","coordinates":[11.58049,48.16016]},"properties":{"id":"poi_n371327909","name":"ORA Tagesbar","kind":"cafe","at":[48.16016,11.58049],"osm_id":"node/371327909","open_horizon":false,"views":"[{\"sightline_id\": \"sl_23ae6155\", \"toward\": \"a\", \"distance_m\": 23.3}, {\"sightline_id\": \"sl_23ae6155\", \"toward\": \"b\", \"distance_m\": 23.3}]","tags":"{\"opening_hours\": \"Mo-Sa 10:00-22:00; Su 10:00-20:00\", \"outdoor_seating\": \"yes\"}","marker-color":"#1f78b4"}},
{"type":"Feature","geometry":{"type":"Point","coordinates":[11.58208,48.16017]},"properties":{"id":"poi_n371328863","name":"Trattoria Pizzeria Da Pino","kind":"restaurant","at":[48.16017,11.58208],"osm_id":"node/371328863","open_horizon":false,"views":"[{\"sightline_id\": \"sl_23ae6155\", \"toward\": \"b\", \"distance_m\": 37.8}]","tags":"{\"cuisine\": \"italian\", \"opening_hours\": \"Mo-Sa 11:30-15:00, 18:00-22:30\", \"outdoor_seating\": \"yes\", \"phone\": \"+49 89 390778\", \"website\": \"https://www.dapino-muenchen.com/\"}","marker-color":"#1f78b4"}},
{"type":"Feature","geometry":{"type":"Point","coordinates":[11.57627,48.1472]},"properties":{"id":"poi_n3722630197","name":"Viet-Thai Bistro","kind":"restaurant","at":[48.1472,11.57627],"osm_id":"node/3722630197","open_horizon":false,"views":"[{\"sightline_id\": \"sl_1932a3df\", \"toward\": \"a\", \"distance_m\": 15.0}, {\"sightline_id\": \"sl_1932a3df\", \"toward\": \"b\", \"distance_m\": 15.0}]","tags":"{\"cuisine\": \"thai;vietnamese\", \"opening_hours\": \"Tu-Sa 11:30-22:00; Su,Mo 12:00-21:00\", \"outdoor_seating\": \"yes\"}","marker-color":"#1f78b4"}},
{"type":"Feature","geometry":{"type":"Point","coordinates":[11.55931,48.13907]},"properties":{"id":"poi_n3730730350","name":"Münchner Stubn","kind":"restaurant","at":[48.13907,11.55931],"osm_id":"node/3730730350","open_horizon":false,"views":"[{\"sightline_id\": \"sl_49b89dc9\", \"toward\": \"a\", \"distance_m\": 16.9}, {\"sightline_id\": \"sl_48fc258c\", \"toward\": \"a\", \"distance_m\": 25.4}, {\"sightline_id\": \"sl_48fc258c\", \"toward\": \"b\", \"distance_m\": 25.4}]","tags":"{\"cuisine\": \"regional\", \"opening_hours\": \"Mo-Su,PH 11:00-24:00\", \"outdoor_seating\": \"yes\"}","marker-color":"#1f78b4"}},
{"type":"Feature","geometry":{"type":"Point","coordinates":[11.62693,48.19944]},"properties":{"id":"poi_n3730777509","name":"Cafe Bar Karl","kind":"cafe","at":[48.19944,11.62693],"osm_id":"node/3730777509","open_horizon":false,"views":"[{\"sightline_id\": \"sl_78ca3446\", \"toward\": \"a\", \"distance_m\": 27.6}, {\"sightline_id\": \"sl_78ca3446\", \"toward\": \"b\", \"distance_m\": 27.6}, {\"sightline_id\": \"sl_1158fe64\", \"toward\": \"b\", \"distance_m\": 38.2}]","tags":"{\"opening_hours\": \"Mo-Fr 07:00-20:00; Sa, Su 08:00-20:00\", \"outdoor_seating\": \"yes\"}","marker-color":"#1f78b4"}},
{"type":"Feature","geometry":{"type":"Point","coordinates":[11.50932,48.17923]},"properties":{"id":"poi_n374133430","name":"No 1","kind":"pub","at":[48.17923,11.50932],"osm_id":"node/374133430","open_horizon":false,"views":"[{\"sightline_id\": \"sl_ed8ad2eb\", \"toward\": \"a\", \"distance_m\": 15.2}, {\"sightline_id\": \"sl_ed8ad2eb\", \"toward\": \"b\", \"distance_m\": 15.2}]","tags":"{}","marker-color":"#1f78b4"}},
{"type":"Feature","geometry":{"type":"Point","coordinates":[11.56395,48.17088]},"properties":{"id":"poi_n374429302","name":"La Rosa Nera","kind":"restaurant","at":[48.17088,11.56395],"osm_id":"node/374429302","open_horizon":false,"views":"[{\"sightline_id\": \"sl_4e422412\", \"toward\": \"a\", \"distance_m\": 21.8}, {\"sightline_id\": \"sl_35d8bb44\", \"toward\": \"b\", \"distance_m\": 34.3}]","tags":"{\"cuisine\": \"italian\", \"opening_hours\": \"Mo-Th 11:30-22:30; Fr, Sa 11:30-23:00; Su 11:30-22:00\"}","marker-color":"#1f78b4"}},
{"type":"Feature","geometry":{"type":"Point","coordinates":[11.56254,48.17221]},"properties":{"id":"poi_n374438137","name":"Korfu","kind":"restaurant","at":[48.17221,11.56254],"osm_id":"node/374438137","open_horizon":false,"views":"[{\"sightline_id\": \"sl_4e422412\", \"toward\": \"a\", \"distance_m\": 17.2}, {\"sightline_id\": \"sl_4e422412\", \"toward\": \"b\", \"distance_m\": 17.2}]","tags":"{\"cuisine\": \"greek\", \"opening_hours\": \"Mo-Su 12:30-23:00\", \"outdoor_seating\": \"sidewalk\"}","marker-color":"#1f78b4"}},
{"type":"Feature","geometry":{"type":"Point","coordinates":[11.56229,48.15683]},"properties":{"id":"poi_n3751088050","name":"Schwabinger Bierstüberl","kind":"pub","at":[48.15683,11.56229],"osm_id":"node/3751088050","open_horizon":false,"views":"[{\"sightline_id\": \"sl_d1452881\", \"toward\": \"a\", \"distance_m\": 20.2}, {\"sightline_id\": \"sl_d1452881\", \"toward\": \"b\", \"distance_m\": 20.2}]","tags":"{\"opening_hours\": \"Mo-Sa 15:00-22:00\"}","marker-color":"#1f78b4"}},
{"type":"Feature","geometry":{"type":"Point","coordinates":[11.53888,48.11705]},"properties":{"id":"poi_n3752433375","name":"Eiscafé Riviera","kind":"ice_cream","at":[48.11705,11.53888],"osm_id":"node/3752433375","open_horizon":false,"views":"[{\"sightline_id\": \"sl_155df846\", \"toward\": \"b\", \"distance_m\": 20.7}]","tags":"{\"opening_hours\": \"Mo-Sa 09:00-20:00; Su,PH 10:00-20:00\", \"outdoor_seating\": \"pedestrian_zone\"}","marker-color":"#1f78b4"}},
{"type":"Feature","geometry":{"type":"Point","coordinates":[11.55903,48.12964]},"properties":{"id":"poi_n3752440159","name":"Eisdiele Adriano","kind":"ice_cream","at":[48.12964,11.55903],"osm_id":"node/3752440159","open_horizon":false,"views":"[{\"sightline_id\": \"sl_e8d3e711\", \"toward\": \"a\", \"distance_m\": 10.9}, {\"sightline_id\": \"sl_e8d3e711\", \"toward\": \"b\", \"distance_m\": 10.9}]","tags":"{\"opening_hours\": \"11:00-23:00\", \"outdoor_seating\": \"no\"}","marker-color":"#1f78b4"}},
{"type":"Feature","geometry":{"type":"Point","coordinates":[11.52814,48.09627]},"properties":{"id":"poi_n3755431397","name":"NORIS Cafe & Food","kind":"restaurant","at":[48.09627,11.52814],"osm_id":"node/3755431397","open_horizon":false,"views":"[{\"sightline_id\": \"sl_e5bbf097\", \"toward\": \"a\", \"distance_m\": 26.1}, {\"sightline_id\": \"sl_e5bbf097\", \"toward\": \"b\", \"distance_m\": 26.1}]","tags":"{\"website\": \"https://www.noriscafe.de\"}","marker-color":"#1f78b4"}},
{"type":"Feature","geometry":{"type":"Point","coordinates":[11.58297,48.15998]},"properties":{"id":"poi_n375731848","name":"Pepe e Sale","kind":"restaurant","at":[48.15998,11.58297],"osm_id":"node/375731848","open_horizon":false,"views":"[{\"sightline_id\": \"sl_cec013c0\", \"toward\": \"a\", \"distance_m\": 13.6}, {\"sightline_id\": \"sl_cec013c0\", \"toward\": \"b\", \"distance_m\": 13.6}, {\"sightline_id\": \"sl_23ae6155\", \"toward\": \"b\", \"distance_m\": 24.2}]","tags":"{\"cuisine\": \"italian\", \"opening_hours\": \"Mo-Fr 10:30-15:00, 17:30-23:00\", \"outdoor_seating\": \"yes\"}","marker-color":"#1f78b4"}},
{"type":"Feature","geometry":{"type":"Point","coordinates":[11.59743,48.17303]},"properties":{"id":"poi_n3761601227","name":"Punto Gola","kind":"restaurant","at":[48.17303,11.59743],"osm_id":"node/3761601227","open_horizon":false,"views":"[{\"sightline_id\": \"sl_b0b201f2\", \"toward\": \"a\", \"distance_m\": 18.4}, {\"sightline_id\": \"sl_b0b201f2\", \"toward\": \"b\", \"distance_m\": 18.4}]","tags":"{\"cuisine\": \"pizza\", \"opening_hours\": \"Mo-Fr 11:00-14:30, 17:30-22:30; Su 13:00-22:30\", \"outdoor_seating\": \"yes\"}","marker-color":"#1f78b4"}},
{"type":"Feature","geometry":{"type":"Point","coordinates":[11.56147,48.14722]},"properties":{"id":"poi_n3766190822","name":"Caffè Leone","kind":"cafe","at":[48.14722,11.56147],"osm_id":"node/3766190822","open_horizon":false,"views":"[{\"sightline_id\": \"sl_229e7580\", \"toward\": \"a\", \"distance_m\": 17.1}, {\"sightline_id\": \"sl_229e7580\", \"toward\": \"b\", \"distance_m\": 17.1}]","tags":"{\"opening_hours\": \"Tu-Fr 09:00-17:00; Sa 11:00-17:00; PH off\"}","marker-color":"#1f78b4"}},
{"type":"Feature","geometry":{"type":"Point","coordinates":[11.57261,48.15111]},"properties":{"id":"poi_n3779694738","name":"Cometa","kind":"restaurant","at":[48.15111,11.57261],"osm_id":"node/3779694738","open_horizon":false,"views":"[{\"sightline_id\": \"sl_1c73e5a8\", \"toward\": \"a\", \"distance_m\": 12.1}, {\"sightline_id\": \"sl_1c73e5a8\", \"toward\": \"b\", \"distance_m\": 12.1}]","tags":"{\"cuisine\": \"mexican\", \"opening_hours\": \"Mo-Su 11:30-22:00\", \"outdoor_seating\": \"parklet\"}","marker-color":"#1f78b4"}},
{"type":"Feature","geometry":{"type":"Point","coordinates":[11.55569,48.13717]},"properties":{"id":"poi_n3790674997","name":"Cafe Herrmann","kind":"cafe","at":[48.13717,11.55569],"osm_id":"node/3790674997","open_horizon":false,"views":"[{\"sightline_id\": \"sl_93b6724a\", \"toward\": \"a\", \"distance_m\": 13.8}, {\"sightline_id\": \"sl_93b6724a\", \"toward\": \"b\", \"distance_m\": 13.8}]","tags":"{\"opening_hours\": \"Mo-Th 08:00-14:00; Fr 08:00-13:00; Su 09:00-13:00\", \"outdoor_seating\": \"yes\", \"phone\": \"+49 89 534966\"}","marker-color":"#1f78b4"}},
{"type":"Feature","geometry":{"type":"Point","coordinates":[11.55343,48.13721]},"properties":{"id":"poi_n3790681145","name":"Jem & Flo","kind":"bar","at":[48.13721,11.55343],"osm_id":"node/3790681145","open_horizon":false,"views":"[{\"sightline_id\": \"sl_d3d5ebce\", \"toward\": \"a\", \"distance_m\": 39.7}, {\"sightline_id\": \"sl_d3d5ebce\", \"toward\": \"b\", \"distance_m\": 39.7}]","tags":"{\"cuisine\": \"pizza\"}","marker-color":"#1f78b4"}},
{"type":"Feature","geometry":{"type":"Point","coordinates":[11.56263,48.1867]},"properties":{"id":"poi_n3817959193","name":"Cafe Bar Halligalli","kind":"pub","at":[48.1867,11.56263],"osm_id":"node/3817959193","open_horizon":false,"views":"[{\"sightline_id\": \"sl_80b63515\", \"toward\": \"a\", \"distance_m\": 17.6}, {\"sightline_id\": \"sl_80b63515\", \"toward\": \"b\", \"distance_m\": 17.6}, {\"sightline_id\": \"sl_6445c73a\", \"toward\": \"a\", \"distance_m\": 19.7}, {\"sightline_id\": \"sl_6445c73a\", \"toward\": \"b\", \"distance_m\": 19.7}]","tags":"{\"opening_hours\": \"Mo-Th 15:00-14:00; Fr-Su 10:00-02:00\"}","marker-color":"#1f78b4"}},
{"type":"Feature","geometry":{"type":"Point","coordinates":[11.55357,48.1363]},"properties":{"id":"poi_n3819508731","name":"Backshop weiß-blau","kind":"cafe","at":[48.1363,11.55357],"osm_id":"node/3819508731","open_horizon":false,"views":"[{\"sightline_id\": \"sl_c1a6aafe\", \"toward\": \"b\", \"distance_m\": 11.7}]","tags":"{\"opening_hours\": \"Mo-Fr 06:00-18:30; Sa 06:00-17:00\"}","marker-color":"#1f78b4"}},
{"type":"Feature","geometry":{"type":"Point","coordinates":[11.55388,48.13632]},"properties":{"id":"poi_n3819514477","name":"Kebuona La Telliana","kind":"restaurant","at":[48.13632,11.55388],"osm_id":"node/3819514477","open_horizon":false,"views":"[{\"sightline_id\": \"sl_c1a6aafe\", \"toward\": \"b\", \"distance_m\": 9.3}]","tags":"{\"cuisine\": \"pizza\", \"opening_hours\": \"Tu-Sa 12:00-21:00; Su,Mo off\", \"outdoor_seating\": \"no\", \"phone\": \"+49 157 5461 4617\", \"website\": \"https://kebuona.com\"}","marker-color":"#1f78b4"}},
{"type":"Feature","geometry":{"type":"Point","coordinates":[11.55529,48.13624]},"properties":{"id":"poi_n3819516947","name":"Dahoam","kind":"restaurant","at":[48.13624,11.55529],"osm_id":"node/3819516947","open_horizon":false,"views":"[{\"sightline_id\": \"sl_c1a6aafe\", \"toward\": \"a\", \"distance_m\": 17.1}, {\"sightline_id\": \"sl_c1a6aafe\", \"toward\": \"b\", \"distance_m\": 17.1}]","tags":"{}","marker-color":"#1f78b4"}},
{"type":"Feature","geometry":{"type":"Point","coordinates":[11.53873,48.15677]},"properties":{"id":"poi_n3828072057","name":"Puro Cioccolato","kind":"cafe","at":[48.15677,11.53873],"osm_id":"node/3828072057","open_horizon":false,"views":"[{\"sightline_id\": \"sl_e440dfbc\", \"toward\": \"b\", \"distance_m\": 6.6}, {\"sightline_id\": \"sl_287c5745\", \"toward\": \"a\", \"distance_m\": 37.0}]","tags":"{\"opening_hours\": \"We,Th 12:00-18:00; Sa 10:00-16:30; Fr 12:00-18:30\", \"outdoor_seating\": \"yes\"}","marker-color":"#1f78b4"}},
{"type":"Feature","geometry":{"type":"Point","coordinates":[11.61186,48.20252]},"properties":{"id":"poi_n3828411162","name":"Mykonos","kind":"restaurant","at":[48.20252,11.61186],"osm_id":"node/3828411162","open_horizon":false,"views":"[{\"sightline_id\": \"sl_afa248bc\", \"toward\": \"b\", \"distance_m\": 36.1}]","tags":"{\"cuisine\": \"greek;mediterranean\", \"opening_hours\": \"Mo-Sa 17:00-00:30; Tu-Su 11:30-15:00; Su 17:00-24:00\", \"outdoor_seating\": \"yes\", \"phone\": \"+49 89 37436732\"}","marker-color":"#1f78b4"}},
{"type":"Feature","geometry":{"type":"Point","coordinates":[11.56004,48.13908]},"properties":{"id":"poi_n3829927541","name":"CA'D'ORO","kind":"restaurant","at":[48.13908,11.56004],"osm_id":"node/3829927541","open_horizon":false,"views":"[{\"sightline_id\": \"sl_49b89dc9\", \"toward\": \"a\", \"distance_m\": 16.9}, {\"sightline_id\": \"sl_48fc258c\", \"toward\": \"a\", \"distance_m\": 26.7}, {\"sightline_id\": \"sl_48fc258c\", \"toward\": \"b\", \"distance_m\": 26.7}]","tags":"{\"cuisine\": \"italian\", \"opening_hours\": \"Mo-Su 10:00-01:30\", \"outdoor_seating\": \"yes\"}","marker-color":"#1f78b4"}},
{"type":"Feature","geometry":{"type":"Point","coordinates":[11.55723,48.13903]},"properties":{"id":"poi_n3831541394","name":"Cucina da Nina","kind":"restaurant","at":[48.13903,11.55723],"osm_id":"node/3831541394","open_horizon":false,"views":"[{\"sightline_id\": \"sl_49b89dc9\", \"toward\": \"a\", \"distance_m\": 16.5}, {\"sightline_id\": \"sl_49b89dc9\", \"toward\": \"b\", \"distance_m\": 16.5}, {\"sightline_id\": \"sl_48fc258c\", \"toward\": \"a\", \"distance_m\": 21.1}]","tags":"{\"opening_hours\": \"Su-Sa 12:00-23:00\", \"outdoor_seating\": \"yes\", \"website\": \"https://www.flemings-hotels.com/muenchen-city-hotel/restaurant\"}","marker-color":"#1f78b4"}},
{"type":"Feature","geometry":{"type":"Point","coordinates":[11.53479,48.12174]},"properties":{"id":"poi_n3849682157","name":"Calima - Specialty Coffee","kind":"cafe","at":[48.12174,11.53479],"osm_id":"node/3849682157","open_horizon":false,"views":"[{\"sightline_id\": \"sl_82210eb0\", \"toward\": \"a\", \"distance_m\": 13.7}, {\"sightline_id\": \"sl_82210eb0\", \"toward\": \"b\", \"distance_m\": 13.7}]","tags":"{\"cuisine\": \"coffee_shop\", \"opening_hours\": \"We-Fr 08:00-17:00; Sa, Su 09:00-17:00\", \"outdoor_seating\": \"yes\"}","marker-color":"#1f78b4"}},
{"type":"Feature","geometry":{"type":"Point","coordinates":[11.55608,48.13722]},"properties":{"id":"poi_n3861458704","name":"Atlas Lounge","kind":"cafe","at":[48.13722,11.55608],"osm_id":"node/3861458704","open_horizon":false,"views":"[{\"sightline_id\": \"sl_93b6724a\", \"toward\": \"a\", \"distance_m\": 14.9}, {\"sightline_id\": \"sl_93b6724a\", \"toward\": \"b\", \"distance_m\": 14.9}, {\"sightline_id\": \"sl_d3d5ebce\", \"toward\": \"a\", \"distance_m\": 36.0}, {\"sightline_id\": \"sl_d3d5ebce\", \"toward\": \"b\", \"distance_m\": 36.0}]","tags":"{\"opening_hours\": \"Mo-Su 15:00-03:00\", \"outdoor_seating\": \"no\"}","marker-color":"#1f78b4"}},
{"type":"Feature","geometry":{"type":"Point","coordinates":[11.55608,48.13705]},"properties":{"id":"poi_n3861470689","name":"Street Caffe","kind":"cafe","at":[48.13705,11.55608],"osm_id":"node/3861470689","open_horizon":false,"views":"[{\"sightline_id\": \"sl_93b6724a\", \"toward\": \"a\", \"distance_m\": 15.5}, {\"sightline_id\": \"sl_93b6724a\", \"toward\": \"b\", \"distance_m\": 15.5}]","tags":"{\"outdoor_seating\": \"no\"}","marker-color":"#1f78b4"}},
{"type":"Feature","geometry":{"type":"Point","coordinates":[11.55607,48.13665]},"properties":{"id":"poi_n3861507720","name":"Lotus","kind":"bar","at":[48.13665,11.55607],"osm_id":"node/3861507720","open_horizon":false,"views":"[{\"sightline_id\": \"sl_93b6724a\", \"toward\": \"a\", \"distance_m\": 16.2}, {\"sightline_id\": \"sl_93b6724a\", \"toward\": \"b\", \"distance_m\": 16.2}, {\"sightline_id\": \"sl_c1a6aafe\", \"toward\": \"a\", \"distance_m\": 27.7}, {\"sightline_id\": \"sl_c1a6aafe\", \"toward\": \"b\", \"distance_m\": 27.7}]","tags":"{\"outdoor_seating\": \"no\"}","marker-color":"#1f78b4"}},
{"type":"Feature","geometry":{"type":"Point","coordinates":[11.56649,48.15434]},"properties":{"id":"poi_n386928370","name":"Café am Josephsplatz","kind":"cafe","at":[48.15434,11.56649],"osm_id":"node/386928370","open_horizon":false,"views":"[{\"sightline_id\": \"sl_229e7580\", \"toward\": \"b\", \"distance_m\": 10.8}]","tags":"{\"opening_hours\": \"Mo-Sa 09:00-24:00; Su 09:00-18:00\"}","marker-color":"#1f78b4"}},
{"type":"Feature","geometry":{"type":"Point","coordinates":[11.57488,48.13453]},"properties":{"id":"poi_n3869464079","name":"Pizzeria Rosso Pomodoro","kind":"restaurant","at":[48.13453,11.57488],"osm_id":"node/3869464079","open_horizon":false,"views":"[{\"sightline_id\": \"sl_6838e0c2\", \"toward\": \"a\", \"distance_m\": 23.2}]","tags":"{\"cuisine\": \"italian\", \"opening_hours\": \"Mo-Su 11:30-16:00,18:00-22:30\", \"outdoor_seating\": \"yes\", \"phone\": \"+49 89 452284610\", \"website\": \"https://www.eataly.net/de_de/geschaefte/muenchen/\"}","marker-color":"#1f78b4"}},
{"type":"Feature","geometry":{"type":"Point","coordinates":[11.57422,48.13423]},"properties":{"id":"poi_n3869464080","name":"Eataly","kind":"cafe","at":[48.13423,11.57422],"osm_id":"node/3869464080","open_horizon":false,"views":"[{\"sightline_id\": \"sl_6838e0c2\", \"toward\": \"a\", \"distance_m\": 30.1}]","tags":"{\"cuisine\": \"italian\", \"opening_hours\": \"Mo-Th 08:00-20:00; Fr,Sa 08:00-23:00; Su 11:00-20:00\", \"outdoor_seating\": \"yes\", \"website\": \"https://www.eataly.net/de_de/geschaefte/muenchen/\"}","marker-color":"#1f78b4"}},
{"type":"Feature","geometry":{"type":"Point","coordinates":[11.57521,48.13434]},"properties":{"id":"poi_n3869464093","name":"Zum Goldenen Kalb","kind":"restaurant","at":[48.13434,11.57521],"osm_id":"node/3869464093","open_horizon":false,"views":"[{\"sightline_id\": \"sl_6838e0c2\", \"toward\": \"a\", \"distance_m\": 9.1}]","tags":"{\"cuisine\": \"steak_house\", \"opening_hours\": \"Tu-Sa 17:00-01:00\", \"outdoor_seating\": \"yes\"}","marker-color":"#1f78b4"}},
{"type":"Feature","geometry":{"type":"Point","coordinates":[11.54247,48.14934]},"properties":{"id":"poi_n3871253998","name":"Bbardales Tagesbar","kind":"restaurant","at":[48.14934,11.54247],"osm_id":"node/3871253998","open_horizon":false,"views":"[{\"sightline_id\": \"sl_ad00ce9a\", \"toward\": \"a\", \"distance_m\": 2.9}, {\"sightline_id\": \"sl_ad00ce9a\", \"toward\": \"b\", \"distance_m\": 2.9}]","tags":"{\"opening_hours\": \"Mo-Fr 09:00-15:00\", \"outdoor_seating\": \"yes\"}","marker-color":"#1f78b4"}},
{"type":"Feature","geometry":{"type":"Point","coordinates":[11.57414,48.15266]},"properties":{"id":"poi_n387396654","name":"Nebenan","kind":"restaurant","at":[48.15266,11.57414],"osm_id":"node/387396654","open_horizon":false,"views":"[{\"sightline_id\": \"sl_cfd8afe9\", \"toward\": \"a\", \"distance_m\": 10.6}, {\"sightline_id\": \"sl_cfd8afe9\", \"toward\": \"b\", \"distance_m\": 10.6}]","tags":"{\"cuisine\": \"italian;salad\", \"opening_hours\": \"Mo off; Tu-Sa 09:30-22:00; Su,PH 09:30-17:00\", \"outdoor_seating\": \"yes\"}","marker-color":"#1f78b4"}},
{"type":"Feature","geometry":{"type":"Point","coordinates":[11.58318,48.16119]},"properties":{"id":"poi_n387807757","name":"BāMilano","kind":"restaurant","at":[48.16119,11.58318],"osm_id":"node/387807757","open_horizon":false,"views":"[{\"sightline_id\": \"sl_cec013c0\", \"toward\": \"b\", \"distance_m\": 15.7}, {\"sightline_id\": \"sl_98abdad3\", \"toward\": \"b\", \"distance_m\": 35.6}]","tags":"{\"cuisine\": \"italian;japanese\", \"outdoor_seating\": \"yes\", \"website\": \"https://bamilano.de\"}","marker-color":"#1f78b4"}},
{"type":"Feature","geometry":{"type":"Point","coordinates":[11.58325,48.15962]},"properties":{"id":"poi_n387808785","name":"60 seconds to napoli","kind":"restaurant","at":[48.15962,11.58325],"osm_id":"node/387808785","open_horizon":false,"views":"[{\"sightline_id\": \"sl_cec013c0\", \"toward\": \"a\", \"distance_m\": 12.0}, {\"sightline_id\": \"sl_cec013c0\", \"toward\": \"b\", \"distance_m\": 12.0}, {\"sightline_id\": \"sl_23ae6155\", \"toward\": \"b\", \"distance_m\": 20.3}]","tags":"{\"opening_hours\": \"Mo-Su 11:30-24:00\", \"outdoor_seating\": \"sidewalk\"}","marker-color":"#1f78b4"}},
{"type":"Feature","geometry":{"type":"Point","coordinates":[11.5761,48.15191]},"properties":{"id":"poi_n388186669","name":"Tumult","kind":"bar","at":[48.15191,11.5761],"osm_id":"node/388186669","open_horizon":false,"views":"[{\"sightline_id\": \"sl_8f7da990\", \"toward\": \"a\", \"distance_m\": 9.7}]","tags":"{\"opening_hours\": \"May-Oct: Mo-Th 21:00-01:00, May-Oct: Fr,Sa 21:00-03:00, Nov-Apr: Mo-Th 20:00-01:00, Nov-Apr: Fr,Sa 20:00-03:00\", \"outdoor_seating\": \"no\", \"phone\": \"+49 89 28932343\", \"website\": \"https://www.tumultmuc.de/\"}","marker-color":"#1f78b4"}},
{"type":"Feature","geometry":{"type":"Point","coordinates":[11.57683,48.15137]},"properties":{"id":"poi_n388440473","name":"Türkenhof","kind":"restaurant","at":[48.15137,11.57683],"osm_id":"node/388440473","open_horizon":false,"views":"[{\"sightline_id\": \"sl_b3216b45\", \"toward\": \"a\", \"distance_m\": 13.4}, {\"sightline_id\": \"sl_b3216b45\", \"toward\": \"b\", \"distance_m\": 13.4}]","tags":"{\"opening_hours\": \"Su-Th 11:00-24:00, Fr-Sa 11:00-01:00\", \"outdoor_seating\": \"yes\"}","marker-color":"#1f78b4"}},
{"type":"Feature","geometry":{"type":"Point","coordinates":[11.56,48.14411]},"properties":{"id":"poi_n3888064848","name":"Bei Erol - Café & Bar","kind":"bar","at":[48.14411,11.56],"osm_id":"node/3888064848","open_horizon":false,"views":"[{\"sightline_id\": \"sl_229e7580\", \"toward\": \"a\", \"distance_m\": 21.6}]","tags":"{\"opening_hours\": \"Mo-Su 10:00-05:00\", \"outdoor_seating\": \"yes\", \"phone\": \"+4917622853415\"}","marker-color":"#1f78b4"}},
{"type":"Feature","geometry":{"type":"Point","coordinates":[11.55945,48.14964]},"properties":{"id":"poi_n3888352285","name":"Cafe Lotti","kind":"cafe","at":[48.14964,11.55945],"osm_id":"node/3888352285","open_horizon":false,"views":"[{\"sightline_id\": \"sl_d1452881\", \"toward\": \"b\", \"distance_m\": 7.7}, {\"sightline_id\": \"sl_c6924d7e\", \"toward\": \"a\", \"distance_m\": 33.5}]","tags":"{\"opening_hours\": \"Mo-Su 10:00-18:00\", \"outdoor_seating\": \"yes\"}","marker-color":"#1f78b4"}},
{"type":"Feature","geometry":{"type":"Point","coordinates":[11.52793,48.10004]},"properties":{"id":"poi_n389447123","name":"Cooking Yu Restaurant","kind":"restaurant","at":[48.10004,11.52793],"osm_id":"node/389447123","open_horizon":false,"views":"[{\"sightline_id\": \"sl_59f35990\", \"toward\": \"a\", \"distance_m\": 30.3}, {\"sightline_id\": \"sl_59f35990\", \"toward\": \"b\", \"distance_m\": 30.3}]","tags":"{\"cuisine\": \"chinese\", \"opening_hours\": \"Mo-Su 11:30-14:30, 17:30-22:30\"}","marker-color":"#1f78b4"}},
{"type":"Feature","geometry":{"type":"Point","coordinates":[11.56301,48.212]},"properties":{"id":"poi_n3900500870","name":"Sofra","kind":"cafe","at":[48.212,11.56301],"osm_id":"node/3900500870","open_horizon":false,"views":"[{\"sightline_id\": \"sl_be4a354b\", \"toward\": \"a\", \"distance_m\": 15.7}]","tags":"{\"opening_hours\": \"Mo-Sa 09:00-24:00;Su 10:00-23:00\"}","marker-color":"#1f78b4"}},
{"type":"Feature","geometry":{"type":"Point","coordinates":[11.57811,48.14955]},"properties":{"id":"poi_n390079406","name":"Atzinger","kind":"restaurant","at":[48.14955,11.57811],"osm_id":"node/390079406","open_horizon":false,"views":"[{\"sightline_id\": \"sl_1932a3df\", \"toward\": \"a\", \"distance_m\": 7.8}, {\"sightline_id\": \"sl_1932a3df\", \"toward\": \"b\", \"distance_m\": 7.8}, {\"sightline_id\": \"sl_1c73e5a8\", \"toward\": \"a\", \"distance_m\": 13.3}, {\"sightline_id\": \"sl_1c73e5a8\", \"toward\": \"b\", \"distance_m\": 13.3}]","tags":"{\"cuisine\": \"bavarian\", \"opening_hours\": \"Mo-Th 11:30-23:00, Fr,Sa 11:30-24:00, Su,PH 11:30-22:00\", \"outdoor_seating\": \"yes\"}","marker-color":"#1f78b4"}},
{"type":"Feature","geometry":{"type":"Point","coordinates":[11.57717,48.15248]},"properties":{"id":"poi_n390080410","name":"Supernova","kind":"restaurant","at":[48.15248,11.57717],"osm_id":"node/390080410","open_horizon":false,"views":"[{\"sightline_id\": \"sl_950d235f\", \"toward\": \"a\", \"distance_m\": 12.9}, {\"sightline_id\": \"sl_950d235f\", \"toward\": \"b\", \"distance_m\": 12.9}, {\"sightline_id\": \"sl_b3216b45\", \"toward\": \"a\", \"distance_m\": 13.6}, {\"sightline_id\": \"sl_b3216b45\", \"toward\": \"b\", \"distance_m\": 13.6}]","tags":"{\"cuisine\": \"italian\", \"opening_hours\": \"Su-Th 09:00-01:00, Fr,Sa 09:00-02:00\", \"outdoor_seating\": \"yes\", \"phone\": \"+49 89 356477231\", \"website\": \"https://supernova.restaurant/\"}","marker-color":"#1f78b4"}},
{"type":"Feature","geometry":{"type":"Point","coordinates":[11.57648,48.15271]},"properties":{"id":"poi_n390080594","name":"Max-Emanuel-Brauerei","kind":"restaurant","at":[48.15271,11.57648],"osm_id":"node/390080594","open_horizon":false,"views":"[{\"sightline_id\": \"sl_8e8aca80\", \"toward\": \"a\", \"distance_m\": 9.3}, {\"sightline_id\": \"sl_950d235f\", \"toward\": \"a\", \"distance_m\": 10.0}, {\"sightline_id\": \"sl_950d235f\", \"toward\": \"b\", \"distance_m\": 10.0}]","tags":"{\"cuisine\": \"austrian;bavarian;german\", \"opening_hours\": \"Mo-Th 12:00-23:00; Fr 12:00-24:00; Sa 10:00-24:00; Su,PH 10:00-22:00\", \"outdoor_seating\": \"yes\"}","marker-color":"#1f78b4"}},
{"type":"Feature","geometry":{"type":"Point","coordinates":[11.50105,48.13953]},"properties":{"id":"poi_n3905523010","name":"Ristorante la Rosa","kind":"restaurant","at":[48.13953,11.50105],"osm_id":"node/3905523010","open_horizon":false,"views":"[{\"sightline_id\": \"sl_fa2505e7\", \"toward\": \"a\", \"distance_m\": 21.1}, {\"sightline_id\": \"sl_fa2505e7\", \"toward\": \"b\", \"distance_m\": 21.1}]","tags":"{\"opening_hours\": \"Mo,Tu,Th 11:00-20:00; Fr 09:00-20:00; Sa 15:30-20:00; We off\", \"outdoor_seating\": \"yes\"}","marker-color":"#1f78b4"}},
{"type":"Feature","geometry":{"type":"Point","coordinates":[11.58117,48.14953]},"properties":{"id":"poi_n390928284","name":"Cafe an der Uni","kind":"cafe","at":[48.14953,11.58117],"osm_id":"node/390928284","open_horizon":false,"views":"[{\"sightline_id\": \"sl_f3a8c413\", \"toward\": \"a\", \"distance_m\": 18.5}, {\"sightline_id\": \"sl_f3a8c413\", \"toward\": \"b\", \"distance_m\": 18.5}]","tags":"{\"cuisine\": \"pizza;coffee_shop;regional;burger\", \"opening_hours\": \"Mo-Su 08:00-01:00; PH,Sa,Su 09:00-01:00\", \"outdoor_seating\": \"yes\"}","marker-color":"#1f78b4"}},
{"type":"Feature","geometry":{"type":"Point","coordinates":[11.57762,48.16361]},"properties":{"id":"poi_n3912826070","name":"Two in One","kind":"cafe","at":[48.16361,11.57762],"osm_id":"node/3912826070","open_horizon":false,"views":"[{\"sightline_id\": \"sl_c3eb23b0\", \"toward\": \"a\", \"distance_m\": 12.3}, {\"sightline_id\": \"sl_c3eb23b0\", \"toward\": \"b\", \"distance_m\": 12.3}]","tags":"{\"opening_hours\": \"Mo,Su,PH off; We-Sa 10:00-18:30\"}","marker-color":"#1f78b4"}},
{"type":"Feature","geometry":{"type":"Point","coordinates":[11.56293,48.14478]},"properties":{"id":"poi_n3912947502","name":"Jan Hartwig","kind":"restaurant","at":[48.14478,11.56293],"osm_id":"node/3912947502","open_horizon":false,"views":"[{\"sightline_id\": \"sl_9752a41c\", \"toward\": \"a\", \"distance_m\": 16.7}, {\"sightline_id\": \"sl_9752a41c\", \"toward\": \"b\", \"distance_m\": 16.7}]","tags":"{\"cuisine\": \"international;fine_dining\", \"opening_hours\": \"Tu 18:30-19:00; We 12:00-12:30,19:00-19:30; Th 19:00-19:30; Fr 12:00-12:30,19:00-19:30\"}","marker-color":"#1f78b4"}},
{"type":"Feature","geometry":{"type":"Point","coordinates":[11.59687,48.12896]},"properties":{"id":"poi_n3925546226","name":"Xiang Ju","kind":"restaurant","at":[48.12896,11.59687],"osm_id":"node/3925546226","open_horizon":false,"views":"[{\"sightline_id\": \"sl_8ae12373\", \"toward\": \"b\", \"distance_m\": 8.0}]","tags":"{\"opening_hours\": \"Mo-Su 17:30-22:30, We-Su 11:30-15:00\", \"outdoor_seating\": \"yes\"}","marker-color":"#1f78b4"}},
{"type":"Feature","geometry":{"type":"Point","coordinates":[11.59734,48.16901]},"properties":{"id":"poi_n392705097","name":"Zum Brunnwart","kind":"restaurant","at":[48.16901,11.59734],"osm_id":"node/392705097","open_horizon":false,"views":"[{\"sightline_id\": \"sl_44608c30\", \"toward\": \"a\", \"distance_m\": 38.3}]","tags":"{\"opening_hours\": \"Mo-Su 11:00-01:00\", \"outdoor_seating\": \"yes\"}","marker-color":"#1f78b4"}},
{"type":"Feature","geometry":{"type":"Point","coordinates":[11.58338,48.11855]},"properties":{"id":"poi_n3927493834","name":"Paulaner Krug","kind":"pub","at":[48.11855,11.58338],"osm_id":"node/3927493834","open_horizon":false,"views":"[{\"sightline_id\": \"sl_defc3d30\", \"toward\": \"a\", \"distance_m\": 16.9}]","tags":"{\"outdoor_seating\": \"yes\"}","marker-color":"#1f78b4"}},
{"type":"Feature","geometry":{"type":"Point","coordinates":[11.56505,48.15209]},"properties":{"id":"poi_n3929290127","name":"Uncle Chen","kind":"restaurant","at":[48.15209,11.56505],"osm_id":"node/3929290127","open_horizon":false,"views":"[{\"sightline_id\": \"sl_229e7580\", \"toward\": \"a\", \"distance_m\": 11.9}, {\"sightline_id\": \"sl_229e7580\", \"toward\": \"b\", \"distance_m\": 11.9}, {\"sightline_id\": \"sl_ea614def\", \"toward\": \"a\", \"distance_m\": 15.5}, {\"sightline_id\": \"sl_ea614def\", \"toward\": \"b\", \"distance_m\": 15.5}]","tags":"{\"cuisine\": \"chinese\", \"opening_hours\": \"Mo-Fr 11:30-15:00,17:30-22:00; Sa,Su,PH 12:00-22:00\", \"website\": \"https://uncle-chen.de/\"}","marker-color":"#1f78b4"}},
{"type":"Feature","geometry":{"type":"Point","coordinates":[11.49813,48.16838]},"properties":{"id":"poi_n392937917","name":"Zur Waldhütte","kind":"restaurant","at":[48.16838,11.49813],"osm_id":"node/392937917","open_horizon":false,"views":"[{\"sightline_id\": \"sl_acfab589\", \"toward\": \"a\", \"distance_m\": 13.2}]","tags":"{\"cuisine\": \"bavarian\", \"opening_hours\": \"Apr 01-Sep 30: 10:00-22:00\", \"outdoor_seating\": \"yes\"}","marker-color":"#1f78b4"}},
{"type":"Feature","geometry":{"type":"Point","coordinates":[11.56995,48.11527]},"properties":{"id":"poi_n393908915","name":"Gelateria Dibello","kind":"ice_cream","at":[48.11527,11.56995],"osm_id":"node/393908915","open_horizon":false,"views":"[{\"sightline_id\": \"sl_acd6ffce\", \"toward\": \"b\", \"distance_m\": 8.0}]","tags":"{\"opening_hours\": \"Mo-Su 09:30-20:00\"}","marker-color":"#1f78b4"}},
{"type":"Feature","geometry":{"type":"Point","coordinates":[11.57346,48.15162]},"properties":{"id":"poi_n395241093","name":"Fox Bar","kind":"bar","at":[48.15162,11.57346],"osm_id":"node/395241093","open_horizon":false,"views":"[{\"sightline_id\": \"sl_cfd8afe9\", \"toward\": \"a\", \"distance_m\": 12.6}, {\"sightline_id\": \"sl_cfd8afe9\", \"toward\": \"b\", \"distance_m\": 12.6}, {\"sightline_id\": \"sl_3c62cbbd\", \"toward\": \"b\", \"distance_m\": 19.5}]","tags":"{\"opening_hours\": \"Mo-We 19:00-02:00; Th 19:00-03:00; Fr,Sa 19:00-04:00\"}","marker-color":"#1f78b4"}},
{"type":"Feature","geometry":{"type":"Point","coordinates":[11.57243,48.15942]},"properties":{"id":"poi_n401302833","name":"Scheidegger","kind":"restaurant","at":[48.15942,11.57243],"osm_id":"node/401302833","open_horizon":false,"views":"[{\"sightline_id\": \"sl_8d8d5983\", \"toward\": \"b\", \"distance_m\": 7.6}, {\"sightline_id\": \"sl_99ea3340\", \"toward\": \"a\", \"distance_m\": 13.2}]","tags":"{\"cuisine\": \"bavarian\", \"opening_hours\": \"Mo-Th 11:00-00:00; Fr 11:00-01:00; Sa 10:00-01:00; Su 10:00-00:00\", \"outdoor_seating\": \"yes\"}","marker-color":"#1f78b4"}},
{"type":"Feature","geometry":{"type":"Point","coordinates":[11.46375,48.14627]},"properties":{"id":"poi_n401565353","name":"Bayrisches Schnitzel- und Hendlhaus","kind":"restaurant","at":[48.14627,11.46375],"osm_id":"node/401565353","open_horizon":false,"views":"[{\"sightline_id\": \"sl_9466a8e6\", \"toward\": \"a\", \"distance_m\": 8.2}, {\"sightline_id\": \"sl_9466a8e6\", \"toward\": \"b\", \"distance_m\": 8.2}]","tags":"{\"cuisine\": \"german\", \"opening_hours\": \"Mo-Su 09:00-24:00\", \"outdoor_seating\": \"yes\", \"phone\": \"+49 89 884865\", \"website\": \"https://www.schnitzel-und-hendlhaus.de/pasing-1.html\"}","marker-color":"#1f78b4"}},
{"type":"Feature","geometry":{"type":"Point","coordinates":[11.59366,48.11514]},"properties":{"id":"poi_n4022625874","name":"Yuan","kind":"restaurant","at":[48.11514,11.59366],"osm_id":"node/4022625874","open_horizon":false,"views":"[{\"sightline_id\": \"sl_eb32a9a1\", \"toward\": \"b\", \"distance_m\": 21.6}]","tags":"{\"cuisine\": \"chinese\", \"opening_hours\": \"Mo-Su 11:30-15:00,16:00-21:30\", \"phone\": \"+49 89 23789569\", \"website\": \"https://yuan-china-restaurant.onepage.me/\"}","marker-color":"#1f78b4"}},
{"type":"Feature","geometry":{"type":"Point","coordinates":[11.59395,48.18038]},"properties":{"id":"poi_n4029528441","name":"Funk Casino","kind":"restaurant","at":[48.18038,11.59395],"osm_id":"node/4029528441","open_horizon":false,"views":"[{\"sightline_id\": \"sl_5aefcdf1\", \"toward\": \"a\", \"distance_m\": 24.6}]","tags":"{\"cuisine\": \"regional\", \"opening_hours\": \"Mo-Th 11:30-13:30; Fr 11:30-13:00\", \"outdoor_seating\": \"no\", \"phone\": \"+49 89 12391609\", \"website\": \"https://lecker-mittagessen.com/funk-casino-in-der-parkstadt-schwabing/\"}","marker-color":"#1f78b4"}},
{"type":"Feature","geometry":{"type":"Point","coordinates":[11.46141,48.21373]},"properties":{"id":"poi_n403054957","name":"Zur Deutschen Südsee-Insel","kind":"restaurant","at":[48.21373,11.46141],"osm_id":"node/403054957","open_horizon":false,"views":"[{\"sightline_id\": \"sl_7e567ab4\", \"toward\": \"b\", \"distance_m\": 32.9}]","tags":"{\"cuisine\": \"bavarian;austrian\", \"opening_hours\": \"Mo,Tu off; We-Su 11:00-24:00; Sa 17:00-24:00\", \"outdoor_seating\": \"yes\"}","marker-color":"#1f78b4"}},
{"type":"Feature","geometry":{"type":"Point","coordinates":[11.50337,48.0903]},"properties":{"id":"poi_n4042515322","name":"Fit'Aliana","kind":"restaurant","at":[48.0903,11.50337],"osm_id":"node/4042515322","open_horizon":false,"views":"[{\"sightline_id\": \"sl_be76ad0a\", \"toward\": \"a\", \"distance_m\": 36.4}, {\"sightline_id\": \"sl_be76ad0a\", \"toward\": \"b\", \"distance_m\": 36.4}]","tags":"{\"cuisine\": \"italian;pizza\", \"opening_hours\": \"Mo-Fr,Su,PH 12:00-22:00; Sa 15:00-21:00\", \"outdoor_seating\": \"yes\"}","marker-color":"#1f78b4"}},
{"type":"Feature","geometry":{"type":"Point","coordinates":[11.51425,48.09467]},"properties":{"id":"poi_n4063385489","name":"Viva Clara","kind":"restaurant","at":[48.09467,11.51425],"osm_id":"node/4063385489","open_horizon":false,"views":"[{\"sightline_id\": \"sl_37290f52\", \"toward\": \"a\", \"distance_m\": 17.1}, {\"sightline_id\": \"sl_37290f52\", \"toward\": \"b\", \"distance_m\": 17.1}, {\"sightline_id\": \"sl_d01e7409\", \"toward\": \"a\", \"distance_m\": 26.7}]","tags":"{\"opening_hours\": \"Mo-Fr 08:00-17:00\", \"outdoor_seating\": \"yes\", \"phone\": \"+49 89 130101\", \"website\": \"https://www.vivaclara.de/\"}","marker-color":"#1f78b4"}},
{"type":"Feature","geometry":{"type":"Point","coordinates":[11.46579,48.14594]},"properties":{"id":"poi_n4070618808","name":"Burger und Curry House","kind":"restaurant","at":[48.14594,11.46579],"osm_id":"node/4070618808","open_horizon":false,"views":"[{\"sightline_id\": \"sl_9466a8e6\", \"toward\": \"a\", \"distance_m\": 12.5}, {\"sightline_id\": \"sl_9466a8e6\", \"toward\": \"b\", \"distance_m\": 12.5}]","tags":"{\"cuisine\": \"burger;steak\"}","marker-color":"#1f78b4"}},
{"type":"Feature","geometry":{"type":"Point","coordinates":[11.48471,48.08748]},"properties":{"id":"poi_n4073989759","name":"UNA Restaurant - Bar","kind":"restaurant","at":[48.08748,11.48471],"osm_id":"node/4073989759","open_horizon":false,"views":"[{\"sightline_id\": \"sl_fab5c530\", \"toward\": \"a\", \"distance_m\": 31.5}, {\"sightline_id\": \"sl_fab5c530\", \"toward\": \"b\", \"distance_m\": 31.5}]","tags":"{\"cuisine\": \"balkan\", \"opening_hours\": \"Mo-Su 11:00-24:00; Fr 11:00-01:00; Sa 11:00-02:30\", \"outdoor_seating\": \"yes\", \"phone\": \"+49 89 99730720\"}","marker-color":"#1f78b4"}},
{"type":"Feature","geometry":{"type":"Point","coordinates":[11.55276,48.13895]},"properties":{"id":"poi_n408209218","name":"Bavaria","kind":"restaurant","at":[48.13895,11.55276],"osm_id":"node/408209218","open_horizon":false,"views":"[{\"sightline_id\": \"sl_49b89dc9\", \"toward\": \"a\", \"distance_m\": 16.1}, {\"sightline_id\": \"sl_49b89dc9\", \"toward\": \"b\", \"distance_m\": 16.1}]","tags":"{\"cuisine\": \"bavarian\", \"opening_hours\": \"Mo-Su 10:00-24:00\"}","marker-color":"#1f78b4"}},
{"type":"Feature","geometry":{"type":"Point","coordinates":[11.57524,48.18951]},"properties":{"id":"poi_n4086175847","name":"Kantine Lauchstädter Straße","kind":"restaurant","at":[48.18951,11.57524],"osm_id":"node/4086175847","open_horizon":false,"views":"[{\"sightline_id\": \"sl_678f31fc\", \"toward\": \"a\", \"distance_m\": 35.0}]","tags":"{\"cuisine\": \"international\", \"opening_hours\": \"Mo-Fr 08:00-09:00,11:00-13:15\", \"outdoor_seating\": \"no\"}","marker-color":"#1f78b4"}},
{"type":"Feature","geometry":{"type":"Point","coordinates":[11.5713,48.13137]},"properties":{"id":"poi_n409497567","name":"Fesch","kind":"restaurant","at":[48.13137,11.5713],"osm_id":"node/409497567","open_horizon":false,"views":"[{\"sightline_id\": \"sl_195c0dd2\", \"toward\": \"a\", \"distance_m\": 16.7}]","tags":"{\"cuisine\": \"bavarian\", \"opening_hours\": \"Tu-Th 17:00-00:00; Fr 16:00-01:00; Sa 12:00-01:00; Su 12:00-23:00\", \"outdoor_seating\": \"sidewalk\", \"phone\": \"+498923002992\", \"website\": \"https://wirtshaus-fesch.de\"}","marker-color":"#1f78b4"}},
{"type":"Feature","geometry":{"type":"Point","coordinates":[11.56721,48.1309]},"properties":{"id":"poi_n409497573","name":"Chi Thu","kind":"restaurant","at":[48.1309,11.56721],"osm_id":"node/409497573","open_horizon":false,"views":"[{\"sightline_id\": \"sl_a03e96a7\", \"toward\": \"a\", \"distance_m\": 39.8}]","tags":"{\"cuisine\": \"vietnamese\", \"opening_hours\": \"Mo-Su 11:00-21:30\", \"outdoor_seating\": \"yes\", \"phone\": \"+49 89 21022200\", \"website\": \"https://chithu.de/\"}","marker-color":"#1f78b4"}},
{"type":"Feature","geometry":{"type":"Point","coordinates":[11.57094,48.12838]},"properties":{"id":"poi_n409497589","name":"L'Osteria","kind":"restaurant","at":[48.12838,11.57094],"osm_id":"node/409497589","open_horizon":false,"views":"[{\"sightline_id\": \"sl_53b1b3ea\", \"toward\": \"a\", \"distance_m\": 19.3}]","tags":"{\"cuisine\": \"italian\", \"opening_hours\": \"Mo-Th 11:00-23:00, Fr 11:00-24:00, Sa 11:30-24:00, Su,PH 12:00-23:00\", \"phone\": \"+49 89 72989990\", \"website\": \"https://losteria.net/de/restaurants/restaurant/muenchen-klenzestrasse/\"}","marker-color":"#1f78b4"}},
{"type":"Feature","geometry":{"type":"Point","coordinates":[11.57149,48.13117]},"properties":{"id":"poi_n409497601","name":"M. C. Mueller","kind":"bar","at":[48.13117,11.57149],"osm_id":"node/409497601","open_horizon":false,"views":"[{\"sightline_id\": \"sl_195c0dd2\", \"toward\": \"a\", \"distance_m\": 15.9}]","tags":"{\"cuisine\": \"burger\", \"opening_hours\": \"Mo-Sa 18:00+\", \"outdoor_seating\": \"yes\"}","marker-color":"#1f78b4"}},
{"type":"Feature","geometry":{"type":"Point","coordinates":[11.56716,48.13033]},"properties":{"id":"poi_n409497604","name":"Luffy Pancake","kind":"cafe","at":[48.13033,11.56716],"osm_id":"node/409497604","open_horizon":false,"views":"[{\"sightline_id\": \"sl_a03e96a7\", \"toward\": \"a\", \"distance_m\": 30.7}]","tags":"{\"cuisine\": \"japanese;pancake\", \"opening_hours\": \"Mo-Fr 07:00-20:00; Sa-Su 09:00-20:00\"}","marker-color":"#1f78b4"}},
{"type":"Feature","geometry":{"type":"Point","coordinates":[11.57113,48.12848]},"properties":{"id":"poi_n409497605","name":"Patisserie Cafe Dukatz","kind":"cafe","at":[48.12848,11.57113],"osm_id":"node/409497605","open_horizon":false,"views":"[{\"sightline_id\": \"sl_53b1b3ea\", \"toward\": \"a\", \"distance_m\": 20.2}]","tags":"{\"cuisine\": \"breakfast;coffee_shop;french\", \"opening_hours\": \"Mo-Fr 07:30-18:00; Sa 08:00-18:00; Su 09:00-14:00\", \"outdoor_seating\": \"yes\", \"phone\": \"+49 89 20062893\"}","marker-color":"#1f78b4"}},
{"type":"Feature","geometry":{"type":"Point","coordinates":[11.56769,48.12345]},"properties":{"id":"poi_n409497621","name":"Fugazi No. 15","kind":"restaurant","at":[48.12345,11.56769],"osm_id":"node/409497621","open_horizon":false,"views":"[{\"sightline_id\": \"sl_f91ad012\", \"toward\": \"a\", \"distance_m\": 10.4}, {\"sightline_id\": \"sl_f91ad012\", \"toward\": \"b\", \"distance_m\": 10.4}, {\"sightline_id\": \"sl_e5506831\", \"toward\": \"a\", \"distance_m\": 36.8}]","tags":"{\"cuisine\": \"italian\", \"opening_hours\": \"Mo-Fr 17:30-24:00, Sa,Su 10:00-24:00\", \"outdoor_seating\": \"yes\", \"phone\": \"+49 89 2010059\", \"website\": \"https://fugazi.pizza/\"}","marker-color":"#1f78b4"}},
{"type":"Feature","geometry":{"type":"Point","coordinates":[11.5671,48.12983]},"properties":{"id":"poi_n409497628","name":"An Nam","kind":"restaurant","at":[48.12983,11.5671],"osm_id":"node/409497628","open_horizon":false,"views":"[{\"sightline_id\": \"sl_a03e96a7\", \"toward\": \"a\", \"distance_m\": 34.1}]","tags":"{\"cuisine\": \"vietnamese\", \"opening_hours\": \"Mo-Su 11:00-15:00,18:00-23:30\", \"website\": \"https://annam32.com/\"}","marker-color":"#1f78b4"}},
{"type":"Feature","geometry":{"type":"Point","coordinates":[11.56664,48.12331]},"properties":{"id":"poi_n409497635","name":"Maharani","kind":"restaurant","at":[48.12331,11.56664],"osm_id":"node/409497635","open_horizon":false,"views":"[{\"sightline_id\": \"sl_39d45671\", \"toward\": \"a\", \"distance_m\": 14.0}, {\"sightline_id\": \"sl_e5506831\", \"toward\": \"a\", \"distance_m\": 14.6}]","tags":"{\"cuisine\": \"indian\", \"opening_hours\": \"Mo-Su 11:30-15:00,17:30-24:00\", \"website\": \"https://www.indischesrestaurantmaharanimuenchen.de/\"}","marker-color":"#1f78b4"}},
{"type":"Feature","geometry":{"type":"Point","coordinates":[11.56482,48.15086]},"properties":{"id":"poi_n4097226360","name":"Bo Oi","kind":"restaurant","at":[48.15086,11.56482],"osm_id":"node/4097226360","open_horizon":false,"views":"[{\"sightline_id\": \"sl_6a30d50e\", \"toward\": \"a\", \"distance_m\": 10.0}, {\"sightline_id\": \"sl_6a30d50e\", \"toward\": \"b\", \"distance_m\": 10.0}]","tags":"{\"cuisine\": \"vietnamese\", \"opening_hours\": \"Mo-Fr 11:00-15:30,17:00-23:00; Su 16:00-23:00\", \"outdoor_seating\": \"no\", \"phone\": \"+49 89 5700 4575\", \"website\": \"https://lucky-sushi-restaurant.geo.io/\"}","marker-color":"#1f78b4"}},
{"type":"Feature","geometry":{"type":"Point","coordinates":[11.58155,48.10059]},"properties":{"id":"poi_n4100745418","name":"Pfefferminza","kind":"cafe","at":[48.10059,11.58155],"osm_id":"node/4100745418","open_horizon":false,"views":"[{\"sightline_id\": \"sl_39491418\", \"toward\": \"a\", \"distance_m\": 21.9}, {\"sightline_id\": \"sl_39491418\", \"toward\": \"b\", \"distance_m\": 21.9}]","tags":"{\"opening_hours\": \"We-Su 08:00-18:00\", \"website\": \"https://cafe-pfefferminza.com/\"}","marker-color":"#1f78b4"}},
{"type":"Feature","geometry":{"type":"Point","coordinates":[11.57225,48.11386]},"properties":{"id":"poi_n410141499","name":"Wimmer Backshop","kind":"cafe","at":[48.11386,11.57225],"osm_id":"node/410141499","open_horizon":false,"views":"[{\"sightline_id\": \"sl_d1309d08\", \"toward\": \"a\", \"distance_m\": 19.1}, {\"sightline_id\": \"sl_d1309d08\", \"toward\": \"b\", \"distance_m\": 19.1}]","tags":"{\"opening_hours\": \"Mo-Su,PH 07:00-18:00\"}","marker-color":"#1f78b4"}},
{"type":"Feature","geometry":{"type":"Point","coordinates":[11.66818,48.08881]},"properties":{"id":"poi_n410577974","name":"Azko's Restaurant","kind":"restaurant","at":[48.08881,11.66818],"osm_id":"node/410577974","open_horizon":false,"views":"[{\"sightline_id\": \"sl_7b314c01\", \"toward\": \"a\", \"distance_m\": 39.2}, {\"sightline_id\": \"sl_7b314c01\", \"toward\": \"b\", \"distance_m\": 39.2}]","tags":"{\"cuisine\": \"burger;mediterranean;pizza\", \"opening_hours\": \"Tu-Fr 17:00-00:00; Sa-Su 09:00-00:00\", \"outdoor_seating\": \"yes\"}","marker-color":"#1f78b4"}},
{"type":"Feature","geometry":{"type":"Point","coordinates":[11.47866,48.16404]},"properties":{"id":"poi_n411401524","name":"Geluk All Day Cafe","kind":"cafe","at":[48.16404,11.47866],"osm_id":"node/411401524","open_horizon":false,"views":"[{\"sightline_id\": \"sl_19b965b3\", \"toward\": \"a\", \"distance_m\": 22.3}, {\"sightline_id\": \"sl_19b965b3\", \"toward\": \"b\", \"distance_m\": 22.3}]","tags":"{\"outdoor_seating\": \"yes\", \"phone\": \"+498924604997\"}","marker-color":"#1f78b4"}},
{"type":"Feature","geometry":{"type":"Point","coordinates":[11.42178,48.14733]},"properties":{"id":"poi_n411614179","name":"Piccola Locanda","kind":"restaurant","at":[48.14733,11.42178],"osm_id":"node/411614179","open_horizon":false,"views":"[{\"sightline_id\": \"sl_87d2f270\", \"toward\": \"b\", \"distance_m\": 15.6}, {\"sightline_id\": \"sl_ae654a6d\", \"toward\": \"b\", \"distance_m\": 19.5}]","tags":"{\"cuisine\": \"italian\", \"opening_hours\": \"Mo-Su,PH off\", \"outdoor_seating\": \"yes\", \"phone\": \"+49 89 873827\", \"website\": \"https://piccola-locanda.de/\"}","marker-color":"#1f78b4"}},
{"type":"Feature","geometry":{"type":"Point","coordinates":[11.42182,48.14775]},"properties":{"id":"poi_n411614180","name":"Bayerisches Schnitzel- & Hendlhaus","kind":"restaurant","at":[48.14775,11.42182],"osm_id":"node/411614180","open_horizon":false,"views":"[{\"sightline_id\": \"sl_ae654a6d\", \"toward\": \"b\", \"distance_m\": 22.5}, {\"sightline_id\": \"sl_87d2f270\", \"toward\": \"a\", \"distance_m\": 30.3}, {\"sightline_id\": \"sl_87d2f270\", \"toward\": \"b\", \"distance_m\": 30.3}]","tags":"{\"opening_hours\": \"Mo-Su 09:00-24:00\", \"website\": \"https://www.schnitzel-und-hendlhaus.de/neuaubing.html\"}","marker-color":"#1f78b4"}},
{"type":"Feature","geometry":{"type":"Point","coordinates":[11.5331,48.09985]},"properties":{"id":"poi_n412743894","name":"Zero Hotpot & Lounge","kind":"restaurant","at":[48.09985,11.5331],"osm_id":"node/412743894","open_horizon":false,"views":"[{\"sightline_id\": \"sl_8640990a\", \"toward\": \"a\", \"distance_m\": 18.9}]","tags":"{\"cuisine\": \"chinese\", \"opening_hours\": \"We,Fr-Mo 11:30-15:00,17:30-23:00; Tu,Th 17:30-23:00\"}","marker-color":"#1f78b4"}},
{"type":"Feature","geometry":{"type":"Point","coordinates":[11.52919,48.09964]},"properties":{"id":"poi_n412743927","name":"Dillinger Chicago Bar'n Grill","kind":"restaurant","at":[48.09964,11.52919],"osm_id":"node/412743927","open_horizon":false,"views":"[{\"sightline_id\": \"sl_e5bbf097\", \"toward\": \"a\", \"distance_m\": 13.8}, {\"sightline_id\": \"sl_e5bbf097\", \"toward\": \"b\", \"distance_m\": 13.8}, {\"sightline_id\": \"sl_59f35990\", \"toward\": \"b\", \"distance_m\": 19.4}]","tags":"{\"cuisine\": \"american;mexican\", \"opening_hours\": \"Su-Th 17:00-01:00, Fr,Sa 17:00-02:00\", \"outdoor_seating\": \"no\"}","marker-color":"#1f78b4"}},
{"type":"Feature","geometry":{"type":"Point","coordinates":[11.56254,48.14828]},"properties":{"id":"poi_n4137361890","name":"coco bamboo","kind":"restaurant","at":[48.14828,11.56254],"osm_id":"node/4137361890","open_horizon":false,"views":"[{\"sightline_id\": \"sl_229e7580\", \"toward\": \"a\", \"distance_m\": 9.3}, {\"sightline_id\": \"sl_229e7580\", \"toward\": \"b\", \"distance_m\": 9.3}]","tags":"{\"cuisine\": \"creole;mediterranean\", \"opening_hours\": \"Tu-Su 15:00-01:00; Mo off\"}","marker-color":"#1f78b4"}},
{"type":"Feature","geometry":{"type":"Point","coordinates":[11.55747,48.13936]},"properties":{"id":"poi_n4147173315","name":"IsarBar","kind":"bar","at":[48.13936,11.55747],"osm_id":"node/4147173315","open_horizon":false,"views":"[{\"sightline_id\": \"sl_48fc258c\", \"toward\": \"a\", \"distance_m\": 13.8}, {\"sightline_id\": \"sl_48fc258c\", \"toward\": \"b\", \"distance_m\": 13.8}, {\"sightline_id\": \"sl_49b89dc9\", \"toward\": \"a\", \"distance_m\": 18.9}, {\"sightline_id\": \"sl_49b89dc9\", \"toward\": \"b\", \"distance_m\": 18.9}]","tags":"{\"opening_hours\": \"Mo-Fr 08:00-01:00, Sa-Su 09:00-01:00\", \"outdoor_seating\": \"yes\", \"website\": \"https://www.sofitel-munich.com/de/bars-restaurants/isarbar-2/\"}","marker-color":"#1f78b4"}},
{"type":"Feature","geometry":{"type":"Point","coordinates":[11.57469,48.15891]},"properties":{"id":"poi_n416352941","name":"Das Weinheim","kind":"restaurant","at":[48.15891,11.57469],"osm_id":"node/416352941","open_horizon":false,"views":"[{\"sightline_id\": \"sl_8f7da990\", \"toward\": \"b\", \"distance_m\": 18.1}, {\"sightline_id\": \"sl_99ea3340\", \"toward\": \"a\", \"distance_m\": 36.3}]","tags":"{\"cuisine\": \"international\", \"opening_hours\": \"Tu-Th 18:00-23:00; Fr-Sa 18:00-24:00; Su-Mo off\", \"outdoor_seating\": \"yes\"}","marker-color":"#1f78b4"}},
{"type":"Feature","geometry":{"type":"Point","coordinates":[11.57156,48.16301]},"properties":{"id":"poi_n416352943","name":"Elia","kind":"restaurant","at":[48.16301,11.57156],"osm_id":"node/416352943","open_horizon":false,"views":"[{\"sightline_id\": \"sl_b038d7f7\", \"toward\": \"a\", \"distance_m\": 18.4}, {\"sightline_id\": \"sl_b038d7f7\", \"toward\": \"b\", \"distance_m\": 18.4}]","tags":"{\"cuisine\": \"greek\", \"opening_hours\": \"Mo-Sa 17:00-01:00; Su 12:00-01:00\", \"outdoor_seating\": \"sidewalk\"}","marker-color":"#1f78b4"}},
{"type":"Feature","geometry":{"type":"Point","coordinates":[11.56119,48.15394]},"properties":{"id":"poi_n416821870","name":"Stadion an der Schleißheimer Straße","kind":"pub","at":[48.15394,11.56119],"osm_id":"node/416821870","open_horizon":false,"views":"[{\"sightline_id\": \"sl_d1452881\", \"toward\": \"a\", \"distance_m\": 12.1}, {\"sightline_id\": \"sl_d1452881\", \"toward\": \"b\", \"distance_m\": 12.1}]","tags":"{\"opening_hours\": \"Mo,We 19:00+; Tu \\\"Keine freien Plätze\\\"; Th 18:30+; Fr 18:00+; Sa 12:30+; Su 13:00+\", \"website\": \"http://www.stadionanderschleissheimerstrasse.de\"}","marker-color":"#1f78b4"}},
{"type":"Feature","geometry":{"type":"Point","coordinates":[11.56087,48.1539]},"properties":{"id":"poi_n416821871","name":"Sora – Japanese Pancake","kind":"restaurant","at":[48.1539,11.56087],"osm_id":"node/416821871","open_horizon":false,"views":"[{\"sightline_id\": \"sl_d1452881\", \"toward\": \"a\", \"distance_m\": 10.8}, {\"sightline_id\": \"sl_d1452881\", \"toward\": \"b\", \"distance_m\": 10.8}]","tags":"{\"opening_hours\": \"Mo-Su 12:00-20:00\"}","marker-color":"#1f78b4"}},
{"type":"Feature","geometry":{"type":"Point","coordinates":[11.46405,48.15432]},"properties":{"id":"poi_n417325163","name":"Luisengarten","kind":"restaurant","at":[48.15432,11.46405],"osm_id":"node/417325163","open_horizon":false,"views":"[{\"sightline_id\": \"sl_c1968b72\", \"toward\": \"a\", \"distance_m\": 14.0}, {\"sightline_id\": \"sl_c1968b72\", \"toward\": \"b\", \"distance_m\": 14.0}]","tags":"{\"opening_hours\": \"We-Fr 12:00-14:00,18:00-21:00\", \"outdoor_seating\": \"yes\"}","marker-color":"#1f78b4"}},
{"type":"Feature","geometry":{"type":"Point","coordinates":[11.55929,48.08858]},"properties":{"id":"poi_n4174465290","name":"Amandines et Chocolats","kind":"cafe","at":[48.08858,11.55929],"osm_id":"node/4174465290","open_horizon":false,"views":"[{\"sightline_id\": \"sl_20e71340\", \"toward\": \"a\", \"distance_m\": 16.4}, {\"sightline_id\": \"sl_20e71340\", \"toward\": \"b\", \"distance_m\": 16.4}]","tags":"{\"opening_hours\": \"Mo-Fr 07:00-18:00; Sa,Su 07:00-16:00\", \"outdoor_seating\": \"yes\", \"phone\": \"+49 89 96991222\", \"website\": \"https://amandinesetchocolats.de\"}","marker-color":"#1f78b4"}},
{"type":"Feature","geometry":{"type":"Point","coordinates":[11.57537,48.16016]},"properties":{"id":"poi_n417637012","name":"Venezia","kind":"cafe","at":[48.16016,11.57537],"osm_id":"node/417637012","open_horizon":false,"views":"[{\"sightline_id\": \"sl_23ae6155\", \"toward\": \"a\", \"distance_m\": 20.9}]","tags":"{\"cuisine\": \"ice_cream\", \"opening_hours\": \"Mar-Sep: Mo-Su,PH 10:00-22:00+; Oct-Feb: off\", \"outdoor_seating\": \"yes\"}","marker-color":"#1f78b4"}},
{"type":"Feature","geometry":{"type":"Point","coordinates":[11.57737,48.16117]},"properties":{"id":"poi_n417672158","name":"Via Aurelia","kind":"restaurant","at":[48.16117,11.57737],"osm_id":"node/417672158","open_horizon":false,"views":"[{\"sightline_id\": \"sl_2d33ccf6\", \"toward\": \"a\", \"distance_m\": 6.2}, {\"sightline_id\": \"sl_98abdad3\", \"toward\": \"a\", \"distance_m\": 16.5}]","tags":"{\"cuisine\": \"italian;french\", \"opening_hours\": \"Tu-Th,Su 17:00-23:00; Fr-Sa 17:00-24:00; Mo off\", \"outdoor_seating\": \"sidewalk\"}","marker-color":"#1f78b4"}},
{"type":"Feature","geometry":{"type":"Point","coordinates":[11.57792,48.16002]},"properties":{"id":"poi_n417672161","name":"Al Bacio","kind":"cafe","at":[48.16002,11.57792],"osm_id":"node/417672161","open_horizon":false,"views":"[{\"sightline_id\": \"sl_23ae6155\", \"toward\": \"a\", \"distance_m\": 14.7}, {\"sightline_id\": \"sl_23ae6155\", \"toward\": \"b\", \"distance_m\": 14.7}]","tags":"{\"cuisine\": \"italian\", \"opening_hours\": \"Mo-Sa 08:00-20:00; Su,PH 10:00-18:00\", \"outdoor_seating\": \"yes\"}","marker-color":"#1f78b4"}},
{"type":"Feature","geometry":{"type":"Point","coordinates":[11.5787,48.16109]},"properties":{"id":"poi_n417672165","name":"Passaparola","kind":"restaurant","at":[48.16109,11.5787],"osm_id":"node/417672165","open_horizon":false,"views":"[{\"sightline_id\": \"sl_98abdad3\", \"toward\": \"a\", \"distance_m\": 13.2}]","tags":"{\"cuisine\": \"italian\", \"opening_hours\": \"Su 18:00-22:00; Mo-Fr 12:00-14:30, 18:00-22:00\", \"outdoor_seating\": \"yes\"}","marker-color":"#1f78b4"}},
{"type":"Feature","geometry":{"type":"Point","coordinates":[11.58252,48.15972]},"properties":{"id":"poi_n417672169","name":"Trattoria La Tazza d'Oro","kind":"restaurant","at":[48.15972,11.58252],"osm_id":"node/417672169","open_horizon":false,"views":"[{\"sightline_id\": \"sl_23ae6155\", \"toward\": \"b\", \"distance_m\": 8.1}]","tags":"{\"cuisine\": \"italian\", \"opening_hours\": \"Mo-Fr 11:00-22:30\", \"outdoor_seating\": \"yes\", \"phone\": \"+4989333837\"}","marker-color":"#1f78b4"}},
{"type":"Feature","geometry":{"type":"Point","coordinates":[11.58299,48.16079]},"properties":{"id":"poi_n417672176","name":"Bartu Bio-Eis & Bio-Pizza","kind":"restaurant","at":[48.16079,11.58299],"osm_id":"node/417672176","open_horizon":false,"views":"[{\"sightline_id\": \"sl_98abdad3\", \"toward\": \"b\", \"distance_m\": 10.9}, {\"sightline_id\": \"sl_cec013c0\", \"toward\": \"a\", \"distance_m\": 23.5}, {\"sightline_id\": \"sl_cec013c0\", \"toward\": \"b\", \"distance_m\": 23.5}]","tags":"{\"cuisine\": \"ice_cream;pizza\", \"opening_hours\": \"Mo-Tu 11:00-20:00; We-Su 11:00-21:00; PH off; Apr-Sep Mo 11:00-18:00; Tu-Su 11:00-22:00\", \"outdoor_seating\": \"yes\"}","marker-color":"#1f78b4"}},
{"type":"Feature","geometry":{"type":"Point","coordinates":[11.508,48.11275]},"properties":{"id":"poi_n4177053610","name":"Bäckerei Zöttl","kind":"cafe","at":[48.11275,11.508],"osm_id":"node/4177053610","open_horizon":false,"views":"[{\"sightline_id\": \"sl_d7b5e541\", \"toward\": \"a\", \"distance_m\": 10.5}, {\"sightline_id\": \"sl_d7b5e541\", \"toward\": \"b\", \"distance_m\": 10.5}, {\"sightline_id\": \"sl_86cfc331\", \"toward\": \"a\", \"distance_m\": 19.1}, {\"sightline_id\": \"sl_86cfc331\", \"toward\": \"b\", \"distance_m\": 19.1}]","tags":"{\"opening_hours\": \"Mo-Sa 07:00-20:00; Su 08:00-12:00+\", \"outdoor_seating\": \"yes\"}","marker-color":"#1f78b4"}},
{"type":"Feature","geometry":{"type":"Point","coordinates":[11.56883,48.1568]},"properties":{"id":"poi_n418589822","name":"Backspielhaus","kind":"cafe","at":[48.1568,11.56883],"osm_id":"node/418589822","open_horizon":false,"views":"[{\"sightline_id\": \"sl_5a4863fc\", \"toward\": \"b\", \"distance_m\": 13.8}, {\"sightline_id\": \"sl_88a6eafa\", \"toward\": \"a\", \"distance_m\": 15.3}, {\"sightline_id\": \"sl_88a6eafa\", \"toward\": \"b\", \"distance_m\": 15.3}]","tags":"{\"opening_hours\": \"Tu-Su 06:30-13:00\", \"outdoor_seating\": \"yes\"}","marker-color":"#1f78b4"}},
{"type":"Feature","geometry":{"type":"Point","coordinates":[11.57101,48.1563]},"properties":{"id":"poi_n418589823","name":"Cafe Ignaz","kind":"restaurant","at":[48.1563,11.57101],"osm_id":"node/418589823","open_horizon":false,"views":"[{\"sightline_id\": \"sl_f8e80ae8\", \"toward\": \"a\", \"distance_m\": 6.6}, {\"sightline_id\": \"sl_8d8d5983\", \"toward\": \"a\", \"distance_m\": 29.1}, {\"sightline_id\": \"sl_8d8d5983\", \"toward\": \"b\", \"distance_m\": 29.1}]","tags":"{\"cuisine\": \"regional\", \"opening_hours\": \"Mo-Tu off, We-Fr 11:00-22:00; Sa 08:00-22:00; Su,PH 08:00-21:00\", \"outdoor_seating\": \"parklet\", \"website\": \"https://ignaz-cafe.de/\"}","marker-color":"#1f78b4"}},
{"type":"Feature","geometry":{"type":"Point","coordinates":[11.57036,48.17956]},"properties":{"id":"poi_n418666933","name":"Synantisis","kind":"restaurant","at":[48.17956,11.57036],"osm_id":"node/418666933","open_horizon":false,"views":"[{\"sightline_id\": \"sl_6553fe7b\", \"toward\": \"a\", \"distance_m\": 16.1}]","tags":"{\"cuisine\": \"greek\", \"opening_hours\": \"Tu-Su 17:00-23:00\", \"outdoor_seating\": \"yes\", \"phone\": \"+49 89 64296133\", \"website\": \"https://www.synantisis.de/\"}","marker-color":"#1f78b4"}},
{"type":"Feature","geometry":{"type":"Point","coordinates":[11.58311,48.15866]},"properties":{"id":"poi_n418772000","name":"Caffe Conte","kind":"cafe","at":[48.15866,11.58311],"osm_id":"node/418772000","open_horizon":false,"views":"[{\"sightline_id\": \"sl_ea36d703\", \"toward\": \"a\", \"distance_m\": 11.1}, {\"sightline_id\": \"sl_cec013c0\", \"toward\": \"a\", \"distance_m\": 15.9}]","tags":"{\"opening_hours\": \"Mo-Sa 08:00-18:00\", \"outdoor_seating\": \"yes\"}","marker-color":"#1f78b4"}},
{"type":"Feature","geometry":{"type":"Point","coordinates":[11.58487,48.15879]},"properties":{"id":"poi_n418772381","name":"Piatsa","kind":"restaurant","at":[48.15879,11.58487],"osm_id":"node/418772381","open_horizon":false,"views":"[{\"sightline_id\": \"sl_302cf079\", \"toward\": \"a\", \"distance_m\": 30.0}, {\"sightline_id\": \"sl_302cf079\", \"toward\": \"b\", \"distance_m\": 30.0}]","tags":"{\"cuisine\": \"greek\", \"opening_hours\": \"Su-Tu 12:00-00:00; Fr-Sa 12:00-02:00\", \"outdoor_seating\": \"yes\"}","marker-color":"#1f78b4"}},
{"type":"Feature","geometry":{"type":"Point","coordinates":[11.47963,48.11612]},"properties":{"id":"poi_n418955835","name":"Café Grosshadern","kind":"cafe","at":[48.11612,11.47963],"osm_id":"node/418955835","open_horizon":false,"views":"[{\"sightline_id\": \"sl_9584c033\", \"toward\": \"a\", \"distance_m\": 29.3}, {\"sightline_id\": \"sl_9584c033\", \"toward\": \"b\", \"distance_m\": 29.3}]","tags":"{\"cuisine\": \"bakery;cafe;dessert\", \"opening_hours\": \"Mo-Fr 06:00-18:00; Sa-Su 07:00-16:00\", \"phone\": \"+49 89 46220600\"}","marker-color":"#1f78b4"}},
{"type":"Feature","geometry":{"type":"Point","coordinates":[11.57627,48.151]},"properties":{"id":"poi_n418980393","name":"Gelateria Adria","kind":"ice_cream","at":[48.151,11.57627],"osm_id":"node/418980393","open_horizon":false,"views":"[{\"sightline_id\": \"sl_b3216b45\", \"toward\": \"a\", \"distance_m\": 7.7}, {\"sightline_id\": \"sl_b3216b45\", \"toward\": \"b\", \"distance_m\": 7.7}]","tags":"{\"opening_hours\": \"Mo-Fr 11:00-21:00+; Sa,Su 11:00-22:00+\", \"outdoor_seating\": \"yes\", \"phone\": \"+49 89 28723384\"}","marker-color":"#1f78b4"}},
{"type":"Feature","geometry":{"type":"Point","coordinates":[11.57175,48.16298]},"properties":{"id":"poi_n419164274","name":"El Patio","kind":"restaurant","at":[48.16298,11.57175],"osm_id":"node/419164274","open_horizon":false,"views":"[{\"sightline_id\": \"sl_b038d7f7\", \"toward\": \"a\", \"distance_m\": 17.8}, {\"sightline_id\": \"sl_b038d7f7\", \"toward\": \"b\", \"distance_m\": 17.8}]","tags":"{\"cuisine\": \"mexican;spanish\", \"opening_hours\": \"Mo-Sa 17:00-24:00; Su off\", \"website\": \"https://www.elpatio-munich.de/\"}","marker-color":"#1f78b4"}},
{"type":"Feature","geometry":{"type":"Point","coordinates":[11.55877,48.14543]},"properties":{"id":"poi_n4212701293","name":"Mlem Bun","kind":"restaurant","at":[48.14543,11.55877],"osm_id":"node/4212701293","open_horizon":false,"views":"[{\"sightline_id\": \"sl_92fc0adb\", \"toward\": \"a\", \"distance_m\": 5.7}, {\"sightline_id\": \"sl_92fc0adb\", \"toward\": \"b\", \"distance_m\": 5.7}]","tags":"{\"cuisine\": \"american;burger;sandwich;salad;asian\", \"opening_hours\": \"Mo-Fr 11:30-14:30,17:30-21:30; Sa 17:30-21:30\"}","marker-color":"#1f78b4"}},
{"type":"Feature","geometry":{"type":"Point","coordinates":[11.55703,48.15064]},"properties":{"id":"poi_n4213118325","name":"Black & White","kind":"bar","at":[48.15064,11.55703],"osm_id":"node/4213118325","open_horizon":false,"views":"[{\"sightline_id\": \"sl_583b0d6f\", \"toward\": \"b\", \"distance_m\": 38.4}]","tags":"{\"opening_hours\": \"\\\"keine fixe Angabe an der Türe\\\"\", \"outdoor_seating\": \"no\"}","marker-color":"#1f78b4"}},
{"type":"Feature","geometry":{"type":"Point","coordinates":[11.5639,48.15095]},"properties":{"id":"poi_n4213892299","name":"Twentyphở","kind":"restaurant","at":[48.15095,11.5639],"osm_id":"node/4213892299","open_horizon":false,"views":"[{\"sightline_id\": \"sl_229e7580\", \"toward\": \"a\", \"distance_m\": 15.6}, {\"sightline_id\": \"sl_229e7580\", \"toward\": \"b\", \"distance_m\": 15.6}, {\"sightline_id\": \"sl_6a30d50e\", \"toward\": \"a\", \"distance_m\": 27.1}, {\"sightline_id\": \"sl_6a30d50e\", \"toward\": \"b\", \"distance_m\": 27.1}]","tags":"{\"cuisine\": \"vietnamese\", \"opening_hours\": \"Mo-Fr 11:30-15:00, 17:30-23:00; Sa-Su 13:00-22:00\", \"outdoor_seating\": \"no\"}","marker-color":"#1f78b4"}},
{"type":"Feature","geometry":{"type":"Point","coordinates":[11.56116,48.13728]},"properties":{"id":"poi_n4217575642","name":"Coffee Fellows","kind":"cafe","at":[48.13728,11.56116],"osm_id":"node/4217575642","open_horizon":false,"views":"[{\"sightline_id\": \"sl_3eb150b6\", \"toward\": \"a\", \"distance_m\": 14.9}, {\"sightline_id\": \"sl_3eb150b6\", \"toward\": \"b\", \"distance_m\": 14.9}, {\"sightline_id\": \"sl_d3d5ebce\", \"toward\": \"a\", \"distance_m\": 22.3}, {\"sightline_id\": \"sl_d3d5ebce\", \"toward\": \"b\", \"distance_m\": 22.3}]","tags":"{\"cuisine\": \"coffee_shop\", \"opening_hours\": \"Mo-Fr 07:00-20:30; PH,Sa,Su 07:00-21:00\", \"outdoor_seating\": \"yes\", \"phone\": \"+49 89 59978955\", \"website\": \"https://www.coffee-fellows.com/locations/muenchen-schillerstrasse\"}","marker-color":"#1f78b4"}},
{"type":"Feature","geometry":{"type":"Point","coordinates":[11.56247,48.14817]},"properties":{"id":"poi_n4217579499","name":"Tante Emma","kind":"cafe","at":[48.14817,11.56247],"osm_id":"node/4217579499","open_horizon":false,"views":"[{\"sightline_id\": \"sl_229e7580\", \"toward\": \"a\", \"distance_m\": 9.5}, {\"sightline_id\": \"sl_229e7580\", \"toward\": \"b\", \"distance_m\": 9.5}]","tags":"{\"opening_hours\": \"Mo-Fr 09:00-18:00; Sa,Su 09:00-20:00\", \"outdoor_seating\": \"yes\"}","marker-color":"#1f78b4"}},
{"type":"Feature","geometry":{"type":"Point","coordinates":[11.56369,48.13727]},"properties":{"id":"poi_n4217580489","name":"shisha bar","kind":"bar","at":[48.13727,11.56369],"osm_id":"node/4217580489","open_horizon":false,"views":"[{\"sightline_id\": \"sl_d3d5ebce\", \"toward\": \"b\", \"distance_m\": 20.5}]","tags":"{}","marker-color":"#1f78b4"}},
{"type":"Feature","geometry":{"type":"Point","coordinates":[11.54633,48.12279]},"properties":{"id":"poi_n4224063691","name":"Thuy","kind":"restaurant","at":[48.12279,11.54633],"osm_id":"node/4224063691","open_horizon":false,"views":"[{\"sightline_id\": \"sl_0261e149\", \"toward\": \"a\", \"distance_m\": 26.0}]","tags":"{\"cuisine\": \"vietnamese\", \"opening_hours\": \"11:30-14:30,17:30-23:00\"}","marker-color":"#1f78b4"}},
{"type":"Feature","geometry":{"type":"Point","coordinates":[11.56956,48.14703]},"properties":{"id":"poi_n4242695881","name":"Minna Thiel","kind":"bar","at":[48.14703,11.56956],"osm_id":"node/4242695881","open_horizon":false,"views":"[{\"sightline_id\": \"sl_c6924d7e\", \"toward\": \"a\", \"distance_m\": 16.7}, {\"sightline_id\": \"sl_c6924d7e\", \"toward\": \"b\", \"distance_m\": 16.7}]","tags":"{\"opening_hours\": \"We 16:00-23:00; Th 16:00-00:00; Fr 16:00-02:00; Sa 14:00-02:00; Su 12:00-22:00; Mo 17:00-22:00; Tu 16:00-22:00\", \"outdoor_seating\": \"garden\", \"phone\": \"+49 89 24596447\", \"website\": \"https://minnathiel.de/\"}","marker-color":"#1f78b4"}},
{"type":"Feature","geometry":{"type":"Point","coordinates":[11.53523,48.15573]},"properties":{"id":"poi_n4264132899","name":"DuFu Bun","kind":"restaurant","at":[48.15573,11.53523],"osm_id":"node/4264132899","open_horizon":false,"views":"[{\"sightline_id\": \"sl_bea68911\", \"toward\": \"a\", \"distance_m\": 12.5}, {\"sightline_id\": \"sl_b5457607\", \"toward\": \"b\", \"distance_m\": 14.9}]","tags":"{\"cuisine\": \"vietnamese\", \"opening_hours\": \"Su-Fr 11:00-14:30,17:00-22:00\", \"outdoor_seating\": \"yes\"}","marker-color":"#1f78b4"}},
{"type":"Feature","geometry":{"type":"Point","coordinates":[11.5805,48.11634]},"properties":{"id":"poi_n4265667652","name":"Cafe Piccolo","kind":"cafe","at":[48.11634,11.5805],"osm_id":"node/4265667652","open_horizon":false,"views":"[{\"sightline_id\": \"sl_defc3d30\", \"toward\": \"b\", \"distance_m\": 17.8}]","tags":"{\"cuisine\": \"italian\", \"opening_hours\": \"Mo,We-Fr 09:15-16:00; Sa 09:15-15:00; Su 10:30-15:00; Tu off\"}","marker-color":"#1f78b4"}},
{"type":"Feature","geometry":{"type":"Point","coordinates":[11.55341,48.15022]},"properties":{"id":"poi_n4268520828","name":"Alt Württemberg","kind":"restaurant","at":[48.15022,11.55341],"osm_id":"node/4268520828","open_horizon":false,"views":"[{\"sightline_id\": \"sl_92c4049f\", \"toward\": \"a\", \"distance_m\": 14.1}, {\"sightline_id\": \"sl_92c4049f\", \"toward\": \"b\", \"distance_m\": 14.1}]","tags":"{\"outdoor_seating\": \"no\"}","marker-color":"#1f78b4"}},
{"type":"Feature","geometry":{"type":"Point","coordinates":[11.57503,48.15859]},"properties":{"id":"poi_n427041653","name":"Kreta Grill","kind":"restaurant","at":[48.15859,11.57503],"osm_id":"node/427041653","open_horizon":false,"views":"[{\"sightline_id\": \"sl_8f7da990\", \"toward\": \"b\", \"distance_m\": 9.5}, {\"sightline_id\": \"sl_8e8aca80\", \"toward\": \"b\", \"distance_m\": 34.8}]","tags":"{\"cuisine\": \"greek\", \"opening_hours\": \"Mo-Sa 12:00-15:00; Mo-Sa 18:00-00:00; PH off\", \"outdoor_seating\": \"yes\"}","marker-color":"#1f78b4"}},
{"type":"Feature","geometry":{"type":"Point","coordinates":[11.57541,48.15779]},"properties":{"id":"poi_n427041654","name":"Da Angelo","kind":"restaurant","at":[48.15779,11.57541],"osm_id":"node/427041654","open_horizon":false,"views":"[{\"sightline_id\": \"sl_8e8aca80\", \"toward\": \"a\", \"distance_m\": 17.4}, {\"sightline_id\": \"sl_8e8aca80\", \"toward\": \"b\", \"distance_m\": 17.4}, {\"sightline_id\": \"sl_8f7da990\", \"toward\": \"b\", \"distance_m\": 28.1}]","tags":"{\"cuisine\": \"italian\", \"opening_hours\": \"Mo 17:00-23:00; Tu-Sa 12:00-23:00; Su off\", \"outdoor_seating\": \"yes\"}","marker-color":"#1f78b4"}},
{"type":"Feature","geometry":{"type":"Point","coordinates":[11.57503,48.15846]},"properties":{"id":"poi_n427041655","name":"Il Gattopardo","kind":"restaurant","at":[48.15846,11.57503],"osm_id":"node/427041655","open_horizon":false,"views":"[{\"sightline_id\": \"sl_8f7da990\", \"toward\": \"b\", \"distance_m\": 8.5}, {\"sightline_id\": \"sl_8e8aca80\", \"toward\": \"b\", \"distance_m\": 36.0}]","tags":"{\"cuisine\": \"italian\", \"opening_hours\": \"Tu-Sa 12:00-14:30,18:00-23:00, Su,PH 18:00-22:00\", \"outdoor_seating\": \"yes\"}","marker-color":"#1f78b4"}},
{"type":"Feature","geometry":{"type":"Point","coordinates":[11.57525,48.15778]},"properties":{"id":"poi_n427041659","name":"Nakagawa","kind":"restaurant","at":[48.15778,11.57525],"osm_id":"node/427041659","open_horizon":false,"views":"[{\"sightline_id\": \"sl_8f7da990\", \"toward\": \"b\", \"distance_m\": 16.5}, {\"sightline_id\": \"sl_8e8aca80\", \"toward\": \"a\", \"distance_m\": 29.0}, {\"sightline_id\": \"sl_8e8aca80\", \"toward\": \"b\", \"distance_m\": 29.0}]","tags":"{\"cuisine\": \"japanese\", \"opening_hours\": \"Tu-Sa 17:00-22:00; Su,Mo off\", \"outdoor_seating\": \"yes\"}","marker-color":"#1f78b4"}},
{"type":"Feature","geometry":{"type":"Point","coordinates":[11.5759,48.15752]},"properties":{"id":"poi_n427041660","name":"Levante","kind":"restaurant","at":[48.15752,11.5759],"osm_id":"node/427041660","open_horizon":false,"views":"[{\"sightline_id\": \"sl_8e8aca80\", \"toward\": \"a\", \"distance_m\": 15.9}, {\"sightline_id\": \"sl_8e8aca80\", \"toward\": \"b\", \"distance_m\": 15.9}]","tags":"{\"cuisine\": \"mediterranean;oriental;international\", \"opening_hours\": \"Mo-Su 17:00-01:00\", \"outdoor_seating\": \"sidewalk\"}","marker-color":"#1f78b4"}},
{"type":"Feature","geometry":{"type":"Point","coordinates":[11.56343,48.16186]},"properties":{"id":"poi_n427540552","name":"Ho Guom","kind":"restaurant","at":[48.16186,11.56343],"osm_id":"node/427540552","open_horizon":false,"views":"[{\"sightline_id\": \"sl_bc70167d\", \"toward\": \"a\", \"distance_m\": 11.3}, {\"sightline_id\": \"sl_bc70167d\", \"toward\": \"b\", \"distance_m\": 11.3}, {\"sightline_id\": \"sl_ef4f8b5c\", \"toward\": \"a\", \"distance_m\": 20.4}, {\"sightline_id\": \"sl_ef4f8b5c\", \"toward\": \"b\", \"distance_m\": 20.4}]","tags":"{\"cuisine\": \"vietnamese;thai\", \"opening_hours\": \"Mo-Fr 11:30-14:30, 17:30-23:00; Sa 17:30-23:00; Su 12:00-15:00, 17:30-23:00\"}","marker-color":"#1f78b4"}},
{"type":"Feature","geometry":{"type":"Point","coordinates":[11.57724,48.13934]},"properties":{"id":"poi_n427584112","name":"Zum Franziskaner","kind":"restaurant","at":[48.13934,11.57724],"osm_id":"node/427584112","open_horizon":false,"views":"[{\"sightline_id\": \"sl_0ef924b1\", \"toward\": \"a\", \"distance_m\": 31.9}]","tags":"{\"cuisine\": \"regional\", \"opening_hours\": \"Mo-Su 11:00-23:00\", \"outdoor_seating\": \"yes\", \"phone\": \"+49 89 2318120\", \"website\": \"https://zum-franziskaner.de/de/\"}","marker-color":"#1f78b4"}},
{"type":"Feature","geometry":{"type":"Point","coordinates":[11.57405,48.12027]},"properties":{"id":"poi_n4286290669","name":"Miss Lilly's","kind":"restaurant","at":[48.12027,11.57405],"osm_id":"node/4286290669","open_horizon":false,"views":"[{\"sightline_id\": \"sl_5346ff63\", \"toward\": \"a\", \"distance_m\": 31.4}, {\"sightline_id\": \"sl_5346ff63\", \"toward\": \"b\", \"distance_m\": 31.4}]","tags":"{\"opening_hours\": \"We-Sa 10:00-24:00; Tu,Su 10:00-18:00\", \"outdoor_seating\": \"yes\", \"website\": \"https://www.misslillys.de/\"}","marker-color":"#1f78b4"}},
{"type":"Feature","geometry":{"type":"Point","coordinates":[11.56362,48.15142]},"properties":{"id":"poi_n428724702","name":"Harlekin","kind":"restaurant","at":[48.15142,11.56362],"osm_id":"node/428724702","open_horizon":false,"views":"[{\"sightline_id\": \"sl_6a30d50e\", \"toward\": \"a\", \"distance_m\": 13.6}, {\"sightline_id\": \"sl_6a30d50e\", \"toward\": \"b\", \"distance_m\": 13.6}]","tags":"{\"cuisine\": \"german\", \"opening_hours\": \"Mo-Th 11:00-01:00, Fr 11:00-03:00, Sa 10:00-03:00, Su 10:00-01:00\", \"outdoor_seating\": \"yes\"}","marker-color":"#1f78b4"}},
{"type":"Feature","geometry":{"type":"Point","coordinates":[11.56324,48.15153]},"properties":{"id":"poi_n428725073","name":"Tio","kind":"restaurant","at":[48.15153,11.56324],"osm_id":"node/428725073","open_horizon":false,"views":"[{\"sightline_id\": \"sl_6a30d50e\", \"toward\": \"a\", \"distance_m\": 13.5}, {\"sightline_id\": \"sl_6a30d50e\", \"toward\": \"b\", \"distance_m\": 13.5}]","tags":"{\"opening_hours\": \"Mo-Th 18:00-24:00, Fr,Sa 18:00-01:00, Su 18:00-23:00\", \"outdoor_seating\": \"yes\"}","marker-color":"#1f78b4"}},
{"type":"Feature","geometry":{"type":"Point","coordinates":[11.56288,48.15164]},"properties":{"id":"poi_n428725087","name":"Kims Restaurant","kind":"restaurant","at":[48.15164,11.56288],"osm_id":"node/428725087","open_horizon":false,"views":"[{\"sightline_id\": \"sl_6a30d50e\", \"toward\": \"a\", \"distance_m\": 14.1}, {\"sightline_id\": \"sl_6a30d50e\", \"toward\": \"b\", \"distance_m\": 14.1}, {\"sightline_id\": \"sl_b278f824\", \"toward\": \"a\", \"distance_m\": 31.3}]","tags":"{\"cuisine\": \"korean\", \"opening_hours\": \"Tu-Su 11:30-14:30,18:00-23:00\", \"outdoor_seating\": \"no\"}","marker-color":"#1f78b4"}},
{"type":"Feature","geometry":{"type":"Point","coordinates":[11.57266,48.15717]},"properties":{"id":"poi_n429571951","name":"Cicchetti & Vino","kind":"restaurant","at":[48.15717,11.57266],"osm_id":"node/429571951","open_horizon":false,"views":"[{\"sightline_id\": \"sl_4143d534\", \"toward\": \"a\", \"distance_m\": 18.2}]","tags":"{\"opening_hours\": \"Tu-Fr 17:00-23:00; Sa 13:00-23:00\", \"phone\": \"+49 89 97367314\", \"website\": \"https://www.cicchetti-und-vino.de/\"}","marker-color":"#1f78b4"}},
{"type":"Feature","geometry":{"type":"Point","coordinates":[11.57074,48.15724]},"properties":{"id":"poi_n429571952","name":"Agnes Neun","kind":"restaurant","at":[48.15724,11.57074],"osm_id":"node/429571952","open_horizon":false,"views":"[{\"sightline_id\": \"sl_4143d534\", \"toward\": \"a\", \"distance_m\": 1.2}, {\"sightline_id\": \"sl_4143d534\", \"toward\": \"b\", \"distance_m\": 1.2}, {\"sightline_id\": \"sl_8d8d5983\", \"toward\": \"a\", \"distance_m\": 30.0}, {\"sightline_id\": \"sl_8d8d5983\", \"toward\": \"b\", \"distance_m\": 30.0}]","tags":"{\"cuisine\": \"german\", \"opening_hours\": \"Mo-Th 17:00-24:00; Fr,Sa 17:00-01:00; Su off\", \"outdoor_seating\": \"sidewalk\"}","marker-color":"#1f78b4"}},
{"type":"Feature","geometry":{"type":"Point","coordinates":[11.56535,48.15975]},"properties":{"id":"poi_n429571958","name":"L'Osteria","kind":"restaurant","at":[48.15975,11.56535],"osm_id":"node/429571958","open_horizon":false,"views":"[{\"sightline_id\": \"sl_3e068e52\", \"toward\": \"a\", \"distance_m\": 25.1}, {\"sightline_id\": \"sl_60230ee7\", \"toward\": \"a\", \"distance_m\": 32.1}, {\"sightline_id\": \"sl_60230ee7\", \"toward\": \"b\", \"distance_m\": 32.1}]","tags":"{\"cuisine\": \"italian\", \"opening_hours\": \"Mo-Th 11:30-23:00; Fr,Sa 11:30-24:00; PH,Su 12:00-23:00\", \"outdoor_seating\": \"yes\"}","marker-color":"#1f78b4"}},
{"type":"Feature","geometry":{"type":"Point","coordinates":[11.59789,48.12986]},"properties":{"id":"poi_n4305753997","name":"Nana","kind":"restaurant","at":[48.12986,11.59789],"osm_id":"node/4305753997","open_horizon":false,"views":"[{\"sightline_id\": \"sl_8ae12373\", \"toward\": \"a\", \"distance_m\": 10.3}, {\"sightline_id\": \"sl_8ae12373\", \"toward\": \"b\", \"distance_m\": 10.3}, {\"sightline_id\": \"sl_ce9232c8\", \"toward\": \"a\", \"distance_m\": 19.2}, {\"sightline_id\": \"sl_ce9232c8\", \"toward\": \"b\", \"distance_m\": 19.2}]","tags":"{\"cuisine\": \"israeli\", \"opening_hours\": \"Mo-Th 17:00-00:00; Fr-Sa 12:00-00:00; Su 12:00-22:00\", \"outdoor_seating\": \"yes\", \"phone\": \"+49 89 44499633\", \"website\": \"https://nana-muenchen.de/\"}","marker-color":"#1f78b4"}},
{"type":"Feature","geometry":{"type":"Point","coordinates":[11.5927,48.16854]},"properties":{"id":"poi_n431021068","name":"Da Fausto","kind":"restaurant","at":[48.16854,11.5927],"osm_id":"node/431021068","open_horizon":false,"views":"[{\"sightline_id\": \"sl_b0b201f2\", \"toward\": \"a\", \"distance_m\": 21.9}, {\"sightline_id\": \"sl_b0b201f2\", \"toward\": \"b\", \"distance_m\": 21.9}]","tags":"{\"opening_hours\": \"Mo-Sa 17:30-22:30, Mo-Fr 11:30-14:30\", \"website\": \"http://www.da-fausto.de/\"}","marker-color":"#1f78b4"}},
{"type":"Feature","geometry":{"type":"Point","coordinates":[11.55833,48.14563]},"properties":{"id":"poi_n4310480112","name":"Ballabeni Icecream Werkstatt","kind":"ice_cream","at":[48.14563,11.55833],"osm_id":"node/4310480112","open_horizon":false,"views":"[{\"sightline_id\": \"sl_4aad668f\", \"toward\": \"a\", \"distance_m\": 8.8}, {\"sightline_id\": \"sl_92fc0adb\", \"toward\": \"a\", \"distance_m\": 13.4}, {\"sightline_id\": \"sl_92fc0adb\", \"toward\": \"b\", \"distance_m\": 13.4}, {\"sightline_id\": \"sl_0be9c815\", \"toward\": \"b\", \"distance_m\": 28.7}]","tags":"{\"opening_hours\": \"Mo-Fr 11:30-21:00; Sa,Su,PH 12:00-21:00\", \"outdoor_seating\": \"yes\"}","marker-color":"#1f78b4"}},
{"type":"Feature","geometry":{"type":"Point","coordinates":[11.56394,48.15103]},"properties":{"id":"poi_n4311689762","name":"Höflinger","kind":"cafe","at":[48.15103,11.56394],"osm_id":"node/4311689762","open_horizon":false,"views":"[{\"sightline_id\": \"sl_229e7580\", \"toward\": \"a\", \"distance_m\": 17.2}, {\"sightline_id\": \"sl_229e7580\", \"toward\": \"b\", \"distance_m\": 17.2}, {\"sightline_id\": \"sl_6a30d50e\", \"toward\": \"a\", \"distance_m\": 17.2}, {\"sightline_id\": \"sl_6a30d50e\", \"toward\": \"b\", \"distance_m\": 17.2}]","tags":"{\"opening_hours\": \"Mo-Fr 07:00-19:00; Sa 07:30-18:00; Su 08:00-18:00\", \"outdoor_seating\": \"sidewalk\"}","marker-color":"#1f78b4"}},
{"type":"Feature","geometry":{"type":"Point","coordinates":[11.59395,48.1697]},"properties":{"id":"poi_n431390394","name":"Stengelhof","kind":"restaurant","at":[48.1697,11.59395],"osm_id":"node/431390394","open_horizon":false,"views":"[{\"sightline_id\": \"sl_b0b201f2\", \"toward\": \"a\", \"distance_m\": 22.3}, {\"sightline_id\": \"sl_b0b201f2\", \"toward\": \"b\", \"distance_m\": 22.3}]","tags":"{\"opening_hours\": \"Mo-Fr 11:30-15:00,17:00-24:00, Sa 16:00-24:00, Su 11:30-24:00\", \"phone\": \"+498936105105\"}","marker-color":"#1f78b4"}},
{"type":"Feature","geometry":{"type":"Point","coordinates":[11.59593,48.13124]},"properties":{"id":"poi_n431465139","name":"Vinaiolo","kind":"restaurant","at":[48.13124,11.59593],"osm_id":"node/431465139","open_horizon":false,"views":"[{\"sightline_id\": \"sl_ce9232c8\", \"toward\": \"b\", \"distance_m\": 32.5}]","tags":"{\"opening_hours\": \"Mo-Fr 12:00-15:00, Mo-Sa 18:30-24:00; Su off\", \"website\": \"https://www.vinaiolo.de/\"}","marker-color":"#1f78b4"}},
{"type":"Feature","geometry":{"type":"Point","coordinates":[11.5884,48.13144]},"properties":{"id":"poi_n4315501594","name":"Grazia","kind":"restaurant","at":[48.13144,11.5884],"osm_id":"node/4315501594","open_horizon":false,"views":"[{\"sightline_id\": \"sl_321d09fb\", \"toward\": \"a\", \"distance_m\": 20.1}]","tags":"{\"cuisine\": \"pizza\", \"opening_hours\": \"Tu-Su 17:00-24:00; Mo off\", \"outdoor_seating\": \"sidewalk\"}","marker-color":"#1f78b4"}},
{"type":"Feature","geometry":{"type":"Point","coordinates":[11.59537,48.13387]},"properties":{"id":"poi_n4315516695","name":"Mahun","kind":"restaurant","at":[48.13387,11.59537],"osm_id":"node/4315516695","open_horizon":false,"views":"[{\"sightline_id\": \"sl_be141589\", \"toward\": \"a\", \"distance_m\": 5.9}]","tags":"{\"cuisine\": \"asian;sushi\", \"opening_hours\": \"Mo-Fr 11:00-15:00,17:00-22:00; Sa 17:00-22:00; Su,PH 12:00-22:00\", \"phone\": \"+49 89 3883 1999\", \"website\": \"https://www.mahun-restaurant.de\"}","marker-color":"#1f78b4"}},
{"type":"Feature","geometry":{"type":"Point","coordinates":[11.57888,48.16591]},"properties":{"id":"poi_n431619630","name":"Rota","kind":"restaurant","at":[48.16591,11.57888],"osm_id":"node/431619630","open_horizon":false,"views":"[{\"sightline_id\": \"sl_a7048846\", \"toward\": \"a\", \"distance_m\": 14.3}, {\"sightline_id\": \"sl_a7048846\", \"toward\": \"b\", \"distance_m\": 14.3}]","tags":"{\"cuisine\": \"japanese\", \"opening_hours\": \"Tu-Su 11:30-14:30, 17:30-23:00, Mo off\", \"outdoor_seating\": \"yes\"}","marker-color":"#1f78b4"}},
{"type":"Feature","geometry":{"type":"Point","coordinates":[11.5502,48.18632]},"properties":{"id":"poi_n4318767535","name":"Classic Café","kind":"cafe","at":[48.18632,11.5502],"osm_id":"node/4318767535","open_horizon":false,"views":"[{\"sightline_id\": \"sl_8cf29e1f\", \"toward\": \"b\", \"distance_m\": 19.6}]","tags":"{\"opening_hours\": \"Mo-Th 09:00-17:00; Fr 09:00-15:00; Sa,Su,PH closed\", \"website\": \"https://feinkost-kaefer.de/pages/bmwgroupclassic\"}","marker-color":"#1f78b4"}},
{"type":"Feature","geometry":{"type":"Point","coordinates":[11.56378,48.14891]},"properties":{"id":"poi_n4321218569","name":"Mr. Pancake","kind":"restaurant","at":[48.14891,11.56378],"osm_id":"node/4321218569","open_horizon":false,"views":"[{\"sightline_id\": \"sl_c6924d7e\", \"toward\": \"a\", \"distance_m\": 14.2}, {\"sightline_id\": \"sl_c6924d7e\", \"toward\": \"b\", \"distance_m\": 14.2}]","tags":"{\"cuisine\": \"pancake\", \"opening_hours\": \"Mo-Fr 09:00-16:00; Sa,Su 09:00-17:00\", \"outdoor_seating\": \"yes\"}","marker-color":"#1f78b4"}},
{"type":"Feature","geometry":{"type":"Point","coordinates":[11.53935,48.13244]},"properties":{"id":"poi_n4321542450","name":"Café Nido","kind":"cafe","at":[48.13244,11.53935],"osm_id":"node/4321542450","open_horizon":false,"views":"[{\"sightline_id\": \"sl_80678b5a\", \"toward\": \"a\", \"distance_m\": 12.0}, {\"sightline_id\": \"sl_80678b5a\", \"toward\": \"b\", \"distance_m\": 12.0}]","tags":"{\"opening_hours\": \"Mo-Fr 07:30-19:00; Sa 08:30-16:00\", \"outdoor_seating\": \"yes\"}","marker-color":"#1f78b4"}},
{"type":"Feature","geometry":{"type":"Point","coordinates":[11.55297,48.15445]},"properties":{"id":"poi_n4322460004","name":"Mama's Küche Streetfood","kind":"restaurant","at":[48.15445,11.55297],"osm_id":"node/4322460004","open_horizon":false,"views":"[{\"sightline_id\": \"sl_4cac06f4\", \"toward\": \"a\", \"distance_m\": 23.9}, {\"sightline_id\": \"sl_4cac06f4\", \"toward\": \"b\", \"distance_m\": 23.9}]","tags":"{}","marker-color":"#1f78b4"}},
{"type":"Feature","geometry":{"type":"Point","coordinates":[11.57568,48.157]},"properties":{"id":"poi_n432654030","name":"Tira tardi","kind":"restaurant","at":[48.157,11.57568],"osm_id":"node/432654030","open_horizon":false,"views":"[{\"sightline_id\": \"sl_8e8aca80\", \"toward\": \"a\", \"distance_m\": 7.4}, {\"sightline_id\": \"sl_8e8aca80\", \"toward\": \"b\", \"distance_m\": 7.4}, {\"sightline_id\": \"sl_8f7da990\", \"toward\": \"a\", \"distance_m\": 39.2}, {\"sightline_id\": \"sl_8f7da990\", \"toward\": \"b\", \"distance_m\": 39.2}]","tags":"{\"opening_hours\": \"Mo-Fr 11:30-14:30,18:00-23:00; PH 18:00-23:00; Sa-Su off\", \"outdoor_seating\": \"terrace\"}","marker-color":"#1f78b4"}},
{"type":"Feature","geometry":{"type":"Point","coordinates":[11.5761,48.15647]},"properties":{"id":"poi_n432654032","name":"La Stella","kind":"restaurant","at":[48.15647,11.5761],"osm_id":"node/432654032","open_horizon":false,"views":"[{\"sightline_id\": \"sl_8e8aca80\", \"toward\": \"a\", \"distance_m\": 16.6}, {\"sightline_id\": \"sl_8e8aca80\", \"toward\": \"b\", \"distance_m\": 16.6}]","tags":"{\"cuisine\": \"italian\", \"opening_hours\": \"Tu-Su 11:30-14:30, 18:00-22:00; Mo off\", \"outdoor_seating\": \"sidewalk\"}","marker-color":"#1f78b4"}},
{"type":"Feature","geometry":{"type":"Point","coordinates":[11.57577,48.15651]},"properties":{"id":"poi_n432654033","name":"Rheinpfalz","kind":"pub","at":[48.15651,11.57577],"osm_id":"node/432654033","open_horizon":false,"views":"[{\"sightline_id\": \"sl_8e8aca80\", \"toward\": \"a\", \"distance_m\": 7.2}, {\"sightline_id\": \"sl_8e8aca80\", \"toward\": \"b\", \"distance_m\": 7.2}]","tags":"{\"opening_hours\": \"Mo-Sa 18:00+; Su,PH off\"}","marker-color":"#1f78b4"}},
{"type":"Feature","geometry":{"type":"Point","coordinates":[11.57582,48.15625]},"properties":{"id":"poi_n432654034","name":"Brothers","kind":"restaurant","at":[48.15625,11.57582],"osm_id":"node/432654034","open_horizon":false,"views":"[{\"sightline_id\": \"sl_8e8aca80\", \"toward\": \"a\", \"distance_m\": 7.5}, {\"sightline_id\": \"sl_8e8aca80\", \"toward\": \"b\", \"distance_m\": 7.5}]","tags":"{\"opening_hours\": \"Tu-Th 18:30-24:00; Fr 19:00-24:00\"}","marker-color":"#1f78b4"}},
{"type":"Feature","geometry":{"type":"Point","coordinates":[11.5762,48.15596]},"properties":{"id":"poi_n432654035","name":"Rose","kind":"restaurant","at":[48.15596,11.5762],"osm_id":"node/432654035","open_horizon":false,"views":"[{\"sightline_id\": \"sl_8e8aca80\", \"toward\": \"a\", \"distance_m\": 16.6}, {\"sightline_id\": \"sl_8e8aca80\", \"toward\": \"b\", \"distance_m\": 16.6}]","tags":"{\"opening_hours\": \"Tu-Su 17:30-01:00; Mo Off\"}","marker-color":"#1f78b4"}},
{"type":"Feature","geometry":{"type":"Point","coordinates":[11.57983,48.16007]},"properties":{"id":"poi_n432654036","name":"Lorenzo Corno","kind":"ice_cream","at":[48.16007,11.57983],"osm_id":"node/432654036","open_horizon":false,"views":"[{\"sightline_id\": \"sl_23ae6155\", \"toward\": \"a\", \"distance_m\": 7.1}, {\"sightline_id\": \"sl_23ae6155\", \"toward\": \"b\", \"distance_m\": 7.1}]","tags":"{\"opening_hours\": \"12:00-22:30\", \"outdoor_seating\": \"no\"}","marker-color":"#1f78b4"}},
{"type":"Feature","geometry":{"type":"Point","coordinates":[11.57445,48.15313]},"properties":{"id":"poi_n433732738","name":"Lyamour","kind":"restaurant","at":[48.15313,11.57445],"osm_id":"node/433732738","open_horizon":false,"views":"[{\"sightline_id\": \"sl_cfd8afe9\", \"toward\": \"a\", \"distance_m\": 10.2}, {\"sightline_id\": \"sl_cfd8afe9\", \"toward\": \"b\", \"distance_m\": 10.2}, {\"sightline_id\": \"sl_950d235f\", \"toward\": \"a\", \"distance_m\": 26.7}, {\"sightline_id\": \"sl_950d235f\", \"toward\": \"b\", \"distance_m\": 26.7}]","tags":"{\"cuisine\": \"vietnamese\", \"opening_hours\": \"Mo-Su 11:30-15:00,17:00-22:30\"}","marker-color":"#1f78b4"}},
{"type":"Feature","geometry":{"type":"Point","coordinates":[11.57386,48.15166]},"properties":{"id":"poi_n433732740","name":"CoCo Fresh Tea & Juice","kind":"cafe","at":[48.15166,11.57386],"osm_id":"node/433732740","open_horizon":false,"views":"[{\"sightline_id\": \"sl_3c62cbbd\", \"toward\": \"b\", \"distance_m\": 12.9}, {\"sightline_id\": \"sl_cfd8afe9\", \"toward\": \"a\", \"distance_m\": 13.3}, {\"sightline_id\": \"sl_cfd8afe9\", \"toward\": \"b\", \"distance_m\": 13.3}]","tags":"{\"cuisine\": \"bubble_tea\", \"opening_hours\": \"Mo-Th 17:00-23:00, Fr-Sa 17:00-02:00\", \"outdoor_seating\": \"yes\", \"phone\": \"+49 89 2877 7360\", \"website\": \"https://coco-munich.de/\"}","marker-color":"#1f78b4"}},
{"type":"Feature","geometry":{"type":"Point","coordinates":[11.5719,48.15801]},"properties":{"id":"poi_n433909587","name":"Morso Cafe","kind":"cafe","at":[48.15801,11.5719],"osm_id":"node/433909587","open_horizon":false,"views":"[{\"sightline_id\": \"sl_8d8d5983\", \"toward\": \"a\", \"distance_m\": 16.7}, {\"sightline_id\": \"sl_8d8d5983\", \"toward\": \"b\", \"distance_m\": 16.7}]","tags":"{\"cuisine\": \"italian\", \"opening_hours\": \"Mo-Su,PH 08:00-18:00\", \"outdoor_seating\": \"yes\"}","marker-color":"#1f78b4"}},
{"type":"Feature","geometry":{"type":"Point","coordinates":[11.57054,48.15593]},"properties":{"id":"poi_n433909590","name":"Cafe Clara","kind":"cafe","at":[48.15593,11.57054],"osm_id":"node/433909590","open_horizon":false,"views":"[{\"sightline_id\": \"sl_8d8d5983\", \"toward\": \"a\", \"distance_m\": 13.3}]","tags":"{\"opening_hours\": \"Mo-Su 09:30-19:00\", \"outdoor_seating\": \"sidewalk\"}","marker-color":"#1f78b4"}},
{"type":"Feature","geometry":{"type":"Point","coordinates":[11.57038,48.15567]},"properties":{"id":"poi_n433909594","name":"Salon Irkutsk","kind":"pub","at":[48.15567,11.57038],"osm_id":"node/433909594","open_horizon":false,"views":"[{\"sightline_id\": \"sl_8d8d5983\", \"toward\": \"a\", \"distance_m\": 13.3}, {\"sightline_id\": \"sl_f1c85e2a\", \"toward\": \"b\", \"distance_m\": 35.1}]","tags":"{\"cuisine\": \"russian\", \"opening_hours\": \"Mo-Su 17:00-01:00; Sa 17:00-03:00\", \"outdoor_seating\": \"yes\"}","marker-color":"#1f78b4"}},
{"type":"Feature","geometry":{"type":"Point","coordinates":[11.56344,48.16175]},"properties":{"id":"poi_n433909601","name":"Mataji's Kitchen","kind":"restaurant","at":[48.16175,11.56344],"osm_id":"node/433909601","open_horizon":false,"views":"[{\"sightline_id\": \"sl_bc70167d\", \"toward\": \"a\", \"distance_m\": 8.2}, {\"sightline_id\": \"sl_bc70167d\", \"toward\": \"b\", \"distance_m\": 8.2}, {\"sightline_id\": \"sl_ef4f8b5c\", \"toward\": \"a\", \"distance_m\": 17.0}, {\"sightline_id\": \"sl_ef4f8b5c\", \"toward\": \"b\", \"distance_m\": 17.0}]","tags":"{\"cuisine\": \"indian\", \"opening_hours\": \"Mo-Fr 11:30-15:00,17:30-23:00; Sa-Su 12:30-23:00\"}","marker-color":"#1f78b4"}},
{"type":"Feature","geometry":{"type":"Point","coordinates":[11.56351,48.1621]},"properties":{"id":"poi_n433909605","name":"Treffpunkt SportBar","kind":"bar","at":[48.1621,11.56351],"osm_id":"node/433909605","open_horizon":false,"views":"[{\"sightline_id\": \"sl_bc70167d\", \"toward\": \"a\", \"distance_m\": 9.8}, {\"sightline_id\": \"sl_bc70167d\", \"toward\": \"b\", \"distance_m\": 9.8}, {\"sightline_id\": \"sl_ef4f8b5c\", \"toward\": \"a\", \"distance_m\": 19.6}, {\"sightline_id\": \"sl_ef4f8b5c\", \"toward\": \"b\", \"distance_m\": 19.6}]","tags":"{\"opening_hours\": \"Su-We 10:00-00:00; Th-Sa 10:00+\", \"outdoor_seating\": \"yes\", \"website\": \"https://treffpunkt-sportsbar.de/\"}","marker-color":"#1f78b4"}},
{"type":"Feature","geometry":{"type":"Point","coordinates":[11.56454,48.1633]},"properties":{"id":"poi_n433909623","name":"Ha Veggie","kind":"restaurant","at":[48.1633,11.56454],"osm_id":"node/433909623","open_horizon":false,"views":"[{\"sightline_id\": \"sl_ef4f8b5c\", \"toward\": \"a\", \"distance_m\": 28.4}, {\"sightline_id\": \"sl_ef4f8b5c\", \"toward\": \"b\", \"distance_m\": 28.4}]","tags":"{\"cuisine\": \"vietnamese\", \"opening_hours\": \"Mo-Fr 11:30-23:00; Sa,Su,PH 12:30-23:00\"}","marker-color":"#1f78b4"}},
{"type":"Feature","geometry":{"type":"Point","coordinates":[11.56291,48.16115]},"properties":{"id":"poi_n433909628","name":"D’oro","kind":"restaurant","at":[48.16115,11.56291],"osm_id":"node/433909628","open_horizon":false,"views":"[{\"sightline_id\": \"sl_bc70167d\", \"toward\": \"b\", \"distance_m\": 35.5}]","tags":"{\"cuisine\": \"pizza\", \"opening_hours\": \"Tu-Th 11:00-22:00; Fr-Su 09:00-22:00; Mo off\", \"outdoor_seating\": \"yes\"}","marker-color":"#1f78b4"}},
{"type":"Feature","geometry":{"type":"Point","coordinates":[11.56234,48.16157]},"properties":{"id":"poi_n433909640","name":"Winz Bar","kind":"pub","at":[48.16157,11.56234],"osm_id":"node/433909640","open_horizon":false,"views":"[{\"sightline_id\": \"sl_cd61fdb4\", \"toward\": \"a\", \"distance_m\": 25.9}, {\"sightline_id\": \"sl_cd61fdb4\", \"toward\": \"b\", \"distance_m\": 25.9}]","tags":"{\"opening_hours\": \"Mo-Sa 15:00-01:00; Su,PH off\", \"outdoor_seating\": \"yes\"}","marker-color":"#1f78b4"}},
{"type":"Feature","geometry":{"type":"Point","coordinates":[11.56233,48.16146]},"properties":{"id":"poi_n433909642","name":"Soleto","kind":"pub","at":[48.16146,11.56233],"osm_id":"node/433909642","open_horizon":false,"views":"[{\"sightline_id\": \"sl_cd61fdb4\", \"toward\": \"a\", \"distance_m\": 28.5}, {\"sightline_id\": \"sl_cd61fdb4\", \"toward\": \"b\", \"distance_m\": 28.5}]","tags":"{\"opening_hours\": \"Mo-Fr 16:00-01:00, Sa,Su 13:00-02:00\", \"outdoor_seating\": \"yes\"}","marker-color":"#1f78b4"}},
{"type":"Feature","geometry":{"type":"Point","coordinates":[11.56084,48.15758]},"properties":{"id":"poi_n433909667","name":"Il Borgo","kind":"restaurant","at":[48.15758,11.56084],"osm_id":"node/433909667","open_horizon":false,"views":"[{\"sightline_id\": \"sl_cd61fdb4\", \"toward\": \"a\", \"distance_m\": 21.8}, {\"sightline_id\": \"sl_cd61fdb4\", \"toward\": \"b\", \"distance_m\": 21.8}]","tags":"{\"cuisine\": \"italian\", \"opening_hours\": \"Tu-Fr 12:00-14:30; Tu-Sa,PH 18:00-23:30; Su-Mo off\"}","marker-color":"#1f78b4"}},
{"type":"Feature","geometry":{"type":"Point","coordinates":[11.56162,48.15623]},"properties":{"id":"poi_n433909669","name":"Osteria Blu Notte","kind":"restaurant","at":[48.15623,11.56162],"osm_id":"node/433909669","open_horizon":false,"views":"[{\"sightline_id\": \"sl_cda6fb02\", \"toward\": \"a\", \"distance_m\": 12.6}, {\"sightline_id\": \"sl_d1452881\", \"toward\": \"a\", \"distance_m\": 13.6}, {\"sightline_id\": \"sl_d1452881\", \"toward\": \"b\", \"distance_m\": 13.6}]","tags":"{\"cuisine\": \"italian\", \"opening_hours\": \"Tu-Sa 17:30-24:00; Su-Mo off\"}","marker-color":"#1f78b4"}},
{"type":"Feature","geometry":{"type":"Point","coordinates":[11.47596,48.16427]},"properties":{"id":"poi_n435590944","name":"Zum grünen Baum","kind":"restaurant","at":[48.16427,11.47596],"osm_id":"node/435590944","open_horizon":false,"views":"[{\"sightline_id\": \"sl_19b965b3\", \"toward\": \"a\", \"distance_m\": 13.5}, {\"sightline_id\": \"sl_19b965b3\", \"toward\": \"b\", \"distance_m\": 13.5}]","tags":"{\"opening_hours\": \"Mo-Su 12:00-23:00\", \"outdoor_seating\": \"yes\", \"phone\": \"+49 89 81089314\", \"website\": \"http://www.gruenerbaum-muenchen.de/\"}","marker-color":"#1f78b4"}},
{"type":"Feature","geometry":{"type":"Point","coordinates":[11.56622,48.12374]},"properties":{"id":"poi_n4356596896","name":"Domori Natureis & Konditorei","kind":"ice_cream","at":[48.12374,11.56622],"osm_id":"node/4356596896","open_horizon":false,"views":"[{\"sightline_id\": \"sl_e5506831\", \"toward\": \"a\", \"distance_m\": 14.6}]","tags":"{\"cuisine\": \"coffee_shop;cake;ice_cream\", \"opening_hours\": \"Tu-Su 11:00-22:00; PH off\"}","marker-color":"#1f78b4"}},
{"type":"Feature","geometry":{"type":"Point","coordinates":[11.5642,48.14365]},"properties":{"id":"poi_n4356624237","name":"BaalBek","kind":"restaurant","at":[48.14365,11.5642],"osm_id":"node/4356624237","open_horizon":false,"views":"[{\"sightline_id\": \"sl_92fc0adb\", \"toward\": \"a\", \"distance_m\": 13.6}, {\"sightline_id\": \"sl_92fc0adb\", \"toward\": \"b\", \"distance_m\": 13.6}]","tags":"{\"cuisine\": \"lebanese\", \"opening_hours\": \"Su-Sa 15:00-23:00\", \"outdoor_seating\": \"yes\"}","marker-color":"#1f78b4"}},
{"type":"Feature","geometry":{"type":"Point","coordinates":[11.46677,48.16355]},"properties":{"id":"poi_n436621529","name":"Sportgaststätte Obermenzing","kind":"restaurant","at":[48.16355,11.46677],"osm_id":"node/436621529","open_horizon":false,"views":"[{\"sightline_id\": \"sl_bf499793\", \"toward\": \"b\", \"distance_m\": 35.8}]","tags":"{\"phone\": \"+49 89 8112 328\"}","marker-color":"#1f78b4"}},
{"type":"Feature","geometry":{"type":"Point","coordinates":[11.5865,48.16689]},"properties":{"id":"poi_n4368493011","name":"Pils-Doktor","kind":"bar","at":[48.16689,11.5865],"osm_id":"node/4368493011","open_horizon":false,"views":"[{\"sightline_id\": \"sl_1cf54481\", \"toward\": \"a\", \"distance_m\": 9.9}, {\"sightline_id\": \"sl_1cf54481\", \"toward\": \"b\", \"distance_m\": 9.9}]","tags":"{\"opening_hours\": \"Mo-Th 18:00-04:00, Fr,Sa,PH 18:00-06:00, Su 18:00-02:00\"}","marker-color":"#1f78b4"}},
{"type":"Feature","geometry":{"type":"Point","coordinates":[11.57546,48.1286]},"properties":{"id":"poi_n437545881","name":"Gioia","kind":"restaurant","at":[48.1286,11.57546],"osm_id":"node/437545881","open_horizon":false,"views":"[{\"sightline_id\": \"sl_195c0dd2\", \"toward\": \"b\", \"distance_m\": 14.8}]","tags":"{\"cuisine\": \"pizza;italian;burger;pasta\", \"opening_hours\": \"Mo-Th 10:00-23:00; Fr-Sa 09:00-24:00; Su 09:00-23:00\"}","marker-color":"#1f78b4"}},
{"type":"Feature","geometry":{"type":"Point","coordinates":[11.53611,48.15025]},"properties":{"id":"poi_n4379076192","name":"Kitchen 2 Soul","kind":"cafe","at":[48.15025,11.53611],"osm_id":"node/4379076192","open_horizon":false,"views":"[{\"sightline_id\": \"sl_ce3f5da5\", \"toward\": \"b\", \"distance_m\": 16.4}, {\"sightline_id\": \"sl_457750b8\", \"toward\": \"a\", \"distance_m\": 35.0}, {\"sightline_id\": \"sl_457750b8\", \"toward\": \"b\", \"distance_m\": 35.0}]","tags":"{\"opening_hours\": \"Tu-Th 10:00-19:00; Fr 10:00-20:00; Sa 10:00-16:00\", \"outdoor_seating\": \"yes\", \"website\": \"https://www.kitchen2soul.com\"}","marker-color":"#1f78b4"}},
{"type":"Feature","geometry":{"type":"Point","coordinates":[11.56033,48.14284]},"properties":{"id":"poi_n4381075400","name":"California Bean","kind":"cafe","at":[48.14284,11.56033],"osm_id":"node/4381075400","open_horizon":false,"views":"[{\"sightline_id\": \"sl_76e2b5ac\", \"toward\": \"b\", \"distance_m\": 38.8}]","tags":"{\"cuisine\": \"american;coffee_shop\", \"opening_hours\": \"Mo-Su 06:30-16:00\", \"outdoor_seating\": \"no\"}","marker-color":"#1f78b4"}},
{"type":"Feature","geometry":{"type":"Point","coordinates":[11.58204,48.16108]},"properties":{"id":"poi_n4381195542","name":"Cochinchina","kind":"restaurant","at":[48.16108,11.58204],"osm_id":"node/4381195542","open_horizon":false,"views":"[{\"sightline_id\": \"sl_98abdad3\", \"toward\": \"b\", \"distance_m\": 13.7}]","tags":"{\"cuisine\": \"vietnamese\", \"opening_hours\": \"Su-Sa 11:30-14:30, 18:00-00:00\", \"phone\": \"+49 89 389 895 77\", \"website\": \"https://cochinchina.de/\"}","marker-color":"#1f78b4"}},
{"type":"Feature","geometry":{"type":"Point","coordinates":[11.59318,48.10524]},"properties":{"id":"poi_n4382568093","name":"Pizzeria Portofino","kind":"restaurant","at":[48.10524,11.59318],"osm_id":"node/4382568093","open_horizon":false,"views":"[{\"sightline_id\": \"sl_8c059e5f\", \"toward\": \"a\", \"distance_m\": 15.4}]","tags":"{\"cuisine\": \"italian\", \"opening_hours\": \"Mo-Su 11:00-22:00\", \"outdoor_seating\": \"yes\", \"phone\": \"+49 89 92772493\", \"website\": \"https://www.portofino-ristorante-pizzeria.de/\"}","marker-color":"#1f78b4"}},
{"type":"Feature","geometry":{"type":"Point","coordinates":[11.56469,48.15674]},"properties":{"id":"poi_n4394675789","name":"Baci Baci","kind":"cafe","at":[48.15674,11.56469],"osm_id":"node/4394675789","open_horizon":false,"views":"[{\"sightline_id\": \"sl_5a4863fc\", \"toward\": \"a\", \"distance_m\": 17.2}]","tags":"{\"cuisine\": \"italian\", \"opening_hours\": \"Tu-Th,Su 09:00-18:30; Fr-Sa 09:00-20:30\"}","marker-color":"#1f78b4"}},
{"type":"Feature","geometry":{"type":"Point","coordinates":[11.54378,48.12205]},"properties":{"id":"poi_n4411550996","name":"Doan","kind":"restaurant","at":[48.12205,11.54378],"osm_id":"node/4411550996","open_horizon":false,"views":"[{\"sightline_id\": \"sl_f6d0b0ad\", \"toward\": \"b\", \"distance_m\": 10.8}]","tags":"{\"cuisine\": \"vietnamese\", \"opening_hours\": \"PH,Mo-Su 11:30-23:30\", \"outdoor_seating\": \"yes\"}","marker-color":"#1f78b4"}},
{"type":"Feature","geometry":{"type":"Point","coordinates":[11.56193,48.16614]},"properties":{"id":"poi_n441177812","name":"Hofbräu am Oberwiesenfeld","kind":"restaurant","at":[48.16614,11.56193],"osm_id":"node/441177812","open_horizon":false,"views":"[{\"sightline_id\": \"sl_05c4026f\", \"toward\": \"a\", \"distance_m\": 19.5}, {\"sightline_id\": \"sl_05c4026f\", \"toward\": \"b\", \"distance_m\": 19.5}]","tags":"{\"cuisine\": \"regional\", \"opening_hours\": \"Mo-Su,PH 11:00-24:00\", \"outdoor_seating\": \"yes\"}","marker-color":"#1f78b4"}},
{"type":"Feature","geometry":{"type":"Point","coordinates":[11.57156,48.16372]},"properties":{"id":"poi_n441299275","name":"Jadou","kind":"restaurant","at":[48.16372,11.57156],"osm_id":"node/441299275","open_horizon":false,"views":"[{\"sightline_id\": \"sl_ba56d719\", \"toward\": \"a\", \"distance_m\": 5.6}, {\"sightline_id\": \"sl_ba56d719\", \"toward\": \"b\", \"distance_m\": 5.6}]","tags":"{\"cuisine\": \"oriental\", \"opening_hours\": \"17:00-23:00\", \"phone\": \"+49 89 75979929\"}","marker-color":"#1f78b4"}},
{"type":"Feature","geometry":{"type":"Point","coordinates":[11.58141,48.16616]},"properties":{"id":"poi_n441299287","name":"Da Larosa","kind":"restaurant","at":[48.16616,11.58141],"osm_id":"node/441299287","open_horizon":false,"views":"[{\"sightline_id\": \"sl_85a82b1e\", \"toward\": \"a\", \"distance_m\": 8.9}, {\"sightline_id\": \"sl_222f2036\", \"toward\": \"a\", \"distance_m\": 19.3}]","tags":"{\"cuisine\": \"pizza;italian\", \"opening_hours\": \"Mo-Fr 12:00-14:30,17:30-22:00; Sa,Su 17:00-22:00\", \"phone\": \"+49 89 28933701\", \"website\": \"https://www.da-larosa.de/\"}","marker-color":"#1f78b4"}},
{"type":"Feature","geometry":{"type":"Point","coordinates":[11.55996,48.1451]},"properties":{"id":"poi_n4417243507","name":"Nonna's","kind":"cafe","at":[48.1451,11.55996],"osm_id":"node/4417243507","open_horizon":false,"views":"[{\"sightline_id\": \"sl_92fc0adb\", \"toward\": \"a\", \"distance_m\": 7.3}, {\"sightline_id\": \"sl_92fc0adb\", \"toward\": \"b\", \"distance_m\": 7.3}, {\"sightline_id\": \"sl_229e7580\", \"toward\": \"a\", \"distance_m\": 26.2}]","tags":"{\"outdoor_seating\": \"yes\"}","marker-color":"#1f78b4"}},
{"type":"Feature","geometry":{"type":"Point","coordinates":[11.52091,48.13133]},"properties":{"id":"poi_n4419654031","name":"mybistro","kind":"cafe","at":[48.13133,11.52091],"osm_id":"node/4419654031","open_horizon":false,"views":"[{\"sightline_id\": \"sl_886568a1\", \"toward\": \"b\", \"distance_m\": 33.8}]","tags":"{\"opening_hours\": \"Mo,We-Fr 07:00-16:00; Tu 07:00-18:00\", \"website\": \"https://mybistro-cafe.de/\"}","marker-color":"#1f78b4"}},
{"type":"Feature","geometry":{"type":"Point","coordinates":[11.55288,48.15452]},"properties":{"id":"poi_n442680130","name":"Kyo Le","kind":"restaurant","at":[48.15452,11.55288],"osm_id":"node/442680130","open_horizon":false,"views":"[{\"sightline_id\": \"sl_4cac06f4\", \"toward\": \"a\", \"distance_m\": 23.5}, {\"sightline_id\": \"sl_4cac06f4\", \"toward\": \"b\", \"distance_m\": 23.5}]","tags":"{\"cuisine\": \"vietnamese\", \"opening_hours\": \"Mo-Fr 10:30-15:00, 18:00-22:00\", \"phone\": \"+49 89 3120 2127\", \"website\": \"https://www.kyo-le.de\"}","marker-color":"#1f78b4"}},
{"type":"Feature","geometry":{"type":"Point","coordinates":[11.57549,48.15792]},"properties":{"id":"poi_n442683435","name":"Cô Be","kind":"restaurant","at":[48.15792,11.57549],"osm_id":"node/442683435","open_horizon":false,"views":"[{\"sightline_id\": \"sl_8e8aca80\", \"toward\": \"a\", \"distance_m\": 9.3}, {\"sightline_id\": \"sl_8e8aca80\", \"toward\": \"b\", \"distance_m\": 9.3}, {\"sightline_id\": \"sl_8f7da990\", \"toward\": \"b\", \"distance_m\": 35.9}]","tags":"{\"cuisine\": \"vietnamese\", \"opening_hours\": \"Mo-Fr 11:30-14:30,17:30-23:00; Sa-Su,PH 12:00-15:00,17:30-23:00\"}","marker-color":"#1f78b4"}},
{"type":"Feature","geometry":{"type":"Point","coordinates":[11.576,48.15515]},"properties":{"id":"poi_n442683436","name":"Georg's","kind":"bar","at":[48.15515,11.576],"osm_id":"node/442683436","open_horizon":false,"views":"[{\"sightline_id\": \"sl_8e8aca80\", \"toward\": \"a\", \"distance_m\": 9.1}, {\"sightline_id\": \"sl_8e8aca80\", \"toward\": \"b\", \"distance_m\": 9.1}, {\"sightline_id\": \"sl_f8e80ae8\", \"toward\": \"b\", \"distance_m\": 9.7}]","tags":"{}","marker-color":"#1f78b4"}},
{"type":"Feature","geometry":{"type":"Point","coordinates":[11.58486,48.15695]},"properties":{"id":"poi_n442683439","name":"Tarim Uyghur Cuisine","kind":"restaurant","at":[48.15695,11.58486],"osm_id":"node/442683439","open_horizon":false,"views":"[{\"sightline_id\": \"sl_302cf079\", \"toward\": \"a\", \"distance_m\": 29.8}, {\"sightline_id\": \"sl_302cf079\", \"toward\": \"b\", \"distance_m\": 29.8}]","tags":"{\"cuisine\": \"asian\", \"outdoor_seating\": \"yes\"}","marker-color":"#1f78b4"}},
{"type":"Feature","geometry":{"type":"Point","coordinates":[11.5849,48.15706]},"properties":{"id":"poi_n442683440","name":"Mackbear Coffee CO","kind":"cafe","at":[48.15706,11.5849],"osm_id":"node/442683440","open_horizon":false,"views":"[{\"sightline_id\": \"sl_302cf079\", \"toward\": \"a\", \"distance_m\": 29.0}, {\"sightline_id\": \"sl_302cf079\", \"toward\": \"b\", \"distance_m\": 29.0}]","tags":"{\"opening_hours\": \"Mo-Th 08:00-22:00; Fr-Sa 08:00-01:00; Su 08:00-20:00\", \"outdoor_seating\": \"yes\"}","marker-color":"#1f78b4"}},
{"type":"Feature","geometry":{"type":"Point","coordinates":[11.58477,48.15678]},"properties":{"id":"poi_n442683441","name":"Goldies","kind":"restaurant","at":[48.15678,11.58477],"osm_id":"node/442683441","open_horizon":false,"views":"[{\"sightline_id\": \"sl_302cf079\", \"toward\": \"a\", \"distance_m\": 29.3}, {\"sightline_id\": \"sl_302cf079\", \"toward\": \"b\", \"distance_m\": 29.3}]","tags":"{\"cuisine\": \"burger\", \"outdoor_seating\": \"yes\", \"website\": \"https://www.goldies-smashburger.de\"}","marker-color":"#1f78b4"}},
{"type":"Feature","geometry":{"type":"Point","coordinates":[11.57665,48.15166]},"properties":{"id":"poi_n442683442","name":"Paulo Espressobar","kind":"cafe","at":[48.15166,11.57665],"osm_id":"node/442683442","open_horizon":false,"views":"[{\"sightline_id\": \"sl_b3216b45\", \"toward\": \"a\", \"distance_m\": 11.8}, {\"sightline_id\": \"sl_b3216b45\", \"toward\": \"b\", \"distance_m\": 11.8}]","tags":"{\"opening_hours\": \"Mo-Fr 08:00-20:00; Sa,Su,PH 09:00-22:00\", \"outdoor_seating\": \"yes\"}","marker-color":"#1f78b4"}},
{"type":"Feature","geometry":{"type":"Point","coordinates":[11.58403,48.15521]},"properties":{"id":"poi_n442683443","name":"L'Osteria","kind":"restaurant","at":[48.15521,11.58403],"osm_id":"node/442683443","open_horizon":false,"views":"[{\"sightline_id\": \"sl_302cf079\", \"toward\": \"a\", \"distance_m\": 28.8}, {\"sightline_id\": \"sl_302cf079\", \"toward\": \"b\", \"distance_m\": 28.8}]","tags":"{\"cuisine\": \"italian\", \"opening_hours\": \"Su,PH 12:00-23:00; Mo-Sa 11:00-24:00\", \"outdoor_seating\": \"yes\", \"phone\": \"+49 89 38889711\", \"website\": \"https://losteria.net/de/restaurants/restaurant/muenchen-leopoldstrasse/\"}","marker-color":"#1f78b4"}},
{"type":"Feature","geometry":{"type":"Point","coordinates":[11.57675,48.15123]},"properties":{"id":"poi_n442683444","name":"Rossini","kind":"restaurant","at":[48.15123,11.57675],"osm_id":"node/442683444","open_horizon":false,"views":"[{\"sightline_id\": \"sl_b3216b45\", \"toward\": \"a\", \"distance_m\": 14.0}, {\"sightline_id\": \"sl_b3216b45\", \"toward\": \"b\", \"distance_m\": 14.0}]","tags":"{\"cuisine\": \"italian\", \"opening_hours\": \"Sep-Jul: Mo-Fr 12:00-14:30,18:30-22:30; Sep-Jul: Sa 18:30-22:30; Sep-Jul: Su,PH off\", \"outdoor_seating\": \"yes\"}","marker-color":"#1f78b4"}},
{"type":"Feature","geometry":{"type":"Point","coordinates":[11.57647,48.15133]},"properties":{"id":"poi_n442683446","name":"Pavesi","kind":"cafe","at":[48.15133,11.57647],"osm_id":"node/442683446","open_horizon":false,"views":"[{\"sightline_id\": \"sl_b3216b45\", \"toward\": \"a\", \"distance_m\": 8.8}, {\"sightline_id\": \"sl_b3216b45\", \"toward\": \"b\", \"distance_m\": 8.8}]","tags":"{\"outdoor_seating\": \"yes\"}","marker-color":"#1f78b4"}},
{"type":"Feature","geometry":{"type":"Point","coordinates":[11.56635,48.1591]},"properties":{"id":"poi_n443340601","name":"Opera Pizza Gourmet","kind":"restaurant","at":[48.1591,11.56635],"osm_id":"node/443340601","open_horizon":false,"views":"[{\"sightline_id\": \"sl_2f2eeac9\", \"toward\": \"b\", \"distance_m\": 19.0}, {\"sightline_id\": \"sl_60230ee7\", \"toward\": \"a\", \"distance_m\": 22.2}, {\"sightline_id\": \"sl_60230ee7\", \"toward\": \"b\", \"distance_m\": 22.2}]","tags":"{\"cuisine\": \"pizza;italian\", \"outdoor_seating\": \"yes\"}","marker-color":"#1f78b4"}},
{"type":"Feature","geometry":{"type":"Point","coordinates":[11.50148,48.12036]},"properties":{"id":"poi_n4439205024","name":"Sofa so good","kind":"cafe","at":[48.12036,11.50148],"osm_id":"node/4439205024","open_horizon":false,"views":"[{\"sightline_id\": \"sl_e3fb6acc\", \"toward\": \"a\", \"distance_m\": 14.9}, {\"sightline_id\": \"sl_e3fb6acc\", \"toward\": \"b\", \"distance_m\": 14.9}]","tags":"{\"opening_hours\": \"We,Th 19:00-24:00; Fr,Sa 19:00-01:00\", \"outdoor_seating\": \"yes\", \"phone\": \"+49 176 32788432\", \"website\": \"https://www.sofa-sogood.de/\"}","marker-color":"#1f78b4"}},
{"type":"Feature","geometry":{"type":"Point","coordinates":[11.50092,48.1165]},"properties":{"id":"poi_n4439211502","name":"Green Elephant","kind":"restaurant","at":[48.1165,11.50092],"osm_id":"node/4439211502","open_horizon":false,"views":"[{\"sightline_id\": \"sl_e3fb6acc\", \"toward\": \"b\", \"distance_m\": 23.8}]","tags":"{\"cuisine\": \"italian;pizza\", \"opening_hours\": \"Mo-Sa 15:30-22:30; Su 12:00-22:30\", \"outdoor_seating\": \"yes\", \"website\": \"https://www.greenelephant.bio/\"}","marker-color":"#1f78b4"}},
{"type":"Feature","geometry":{"type":"Point","coordinates":[11.65822,48.12655]},"properties":{"id":"poi_n444004101","name":"Restaurant Hindura","kind":"restaurant","at":[48.12655,11.65822],"osm_id":"node/444004101","open_horizon":false,"views":"[{\"sightline_id\": \"sl_4c54aa81\", \"toward\": \"b\", \"distance_m\": 31.1}]","tags":"{\"cuisine\": \"indian\", \"opening_hours\": \"11:30-14:30; 17:30-22:30\", \"outdoor_seating\": \"yes\", \"phone\": \"+49 89 1590 0086\"}","marker-color":"#1f78b4"}},
{"type":"Feature","geometry":{"type":"Point","coordinates":[11.62555,48.1212]},"properties":{"id":"poi_n444004228","name":"Echardinger Einkehr","kind":"restaurant","at":[48.1212,11.62555],"osm_id":"node/444004228","open_horizon":false,"views":"[{\"sightline_id\": \"sl_a2dec24b\", \"toward\": \"a\", \"distance_m\": 24.3}]","tags":"{\"cuisine\": \"regional\", \"opening_hours\": \"Mo-Su 10:00-24:00\", \"outdoor_seating\": \"garden\", \"phone\": \"+49 89 67976780\", \"website\": \"https://echardinger-einkehr.de/\"}","marker-color":"#1f78b4"}},
{"type":"Feature","geometry":{"type":"Point","coordinates":[11.59506,48.12771]},"properties":{"id":"poi_n444004234","name":"Far East","kind":"restaurant","at":[48.12771,11.59506],"osm_id":"node/444004234","open_horizon":false,"views":"[{\"sightline_id\": \"sl_05e56817\", \"toward\": \"a\", \"distance_m\": 16.5}]","tags":"{\"cuisine\": \"vietnamese\", \"opening_hours\": \"Mo-Fr 11:30-15:00, 17:30-00:00; Sa 17:30-01:00; Su 17:30-00:00\", \"outdoor_seating\": \"no\"}","marker-color":"#1f78b4"}},
{"type":"Feature","geometry":{"type":"Point","coordinates":[11.55407,48.15383]},"properties":{"id":"poi_n4448441088","name":"Amigos","kind":"restaurant","at":[48.15383,11.55407],"osm_id":"node/4448441088","open_horizon":false,"views":"[{\"sightline_id\": \"sl_4cac06f4\", \"toward\": \"a\", \"distance_m\": 4.0}, {\"sightline_id\": \"sl_4cac06f4\", \"toward\": \"b\", \"distance_m\": 4.0}]","tags":"{\"cuisine\": \"mexican\", \"opening_hours\": \"Mo 16:00-24:00; Tu-Th,Su 11:00-24:00; Fr-Sa 11:00-02:00\", \"outdoor_seating\": \"sidewalk\"}","marker-color":"#1f78b4"}},
{"type":"Feature","geometry":{"type":"Point","coordinates":[11.554,48.15389]},"properties":{"id":"poi_n4448441197","name":"iMango","kind":"restaurant","at":[48.15389,11.554],"osm_id":"node/4448441197","open_horizon":false,"views":"[{\"sightline_id\": \"sl_4cac06f4\", \"toward\": \"a\", \"distance_m\": 4.3}, {\"sightline_id\": \"sl_4cac06f4\", \"toward\": \"b\", \"distance_m\": 4.3}, {\"sightline_id\": \"sl_34f39a83\", \"toward\": \"a\", \"distance_m\": 37.4}, {\"sightline_id\": \"sl_34f39a83\", \"toward\": \"b\", \"distance_m\": 37.4}]","tags":"{\"cuisine\": \"vietnamese\", \"opening_hours\": \"Mo-Sa 10:00-20:00\", \"outdoor_seating\": \"no\"}","marker-color":"#1f78b4"}},
{"type":"Feature","geometry":{"type":"Point","coordinates":[11.56036,48.14543]},"properties":{"id":"poi_n4452947672","name":"Daily Matcha","kind":"cafe","at":[48.14543,11.56036],"osm_id":"node/4452947672","open_horizon":false,"views":"[{\"sightline_id\": \"sl_229e7580\", \"toward\": \"a\", \"distance_m\": 13.8}]","tags":"{}","marker-color":"#1f78b4"}},
{"type":"Feature","geometry":{"type":"Point","coordinates":[11.5729,48.18078]},"properties":{"id":"poi_n445638988","name":"Tony's EssBar","kind":"pub","at":[48.18078,11.5729],"osm_id":"node/445638988","open_horizon":false,"views":"[{\"sightline_id\": \"sl_784f8d8b\", \"toward\": \"a\", \"distance_m\": 14.7}, {\"sightline_id\": \"sl_784f8d8b\", \"toward\": \"b\", \"distance_m\": 14.7}]","tags":"{\"opening_hours\": \"Su-Th 11:00-23:00; Fr-Sa 11:00-00:00\", \"outdoor_seating\": \"yes\", \"phone\": \"+49 89 85677896\", \"website\": \"https://www.tonys-essbar.de\"}","marker-color":"#1f78b4"}},
{"type":"Feature","geometry":{"type":"Point","coordinates":[11.57292,48.18165]},"properties":{"id":"poi_n445638993","name":"Mary’s","kind":"restaurant","at":[48.18165,11.57292],"osm_id":"node/445638993","open_horizon":false,"views":"[{\"sightline_id\": \"sl_ebd9c2cc\", \"toward\": \"a\", \"distance_m\": 7.7}, {\"sightline_id\": \"sl_784f8d8b\", \"toward\": \"a\", \"distance_m\": 9.4}, {\"sightline_id\": \"sl_784f8d8b\", \"toward\": \"b\", \"distance_m\": 9.4}]","tags":"{\"opening_hours\": \"10:00-23:00\", \"outdoor_seating\": \"yes\"}","marker-color":"#1f78b4"}},
{"type":"Feature","geometry":{"type":"Point","coordinates":[11.57277,48.18317]},"properties":{"id":"poi_n445639013","name":"Bogarts","kind":"pub","at":[48.18317,11.57277],"osm_id":"node/445639013","open_horizon":false,"views":"[{\"sightline_id\": \"sl_784f8d8b\", \"toward\": \"a\", \"distance_m\": 12.6}, {\"sightline_id\": \"sl_784f8d8b\", \"toward\": \"b\", \"distance_m\": 12.6}]","tags":"{\"opening_hours\": \"PH,Mo-Su 11:00-18:00+\", \"outdoor_seating\": \"no\"}","marker-color":"#1f78b4"}},
{"type":"Feature","geometry":{"type":"Point","coordinates":[11.57247,48.18655]},"properties":{"id":"poi_n445639047","name":"Dionysos","kind":"restaurant","at":[48.18655,11.57247],"osm_id":"node/445639047","open_horizon":false,"views":"[{\"sightline_id\": \"sl_784f8d8b\", \"toward\": \"a\", \"distance_m\": 19.1}, {\"sightline_id\": \"sl_784f8d8b\", \"toward\": \"b\", \"distance_m\": 19.1}]","tags":"{\"cuisine\": \"greek\", \"opening_hours\": \"Mo-Sa 11:00-23:30\", \"outdoor_seating\": \"yes\", \"phone\": \"+49 89 35746166\"}","marker-color":"#1f78b4"}},
{"type":"Feature","geometry":{"type":"Point","coordinates":[11.57237,48.18714]},"properties":{"id":"poi_n445639076","name":"Peppino","kind":"cafe","at":[48.18714,11.57237],"osm_id":"node/445639076","open_horizon":false,"views":"[{\"sightline_id\": \"sl_784f8d8b\", \"toward\": \"a\", \"distance_m\": 23.3}, {\"sightline_id\": \"sl_784f8d8b\", \"toward\": \"b\", \"distance_m\": 23.3}, {\"sightline_id\": \"sl_cceb6b6c\", \"toward\": \"a\", \"distance_m\": 37.0}, {\"sightline_id\": \"sl_cceb6b6c\", \"toward\": \"b\", \"distance_m\": 37.0}]","tags":"{\"opening_hours\": \"Mo-Fr 07:30-17:30; Sa 10:00-14:00\"}","marker-color":"#1f78b4"}},
{"type":"Feature","geometry":{"type":"Point","coordinates":[11.60959,48.19549]},"properties":{"id":"poi_n4456951470","name":"Chicco","kind":"cafe","at":[48.19549,11.60959],"osm_id":"node/4456951470","open_horizon":false,"views":"[{\"sightline_id\": \"sl_8155a1e9\", \"toward\": \"a\", \"distance_m\": 36.2}, {\"sightline_id\": \"sl_8155a1e9\", \"toward\": \"b\", \"distance_m\": 36.2}]","tags":"{\"outdoor_seating\": \"yes\"}","marker-color":"#1f78b4"}},
{"type":"Feature","geometry":{"type":"Point","coordinates":[11.5515,48.13892]},"properties":{"id":"poi_n4462434091","name":"Sultanahmet Köftecisi","kind":"restaurant","at":[48.13892,11.5515],"osm_id":"node/4462434091","open_horizon":false,"views":"[{\"sightline_id\": \"sl_49b89dc9\", \"toward\": \"a\", \"distance_m\": 17.5}, {\"sightline_id\": \"sl_49b89dc9\", \"toward\": \"b\", \"distance_m\": 17.5}]","tags":"{\"cuisine\": \"turkish\", \"opening_hours\": \"Mo-Sa 10:00-23:00; Su,PH 09:00-23:00\", \"outdoor_seating\": \"yes\"}","marker-color":"#1f78b4"}},
{"type":"Feature","geometry":{"type":"Point","coordinates":[11.55839,48.13821]},"properties":{"id":"poi_n4462456589","name":"Goethe Pub","kind":"pub","at":[48.13821,11.55839],"osm_id":"node/4462456589","open_horizon":false,"views":"[{\"sightline_id\": \"sl_20f86686\", \"toward\": \"a\", \"distance_m\": 17.3}]","tags":"{\"opening_hours\": \"Mo-Sa 09:00-03:00, PH,Su 11:00-03:00\", \"outdoor_seating\": \"no\"}","marker-color":"#1f78b4"}},
{"type":"Feature","geometry":{"type":"Point","coordinates":[11.58411,48.14996]},"properties":{"id":"poi_n4466373449","name":"Palmi","kind":"cafe","at":[48.14996,11.58411],"osm_id":"node/4466373449","open_horizon":false,"views":"[{\"sightline_id\": \"sl_7dadb81b\", \"toward\": \"a\", \"distance_m\": 9.4}, {\"sightline_id\": \"sl_7dadb81b\", \"toward\": \"b\", \"distance_m\": 9.4}]","tags":"{\"opening_hours\": \"Mo 11:00-18:00; Tu,Th-Su 10:00-18:00; We off\", \"outdoor_seating\": \"yes\"}","marker-color":"#1f78b4"}},
{"type":"Feature","geometry":{"type":"Point","coordinates":[11.58386,48.14997]},"properties":{"id":"poi_n4466557160","name":"Deli Star","kind":"cafe","at":[48.14997,11.58386],"osm_id":"node/4466557160","open_horizon":false,"views":"[{\"sightline_id\": \"sl_7dadb81b\", \"toward\": \"a\", \"distance_m\": 9.3}, {\"sightline_id\": \"sl_7dadb81b\", \"toward\": \"b\", \"distance_m\": 9.3}]","tags":"{\"opening_hours\": \"Mo-Fr 08:00-18:00; Sa,Su,PH 09:00-18:00\", \"outdoor_seating\": \"no\"}","marker-color":"#1f78b4"}},
{"type":"Feature","geometry":{"type":"Point","coordinates":[11.55891,48.13645]},"properties":{"id":"poi_n4468055808","name":"Sara","kind":"restaurant","at":[48.13645,11.55891],"osm_id":"node/4468055808","open_horizon":false,"views":"[{\"sightline_id\": \"sl_c1a6aafe\", \"toward\": \"a\", \"distance_m\": 6.6}, {\"sightline_id\": \"sl_c1a6aafe\", \"toward\": \"b\", \"distance_m\": 6.6}, {\"sightline_id\": \"sl_20f86686\", \"toward\": \"a\", \"distance_m\": 23.7}, {\"sightline_id\": \"sl_20f86686\", \"toward\": \"b\", \"distance_m\": 23.7}]","tags":"{\"opening_hours\": \"Mo-Su 09:00-23:00\"}","marker-color":"#1f78b4"}},
{"type":"Feature","geometry":{"type":"Point","coordinates":[11.56504,48.14857]},"properties":{"id":"poi_n4470359353","name":"Komitee","kind":"restaurant","at":[48.14857,11.56504],"osm_id":"node/4470359353","open_horizon":false,"views":"[{\"sightline_id\": \"sl_c6924d7e\", \"toward\": \"a\", \"distance_m\": 14.7}, {\"sightline_id\": \"sl_c6924d7e\", \"toward\": \"b\", \"distance_m\": 14.7}]","tags":"{\"cuisine\": \"asian;fusion\", \"opening_hours\": \"Tu,We 18:00-24:00, Th 18:00-01:00, Fr,Sa 18:00-02:00\", \"outdoor_seating\": \"yes\"}","marker-color":"#1f78b4"}},
{"type":"Feature","geometry":{"type":"Point","coordinates":[11.56457,48.15141]},"properties":{"id":"poi_n4470479393","name":"Bombay Indien Grill","kind":"restaurant","at":[48.15141,11.56457],"osm_id":"node/4470479393","open_horizon":false,"views":"[{\"sightline_id\": \"sl_229e7580\", \"toward\": \"a\", \"distance_m\": 9.7}, {\"sightline_id\": \"sl_229e7580\", \"toward\": \"b\", \"distance_m\": 9.7}]","tags":"{\"cuisine\": \"indian\", \"opening_hours\": \"Mo-Sa 11:00-20:00\", \"outdoor_seating\": \"no\", \"phone\": \"+4917660872032\"}","marker-color":"#1f78b4"}},
{"type":"Feature","geometry":{"type":"Point","coordinates":[11.56458,48.15199]},"properties":{"id":"poi_n4470479420","name":"Mogo","kind":"restaurant","at":[48.15199,11.56458],"osm_id":"node/4470479420","open_horizon":false,"views":"[{\"sightline_id\": \"sl_229e7580\", \"toward\": \"a\", \"distance_m\": 15.3}, {\"sightline_id\": \"sl_229e7580\", \"toward\": \"b\", \"distance_m\": 15.3}, {\"sightline_id\": \"sl_ea614def\", \"toward\": \"a\", \"distance_m\": 39.3}, {\"sightline_id\": \"sl_ea614def\", \"toward\": \"b\", \"distance_m\": 39.3}]","tags":"{}","marker-color":"#1f78b4"}},
{"type":"Feature","geometry":{"type":"Point","coordinates":[11.58038,48.15138]},"properties":{"id":"poi_n4470570184","name":"StuBistro Adalbertstraße","kind":"cafe","at":[48.15138,11.58038],"osm_id":"node/4470570184","open_horizon":false,"views":"[{\"sightline_id\": \"sl_950d235f\", \"toward\": \"b\", \"distance_m\": 31.2}]","tags":"{\"outdoor_seating\": \"patio\", \"website\": \"https://www.studierendenwerk-muenchen-oberbayern.de/mensa/standorte-und-oeffnungszeiten/muenchen/#c24905\"}","marker-color":"#1f78b4"}},
{"type":"Feature","geometry":{"type":"Point","coordinates":[11.53226,48.13994]},"properties":{"id":"poi_n4471846445","name":"Joker's Bar","kind":"pub","at":[48.13994,11.53226],"osm_id":"node/4471846445","open_horizon":false,"views":"[{\"sightline_id\": \"sl_620ca713\", \"toward\": \"a\", \"distance_m\": 37.2}, {\"sightline_id\": \"sl_620ca713\", \"toward\": \"b\", \"distance_m\": 37.2}]","tags":"{}","marker-color":"#1f78b4"}},
{"type":"Feature","geometry":{"type":"Point","coordinates":[11.53219,48.13994]},"properties":{"id":"poi_n4471846446","name":"Nascosto","kind":"pub","at":[48.13994,11.53219],"osm_id":"node/4471846446","open_horizon":false,"views":"[{\"sightline_id\": \"sl_620ca713\", \"toward\": \"a\", \"distance_m\": 37.3}, {\"sightline_id\": \"sl_620ca713\", \"toward\": \"b\", \"distance_m\": 37.3}]","tags":"{}","marker-color":"#1f78b4"}},
{"type":"Feature","geometry":{"type":"Point","coordinates":[11.53291,48.13989]},"properties":{"id":"poi_n4471859771","name":"111 Pizzeria","kind":"restaurant","at":[48.13989,11.53291],"osm_id":"node/4471859771","open_horizon":false,"views":"[{\"sightline_id\": \"sl_620ca713\", \"toward\": \"a\", \"distance_m\": 38.5}, {\"sightline_id\": \"sl_620ca713\", \"toward\": \"b\", \"distance_m\": 38.5}]","tags":"{\"cuisine\": \"pizza;italian\"}","marker-color":"#1f78b4"}},
{"type":"Feature","geometry":{"type":"Point","coordinates":[11.57515,48.14322]},"properties":{"id":"poi_n447786244","name":"Sangeet","kind":"restaurant","at":[48.14322,11.57515],"osm_id":"node/447786244","open_horizon":false,"views":"[{\"sightline_id\": \"sl_bd0ac71e\", \"toward\": \"a\", \"distance_m\": 20.4}]","tags":"{\"cuisine\": \"indian\", \"opening_hours\": \"11:30-24:00; PH 11:30-23:00\", \"outdoor_seating\": \"no\"}","marker-color":"#1f78b4"}},
{"type":"Feature","geometry":{"type":"Point","coordinates":[11.56073,48.13622]},"properties":{"id":"poi_n4482050691","name":"Mauerer","kind":"cafe","at":[48.13622,11.56073],"osm_id":"node/4482050691","open_horizon":false,"views":"[{\"sightline_id\": \"sl_3eb150b6\", \"toward\": \"a\", \"distance_m\": 10.4}, {\"sightline_id\": \"sl_3eb150b6\", \"toward\": \"b\", \"distance_m\": 10.4}, {\"sightline_id\": \"sl_c1a6aafe\", \"toward\": \"a\", \"distance_m\": 18.7}, {\"sightline_id\": \"sl_c1a6aafe\", \"toward\": \"b\", \"distance_m\": 18.7}]","tags":"{\"opening_hours\": \"Mo-Sa 06:30-18:00; Su,PH 07:30-15:00\", \"outdoor_seating\": \"yes\", \"phone\": \"+49 89 81888120\", \"website\": \"https://www.cafe-mauerer.de/schillerstrasse/\"}","marker-color":"#1f78b4"}},
{"type":"Feature","geometry":{"type":"Point","coordinates":[11.58716,48.11284]},"properties":{"id":"poi_n448944963","name":"Mai Asia","kind":"restaurant","at":[48.11284,11.58716],"osm_id":"node/448944963","open_horizon":false,"views":"[{\"sightline_id\": \"sl_855a6100\", \"toward\": \"a\", \"distance_m\": 16.5}, {\"sightline_id\": \"sl_855a6100\", \"toward\": \"b\", \"distance_m\": 16.5}, {\"sightline_id\": \"sl_48a8cf98\", \"toward\": \"b\", \"distance_m\": 29.3}]","tags":"{\"cuisine\": \"asian\", \"opening_hours\": \"Mo-Fr 11:00-14:30,17:00-20:00\"}","marker-color":"#1f78b4"}},
{"type":"Feature","geometry":{"type":"Point","coordinates":[11.46938,48.16465]},"properties":{"id":"poi_n449586939","name":"Krishna","kind":"restaurant","at":[48.16465,11.46938],"osm_id":"node/449586939","open_horizon":false,"views":"[{\"sightline_id\": \"sl_19b965b3\", \"toward\": \"b\", \"distance_m\": 25.3}]","tags":"{\"cuisine\": \"indian\", \"website\": \"https://www.krishna-heimservice.de/\"}","marker-color":"#1f78b4"}},
{"type":"Feature","geometry":{"type":"Point","coordinates":[11.57382,48.13021]},"properties":{"id":"poi_n450064799","name":"Stehausschank Gärtnerplatz","kind":"pub","at":[48.13021,11.57382],"osm_id":"node/450064799","open_horizon":false,"views":"[{\"sightline_id\": \"sl_53b1b3ea\", \"toward\": \"a\", \"distance_m\": 13.1}, {\"sightline_id\": \"sl_53b1b3ea\", \"toward\": \"b\", \"distance_m\": 13.1}]","tags":"{\"opening_hours\": \"Mo-Th 16:00-01:00, Fr,Sa 14:00-02:00, Su 14:00-23:00\", \"outdoor_seating\": \"yes\"}","marker-color":"#1f78b4"}},
{"type":"Feature","geometry":{"type":"Point","coordinates":[11.56729,48.10998]},"properties":{"id":"poi_n4504021786","name":"Locanda Re Alarico","kind":"restaurant","at":[48.10998,11.56729],"osm_id":"node/4504021786","open_horizon":false,"views":"[{\"sightline_id\": \"sl_da94cef0\", \"toward\": \"a\", \"distance_m\": 11.6}, {\"sightline_id\": \"sl_3bf4253a\", \"toward\": \"a\", \"distance_m\": 22.5}]","tags":"{\"cuisine\": \"italian;pizza\", \"opening_hours\": \"Tu-Su 15:30-22:30\", \"phone\": \"+49 89 61457750\", \"website\": \"https://www.locanda-re-alarico.de/\"}","marker-color":"#1f78b4"}},
{"type":"Feature","geometry":{"type":"Point","coordinates":[11.5518,48.14762]},"properties":{"id":"poi_n4515888590","name":"Nuovo Mondo Da Rosario","kind":"restaurant","at":[48.14762,11.5518],"osm_id":"node/4515888590","open_horizon":false,"views":"[{\"sightline_id\": \"sl_ad00ce9a\", \"toward\": \"b\", \"distance_m\": 21.7}, {\"sightline_id\": \"sl_92fc0adb\", \"toward\": \"b\", \"distance_m\": 22.6}]","tags":"{\"cuisine\": \"italian\", \"opening_hours\": \"Mo-Fr 11:30-14:30,17:30-23:00; Sa 17:30-23:00; Su off\", \"phone\": \"+49 89 2424 2682\", \"website\": \"https://www.ristorante-darosario.com/\"}","marker-color":"#1f78b4"}},
{"type":"Feature","geometry":{"type":"Point","coordinates":[11.58549,48.15809]},"properties":{"id":"poi_n4516165371","name":"The Keg","kind":"bar","at":[48.15809,11.58549],"osm_id":"node/4516165371","open_horizon":false,"views":"[{\"sightline_id\": \"sl_302cf079\", \"toward\": \"a\", \"distance_m\": 36.7}, {\"sightline_id\": \"sl_302cf079\", \"toward\": \"b\", \"distance_m\": 36.7}]","tags":"{\"opening_hours\": \"Mo-Fr 18:00-24:00; Sa 13:00-24:00; Su 15:00-24:00\", \"outdoor_seating\": \"no\", \"phone\": \"+49 89 38999950\", \"website\": \"https://www.the-keg-bar-muenchen.de/\"}","marker-color":"#1f78b4"}},
{"type":"Feature","geometry":{"type":"Point","coordinates":[11.58367,48.11388]},"properties":{"id":"poi_n451766568","name":"La Locanda (im Leonardo Hotel Residence)","kind":"restaurant","at":[48.11388,11.58367],"osm_id":"node/451766568","open_horizon":false,"views":"[{\"sightline_id\": \"sl_855a6100\", \"toward\": \"b\", \"distance_m\": 11.5}]","tags":"{\"cuisine\": \"italian\", \"opening_hours\": \"We-Fr,Su 11:30-14:00, Su-Fr 18:00-23:00, Tu,Sa 18:00-23:00; Mo off\", \"phone\": \"+49 89 6911022\", \"website\": \"https://la-locanda-pr.de/\"}","marker-color":"#1f78b4"}},
{"type":"Feature","geometry":{"type":"Point","coordinates":[11.55909,48.12949]},"properties":{"id":"poi_n4517893003","name":"Lisa Café & Bar","kind":"cafe","at":[48.12949,11.55909],"osm_id":"node/4517893003","open_horizon":false,"views":"[{\"sightline_id\": \"sl_e8d3e711\", \"toward\": \"a\", \"distance_m\": 27.1}, {\"sightline_id\": \"sl_e8d3e711\", \"toward\": \"b\", \"distance_m\": 27.1}]","tags":"{\"cuisine\": \"breakfast\", \"opening_hours\": \"Mo-Fr 08:00-18:00, Sa-Su 09:00-18:00\", \"outdoor_seating\": \"yes\"}","marker-color":"#1f78b4"}},
{"type":"Feature","geometry":{"type":"Point","coordinates":[11.57213,48.15826]},"properties":{"id":"poi_n452068322","name":"Swagatam","kind":"restaurant","at":[48.15826,11.57213],"osm_id":"node/452068322","open_horizon":false,"views":"[{\"sightline_id\": \"sl_8d8d5983\", \"toward\": \"a\", \"distance_m\": 21.6}, {\"sightline_id\": \"sl_8d8d5983\", \"toward\": \"b\", \"distance_m\": 21.6}]","tags":"{\"cuisine\": \"indian\", \"opening_hours\": \"Mo-Th 11:55-22:30; Fr 11:55-23:30; Sa 13:00-23:30; Su 13:00-22:30\", \"outdoor_seating\": \"yes\"}","marker-color":"#1f78b4"}},
{"type":"Feature","geometry":{"type":"Point","coordinates":[11.57544,48.15563]},"properties":{"id":"poi_n452068324","name":"Los Faroles","kind":"restaurant","at":[48.15563,11.57544],"osm_id":"node/452068324","open_horizon":false,"views":"[{\"sightline_id\": \"sl_8f7da990\", \"toward\": \"a\", \"distance_m\": 5.1}, {\"sightline_id\": \"sl_8f7da990\", \"toward\": \"b\", \"distance_m\": 5.1}]","tags":"{\"cuisine\": \"spanish\", \"opening_hours\": \"We-Mo 17:30-01:00; Su,PH 11:30-14:30,17:30-01:00\", \"outdoor_seating\": \"yes\"}","marker-color":"#1f78b4"}},
{"type":"Feature","geometry":{"type":"Point","coordinates":[11.57383,48.15218]},"properties":{"id":"poi_n452068329","name":"Man Fat","kind":"restaurant","at":[48.15218,11.57383],"osm_id":"node/452068329","open_horizon":false,"views":"[{\"sightline_id\": \"sl_cfd8afe9\", \"toward\": \"a\", \"distance_m\": 11.3}, {\"sightline_id\": \"sl_cfd8afe9\", \"toward\": \"b\", \"distance_m\": 11.3}]","tags":"{\"cuisine\": \"chinese\", \"opening_hours\": \"We-Sa 12:00-14:30,18:00-22:30; Su 12:00-14:30,18:00-22:00\", \"outdoor_seating\": \"yes\"}","marker-color":"#1f78b4"}},
{"type":"Feature","geometry":{"type":"Point","coordinates":[11.64115,48.12673]},"properties":{"id":"poi_n4523967813","name":"Pepe Rosa Ristorante","kind":"restaurant","at":[48.12673,11.64115],"osm_id":"node/4523967813","open_horizon":false,"views":"[{\"sightline_id\": \"sl_c7273ec0\", \"toward\": \"b\", \"distance_m\": 21.5}]","tags":"{\"cuisine\": \"italian\", \"opening_hours\": \"Mo-Fr 11:00-22:00; Sa 16:00-22:00; Su off\", \"outdoor_seating\": \"yes\", \"phone\": \"+49 89 599 78 881\", \"website\": \"https://www.peperosaristorante.de/\"}","marker-color":"#1f78b4"}},
{"type":"Feature","geometry":{"type":"Point","coordinates":[11.64181,48.12667]},"properties":{"id":"poi_n4523967817","name":"Supremo il Gelato","kind":"ice_cream","at":[48.12667,11.64181],"osm_id":"node/4523967817","open_horizon":false,"views":"[{\"sightline_id\": \"sl_c7273ec0\", \"toward\": \"b\", \"distance_m\": 22.2}]","tags":"{\"opening_hours\": \"Mo 11:00-21:00; Tu-Su,PH 10:30-21:30\", \"outdoor_seating\": \"yes\"}","marker-color":"#1f78b4"}},
{"type":"Feature","geometry":{"type":"Point","coordinates":[11.58088,48.16253]},"properties":{"id":"poi_n452642229","name":"Pizza Studio","kind":"restaurant","at":[48.16253,11.58088],"osm_id":"node/452642229","open_horizon":false,"views":"[{\"sightline_id\": \"sl_6b60b331\", \"toward\": \"a\", \"distance_m\": 11.4}]","tags":"{\"cuisine\": \"pizza\", \"opening_hours\": \"Tu-Sa 12:00-15:30; Tu-Su 17:00-22:00\", \"website\": \"https://pizza-studio.com\"}","marker-color":"#1f78b4"}},
{"type":"Feature","geometry":{"type":"Point","coordinates":[11.58097,48.16644]},"properties":{"id":"poi_n452642239","name":"Orfanõs Croissanterie","kind":"cafe","at":[48.16644,11.58097],"osm_id":"node/452642239","open_horizon":false,"views":"[{\"sightline_id\": \"sl_85a82b1e\", \"toward\": \"a\", \"distance_m\": 17.1}, {\"sightline_id\": \"sl_222f2036\", \"toward\": \"a\", \"distance_m\": 19.2}]","tags":"{\"opening_hours\": \"Tu-Sa 07:00-15:00; Su 08:00-12:00\"}","marker-color":"#1f78b4"}},
{"type":"Feature","geometry":{"type":"Point","coordinates":[11.58046,48.15177]},"properties":{"id":"poi_n4532822621","name":"UP Coffee Matcha Sandwich","kind":"cafe","at":[48.15177,11.58046],"osm_id":"node/4532822621","open_horizon":false,"views":"[{\"sightline_id\": \"sl_950d235f\", \"toward\": \"b\", \"distance_m\": 11.3}]","tags":"{\"opening_hours\": \"Tu-Sa 10:00-18:00; Su,Mo,PH off\"}","marker-color":"#1f78b4"}},
{"type":"Feature","geometry":{"type":"Point","coordinates":[11.58106,48.1516]},"properties":{"id":"poi_n4532822625","name":"Billy’s","kind":"cafe","at":[48.1516,11.58106],"osm_id":"node/4532822625","open_horizon":false,"views":"[{\"sightline_id\": \"sl_950d235f\", \"toward\": \"b\", \"distance_m\": 11.0}]","tags":"{\"opening_hours\": \"Mo-Fr 08:00-18:30; Sa,Su,PH off\", \"outdoor_seating\": \"yes\"}","marker-color":"#1f78b4"}},
{"type":"Feature","geometry":{"type":"Point","coordinates":[11.57899,48.1514]},"properties":{"id":"poi_n4534215934","name":"Bar Fredo","kind":"bar","at":[48.1514,11.57899],"osm_id":"node/4534215934","open_horizon":false,"views":"[{\"sightline_id\": \"sl_1932a3df\", \"toward\": \"a\", \"distance_m\": 12.9}, {\"sightline_id\": \"sl_1932a3df\", \"toward\": \"b\", \"distance_m\": 12.9}]","tags":"{\"outdoor_seating\": \"yes\"}","marker-color":"#1f78b4"}},
{"type":"Feature","geometry":{"type":"Point","coordinates":[11.56335,48.18276]},"properties":{"id":"poi_n4534797825","name":"Cafe Bar Silver","kind":"bar","at":[48.18276,11.56335],"osm_id":"node/4534797825","open_horizon":false,"views":"[{\"sightline_id\": \"sl_6445c73a\", \"toward\": \"b\", \"distance_m\": 19.9}]","tags":"{}","marker-color":"#1f78b4"}},
{"type":"Feature","geometry":{"type":"Point","coordinates":[11.55877,48.13691]},"properties":{"id":"poi_n4535177044","name":"Antep Sofrası","kind":"restaurant","at":[48.13691,11.55877],"osm_id":"node/4535177044","open_horizon":false,"views":"[{\"sightline_id\": \"sl_20f86686\", \"toward\": \"a\", \"distance_m\": 12.5}, {\"sightline_id\": \"sl_20f86686\", \"toward\": \"b\", \"distance_m\": 12.5}]","tags":"{\"opening_hours\": \"Mo-Th 06:00-01:00, Fr,Sa 06:00-02:00, PH 08:00-01:00\"}","marker-color":"#1f78b4"}},
{"type":"Feature","geometry":{"type":"Point","coordinates":[11.55604,48.13646]},"properties":{"id":"poi_n4535177057","name":"Saffron","kind":"restaurant","at":[48.13646,11.55604],"osm_id":"node/4535177057","open_horizon":false,"views":"[{\"sightline_id\": \"sl_c1a6aafe\", \"toward\": \"a\", \"distance_m\": 7.0}, {\"sightline_id\": \"sl_c1a6aafe\", \"toward\": \"b\", \"distance_m\": 7.0}, {\"sightline_id\": \"sl_93b6724a\", \"toward\": \"a\", \"distance_m\": 14.1}, {\"sightline_id\": \"sl_93b6724a\", \"toward\": \"b\", \"distance_m\": 14.1}]","tags":"{}","marker-color":"#1f78b4"}},
{"type":"Feature","geometry":{"type":"Point","coordinates":[11.55646,48.13647]},"properties":{"id":"poi_n4535177085","name":"Arkadi","kind":"restaurant","at":[48.13647,11.55646],"osm_id":"node/4535177085","open_horizon":false,"views":"[{\"sightline_id\": \"sl_c1a6aafe\", \"toward\": \"a\", \"distance_m\": 8.1}, {\"sightline_id\": \"sl_c1a6aafe\", \"toward\": \"b\", \"distance_m\": 8.1}]","tags":"{\"cuisine\": \"greek\", \"opening_hours\": \"Mo-Su 09:00-01:00\"}","marker-color":"#1f78b4"}},
{"type":"Feature","geometry":{"type":"Point","coordinates":[11.55816,48.13644]},"properties":{"id":"poi_n4535177191","name":"Hindukush","kind":"restaurant","at":[48.13644,11.55816],"osm_id":"node/4535177191","open_horizon":false,"views":"[{\"sightline_id\": \"sl_c1a6aafe\", \"toward\": \"a\", \"distance_m\": 5.5}, {\"sightline_id\": \"sl_c1a6aafe\", \"toward\": \"b\", \"distance_m\": 5.5}, {\"sightline_id\": \"sl_20f86686\", \"toward\": \"a\", \"distance_m\": 31.6}, {\"sightline_id\": \"sl_20f86686\", \"toward\": \"b\", \"distance_m\": 31.6}]","tags":"{\"cuisine\": \"afghan\", \"opening_hours\": \"Mo-Su 11:00-23:00\", \"phone\": \"+49 89 59989795\", \"website\": \"http://www.hindukush-restaurant.de/\"}","marker-color":"#1f78b4"}},
{"type":"Feature","geometry":{"type":"Point","coordinates":[11.53513,48.15008]},"properties":{"id":"poi_n454062687","name":"Café Neuhauser","kind":"restaurant","at":[48.15008,11.53513],"osm_id":"node/454062687","open_horizon":false,"views":"[{\"sightline_id\": \"sl_ce3f5da5\", \"toward\": \"b\", \"distance_m\": 13.4}, {\"sightline_id\": \"sl_34a6801e\", \"toward\": \"a\", \"distance_m\": 17.4}]","tags":"{\"cuisine\": \"italian\", \"opening_hours\": \"Mo-Su 11:00-01:00\", \"outdoor_seating\": \"yes\"}","marker-color":"#1f78b4"}},
{"type":"Feature","geometry":{"type":"Point","coordinates":[11.52363,48.13469]},"properties":{"id":"poi_n4559494299","name":"Ibis Westend - Restaurant","kind":"restaurant","at":[48.13469,11.52363],"osm_id":"node/4559494299","open_horizon":false,"views":"[{\"sightline_id\": \"sl_b69ad7b8\", \"toward\": \"b\", \"distance_m\": 17.4}]","tags":"{}","marker-color":"#1f78b4"}},
{"type":"Feature","geometry":{"type":"Point","coordinates":[11.57584,48.14985]},"properties":{"id":"poi_n4561736350","name":"Brown's Tea Bar","kind":"cafe","at":[48.14985,11.57584],"osm_id":"node/4561736350","open_horizon":false,"views":"[{\"sightline_id\": \"sl_b3216b45\", \"toward\": \"a\", \"distance_m\": 14.7}, {\"sightline_id\": \"sl_b3216b45\", \"toward\": \"b\", \"distance_m\": 14.7}]","tags":"{\"opening_hours\": \"Mo-Sa 11:00-17:00; Su,PH 13:00-17:00\", \"outdoor_seating\": \"yes\", \"phone\": \"+49 89 25 54 38 39\", \"website\": \"https://www.victorianhouse.de/\"}","marker-color":"#1f78b4"}},
{"type":"Feature","geometry":{"type":"Point","coordinates":[11.55781,48.12615]},"properties":{"id":"poi_n4562364651","name":"Kapuzino","kind":"cafe","at":[48.12615,11.55781],"osm_id":"node/4562364651","open_horizon":false,"views":"[{\"sightline_id\": \"sl_6c13a68b\", \"toward\": \"b\", \"distance_m\": 15.6}]","tags":"{\"opening_hours\": \"Mo-Fr 07:00-16:00\"}","marker-color":"#1f78b4"}},
{"type":"Feature","geometry":{"type":"Point","coordinates":[11.61789,48.12863]},"properties":{"id":"poi_n4562672590","name":"Isareck Stüberl","kind":"pub","at":[48.12863,11.61789],"osm_id":"node/4562672590","open_horizon":false,"views":"[{\"sightline_id\": \"sl_37b8102b\", \"toward\": \"a\", \"distance_m\": 13.1}]","tags":"{\"opening_hours\": \"Mo-Su 11:00-01:00\", \"phone\": \"+49 89 46149328\"}","marker-color":"#1f78b4"}},
{"type":"Feature","geometry":{"type":"Point","coordinates":[11.56722,48.10991]},"properties":{"id":"poi_n4563515522","name":"S21","kind":"pub","at":[48.10991,11.56722],"osm_id":"node/4563515522","open_horizon":false,"views":"[{\"sightline_id\": \"sl_da94cef0\", \"toward\": \"a\", \"distance_m\": 11.4}, {\"sightline_id\": \"sl_3bf4253a\", \"toward\": \"a\", \"distance_m\": 22.0}]","tags":"{\"opening_hours\": \"Mo-Su 09:00-22:00\", \"outdoor_seating\": \"yes\", \"phone\": \"+49176 62166654\"}","marker-color":"#1f78b4"}},
{"type":"Feature","geometry":{"type":"Point","coordinates":[11.60292,48.1204]},"properties":{"id":"poi_n4566525227","name":"Hans im Glück","kind":"restaurant","at":[48.1204,11.60292],"osm_id":"node/4566525227","open_horizon":false,"views":"[{\"sightline_id\": \"sl_14341a6b\", \"toward\": \"a\", \"distance_m\": 39.2}]","tags":"{\"cuisine\": \"burger\", \"opening_hours\": \"Mo-Su 11:00+ || Mo-Su 11:00-23:00 \\\"Küche\\\"\", \"outdoor_seating\": \"yes\"}","marker-color":"#1f78b4"}},
{"type":"Feature","geometry":{"type":"Point","coordinates":[11.52728,48.15192]},"properties":{"id":"poi_n458228575","name":"La Garda","kind":"restaurant","at":[48.15192,11.52728],"osm_id":"node/458228575","open_horizon":false,"views":"[{\"sightline_id\": \"sl_590e8b9f\", \"toward\": \"b\", \"distance_m\": 12.0}]","tags":"{\"opening_hours\": \"Mo-Su,PH 11:30-23:00\"}","marker-color":"#1f78b4"}},
{"type":"Feature","geometry":{"type":"Point","coordinates":[11.57627,48.12809]},"properties":{"id":"poi_n4592638659","name":"Wagners - Juicery & Health Foody","kind":"cafe","at":[48.12809,11.57627],"osm_id":"node/4592638659","open_horizon":false,"views":"[{\"sightline_id\": \"sl_387fb7e3\", \"toward\": \"a\", \"distance_m\": 18.9}, {\"sightline_id\": \"sl_195c0dd2\", \"toward\": \"b\", \"distance_m\": 22.6}, {\"sightline_id\": \"sl_609c344a\", \"toward\": \"b\", \"distance_m\": 30.5}]","tags":"{\"opening_hours\": \"Mo-Fr 08:00-17:00; Sa,PH 09:00-17:00; Su off\", \"outdoor_seating\": \"yes\", \"phone\": \"+49 176 36235039\", \"website\": \"https://www.wagnersjuicery.com\"}","marker-color":"#1f78b4"}},
{"type":"Feature","geometry":{"type":"Point","coordinates":[11.5436,48.15071]},"properties":{"id":"poi_n4596738920","name":"Chiang Shing","kind":"restaurant","at":[48.15071,11.5436],"osm_id":"node/4596738920","open_horizon":false,"views":"[{\"sightline_id\": \"sl_ca87492e\", \"toward\": \"a\", \"distance_m\": 23.8}, {\"sightline_id\": \"sl_ca87492e\", \"toward\": \"b\", \"distance_m\": 23.8}]","tags":"{\"cuisine\": \"asian\", \"opening_hours\": \"PH,Mo-Su 11:30-23:30\", \"outdoor_seating\": \"yes\"}","marker-color":"#1f78b4"}},
{"type":"Feature","geometry":{"type":"Point","coordinates":[11.45525,48.14696]},"properties":{"id":"poi_n4633014993","name":"Pasinger Nachtcafe bei Keko","kind":"bar","at":[48.14696,11.45525],"osm_id":"node/4633014993","open_horizon":false,"views":"[{\"sightline_id\": \"sl_1a53dca1\", \"toward\": \"b\", \"distance_m\": 30.7}]","tags":"{\"opening_hours\": \"Mo-Su 14:00-05:00\", \"outdoor_seating\": \"yes\", \"phone\": \"+49 152 1474 1923\"}","marker-color":"#1f78b4"}},
{"type":"Feature","geometry":{"type":"Point","coordinates":[11.55249,48.18574]},"properties":{"id":"poi_n4638666353","name":"Kreta Meer","kind":"restaurant","at":[48.18574,11.55249],"osm_id":"node/4638666353","open_horizon":false,"views":"[{\"sightline_id\": \"sl_2b9a506c\", \"toward\": \"a\", \"distance_m\": 30.0}, {\"sightline_id\": \"sl_2b9a506c\", \"toward\": \"b\", \"distance_m\": 30.0}, {\"sightline_id\": \"sl_80b63515\", \"toward\": \"a\", \"distance_m\": 34.2}]","tags":"{\"cuisine\": \"greek\", \"opening_hours\": \"11:15-14:30,17:15-23:00\", \"outdoor_seating\": \"yes\", \"phone\": \"+49 89 35818282\", \"website\": \"https://kreta-meer.de\"}","marker-color":"#1f78b4"}},
{"type":"Feature","geometry":{"type":"Point","coordinates":[11.5345,48.15743]},"properties":{"id":"poi_n4680067169","name":"Taverna Cyclades","kind":"restaurant","at":[48.15743,11.5345],"osm_id":"node/4680067169","open_horizon":false,"views":"[{\"sightline_id\": \"sl_b5457607\", \"toward\": \"a\", \"distance_m\": 14.0}, {\"sightline_id\": \"sl_b5457607\", \"toward\": \"b\", \"distance_m\": 14.0}]","tags":"{\"cuisine\": \"greek\", \"opening_hours\": \"Mo-Th 18:00-24:00, Fr,Sa 18:00-01:00, Su 17:00-23:00\", \"outdoor_seating\": \"yes\"}","marker-color":"#1f78b4"}},
{"type":"Feature","geometry":{"type":"Point","coordinates":[11.56924,48.164]},"properties":{"id":"poi_n469223641","name":"Nabucco","kind":"restaurant","at":[48.164,11.56924],"osm_id":"node/469223641","open_horizon":false,"views":"[{\"sightline_id\": \"sl_ba56d719\", \"toward\": \"a\", \"distance_m\": 3.0}, {\"sightline_id\": \"sl_ba56d719\", \"toward\": \"b\", \"distance_m\": 3.0}]","tags":"{\"cuisine\": \"italian\", \"opening_hours\": \"Mo-Fr 11:30-14:30,18:00-23:00; Sa 18:00-23:00; Su off\", \"outdoor_seating\": \"yes\"}","marker-color":"#1f78b4"}},
{"type":"Feature","geometry":{"type":"Point","coordinates":[11.57522,48.1494]},"properties":{"id":"poi_n469223644","name":"Café Puck","kind":"cafe","at":[48.1494,11.57522],"osm_id":"node/469223644","open_horizon":false,"views":"[{\"sightline_id\": \"sl_b3216b45\", \"toward\": \"a\", \"distance_m\": 7.2}, {\"sightline_id\": \"sl_b3216b45\", \"toward\": \"b\", \"distance_m\": 7.2}]","tags":"{\"opening_hours\": \"Mo-Su 09:00-01:00\", \"outdoor_seating\": \"yes\"}","marker-color":"#1f78b4"}},
{"type":"Feature","geometry":{"type":"Point","coordinates":[11.58803,48.13135]},"properties":{"id":"poi_n4696054799","name":"Rosi","kind":"cafe","at":[48.13135,11.58803],"osm_id":"node/4696054799","open_horizon":false,"views":"[{\"sightline_id\": \"sl_263bdfd3\", \"toward\": \"a\", \"distance_m\": 32.2}]","tags":"{\"opening_hours\": \"Mo-Th 08:00-01:00; Fr,Sa 08:00-03:00; Su,PH 09:00-00:00\", \"outdoor_seating\": \"sidewalk\"}","marker-color":"#1f78b4"}},
{"type":"Feature","geometry":{"type":"Point","coordinates":[11.59782,48.13622]},"properties":{"id":"poi_n469640307","name":"Cupital No3","kind":"cafe","at":[48.13622,11.59782],"osm_id":"node/469640307","open_horizon":false,"views":"[{\"sightline_id\": \"sl_414c81bc\", \"toward\": \"a\", \"distance_m\": 13.0}]","tags":"{\"opening_hours\": \"Mo-Th 08:00-18:00; Fr 08:00-20:00; Sa 09:00-17:00; Su off\", \"outdoor_seating\": \"yes\", \"phone\": \"+49 89 24597151\", \"website\": \"https://www.cupitalno3.de\"}","marker-color":"#1f78b4"}},
{"type":"Feature","geometry":{"type":"Point","coordinates":[11.63719,48.15532]},"properties":{"id":"poi_n4705439597","name":"toto's basement","kind":"bar","at":[48.15532,11.63719],"osm_id":"node/4705439597","open_horizon":false,"views":"[{\"sightline_id\": \"sl_078c9f1b\", \"toward\": \"a\", \"distance_m\": 20.3}, {\"sightline_id\": \"sl_078c9f1b\", \"toward\": \"b\", \"distance_m\": 20.3}]","tags":"{}","marker-color":"#1f78b4"}},
{"type":"Feature","geometry":{"type":"Point","coordinates":[11.57498,48.15395]},"properties":{"id":"poi_n4706174301","name":"LAX Eatery","kind":"cafe","at":[48.15395,11.57498],"osm_id":"node/4706174301","open_horizon":false,"views":"[{\"sightline_id\": \"sl_cfd8afe9\", \"toward\": \"b\", \"distance_m\": 8.7}, {\"sightline_id\": \"sl_f1c85e2a\", \"toward\": \"a\", \"distance_m\": 9.4}]","tags":"{\"cuisine\": \"coffee_shop;breakfast\", \"opening_hours\": \"Mo-Su 09:00-14:30\"}","marker-color":"#1f78b4"}},
{"type":"Feature","geometry":{"type":"Point","coordinates":[11.57134,48.15502]},"properties":{"id":"poi_n471620048","name":"Der kleine Kranich","kind":"bar","at":[48.15502,11.57134],"osm_id":"node/471620048","open_horizon":false,"views":"[{\"sightline_id\": \"sl_f1c85e2a\", \"toward\": \"a\", \"distance_m\": 4.4}, {\"sightline_id\": \"sl_f1c85e2a\", \"toward\": \"b\", \"distance_m\": 4.4}]","tags":"{\"opening_hours\": \"Th-Sa 18:00+; Su-We off\"}","marker-color":"#1f78b4"}},
{"type":"Feature","geometry":{"type":"Point","coordinates":[11.5598,48.14482]},"properties":{"id":"poi_n4721005913","name":"Storia","kind":"restaurant","at":[48.14482,11.5598],"osm_id":"node/4721005913","open_horizon":false,"views":"[{\"sightline_id\": \"sl_229e7580\", \"toward\": \"a\", \"distance_m\": 24.8}, {\"sightline_id\": \"sl_92fc0adb\", \"toward\": \"a\", \"distance_m\": 26.2}, {\"sightline_id\": \"sl_92fc0adb\", \"toward\": \"b\", \"distance_m\": 26.2}]","tags":"{\"cuisine\": \"italian\", \"opening_hours\": \"Su-Sa 11:00-01:00\", \"outdoor_seating\": \"pedestrian_zone\", \"phone\": \"+49 89 51519696\", \"website\": \"https://www.ristorantestoria.de/\"}","marker-color":"#1f78b4"}},
{"type":"Feature","geometry":{"type":"Point","coordinates":[11.52902,48.09924]},"properties":{"id":"poi_n4728276799","name":"Egg Haus Cafe","kind":"restaurant","at":[48.09924,11.52902],"osm_id":"node/4728276799","open_horizon":false,"views":"[{\"sightline_id\": \"sl_e5bbf097\", \"toward\": \"a\", \"distance_m\": 12.5}, {\"sightline_id\": \"sl_e5bbf097\", \"toward\": \"b\", \"distance_m\": 12.5}]","tags":"{\"opening_hours\": \"Mo-Fr 11:30-14:00, Mo-Fr 18:00-22:00, Sa 18:00-22:00; Su off\"}","marker-color":"#1f78b4"}},
{"type":"Feature","geometry":{"type":"Point","coordinates":[11.57393,48.13052]},"properties":{"id":"poi_n4736205409","name":"Fink's Südtiroler Knödelküche","kind":"restaurant","at":[48.13052,11.57393],"osm_id":"node/4736205409","open_horizon":false,"views":"[{\"sightline_id\": \"sl_53b1b3ea\", \"toward\": \"a\", \"distance_m\": 7.1}, {\"sightline_id\": \"sl_53b1b3ea\", \"toward\": \"b\", \"distance_m\": 7.1}]","tags":"{\"cuisine\": \"regional\", \"opening_hours\": \"Mo-Su 11:30-14:30,17:30-22:30\", \"outdoor_seating\": \"yes\"}","marker-color":"#1f78b4"}},
{"type":"Feature","geometry":{"type":"Point","coordinates":[11.6226,48.1326]},"properties":{"id":"poi_n4770264871","name":"Brotmanufaktur Schmidt","kind":"cafe","at":[48.1326,11.6226],"osm_id":"node/4770264871","open_horizon":false,"views":"[{\"sightline_id\": \"sl_c3d909df\", \"toward\": \"a\", \"distance_m\": 26.9}, {\"sightline_id\": \"sl_c3d909df\", \"toward\": \"b\", \"distance_m\": 26.9}]","tags":"{\"opening_hours\": \"Mo-Fr 06:30-16:00; Sa 07:00-13:00; Su,PH off\", \"outdoor_seating\": \"yes\"}","marker-color":"#1f78b4"}},
{"type":"Feature","geometry":{"type":"Point","coordinates":[11.57901,48.12935]},"properties":{"id":"poi_n478058738","name":"Sandhu India","kind":"restaurant","at":[48.12935,11.57901],"osm_id":"node/478058738","open_horizon":false,"views":"[{\"sightline_id\": \"sl_387fb7e3\", \"toward\": \"a\", \"distance_m\": 9.6}, {\"sightline_id\": \"sl_387fb7e3\", \"toward\": \"b\", \"distance_m\": 9.6}]","tags":"{\"cuisine\": \"indian\", \"opening_hours\": \"Tu-Fr 11:30-14:30, 17:30-22:30; Sa, Su 12:00-22:00\", \"outdoor_seating\": \"no\"}","marker-color":"#1f78b4"}},
{"type":"Feature","geometry":{"type":"Point","coordinates":[11.57527,48.1547]},"properties":{"id":"poi_n4784794584","name":"Morso Caffetteria","kind":"cafe","at":[48.1547,11.57527],"osm_id":"node/4784794584","open_horizon":false,"views":"[{\"sightline_id\": \"sl_8f7da990\", \"toward\": \"a\", \"distance_m\": 18.3}, {\"sightline_id\": \"sl_8f7da990\", \"toward\": \"b\", \"distance_m\": 18.3}, {\"sightline_id\": \"sl_cfd8afe9\", \"toward\": \"b\", \"distance_m\": 25.0}]","tags":"{\"cuisine\": \"italian\", \"opening_hours\": \"Mo-Su 08:00-20:00\", \"outdoor_seating\": \"yes\"}","marker-color":"#1f78b4"}},
{"type":"Feature","geometry":{"type":"Point","coordinates":[11.54248,48.13441]},"properties":{"id":"poi_n4816312063","name":"Snakes","kind":"bar","at":[48.13441,11.54248],"osm_id":"node/4816312063","open_horizon":false,"views":"[{\"sightline_id\": \"sl_9858aff8\", \"toward\": \"b\", \"distance_m\": 24.9}]","tags":"{\"outdoor_seating\": \"sidewalk\"}","marker-color":"#1f78b4"}},
{"type":"Feature","geometry":{"type":"Point","coordinates":[11.57376,48.17147]},"properties":{"id":"poi_n4826906689","name":"Café Scheidplatz","kind":"cafe","at":[48.17147,11.57376],"osm_id":"node/4826906689","open_horizon":false,"views":"[{\"sightline_id\": \"sl_d6a27724\", \"toward\": \"a\", \"distance_m\": 16.7}, {\"sightline_id\": \"sl_d6a27724\", \"toward\": \"b\", \"distance_m\": 16.7}]","tags":"{\"opening_hours\": \"09:00-23:00\", \"outdoor_seating\": \"yes\"}","marker-color":"#1f78b4"}},
{"type":"Feature","geometry":{"type":"Point","coordinates":[11.56222,48.13111]},"properties":{"id":"poi_n4829347900","name":"Machito's Bar","kind":"pub","at":[48.13111,11.56222],"osm_id":"node/4829347900","open_horizon":false,"views":"[{\"sightline_id\": \"sl_e8d3e711\", \"toward\": \"a\", \"distance_m\": 14.0}, {\"sightline_id\": \"sl_e8d3e711\", \"toward\": \"b\", \"distance_m\": 14.0}]","tags":"{\"opening_hours\": \"Mo-Th 16:00-12:00; Fr-Su 16:00-03:00\"}","marker-color":"#1f78b4"}},
{"type":"Feature","geometry":{"type":"Point","coordinates":[11.56193,48.13098]},"properties":{"id":"poi_n4829360767","name":"Rotes Meer","kind":"restaurant","at":[48.13098,11.56193],"osm_id":"node/4829360767","open_horizon":false,"views":"[{\"sightline_id\": \"sl_e8d3e711\", \"toward\": \"a\", \"distance_m\": 13.2}, {\"sightline_id\": \"sl_e8d3e711\", \"toward\": \"b\", \"distance_m\": 13.2}]","tags":"{}","marker-color":"#1f78b4"}},
{"type":"Feature","geometry":{"type":"Point","coordinates":[11.57561,48.14999]},"properties":{"id":"poi_n4853890707","name":"1/2 Moon","kind":"restaurant","at":[48.14999,11.57561],"osm_id":"node/4853890707","open_horizon":false,"views":"[{\"sightline_id\": \"sl_b3216b45\", \"toward\": \"a\", \"distance_m\": 7.8}, {\"sightline_id\": \"sl_b3216b45\", \"toward\": \"b\", \"distance_m\": 7.8}]","tags":"{\"cuisine\": \"vietnamese\", \"opening_hours\": \"Mo-Su 11:00-21:00\", \"outdoor_seating\": \"sidewalk;parklet\", \"website\": \"https://www.12moon.de/\"}","marker-color":"#1f78b4"}},
{"type":"Feature","geometry":{"type":"Point","coordinates":[11.57469,48.12873]},"properties":{"id":"poi_n4855132622","name":"Bondi Bar","kind":"bar","at":[48.12873,11.57469],"osm_id":"node/4855132622","open_horizon":false,"views":"[{\"sightline_id\": \"sl_195c0dd2\", \"toward\": \"b\", \"distance_m\": 17.8}]","tags":"{}","marker-color":"#1f78b4"}},
{"type":"Feature","geometry":{"type":"Point","coordinates":[11.57547,48.15052]},"properties":{"id":"poi_n4855132722","name":"James T. Hunt","kind":"bar","at":[48.15052,11.57547],"osm_id":"node/4855132722","open_horizon":false,"views":"[{\"sightline_id\": \"sl_1c73e5a8\", \"toward\": \"a\", \"distance_m\": 9.5}, {\"sightline_id\": \"sl_1c73e5a8\", \"toward\": \"b\", \"distance_m\": 9.5}]","tags":"{\"opening_hours\": \"Mo-Su 17:30-02:00\", \"outdoor_seating\": \"yes\", \"website\": \"https://jameshuntbar.com\"}","marker-color":"#1f78b4"}},
{"type":"Feature","geometry":{"type":"Point","coordinates":[11.58478,48.15862]},"properties":{"id":"poi_n4857542423","name":"Nara","kind":"restaurant","at":[48.15862,11.58478],"osm_id":"node/4857542423","open_horizon":false,"views":"[{\"sightline_id\": \"sl_302cf079\", \"toward\": \"a\", \"distance_m\": 30.9}, {\"sightline_id\": \"sl_302cf079\", \"toward\": \"b\", \"distance_m\": 30.9}]","tags":"{\"cuisine\": \"kebab;turkish\", \"outdoor_seating\": \"yes\"}","marker-color":"#1f78b4"}},
{"type":"Feature","geometry":{"type":"Point","coordinates":[11.57083,48.18463]},"properties":{"id":"poi_n485905491","name":"Irmgard Stüberl","kind":"pub","at":[48.18463,11.57083],"osm_id":"node/485905491","open_horizon":false,"views":"[{\"sightline_id\": \"sl_46e17117\", \"toward\": \"a\", \"distance_m\": 17.9}]","tags":"{}","marker-color":"#1f78b4"}},
{"type":"Feature","geometry":{"type":"Point","coordinates":[11.6039,48.1616]},"properties":{"id":"poi_n4872713782","name":null,"kind":"bar","at":[48.1616,11.6039],"osm_id":"node/4872713782","open_horizon":false,"views":"[{\"sightline_id\": \"sl_63089901\", \"toward\": \"a\", \"distance_m\": 13.5}, {\"sightline_id\": \"sl_63089901\", \"toward\": \"b\", \"distance_m\": 13.5}]","tags":"{}","marker-color":"#1f78b4"}},
{"type":"Feature","geometry":{"type":"Point","coordinates":[11.59133,48.10353]},"properties":{"id":"poi_n4881259091","name":"Da Raffaella","kind":"restaurant","at":[48.10353,11.59133],"osm_id":"node/4881259091","open_horizon":false,"views":"[{\"sightline_id\": \"sl_848d31e2\", \"toward\": \"a\", \"distance_m\": 12.9}, {\"sightline_id\": \"sl_848d31e2\", \"toward\": \"b\", \"distance_m\": 12.9}]","tags":"{\"opening_hours\": \"Tu-Su,PH 17:00-22:00; Mo off\", \"outdoor_seating\": \"yes\"}","marker-color":"#1f78b4"}},
{"type":"Feature","geometry":{"type":"Point","coordinates":[11.6051,48.12558]},"properties":{"id":"poi_n4897342858","name":"The Container Factory Café","kind":"cafe","at":[48.12558,11.6051],"osm_id":"node/4897342858","open_horizon":false,"views":"[{\"sightline_id\": \"sl_a09e2abc\", \"toward\": \"a\", \"distance_m\": 24.7}, {\"sightline_id\": \"sl_a09e2abc\", \"toward\": \"b\", \"distance_m\": 24.7}]","tags":"{\"outdoor_seating\": \"yes\"}","marker-color":"#1f78b4"}},
{"type":"Feature","geometry":{"type":"Point","coordinates":[11.57212,48.11994]},"properties":{"id":"poi_n490432710","name":"Sommer","kind":"cafe","at":[48.11994,11.57212],"osm_id":"node/490432710","open_horizon":false,"views":"[{\"sightline_id\": \"sl_2266d98b\", \"toward\": \"a\", \"distance_m\": 13.7}, {\"sightline_id\": \"sl_2266d98b\", \"toward\": \"b\", \"distance_m\": 13.7}]","tags":"{\"cuisine\": \"regional\", \"opening_hours\": \"Mo-Su 07:00-19:00\", \"outdoor_seating\": \"yes\", \"phone\": \"+49 89 46257432\", \"website\": \"https://sommer.cafe/\"}","marker-color":"#1f78b4"}},
{"type":"Feature","geometry":{"type":"Point","coordinates":[11.50244,48.1263]},"properties":{"id":"poi_n4905474222","name":"Ozean Sushi","kind":"restaurant","at":[48.1263,11.50244],"osm_id":"node/4905474222","open_horizon":false,"views":"[{\"sightline_id\": \"sl_e4608dbb\", \"toward\": \"a\", \"distance_m\": 11.5}, {\"sightline_id\": \"sl_e4608dbb\", \"toward\": \"b\", \"distance_m\": 11.5}, {\"sightline_id\": \"sl_87d4626d\", \"toward\": \"a\", \"distance_m\": 34.1}, {\"sightline_id\": \"sl_87d4626d\", \"toward\": \"b\", \"distance_m\": 34.1}]","tags":"{\"cuisine\": \"sushi\", \"opening_hours\": \"Mo-Sa 17:00-22:30, Su 16:00-22:30\", \"outdoor_seating\": \"no\", \"phone\": \"+49 89 5682 6500\", \"website\": \"https://muenchen-sushi.de/\"}","marker-color":"#1f78b4"}},
{"type":"Feature","geometry":{"type":"Point","coordinates":[11.53932,48.15596]},"properties":{"id":"poi_n492756684","name":"Zur Glocke","kind":"pub","at":[48.15596,11.53932],"osm_id":"node/492756684","open_horizon":false,"views":"[{\"sightline_id\": \"sl_287c5745\", \"toward\": \"a\", \"distance_m\": 13.0}]","tags":"{\"opening_hours\": \"PH,Mo-Su 14:00-22:00\", \"outdoor_seating\": \"yes\"}","marker-color":"#1f78b4"}},
{"type":"Feature","geometry":{"type":"Point","coordinates":[11.53613,48.156]},"properties":{"id":"poi_n492756687","name":"El Chapo","kind":"restaurant","at":[48.156,11.53613],"osm_id":"node/492756687","open_horizon":false,"views":"[{\"sightline_id\": \"sl_bea68911\", \"toward\": \"a\", \"distance_m\": 16.1}]","tags":"{\"opening_hours\": \"Mo-Th 11:00-01:00, Fr,Sa 11:00-02:00, Su 11:00-01:00\", \"outdoor_seating\": \"yes\"}","marker-color":"#1f78b4"}},
{"type":"Feature","geometry":{"type":"Point","coordinates":[11.53483,48.15565]},"properties":{"id":"poi_n492756689","name":"Pardi Restaurant Bar","kind":"restaurant","at":[48.15565,11.53483],"osm_id":"node/492756689","open_horizon":false,"views":"[{\"sightline_id\": \"sl_bea68911\", \"toward\": \"a\", \"distance_m\": 15.2}, {\"sightline_id\": \"sl_b5457607\", \"toward\": \"b\", \"distance_m\": 15.8}]","tags":"{\"cuisine\": \"mediterranean\", \"opening_hours\": \"Sa,Su 09:00-24:00, Tu-Fr 11:00-24:00\", \"outdoor_seating\": \"yes\"}","marker-color":"#1f78b4"}},
{"type":"Feature","geometry":{"type":"Point","coordinates":[11.53451,48.15555]},"properties":{"id":"poi_n492756692","name":"AOI","kind":"restaurant","at":[48.15555,11.53451],"osm_id":"node/492756692","open_horizon":false,"views":"[{\"sightline_id\": \"sl_bea68911\", \"toward\": \"a\", \"distance_m\": 13.4}, {\"sightline_id\": \"sl_bea68911\", \"toward\": \"b\", \"distance_m\": 13.4}]","tags":"{\"cuisine\": \"japanese\", \"opening_hours\": \"Tu-Fr 11:30-14:00,17:30-22:00; Sa,Su 17:30-22:00\", \"outdoor_seating\": \"yes\"}","marker-color":"#1f78b4"}},
{"type":"Feature","geometry":{"type":"Point","coordinates":[11.53376,48.15533]},"properties":{"id":"poi_n492756695","name":"Emporio Italiano","kind":"restaurant","at":[48.15533,11.53376],"osm_id":"node/492756695","open_horizon":false,"views":"[{\"sightline_id\": \"sl_bea68911\", \"toward\": \"a\", \"distance_m\": 10.8}, {\"sightline_id\": \"sl_bea68911\", \"toward\": \"b\", \"distance_m\": 10.8}]","tags":"{\"cuisine\": \"italian\", \"opening_hours\": \"Mo-Sa 10:00-22:00\", \"outdoor_seating\": \"yes\"}","marker-color":"#1f78b4"}},
{"type":"Feature","geometry":{"type":"Point","coordinates":[11.53309,48.15514]},"properties":{"id":"poi_n492756697","name":"Pizzazza","kind":"restaurant","at":[48.15514,11.53309],"osm_id":"node/492756697","open_horizon":false,"views":"[{\"sightline_id\": \"sl_bea68911\", \"toward\": \"b\", \"distance_m\": 9.0}]","tags":"{\"cuisine\": \"italian\", \"opening_hours\": \"Tu-Su 12:00-23:00\", \"outdoor_seating\": \"yes\", \"phone\": \"+49 89 44387766\", \"website\": \"https://www.pizzazza.de/\"}","marker-color":"#1f78b4"}},
{"type":"Feature","geometry":{"type":"Point","coordinates":[11.5515,48.18561]},"properties":{"id":"poi_n493293908","name":null,"kind":"viewpoint","at":[48.18561,11.5515],"osm_id":"node/493293908","open_horizon":false,"views":"[{\"sightline_id\": \"sl_80b63515\", \"toward\": \"a\", \"distance_m\": 39.9}]","tags":"{}","marker-color":"#1f78b4"}},
{"type":"Feature","geometry":{"type":"Point","coordinates":[11.53499,48.16887]},"properties":{"id":"poi_n4948655021","name":"Alps Coffee - Coffee Shop - Espresso Bar","kind":"cafe","at":[48.16887,11.53499],"osm_id":"node/4948655021","open_horizon":false,"views":"[{\"sightline_id\": \"sl_7f979393\", \"toward\": \"b\", \"distance_m\": 27.1}]","tags":"{\"opening_hours\": \"Mo-Fr 07:00-18:00; Sa 07:00-14:00; Su,PH off\", \"outdoor_seating\": \"no\", \"website\": \"https://shop.alps-coffee.it/de_de/coffeeshop.html\"}","marker-color":"#1f78b4"}},
{"type":"Feature","geometry":{"type":"Point","coordinates":[11.57354,48.13001]},"properties":{"id":"poi_n495671948","name":"Die Kneipe 80","kind":"pub","at":[48.13001,11.57354],"osm_id":"node/495671948","open_horizon":false,"views":"[{\"sightline_id\": \"sl_195c0dd2\", \"toward\": \"a\", \"distance_m\": 12.3}, {\"sightline_id\": \"sl_195c0dd2\", \"toward\": \"b\", \"distance_m\": 12.3}, {\"sightline_id\": \"sl_53b1b3ea\", \"toward\": \"a\", \"distance_m\": 15.7}, {\"sightline_id\": \"sl_53b1b3ea\", \"toward\": \"b\", \"distance_m\": 15.7}]","tags":"{}","marker-color":"#1f78b4"}},
{"type":"Feature","geometry":{"type":"Point","coordinates":[11.58863,48.13146]},"properties":{"id":"poi_n4958790202","name":"Zen Panasia","kind":"restaurant","at":[48.13146,11.58863],"osm_id":"node/4958790202","open_horizon":false,"views":"[{\"sightline_id\": \"sl_321d09fb\", \"toward\": \"a\", \"distance_m\": 4.6}]","tags":"{\"cuisine\": \"sushi\", \"opening_hours\": \"Mo-Fr 11:30-23:00; Sa 16:00-23:00; Su 12:30-23:00\", \"outdoor_seating\": \"yes\"}","marker-color":"#1f78b4"}},
{"type":"Feature","geometry":{"type":"Point","coordinates":[11.55748,48.12588]},"properties":{"id":"poi_n4960091087","name":"Topbar30","kind":"pub","at":[48.12588,11.55748],"osm_id":"node/4960091087","open_horizon":false,"views":"[{\"sightline_id\": \"sl_6c13a68b\", \"toward\": \"b\", \"distance_m\": 16.4}]","tags":"{}","marker-color":"#1f78b4"}},
{"type":"Feature","geometry":{"type":"Point","coordinates":[11.55692,48.1254]},"properties":{"id":"poi_n4960091098","name":"Chois Hotpot & Lounge","kind":"restaurant","at":[48.1254,11.55692],"osm_id":"node/4960091098","open_horizon":false,"views":"[{\"sightline_id\": \"sl_6c13a68b\", \"toward\": \"b\", \"distance_m\": 15.9}]","tags":"{\"cuisine\": \"chinese\", \"opening_hours\": \"Mo-Fr 17:30-23:00; Sa,Su 12:00-15:00,17:30-23:00\", \"outdoor_seating\": \"yes\", \"phone\": \"+49 89 39290131\", \"website\": \"https://www.chois-hotpot.de/\"}","marker-color":"#1f78b4"}},
{"type":"Feature","geometry":{"type":"Point","coordinates":[11.62497,48.09415]},"properties":{"id":"poi_n496923895","name":"Forschungsbrauerei","kind":"biergarten","at":[48.09415,11.62497],"osm_id":"node/496923895","open_horizon":false,"views":"[{\"sightline_id\": \"sl_af746726\", \"toward\": \"b\", \"distance_m\": 11.5}]","tags":"{\"opening_hours\": \"Mo-Sa 11:00-23:00; Su,PH 11:00-22:00\"}","marker-color":"#1f78b4"}},
{"type":"Feature","geometry":{"type":"Point","coordinates":[11.5649,48.1519]},"properties":{"id":"poi_n4978366181","name":"Slurp! Nudelbar","kind":"restaurant","at":[48.1519,11.5649],"osm_id":"node/4978366181","open_horizon":false,"views":"[{\"sightline_id\": \"sl_229e7580\", \"toward\": \"a\", \"distance_m\": 10.4}, {\"sightline_id\": \"sl_229e7580\", \"toward\": \"b\", \"distance_m\": 10.4}, {\"sightline_id\": \"sl_ea614def\", \"toward\": \"a\", \"distance_m\": 39.5}, {\"sightline_id\": \"sl_ea614def\", \"toward\": \"b\", \"distance_m\": 39.5}]","tags":"{\"cuisine\": \"chinese;noodle\", \"opening_hours\": \"11:00-15:00,17:30-22:00; Sa-Su,PH 11:00-22:00\", \"outdoor_seating\": \"sidewalk\"}","marker-color":"#1f78b4"}},
{"type":"Feature","geometry":{"type":"Point","coordinates":[11.5615,48.14954]},"properties":{"id":"poi_n4978366182","name":"King Masala","kind":"restaurant","at":[48.14954,11.5615],"osm_id":"node/4978366182","open_horizon":false,"views":"[{\"sightline_id\": \"sl_c6924d7e\", \"toward\": \"a\", \"distance_m\": 14.5}, {\"sightline_id\": \"sl_c6924d7e\", \"toward\": \"b\", \"distance_m\": 14.5}]","tags":"{\"cuisine\": \"indian\", \"opening_hours\": \"Mo-Sa 11:30-14:00, 17:30-23:30; Su 17:30-23:30\", \"outdoor_seating\": \"yes\"}","marker-color":"#1f78b4"}},
{"type":"Feature","geometry":{"type":"Point","coordinates":[11.51467,48.17962]},"properties":{"id":"poi_n4987058802","name":"Moccas 50","kind":"pub","at":[48.17962,11.51467],"osm_id":"node/4987058802","open_horizon":false,"views":"[{\"sightline_id\": \"sl_ee099e57\", \"toward\": \"a\", \"distance_m\": 9.9}, {\"sightline_id\": \"sl_ee099e57\", \"toward\": \"b\", \"distance_m\": 9.9}, {\"sightline_id\": \"sl_4991190a\", \"toward\": \"a\", \"distance_m\": 27.9}, {\"sightline_id\": \"sl_4991190a\", \"toward\": \"b\", \"distance_m\": 27.9}]","tags":"{\"opening_hours\": \"Mo-Su 15:00-24:00\"}","marker-color":"#1f78b4"}},
{"type":"Feature","geometry":{"type":"Point","coordinates":[11.5407,48.16349]},"properties":{"id":"poi_n502082808","name":"Gran Sasso","kind":"restaurant","at":[48.16349,11.5407],"osm_id":"node/502082808","open_horizon":false,"views":"[{\"sightline_id\": \"sl_f11282a2\", \"toward\": \"a\", \"distance_m\": 38.1}, {\"sightline_id\": \"sl_f11282a2\", \"toward\": \"b\", \"distance_m\": 38.1}]","tags":"{\"cuisine\": \"italian\", \"opening_hours\": \"We-Mo 11:00-23:00\", \"outdoor_seating\": \"sidewalk\", \"phone\": \"+49 89 151281\", \"website\": \"https://www.ristorante-pizzeria-gran-sasso.de/\"}","marker-color":"#1f78b4"}},
{"type":"Feature","geometry":{"type":"Point","coordinates":[11.56111,48.13676]},"properties":{"id":"poi_n5026732222","name":"Schiller Bräu","kind":"restaurant","at":[48.13676,11.56111],"osm_id":"node/5026732222","open_horizon":false,"views":"[{\"sightline_id\": \"sl_3eb150b6\", \"toward\": \"a\", \"distance_m\": 14.6}, {\"sightline_id\": \"sl_3eb150b6\", \"toward\": \"b\", \"distance_m\": 14.6}]","tags":"{\"opening_hours\": \"Mo-Su 16:00-24:00\", \"phone\": \"+49 89 890584822\", \"website\": \"https://www.schiller-braeu.de/\"}","marker-color":"#1f78b4"}},
{"type":"Feature","geometry":{"type":"Point","coordinates":[11.64563,48.1009]},"properties":{"id":"poi_n5028934023","name":"An Minh","kind":"restaurant","at":[48.1009,11.64563],"osm_id":"node/5028934023","open_horizon":false,"views":"[{\"sightline_id\": \"sl_76b1e769\", \"toward\": \"a\", \"distance_m\": 28.3}]","tags":"{\"cuisine\": \"asian\", \"opening_hours\": \"Mo-Sa 11:30-21:30; Su 12:00-21:30\", \"outdoor_seating\": \"yes\", \"phone\": \"+49 89 673 26 43\", \"website\": \"https://anminh.de/\"}","marker-color":"#1f78b4"}},
{"type":"Feature","geometry":{"type":"Point","coordinates":[11.54821,48.12233]},"properties":{"id":"poi_n5048798797","name":"Via Veneto","kind":"ice_cream","at":[48.12233,11.54821],"osm_id":"node/5048798797","open_horizon":false,"views":"[{\"sightline_id\": \"sl_c4d1a70a\", \"toward\": \"a\", \"distance_m\": 22.2}, {\"sightline_id\": \"sl_c4d1a70a\", \"toward\": \"b\", \"distance_m\": 22.2}]","tags":"{\"outdoor_seating\": \"yes\"}","marker-color":"#1f78b4"}},
{"type":"Feature","geometry":{"type":"Point","coordinates":[11.53128,48.13862]},"properties":{"id":"poi_n505230450","name":"Red Pepper","kind":"restaurant","at":[48.13862,11.53128],"osm_id":"node/505230450","open_horizon":false,"views":"[{\"sightline_id\": \"sl_7c751cfb\", \"toward\": \"a\", \"distance_m\": 17.5}, {\"sightline_id\": \"sl_7c751cfb\", \"toward\": \"b\", \"distance_m\": 17.5}]","tags":"{\"opening_hours\": \"Mo-Fr 11:00-15:00, 17:00-24:00; Sa 17:00-24:00; Su 11:00-24:00\", \"outdoor_seating\": \"yes\", \"website\": \"https://redpepper-westend.de/\"}","marker-color":"#1f78b4"}},
{"type":"Feature","geometry":{"type":"Point","coordinates":[11.56342,48.13169]},"properties":{"id":"poi_n5056925966","name":"Thai Mama","kind":"restaurant","at":[48.13169,11.56342],"osm_id":"node/5056925966","open_horizon":false,"views":"[{\"sightline_id\": \"sl_e8d3e711\", \"toward\": \"a\", \"distance_m\": 12.7}, {\"sightline_id\": \"sl_e8d3e711\", \"toward\": \"b\", \"distance_m\": 12.7}]","tags":"{\"cuisine\": \"asian\", \"opening_hours\": \"Mo-Fr 11:00-21:00; Sa 12:00-21:00; Su 17:00-21:00\", \"outdoor_seating\": \"no\"}","marker-color":"#1f78b4"}},
{"type":"Feature","geometry":{"type":"Point","coordinates":[11.55338,48.13665]},"properties":{"id":"poi_n5069253721","name":"bella bohne","kind":"cafe","at":[48.13665,11.55338],"osm_id":"node/5069253721","open_horizon":false,"views":"[{\"sightline_id\": \"sl_c1a6aafe\", \"toward\": \"b\", \"distance_m\": 26.9}]","tags":"{\"opening_hours\": \"Mo-Th 07:30-17:00; Fr 07:30-16:30\"}","marker-color":"#1f78b4"}},
{"type":"Feature","geometry":{"type":"Point","coordinates":[11.53854,48.10886]},"properties":{"id":"poi_n508830396","name":"Isarflimmern","kind":"pub","at":[48.10886,11.53854],"osm_id":"node/508830396","open_horizon":false,"views":"[{\"sightline_id\": \"sl_e0f40b36\", \"toward\": \"a\", \"distance_m\": 8.2}, {\"sightline_id\": \"sl_e0f40b36\", \"toward\": \"b\", \"distance_m\": 8.2}]","tags":"{\"opening_hours\": \"PH,Tu-Su 14:00-01:00\", \"outdoor_seating\": \"yes\"}","marker-color":"#1f78b4"}},
{"type":"Feature","geometry":{"type":"Point","coordinates":[11.54966,48.11294]},"properties":{"id":"poi_n5091093923","name":"Cafe Wunderbar","kind":"cafe","at":[48.11294,11.54966],"osm_id":"node/5091093923","open_horizon":false,"views":"[{\"sightline_id\": \"sl_38406eda\", \"toward\": \"b\", \"distance_m\": 24.5}]","tags":"{\"opening_hours\": \"Mo-We 12:30-17:30, Th 10:30-17:30; Fr 10:30-18:30; Sa 10:30-17:30; Su off\"}","marker-color":"#1f78b4"}},
{"type":"Feature","geometry":{"type":"Point","coordinates":[11.5724,48.13572]},"properties":{"id":"poi_n5092306421","name":"Soumi","kind":"restaurant","at":[48.13572,11.5724],"osm_id":"node/5092306421","open_horizon":false,"views":"[{\"sightline_id\": \"sl_57c2a20c\", \"toward\": \"a\", \"distance_m\": 34.0}]","tags":"{\"cuisine\": \"vietnamese\", \"opening_hours\": \"Mo-Sa 11:00-22:00\"}","marker-color":"#1f78b4"}},
{"type":"Feature","geometry":{"type":"Point","coordinates":[11.56713,48.12397]},"properties":{"id":"poi_n5126854087","name":"ChocoLab","kind":"cafe","at":[48.12397,11.56713],"osm_id":"node/5126854087","open_horizon":false,"views":"[{\"sightline_id\": \"sl_39d45671\", \"toward\": \"a\", \"distance_m\": 21.0}]","tags":"{\"opening_hours\": \"Mo-Fr 09:00-18:00; Sa,Su,PH 09:00-20:00\", \"outdoor_seating\": \"yes\"}","marker-color":"#1f78b4"}},
{"type":"Feature","geometry":{"type":"Point","coordinates":[11.51172,48.13945]},"properties":{"id":"poi_n5141084083","name":"Athos Pallas","kind":"restaurant","at":[48.13945,11.51172],"osm_id":"node/5141084083","open_horizon":false,"views":"[{\"sightline_id\": \"sl_7e0c2b11\", \"toward\": \"a\", \"distance_m\": 15.1}, {\"sightline_id\": \"sl_7e0c2b11\", \"toward\": \"b\", \"distance_m\": 15.1}]","tags":"{\"cuisine\": \"greek\", \"opening_hours\": \"Mo-Sa 11:30-14:30,17:30-22:30; Su 11:30-22:00\", \"outdoor_seating\": \"yes\", \"phone\": \"+49 89 2459 7698\", \"website\": \"https://athos-pallas-muenchen.eatbu.com\"}","marker-color":"#1f78b4"}},
{"type":"Feature","geometry":{"type":"Point","coordinates":[11.51104,48.13493]},"properties":{"id":"poi_n5141084089","name":"Laimer Jungs Bar Bistro","kind":"pub","at":[48.13493,11.51104],"osm_id":"node/5141084089","open_horizon":false,"views":"[{\"sightline_id\": \"sl_aa294838\", \"toward\": \"a\", \"distance_m\": 19.2}]","tags":"{}","marker-color":"#1f78b4"}},
{"type":"Feature","geometry":{"type":"Point","coordinates":[11.60972,48.1957]},"properties":{"id":"poi_n5179079236","name":"BMW Betriebskantine","kind":"restaurant","at":[48.1957,11.60972],"osm_id":"node/5179079236","open_horizon":false,"views":"[{\"sightline_id\": \"sl_8155a1e9\", \"toward\": \"a\", \"distance_m\": 37.4}, {\"sightline_id\": \"sl_8155a1e9\", \"toward\": \"b\", \"distance_m\": 37.4}]","tags":"{\"outdoor_seating\": \"yes\"}","marker-color":"#1f78b4"}},
{"type":"Feature","geometry":{"type":"Point","coordinates":[11.67317,48.1168]},"properties":{"id":"poi_n5180345746","name":"Horn","kind":"cafe","at":[48.1168,11.67317],"osm_id":"node/5180345746","open_horizon":false,"views":"[{\"sightline_id\": \"sl_27bdd3d1\", \"toward\": \"b\", \"distance_m\": 8.3}]","tags":"{\"opening_hours\": \"Mo 06:15-12:30; Tu-Fr 06:15-18:00; Sa 06:15-12:00; Su,PH 06:30-12:00\"}","marker-color":"#1f78b4"}},
{"type":"Feature","geometry":{"type":"Point","coordinates":[11.57479,48.16049]},"properties":{"id":"poi_n5188325712","name":"Neuhauser","kind":"restaurant","at":[48.16049,11.57479],"osm_id":"node/5188325712","open_horizon":false,"views":"[{\"sightline_id\": \"sl_23ae6155\", \"toward\": \"a\", \"distance_m\": 10.8}, {\"sightline_id\": \"sl_79d740de\", \"toward\": \"b\", \"distance_m\": 12.5}]","tags":"{\"opening_hours\": \"Mo-Fr 10:00-01:00; Sa-Su 09:00-01:00\", \"outdoor_seating\": \"yes\"}","marker-color":"#1f78b4"}},
{"type":"Feature","geometry":{"type":"Point","coordinates":[11.56074,48.14548]},"properties":{"id":"poi_n5198358434","name":"Bia & Ban","kind":"restaurant","at":[48.14548,11.56074],"osm_id":"node/5198358434","open_horizon":false,"views":"[{\"sightline_id\": \"sl_229e7580\", \"toward\": \"a\", \"distance_m\": 10.3}, {\"sightline_id\": \"sl_229e7580\", \"toward\": \"b\", \"distance_m\": 10.3}]","tags":"{\"cuisine\": \"chinese\", \"opening_hours\": \"Mo-Su 11:30-15:00, 17:30-22:30\", \"phone\": \"+49 89 20920368\", \"website\": \"https://www.biaban.de\"}","marker-color":"#1f78b4"}},
{"type":"Feature","geometry":{"type":"Point","coordinates":[11.55889,48.14542]},"properties":{"id":"poi_n5212953133","name":"Japan Sushi Gourmet","kind":"restaurant","at":[48.14542,11.55889],"osm_id":"node/5212953133","open_horizon":false,"views":"[{\"sightline_id\": \"sl_92fc0adb\", \"toward\": \"a\", \"distance_m\": 7.9}, {\"sightline_id\": \"sl_92fc0adb\", \"toward\": \"b\", \"distance_m\": 7.9}]","tags":"{\"cuisine\": \"japanese\", \"opening_hours\": \"Mo-Sa 11:00-22:00; Su 16:00-22:00\"}","marker-color":"#1f78b4"}},
{"type":"Feature","geometry":{"type":"Point","coordinates":[11.55853,48.14299]},"properties":{"id":"poi_n5216423524","name":"MackGorilla","kind":"cafe","at":[48.14299,11.55853],"osm_id":"node/5216423524","open_horizon":false,"views":"[{\"sightline_id\": \"sl_76e2b5ac\", \"toward\": \"b\", \"distance_m\": 15.4}]","tags":"{\"cuisine\": \"sandwich;breakfast;european\", \"opening_hours\": \"Su-Th 07:30-22:30; Fr,Sa 07:30-23:30\", \"outdoor_seating\": \"yes\", \"website\": \"https://mackgorilla.com\"}","marker-color":"#1f78b4"}},
{"type":"Feature","geometry":{"type":"Point","coordinates":[11.5847,48.19227]},"properties":{"id":"poi_n521966710","name":"McCafé","kind":"cafe","at":[48.19227,11.5847],"osm_id":"node/521966710","open_horizon":false,"views":"[{\"sightline_id\": \"sl_07c33763\", \"toward\": \"a\", \"distance_m\": 37.0}, {\"sightline_id\": \"sl_07c33763\", \"toward\": \"b\", \"distance_m\": 37.0}]","tags":"{\"cuisine\": \"coffee_shop\", \"opening_hours\": \"Mo-Sa 00:00-05:00,06:00-24:00; Su 00:00-07:00,08:00-24:00\"}","marker-color":"#1f78b4"}},
{"type":"Feature","geometry":{"type":"Point","coordinates":[11.57242,48.12083]},"properties":{"id":"poi_n522195993","name":"Hanoi","kind":"restaurant","at":[48.12083,11.57242],"osm_id":"node/522195993","open_horizon":false,"views":"[{\"sightline_id\": \"sl_2266d98b\", \"toward\": \"a\", \"distance_m\": 16.0}, {\"sightline_id\": \"sl_2266d98b\", \"toward\": \"b\", \"distance_m\": 16.0}, {\"sightline_id\": \"sl_5346ff63\", \"toward\": \"a\", \"distance_m\": 22.0}, {\"sightline_id\": \"sl_5346ff63\", \"toward\": \"b\", \"distance_m\": 22.0}]","tags":"{\"cuisine\": \"vietnamese\", \"opening_hours\": \"Mo-Fr 11:30-15:00,17:30-23:00; Sa,Su,PH 12:00-23:00\"}","marker-color":"#1f78b4"}},
{"type":"Feature","geometry":{"type":"Point","coordinates":[11.57355,48.12006]},"properties":{"id":"poi_n522196066","name":"Café Mirin","kind":"cafe","at":[48.12006,11.57355],"osm_id":"node/522196066","open_horizon":false,"views":"[{\"sightline_id\": \"sl_5346ff63\", \"toward\": \"a\", \"distance_m\": 7.1}, {\"sightline_id\": \"sl_5346ff63\", \"toward\": \"b\", \"distance_m\": 7.1}]","tags":"{\"cuisine\": \"coffee_shop\", \"opening_hours\": \"Mo-Su 09:00-18:00\", \"outdoor_seating\": \"yes\"}","marker-color":"#1f78b4"}},
{"type":"Feature","geometry":{"type":"Point","coordinates":[11.57148,48.1192]},"properties":{"id":"poi_n523279142","name":"Brandner Kaspar","kind":"pub","at":[48.1192,11.57148],"osm_id":"node/523279142","open_horizon":false,"views":"[{\"sightline_id\": \"sl_2266d98b\", \"toward\": \"a\", \"distance_m\": 13.7}]","tags":"{\"opening_hours\": \"Fr,Sa 20:00-24:00+\", \"phone\": \"+49 89 65 29 22\", \"website\": \"http://www.brandnerkaspar.de/\"}","marker-color":"#1f78b4"}},
{"type":"Feature","geometry":{"type":"Point","coordinates":[11.54103,48.13981]},"properties":{"id":"poi_n5265789122","name":"Izakaya","kind":"restaurant","at":[48.13981,11.54103],"osm_id":"node/5265789122","open_horizon":false,"views":"[{\"sightline_id\": \"sl_620ca713\", \"toward\": \"a\", \"distance_m\": 13.2}, {\"sightline_id\": \"sl_620ca713\", \"toward\": \"b\", \"distance_m\": 13.2}]","tags":"{\"cuisine\": \"japanese\", \"opening_hours\": \"Mo-Su 07:00-00:00\", \"website\": \"https://www.roomers-hotels.com/munich/eat-and-drink/izakaya-restaurant/\"}","marker-color":"#1f78b4"}},
{"type":"Feature","geometry":{"type":"Point","coordinates":[11.46152,48.14638]},"properties":{"id":"poi_n5277877056","name":"Fredy's Bar","kind":"bar","at":[48.14638,11.46152],"osm_id":"node/5277877056","open_horizon":false,"views":"[{\"sightline_id\": \"sl_9466a8e6\", \"toward\": \"b\", \"distance_m\": 32.3}]","tags":"{\"outdoor_seating\": \"yes\", \"phone\": \"+49 89 8204556\", \"website\": \"https://fredys-bar.eatbu.com/\"}","marker-color":"#1f78b4"}},
{"type":"Feature","geometry":{"type":"Point","coordinates":[11.57411,48.1521]},"properties":{"id":"poi_n5279305837","name":"Buchwalsky","kind":"restaurant","at":[48.1521,11.57411],"osm_id":"node/5279305837","open_horizon":false,"views":"[{\"sightline_id\": \"sl_cfd8afe9\", \"toward\": \"a\", \"distance_m\": 11.5}, {\"sightline_id\": \"sl_cfd8afe9\", \"toward\": \"b\", \"distance_m\": 11.5}]","tags":"{\"opening_hours\": \"Tu-Fr 08:00-17:00; Sa,Su 09:00-16:00\", \"outdoor_seating\": \"no\"}","marker-color":"#1f78b4"}},
{"type":"Feature","geometry":{"type":"Point","coordinates":[11.6169,48.14851]},"properties":{"id":"poi_n528998445","name":"L'Osteria","kind":"restaurant","at":[48.14851,11.6169],"osm_id":"node/528998445","open_horizon":false,"views":"[{\"sightline_id\": \"sl_3be27144\", \"toward\": \"b\", \"distance_m\": 37.4}]","tags":"{\"cuisine\": \"italian\", \"opening_hours\": \"Mo-Th 11:30-23:00; Fr,Sa 11:30-24:00; Su,PH 12:00-23:00\", \"outdoor_seating\": \"yes\", \"phone\": \"+49 89 9965 0653\", \"website\": \"https://losteria.net/de/restaurants/restaurant/muenchen-bogenhausen/\"}","marker-color":"#1f78b4"}},
{"type":"Feature","geometry":{"type":"Point","coordinates":[11.50709,48.16348]},"properties":{"id":"poi_n5303250721","name":"Poseidon","kind":"restaurant","at":[48.16348,11.50709],"osm_id":"node/5303250721","open_horizon":false,"views":"[{\"sightline_id\": \"sl_57348b2b\", \"toward\": \"a\", \"distance_m\": 24.3}, {\"sightline_id\": \"sl_195c8178\", \"toward\": \"b\", \"distance_m\": 28.4}]","tags":"{\"cuisine\": \"greek;mediterranean\", \"opening_hours\": \"Mo-Sa 11:30-14:30, 17:30-00:00; Su,PH 11:30-23:00\", \"phone\": \"+49 89 17094466\", \"website\": \"http://www.poseidon-muenchen.com/\"}","marker-color":"#1f78b4"}},
{"type":"Feature","geometry":{"type":"Point","coordinates":[11.53474,48.11674]},"properties":{"id":"poi_n5311718621","name":"Yanyou","kind":"restaurant","at":[48.11674,11.53474],"osm_id":"node/5311718621","open_horizon":false,"views":"[{\"sightline_id\": \"sl_155df846\", \"toward\": \"a\", \"distance_m\": 8.8}, {\"sightline_id\": \"sl_155df846\", \"toward\": \"b\", \"distance_m\": 8.8}]","tags":"{\"cuisine\": \"chinese;asian;noodle\", \"opening_hours\": \"Mo-Th 17:00-22:30; Fr-Su,PH 11:30-15:00,17:00-22:30\", \"outdoor_seating\": \"yes\", \"phone\": \"+49 89 12252158\", \"website\": \"https://www.yanyou.de/\"}","marker-color":"#1f78b4"}},
{"type":"Feature","geometry":{"type":"Point","coordinates":[11.46494,48.14642]},"properties":{"id":"poi_n5325117014","name":"Cafe Bar 11er","kind":"cafe","at":[48.14642,11.46494],"osm_id":"node/5325117014","open_horizon":false,"views":"[{\"sightline_id\": \"sl_9466a8e6\", \"toward\": \"a\", \"distance_m\": 26.4}, {\"sightline_id\": \"sl_9466a8e6\", \"toward\": \"b\", \"distance_m\": 26.4}]","tags":"{}","marker-color":"#1f78b4"}},
{"type":"Feature","geometry":{"type":"Point","coordinates":[11.57138,48.1318]},"properties":{"id":"poi_n5375836604","name":"Samrat","kind":"restaurant","at":[48.1318,11.57138],"osm_id":"node/5375836604","open_horizon":false,"views":"[{\"sightline_id\": \"sl_6838e0c2\", \"toward\": \"b\", \"distance_m\": 35.4}]","tags":"{\"cuisine\": \"indian\", \"opening_hours\": \"Mo-Fr 11:30-14:30, 17:30-23:00,Sa 17:30-23:00,Su 14:00-23:00\", \"outdoor_seating\": \"yes\", \"phone\": \"+49 89 263177\", \"website\": \"https://www.samrat-muenchen.de/\"}","marker-color":"#1f78b4"}},
{"type":"Feature","geometry":{"type":"Point","coordinates":[11.53532,48.14932]},"properties":{"id":"poi_n5386368204","name":"Riva Reno Gelato","kind":"ice_cream","at":[48.14932,11.53532],"osm_id":"node/5386368204","open_horizon":false,"views":"[{\"sightline_id\": \"sl_34a6801e\", \"toward\": \"a\", \"distance_m\": 16.6}, {\"sightline_id\": \"sl_34a6801e\", \"toward\": \"b\", \"distance_m\": 16.6}]","tags":"{\"outdoor_seating\": \"yes\", \"website\": \"https://rivareno.com\"}","marker-color":"#1f78b4"}},
{"type":"Feature","geometry":{"type":"Point","coordinates":[11.53401,48.14842]},"properties":{"id":"poi_n5386493130","name":"Kolonial","kind":"cafe","at":[48.14842,11.53401],"osm_id":"node/5386493130","open_horizon":false,"views":"[{\"sightline_id\": \"sl_6425cfed\", \"toward\": \"a\", \"distance_m\": 11.2}, {\"sightline_id\": \"sl_6425cfed\", \"toward\": \"b\", \"distance_m\": 11.2}]","tags":"{\"opening_hours\": \"Mo-Fr 08:00-17:00; Sa,Su,PH 09:00-17:00\"}","marker-color":"#1f78b4"}},
{"type":"Feature","geometry":{"type":"Point","coordinates":[11.53474,48.14881]},"properties":{"id":"poi_n5386493131","name":"Hood the Bar","kind":"bar","at":[48.14881,11.53474],"osm_id":"node/5386493131","open_horizon":false,"views":"[{\"sightline_id\": \"sl_34a6801e\", \"toward\": \"a\", \"distance_m\": 36.1}, {\"sightline_id\": \"sl_34a6801e\", \"toward\": \"b\", \"distance_m\": 36.1}]","tags":"{\"opening_hours\": \"Tu-Th 19:00-01:00, Fr,Sa 19:00-02:00; Su,Mo off\"}","marker-color":"#1f78b4"}},
{"type":"Feature","geometry":{"type":"Point","coordinates":[11.60967,48.12896]},"properties":{"id":"poi_n539147704","name":"Restaurante Portugal","kind":"restaurant","at":[48.12896,11.60967],"osm_id":"node/539147704","open_horizon":false,"views":"[{\"sightline_id\": \"sl_9e9d5cd9\", \"toward\": \"a\", \"distance_m\": 22.8}, {\"sightline_id\": \"sl_a09e2abc\", \"toward\": \"b\", \"distance_m\": 36.2}]","tags":"{\"cuisine\": \"international;portuguese\", \"opening_hours\": \"Mo-Fr 10:00-14:30,17:30-22:00; Sa,Su 11:00-14:30,17:30-22:00\", \"phone\": \"+49 89 46088491\", \"website\": \"https://www.restaurante-portugal-muenchen.de/\"}","marker-color":"#1f78b4"}},
{"type":"Feature","geometry":{"type":"Point","coordinates":[11.58808,48.11438]},"properties":{"id":"poi_n5394121414","name":"Bistro&Bar Lama Lo","kind":"pub","at":[48.11438,11.58808],"osm_id":"node/5394121414","open_horizon":false,"views":"[{\"sightline_id\": \"sl_f6396d93\", \"toward\": \"a\", \"distance_m\": 35.8}, {\"sightline_id\": \"sl_f6396d93\", \"toward\": \"b\", \"distance_m\": 35.8}]","tags":"{\"opening_hours\": \"Mo-We,Fr,Sa 14:00-22:00; Su 12:00-20:00; Th off\"}","marker-color":"#1f78b4"}},
{"type":"Feature","geometry":{"type":"Point","coordinates":[11.58801,48.11426]},"properties":{"id":"poi_n5394121416","name":"Yasemin Café & Bäckerei","kind":"cafe","at":[48.11426,11.58801],"osm_id":"node/5394121416","open_horizon":false,"views":"[{\"sightline_id\": \"sl_f6396d93\", \"toward\": \"a\", \"distance_m\": 20.8}, {\"sightline_id\": \"sl_f6396d93\", \"toward\": \"b\", \"distance_m\": 20.8}]","tags":"{\"opening_hours\": \"Mo-Fr 06:30-17:00\"}","marker-color":"#1f78b4"}},
{"type":"Feature","geometry":{"type":"Point","coordinates":[11.56214,48.1862]},"properties":{"id":"poi_n5397705485","name":"San Remo","kind":"ice_cream","at":[48.1862,11.56214],"osm_id":"node/5397705485","open_horizon":false,"views":"[{\"sightline_id\": \"sl_6445c73a\", \"toward\": \"a\", \"distance_m\": 22.7}, {\"sightline_id\": \"sl_6445c73a\", \"toward\": \"b\", \"distance_m\": 22.7}]","tags":"{\"opening_hours\": \"10:00-22:00\", \"outdoor_seating\": \"yes\"}","marker-color":"#1f78b4"}},
{"type":"Feature","geometry":{"type":"Point","coordinates":[11.56603,48.15418]},"properties":{"id":"poi_n5421394793","name":"Café Josefina","kind":"cafe","at":[48.15418,11.56603],"osm_id":"node/5421394793","open_horizon":false,"views":"[{\"sightline_id\": \"sl_229e7580\", \"toward\": \"b\", \"distance_m\": 13.7}, {\"sightline_id\": \"sl_3c62cbbd\", \"toward\": \"a\", \"distance_m\": 25.7}]","tags":"{\"opening_hours\": \"Mo-Fr 07:30-19:00; Sa-Su 09:00-19:00\", \"outdoor_seating\": \"yes\"}","marker-color":"#1f78b4"}},
{"type":"Feature","geometry":{"type":"Point","coordinates":[11.57155,48.16394]},"properties":{"id":"poi_n5427398483","name":"Clemens","kind":"cafe","at":[48.16394,11.57155],"osm_id":"node/5427398483","open_horizon":false,"views":"[{\"sightline_id\": \"sl_ba56d719\", \"toward\": \"a\", \"distance_m\": 18.1}, {\"sightline_id\": \"sl_ba56d719\", \"toward\": \"b\", \"distance_m\": 18.1}]","tags":"{\"opening_hours\": \"Mo-Fr 08:00-20:00; Sa-Su 09:00-20:00\", \"outdoor_seating\": \"sidewalk\"}","marker-color":"#1f78b4"}},
{"type":"Feature","geometry":{"type":"Point","coordinates":[11.55455,48.15155]},"properties":{"id":"poi_n544399154","name":"Baal","kind":"restaurant","at":[48.15155,11.55455],"osm_id":"node/544399154","open_horizon":false,"views":"[{\"sightline_id\": \"sl_92c4049f\", \"toward\": \"a\", \"distance_m\": 10.2}, {\"sightline_id\": \"sl_92c4049f\", \"toward\": \"b\", \"distance_m\": 10.2}]","tags":"{\"cuisine\": \"mediterranean\", \"opening_hours\": \"PH 18:00-24:00, Mo-Th 18:00-24:00, Fr,Sa 18:00-01:00; Su off\", \"outdoor_seating\": \"sidewalk\"}","marker-color":"#1f78b4"}},
{"type":"Feature","geometry":{"type":"Point","coordinates":[11.57826,48.13063]},"properties":{"id":"poi_n545815043","name":"Burg Pappenheim","kind":"restaurant","at":[48.13063,11.57826],"osm_id":"node/545815043","open_horizon":false,"views":"[{\"sightline_id\": \"sl_609c344a\", \"toward\": \"a\", \"distance_m\": 14.3}, {\"sightline_id\": \"sl_609c344a\", \"toward\": \"b\", \"distance_m\": 14.3}]","tags":"{\"cuisine\": \"bavarian\", \"opening_hours\": \"Mo-Su 12:00-00:00\", \"outdoor_seating\": \"yes\"}","marker-color":"#1f78b4"}},
{"type":"Feature","geometry":{"type":"Point","coordinates":[11.5777,48.1494]},"properties":{"id":"poi_n5465258222","name":"Levi Asian Fusion Kitchen","kind":"restaurant","at":[48.1494,11.5777],"osm_id":"node/5465258222","open_horizon":false,"views":"[{\"sightline_id\": \"sl_1932a3df\", \"toward\": \"a\", \"distance_m\": 13.4}, {\"sightline_id\": \"sl_1932a3df\", \"toward\": \"b\", \"distance_m\": 13.4}]","tags":"{\"cuisine\": \"asian\", \"opening_hours\": \"Mo-Su 11:00-22:00\", \"website\": \"https://www.levilevi.de/\"}","marker-color":"#1f78b4"}},
{"type":"Feature","geometry":{"type":"Point","coordinates":[11.54256,48.1377]},"properties":{"id":"poi_n5474253777","name":"Kulinariat","kind":"restaurant","at":[48.1377,11.54256],"osm_id":"node/5474253777","open_horizon":false,"views":"[{\"sightline_id\": \"sl_9858aff8\", \"toward\": \"a\", \"distance_m\": 25.7}]","tags":"{\"cuisine\": \"asian\"}","marker-color":"#1f78b4"}},
{"type":"Feature","geometry":{"type":"Point","coordinates":[11.48915,48.14102]},"properties":{"id":"poi_n5478865025","name":"Hoffmann","kind":"cafe","at":[48.14102,11.48915],"osm_id":"node/5478865025","open_horizon":false,"views":"[{\"sightline_id\": \"sl_3354efaa\", \"toward\": \"a\", \"distance_m\": 28.0}, {\"sightline_id\": \"sl_3354efaa\", \"toward\": \"b\", \"distance_m\": 28.0}, {\"sightline_id\": \"sl_c926e09e\", \"toward\": \"b\", \"distance_m\": 29.8}]","tags":"{\"opening_hours\": \"Mo-Th 06:30-16:00; Fr 06:30-17:00; Sa 06:00-12:30\", \"outdoor_seating\": \"yes\"}","marker-color":"#1f78b4"}},
{"type":"Feature","geometry":{"type":"Point","coordinates":[11.48854,48.14111]},"properties":{"id":"poi_n5478865026","name":"Löwenstüberl","kind":"pub","at":[48.14111,11.48854],"osm_id":"node/5478865026","open_horizon":false,"views":"[{\"sightline_id\": \"sl_97fcf66e\", \"toward\": \"b\", \"distance_m\": 15.6}, {\"sightline_id\": \"sl_3354efaa\", \"toward\": \"a\", \"distance_m\": 27.7}, {\"sightline_id\": \"sl_3354efaa\", \"toward\": \"b\", \"distance_m\": 27.7}]","tags":"{\"opening_hours\": \"Mo-Sa 10:00-22:00\", \"outdoor_seating\": \"no\"}","marker-color":"#1f78b4"}},
{"type":"Feature","geometry":{"type":"Point","coordinates":[11.5611,48.14656]},"properties":{"id":"poi_n5489630514","name":"Fuyuan","kind":"restaurant","at":[48.14656,11.5611],"osm_id":"node/5489630514","open_horizon":false,"views":"[{\"sightline_id\": \"sl_229e7580\", \"toward\": \"a\", \"distance_m\": 13.2}, {\"sightline_id\": \"sl_229e7580\", \"toward\": \"b\", \"distance_m\": 13.2}]","tags":"{\"cuisine\": \"chinese\", \"opening_hours\": \"Mo-Su 11:30-15:00,17:00-23:00\", \"outdoor_seating\": \"yes\"}","marker-color":"#1f78b4"}},
{"type":"Feature","geometry":{"type":"Point","coordinates":[11.57702,48.15161]},"properties":{"id":"poi_n5493206175","name":"Aloha Poke","kind":"restaurant","at":[48.15161,11.57702],"osm_id":"node/5493206175","open_horizon":false,"views":"[{\"sightline_id\": \"sl_b3216b45\", \"toward\": \"a\", \"distance_m\": 15.5}, {\"sightline_id\": \"sl_b3216b45\", \"toward\": \"b\", \"distance_m\": 15.5}]","tags":"{\"cuisine\": \"hawaiian\", \"opening_hours\": \"Mo-Fr 11:30-22:00; Sa,Su 12:00-22:00\", \"outdoor_seating\": \"yes\"}","marker-color":"#1f78b4"}},
{"type":"Feature","geometry":{"type":"Point","coordinates":[11.53211,48.11701]},"properties":{"id":"poi_n5501648822","name":"Ha Phuong","kind":"restaurant","at":[48.11701,11.53211],"osm_id":"node/5501648822","open_horizon":false,"views":"[{\"sightline_id\": \"sl_155df846\", \"toward\": \"a\", \"distance_m\": 25.3}, {\"sightline_id\": \"sl_155df846\", \"toward\": \"b\", \"distance_m\": 25.3}]","tags":"{\"cuisine\": \"vietnamese\", \"opening_hours\": \"Mo-Fr 10:00-21:00\"}","marker-color":"#1f78b4"}},
{"type":"Feature","geometry":{"type":"Point","coordinates":[11.57403,48.15093]},"properties":{"id":"poi_n5509170922","name":"Gelateria","kind":"ice_cream","at":[48.15093,11.57403],"osm_id":"node/5509170922","open_horizon":false,"views":"[{\"sightline_id\": \"sl_1c73e5a8\", \"toward\": \"a\", \"distance_m\": 10.3}, {\"sightline_id\": \"sl_1c73e5a8\", \"toward\": \"b\", \"distance_m\": 10.3}]","tags":"{\"opening_hours\": \"Tu-Su 12:00-22:00\", \"outdoor_seating\": \"yes\"}","marker-color":"#1f78b4"}},
{"type":"Feature","geometry":{"type":"Point","coordinates":[11.57704,48.16009]},"properties":{"id":"poi_n5512457574","name":"tagescafé","kind":"cafe","at":[48.16009,11.57704],"osm_id":"node/5512457574","open_horizon":false,"views":"[{\"sightline_id\": \"sl_23ae6155\", \"toward\": \"a\", \"distance_m\": 14.4}, {\"sightline_id\": \"sl_23ae6155\", \"toward\": \"b\", \"distance_m\": 14.4}, {\"sightline_id\": \"sl_2d33ccf6\", \"toward\": \"a\", \"distance_m\": 20.2}, {\"sightline_id\": \"sl_2d33ccf6\", \"toward\": \"b\", \"distance_m\": 20.2}]","tags":"{\"opening_hours\": \"Mo-Sa 09:00-18:30; Su,PH off\", \"outdoor_seating\": \"yes\"}","marker-color":"#1f78b4"}},
{"type":"Feature","geometry":{"type":"Point","coordinates":[11.57736,48.14997]},"properties":{"id":"poi_n5522872219","name":"The Garden Grill","kind":"restaurant","at":[48.14997,11.57736],"osm_id":"node/5522872219","open_horizon":false,"views":"[{\"sightline_id\": \"sl_1c73e5a8\", \"toward\": \"a\", \"distance_m\": 8.7}, {\"sightline_id\": \"sl_1c73e5a8\", \"toward\": \"b\", \"distance_m\": 8.7}]","tags":"{\"cuisine\": \"kebab\", \"opening_hours\": \"Mo-Sa 11:00-21:30 ; Su 12:00-21:00\"}","marker-color":"#1f78b4"}},
{"type":"Feature","geometry":{"type":"Point","coordinates":[11.50864,48.15257]},"properties":{"id":"poi_n552444453","name":"NINE FINE ROASTERY & BAR","kind":"cafe","at":[48.15257,11.50864],"osm_id":"node/552444453","open_horizon":false,"views":"[{\"sightline_id\": \"sl_fb2a3998\", \"toward\": \"a\", \"distance_m\": 11.4}, {\"sightline_id\": \"sl_fb2a3998\", \"toward\": \"b\", \"distance_m\": 11.4}]","tags":"{\"opening_hours\": \"Tu-Su 09:00-17:00\", \"outdoor_seating\": \"yes\", \"website\": \"https://bar.ninefine.de/\"}","marker-color":"#1f78b4"}},
{"type":"Feature","geometry":{"type":"Point","coordinates":[11.50655,48.15409]},"properties":{"id":"poi_n552444454","name":"Ekam","kind":"restaurant","at":[48.15409,11.50655],"osm_id":"node/552444454","open_horizon":false,"views":"[{\"sightline_id\": \"sl_fb2a3998\", \"toward\": \"a\", \"distance_m\": 21.3}]","tags":"{\"cuisine\": \"indian\", \"opening_hours\": \"Tu-Fr 11:30-14:30,17:30-21:30; Sa 12:00-14:30,17:30-21:30; Su 12:00-21:30\", \"website\": \"https://www.ekammuenchen.de\"}","marker-color":"#1f78b4"}},
{"type":"Feature","geometry":{"type":"Point","coordinates":[11.50716,48.15402]},"properties":{"id":"poi_n552444455","name":"Ristorante Risotto","kind":"restaurant","at":[48.15402,11.50716],"osm_id":"node/552444455","open_horizon":false,"views":"[{\"sightline_id\": \"sl_fb2a3998\", \"toward\": \"a\", \"distance_m\": 11.6}, {\"sightline_id\": \"sl_fb2a3998\", \"toward\": \"b\", \"distance_m\": 11.6}]","tags":"{\"cuisine\": \"italian\", \"opening_hours\": \"Mo-Su 11:30-23:00; We off; Sa 17:00-24:00\", \"outdoor_seating\": \"yes\"}","marker-color":"#1f78b4"}},
{"type":"Feature","geometry":{"type":"Point","coordinates":[11.50626,48.15494]},"properties":{"id":"poi_n552444457","name":"Cafe am Schloss","kind":"cafe","at":[48.15494,11.50626],"osm_id":"node/552444457","open_horizon":false,"views":"[{\"sightline_id\": \"sl_fb2a3998\", \"toward\": \"a\", \"distance_m\": 13.7}]","tags":"{\"opening_hours\": \"Tu-Su,PH 09:00-18:00\", \"outdoor_seating\": \"yes\"}","marker-color":"#1f78b4"}},
{"type":"Feature","geometry":{"type":"Point","coordinates":[11.56182,48.15555]},"properties":{"id":"poi_n5578199087","name":"Ciao Amore","kind":"cafe","at":[48.15555,11.56182],"osm_id":"node/5578199087","open_horizon":false,"views":"[{\"sightline_id\": \"sl_d1452881\", \"toward\": \"a\", \"distance_m\": 17.4}, {\"sightline_id\": \"sl_d1452881\", \"toward\": \"b\", \"distance_m\": 17.4}]","tags":"{\"cuisine\": \"cake\", \"opening_hours\": \"Tu-Su 08:00-18:00\", \"outdoor_seating\": \"yes\", \"phone\": \"+49 176 61974519\"}","marker-color":"#1f78b4"}},
{"type":"Feature","geometry":{"type":"Point","coordinates":[11.54942,48.11265]},"properties":{"id":"poi_n5582174921","name":"Tannino","kind":"restaurant","at":[48.11265,11.54942],"osm_id":"node/5582174921","open_horizon":false,"views":"[{\"sightline_id\": \"sl_38406eda\", \"toward\": \"b\", \"distance_m\": 36.5}]","tags":"{\"cuisine\": \"italian\", \"outdoor_seating\": \"yes\", \"website\": \"https://www.tannino.de/\"}","marker-color":"#1f78b4"}},
{"type":"Feature","geometry":{"type":"Point","coordinates":[11.55144,48.13769]},"properties":{"id":"poi_n5583057607","name":"Bei Labi","kind":"cafe","at":[48.13769,11.55144],"osm_id":"node/5583057607","open_horizon":false,"views":"[{\"sightline_id\": \"sl_d3d5ebce\", \"toward\": \"a\", \"distance_m\": 11.1}, {\"sightline_id\": \"sl_d3d5ebce\", \"toward\": \"b\", \"distance_m\": 11.1}]","tags":"{\"cuisine\": \"coffee_shop\", \"opening_hours\": \"Mo-Fr 06:00-18:00; Sa 07:00-16:00; Su,PH off\", \"outdoor_seating\": \"yes\"}","marker-color":"#1f78b4"}},
{"type":"Feature","geometry":{"type":"Point","coordinates":[11.70856,48.1118]},"properties":{"id":"poi_n5588458554","name":"Cini Caffè","kind":"ice_cream","at":[48.1118,11.70856],"osm_id":"node/5588458554","open_horizon":false,"views":"[{\"sightline_id\": \"sl_19fb3d19\", \"toward\": \"a\", \"distance_m\": 9.3}, {\"sightline_id\": \"sl_19fb3d19\", \"toward\": \"b\", \"distance_m\": 9.3}]","tags":"{\"opening_hours\": \"Mo-Su 11:00-21:30\", \"outdoor_seating\": \"yes\"}","marker-color":"#1f78b4"}},
{"type":"Feature","geometry":{"type":"Point","coordinates":[11.57501,48.14858]},"properties":{"id":"poi_n5590310373","name":"Fux","kind":"restaurant","at":[48.14858,11.57501],"osm_id":"node/5590310373","open_horizon":false,"views":"[{\"sightline_id\": \"sl_b3216b45\", \"toward\": \"a\", \"distance_m\": 15.8}, {\"sightline_id\": \"sl_b3216b45\", \"toward\": \"b\", \"distance_m\": 15.8}]","tags":"{\"opening_hours\": \"\\\"Öffnet im Herbst 2024 - Stand 2024-08-25\\\"\", \"outdoor_seating\": \"yes\"}","marker-color":"#1f78b4"}},
{"type":"Feature","geometry":{"type":"Point","coordinates":[11.57779,48.14954]},"properties":{"id":"poi_n5590323199","name":"Maex No.41","kind":"cafe","at":[48.14954,11.57779],"osm_id":"node/5590323199","open_horizon":false,"views":"[{\"sightline_id\": \"sl_1932a3df\", \"toward\": \"a\", \"distance_m\": 13.5}, {\"sightline_id\": \"sl_1932a3df\", \"toward\": \"b\", \"distance_m\": 13.5}, {\"sightline_id\": \"sl_1c73e5a8\", \"toward\": \"a\", \"distance_m\": 23.2}, {\"sightline_id\": \"sl_1c73e5a8\", \"toward\": \"b\", \"distance_m\": 23.2}]","tags":"{\"cuisine\": \"italian\", \"opening_hours\": \"Su-Th,PH 09:00-24:00; Fr-Sa 09:00-01:00\"}","marker-color":"#1f78b4"}},
{"type":"Feature","geometry":{"type":"Point","coordinates":[11.5623,48.13726]},"properties":{"id":"poi_n559533229","name":"Al Teatro","kind":"restaurant","at":[48.13726,11.5623],"osm_id":"node/559533229","open_horizon":false,"views":"[{\"sightline_id\": \"sl_d3d5ebce\", \"toward\": \"a\", \"distance_m\": 22.9}, {\"sightline_id\": \"sl_d3d5ebce\", \"toward\": \"b\", \"distance_m\": 22.9}]","tags":"{\"opening_hours\": \"Mo-Su 17:00-01:00\", \"outdoor_seating\": \"no\"}","marker-color":"#1f78b4"}},
{"type":"Feature","geometry":{"type":"Point","coordinates":[11.59273,48.12988]},"properties":{"id":"poi_n5611462760","name":"Juliet Rose Bar","kind":"bar","at":[48.12988,11.59273],"osm_id":"node/5611462760","open_horizon":false,"views":"[{\"sightline_id\": \"sl_05e56817\", \"toward\": \"a\", \"distance_m\": 28.4}, {\"sightline_id\": \"sl_05e56817\", \"toward\": \"b\", \"distance_m\": 28.4}]","tags":"{\"opening_hours\": \"Su-Th 12:00-00:00, Fr-Sa 12:00-01:00\", \"outdoor_seating\": \"yes\", \"phone\": \"+49 89 48048717\", \"website\": \"https://www.julietrosebar.com\"}","marker-color":"#1f78b4"}},
{"type":"Feature","geometry":{"type":"Point","coordinates":[11.58874,48.13147]},"properties":{"id":"poi_n5611562660","name":"Chopan","kind":"restaurant","at":[48.13147,11.58874],"osm_id":"node/5611562660","open_horizon":false,"views":"[{\"sightline_id\": \"sl_321d09fb\", \"toward\": \"a\", \"distance_m\": 2.9}]","tags":"{\"cuisine\": \"afghan\", \"opening_hours\": \"Mo-Su 17:00-23:00\", \"outdoor_seating\": \"yes\"}","marker-color":"#1f78b4"}},
{"type":"Feature","geometry":{"type":"Point","coordinates":[11.50291,48.14212]},"properties":{"id":"poi_n5625296634","name":"Bancø de Cafe","kind":"cafe","at":[48.14212,11.50291],"osm_id":"node/5625296634","open_horizon":false,"views":"[{\"sightline_id\": \"sl_e4608dbb\", \"toward\": \"a\", \"distance_m\": 9.0}]","tags":"{}","marker-color":"#1f78b4"}},
{"type":"Feature","geometry":{"type":"Point","coordinates":[11.5027,48.14204]},"properties":{"id":"poi_n5625296653","name":"Focanto","kind":"restaurant","at":[48.14204,11.5027],"osm_id":"node/5625296653","open_horizon":false,"views":"[{\"sightline_id\": \"sl_e4608dbb\", \"toward\": \"a\", \"distance_m\": 24.3}]","tags":"{\"cuisine\": \"italian\", \"opening_hours\": \"Tu-Th,Su 17:00-22:45; Fr,Sa 17:00-01:45\", \"outdoor_seating\": \"yes\"}","marker-color":"#1f78b4"}},
{"type":"Feature","geometry":{"type":"Point","coordinates":[11.57603,48.15064]},"properties":{"id":"poi_n5628749992","name":"Bartu","kind":"ice_cream","at":[48.15064,11.57603],"osm_id":"node/5628749992","open_horizon":false,"views":"[{\"sightline_id\": \"sl_b3216b45\", \"toward\": \"a\", \"distance_m\": 8.0}, {\"sightline_id\": \"sl_b3216b45\", \"toward\": \"b\", \"distance_m\": 8.0}, {\"sightline_id\": \"sl_1c73e5a8\", \"toward\": \"a\", \"distance_m\": 38.9}, {\"sightline_id\": \"sl_1c73e5a8\", \"toward\": \"b\", \"distance_m\": 38.9}]","tags":"{\"opening_hours\": \"Nov-Mar Mo-Su 11:00-22:00,12:00-18:00\", \"outdoor_seating\": \"yes\", \"website\": \"http://www.bartu-bioeismanufaktur.de/\"}","marker-color":"#1f78b4"}},
{"type":"Feature","geometry":{"type":"Point","coordinates":[11.54009,48.10407]},"properties":{"id":"poi_n563044025","name":"Ristorante Santo Stefano","kind":"restaurant","at":[48.10407,11.54009],"osm_id":"node/563044025","open_horizon":false,"views":"[{\"sightline_id\": \"sl_cf95ed43\", \"toward\": \"b\", \"distance_m\": 30.4}]","tags":"{\"cuisine\": \"italian\", \"opening_hours\": \"Mo-Fr 11:30-14:30, 17:30-21:30\"}","marker-color":"#1f78b4"}},
{"type":"Feature","geometry":{"type":"Point","coordinates":[11.56483,48.1648]},"properties":{"id":"poi_n5630597751","name":"JaVi","kind":"restaurant","at":[48.1648,11.56483],"osm_id":"node/5630597751","open_horizon":false,"views":"[{\"sightline_id\": \"sl_ef4f8b5c\", \"toward\": \"a\", \"distance_m\": 16.4}, {\"sightline_id\": \"sl_ba56d719\", \"toward\": \"b\", \"distance_m\": 32.9}, {\"sightline_id\": \"sl_bc70167d\", \"toward\": \"a\", \"distance_m\": 34.8}]","tags":"{\"cuisine\": \"asian;vietnamese;japanese\", \"opening_hours\": \"PH,We-Mo 11:30-14:30,17:30-23:00; Tu off\"}","marker-color":"#1f78b4"}},
{"type":"Feature","geometry":{"type":"Point","coordinates":[11.55903,48.1223]},"properties":{"id":"poi_n5640320024","name":"Frisches Bier","kind":"bar","at":[48.1223,11.55903],"osm_id":"node/5640320024","open_horizon":false,"views":"[{\"sightline_id\": \"sl_d3ff10ba\", \"toward\": \"b\", \"distance_m\": 14.1}]","tags":"{\"opening_hours\": \"Fr-Sa 17:00-02:00; Mo-Th 17:00-01:00\", \"outdoor_seating\": \"yes\", \"website\": \"https://www.frischesbier-muenchen.de/\"}","marker-color":"#1f78b4"}},
{"type":"Feature","geometry":{"type":"Point","coordinates":[11.54693,48.12356]},"properties":{"id":"poi_n5646078997","name":"Cup&Cozy","kind":"cafe","at":[48.12356,11.54693],"osm_id":"node/5646078997","open_horizon":false,"views":"[{\"sightline_id\": \"sl_0261e149\", \"toward\": \"a\", \"distance_m\": 9.7}]","tags":"{\"opening_hours\": \"Mo-Su 09:00-18:00\"}","marker-color":"#1f78b4"}},
{"type":"Feature","geometry":{"type":"Point","coordinates":[11.5632,48.15259]},"properties":{"id":"poi_n567219687","name":"Eclipse Grillbar","kind":"restaurant","at":[48.15259,11.5632],"osm_id":"node/567219687","open_horizon":false,"views":"[{\"sightline_id\": \"sl_b278f824\", \"toward\": \"a\", \"distance_m\": 12.1}, {\"sightline_id\": \"sl_ea614def\", \"toward\": \"a\", \"distance_m\": 18.7}, {\"sightline_id\": \"sl_ea614def\", \"toward\": \"b\", \"distance_m\": 18.7}]","tags":"{\"cuisine\": \"israeli;barbecue\", \"opening_hours\": \"Mo-Su 11:30-23:00\", \"outdoor_seating\": \"yes\"}","marker-color":"#1f78b4"}},
{"type":"Feature","geometry":{"type":"Point","coordinates":[11.55067,48.12474]},"properties":{"id":"poi_n567540847","name":"Substanz","kind":"bar","at":[48.12474,11.55067],"osm_id":"node/567540847","open_horizon":false,"views":"[{\"sightline_id\": \"sl_375471ca\", \"toward\": \"a\", \"distance_m\": 8.7}]","tags":"{\"opening_hours\": \"Mo-Su 20:00-24:00, Su-Th 00:00-02:00, Fr,Sa 00:00-03:00\", \"outdoor_seating\": \"yes\", \"website\": \"https://substanz-club.com/\"}","marker-color":"#1f78b4"}},
{"type":"Feature","geometry":{"type":"Point","coordinates":[11.59212,48.17804]},"properties":{"id":"poi_n5690038507","name":"PANORAMA BAR „Cloud One“","kind":"bar","at":[48.17804,11.59212],"osm_id":"node/5690038507","open_horizon":false,"views":"[{\"sightline_id\": \"sl_620c111f\", \"toward\": \"b\", \"distance_m\": 19.2}]","tags":"{\"opening_hours\": \"Mo-Sa 18:00+\", \"outdoor_seating\": \"yes\", \"website\": \"https://www.motel-one.com/de/hotels/muenchen/hotel-muenchen-parkstadt-schwabing/\"}","marker-color":"#1f78b4"}},
{"type":"Feature","geometry":{"type":"Point","coordinates":[11.53879,48.15654]},"properties":{"id":"poi_n5695460021","name":"Bar du Port","kind":"bar","at":[48.15654,11.53879],"osm_id":"node/5695460021","open_horizon":false,"views":"[{\"sightline_id\": \"sl_e440dfbc\", \"toward\": \"b\", \"distance_m\": 16.4}, {\"sightline_id\": \"sl_287c5745\", \"toward\": \"a\", \"distance_m\": 24.0}]","tags":"{\"opening_hours\": \"Mo-Fr 18:00-24:00; Sa 20:00-24:00\", \"outdoor_seating\": \"yes\"}","marker-color":"#1f78b4"}},
{"type":"Feature","geometry":{"type":"Point","coordinates":[11.60521,48.12547]},"properties":{"id":"poi_n5711522545","name":"Transit Rooftop & Bar","kind":"bar","at":[48.12547,11.60521],"osm_id":"node/5711522545","open_horizon":false,"views":"[{\"sightline_id\": \"sl_a09e2abc\", \"toward\": \"a\", \"distance_m\": 39.0}, {\"sightline_id\": \"sl_a09e2abc\", \"toward\": \"b\", \"distance_m\": 39.0}]","tags":"{\"outdoor_seating\": \"roof\", \"website\": \"https://off-events.com/transit-rooftop/\"}","marker-color":"#1f78b4"}},
{"type":"Feature","geometry":{"type":"Point","coordinates":[11.54005,48.21403]},"properties":{"id":"poi_n571393846","name":"Cellino Cafè","kind":"cafe","at":[48.21403,11.54005],"osm_id":"node/571393846","open_horizon":false,"views":"[{\"sightline_id\": \"sl_6cadd798\", \"toward\": \"a\", \"distance_m\": 16.2}]","tags":"{\"opening_hours\": \"Mo-Sa 11:00-20:00; PH,Su 12:00-20:00\", \"outdoor_seating\": \"yes\"}","marker-color":"#1f78b4"}},
{"type":"Feature","geometry":{"type":"Point","coordinates":[11.53919,48.21414]},"properties":{"id":"poi_n571393848","name":"Ri Chu","kind":"restaurant","at":[48.21414,11.53919],"osm_id":"node/571393848","open_horizon":false,"views":"[{\"sightline_id\": \"sl_6cadd798\", \"toward\": \"a\", \"distance_m\": 14.0}]","tags":"{\"cuisine\": \"chinese\", \"opening_hours\": \"Tu-Su 11:30-14:30, 17:00-22:00; Mo off\", \"outdoor_seating\": \"yes\"}","marker-color":"#1f78b4"}},
{"type":"Feature","geometry":{"type":"Point","coordinates":[11.57234,48.1514]},"properties":{"id":"poi_n5740037548","name":"Bar dell Osteria","kind":"bar","at":[48.1514,11.57234],"osm_id":"node/5740037548","open_horizon":false,"views":"[{\"sightline_id\": \"sl_1c73e5a8\", \"toward\": \"a\", \"distance_m\": 9.9}, {\"sightline_id\": \"sl_1c73e5a8\", \"toward\": \"b\", \"distance_m\": 9.9}, {\"sightline_id\": \"sl_fce6bfbb\", \"toward\": \"b\", \"distance_m\": 27.4}]","tags":"{\"opening_hours\": \"Mo-Th 11:00-20:00; Fr 12:00-20:00; Sa 11:00-18:00\", \"outdoor_seating\": \"yes\"}","marker-color":"#1f78b4"}},
{"type":"Feature","geometry":{"type":"Point","coordinates":[11.57469,48.16135]},"properties":{"id":"poi_n5745536622","name":"Coffee Lulu","kind":"cafe","at":[48.16135,11.57469],"osm_id":"node/5745536622","open_horizon":false,"views":"[{\"sightline_id\": \"sl_79d740de\", \"toward\": \"b\", \"distance_m\": 9.1}]","tags":"{}","marker-color":"#1f78b4"}},
{"type":"Feature","geometry":{"type":"Point","coordinates":[11.56384,48.16073]},"properties":{"id":"poi_n5755870821","name":"Nush O Jan","kind":"restaurant","at":[48.16073,11.56384],"osm_id":"node/5755870821","open_horizon":false,"views":"[{\"sightline_id\": \"sl_ef4f8b5c\", \"toward\": \"b\", \"distance_m\": 34.9}]","tags":"{\"cuisine\": \"oriental\", \"opening_hours\": \"Mo-Fr 17:00-24:00; Sa-Su 10:00-24:00\", \"outdoor_seating\": \"yes\"}","marker-color":"#1f78b4"}},
{"type":"Feature","geometry":{"type":"Point","coordinates":[11.58514,48.11335]},"properties":{"id":"poi_n5762158854","name":"Barista Sistar","kind":"cafe","at":[48.11335,11.58514],"osm_id":"node/5762158854","open_horizon":false,"views":"[{\"sightline_id\": \"sl_855a6100\", \"toward\": \"a\", \"distance_m\": 8.9}, {\"sightline_id\": \"sl_855a6100\", \"toward\": \"b\", \"distance_m\": 8.9}]","tags":"{\"opening_hours\": \"Mo-Fr 07:30-17:00; Sa 09:30-17:00\"}","marker-color":"#1f78b4"}},
{"type":"Feature","geometry":{"type":"Point","coordinates":[11.57546,48.14975]},"properties":{"id":"poi_n5768739212","name":"Lou Lou","kind":"cafe","at":[48.14975,11.57546],"osm_id":"node/5768739212","open_horizon":false,"views":"[{\"sightline_id\": \"sl_b3216b45\", \"toward\": \"a\", \"distance_m\": 6.8}, {\"sightline_id\": \"sl_b3216b45\", \"toward\": \"b\", \"distance_m\": 6.8}]","tags":"{}","marker-color":"#1f78b4"}},
{"type":"Feature","geometry":{"type":"Point","coordinates":[11.56372,48.15002]},"properties":{"id":"poi_n5768799990","name":"Cafe Jasmin","kind":"cafe","at":[48.15002,11.56372],"osm_id":"node/5768799990","open_horizon":false,"views":"[{\"sightline_id\": \"sl_229e7580\", \"toward\": \"a\", \"distance_m\": 12.9}, {\"sightline_id\": \"sl_229e7580\", \"toward\": \"b\", \"distance_m\": 12.9}]","tags":"{\"opening_hours\": \"Mo-Su,PH 10:00-01:00; Dec 24 16:00-01:00\", \"outdoor_seating\": \"yes\"}","marker-color":"#1f78b4"}},
{"type":"Feature","geometry":{"type":"Point","coordinates":[11.56388,48.15032]},"properties":{"id":"poi_n5768802865","name":"Drinkerei","kind":"cafe","at":[48.15032,11.56388],"osm_id":"node/5768802865","open_horizon":false,"views":"[{\"sightline_id\": \"sl_229e7580\", \"toward\": \"a\", \"distance_m\": 10.8}, {\"sightline_id\": \"sl_229e7580\", \"toward\": \"b\", \"distance_m\": 10.8}]","tags":"{\"opening_hours\": \"Mo-Sa 11:45-19:15; Su 11:45-18:00\"}","marker-color":"#1f78b4"}},
{"type":"Feature","geometry":{"type":"Point","coordinates":[11.57844,48.15056]},"properties":{"id":"poi_n5768852494","name":"DiNatale","kind":"cafe","at":[48.15056,11.57844],"osm_id":"node/5768852494","open_horizon":false,"views":"[{\"sightline_id\": \"sl_1932a3df\", \"toward\": \"a\", \"distance_m\": 13.7}, {\"sightline_id\": \"sl_1932a3df\", \"toward\": \"b\", \"distance_m\": 13.7}]","tags":"{\"opening_hours\": \"Mo-Fr 08:00-18:00; Sa 08:00-16:00; Su,PH off\", \"outdoor_seating\": \"sidewalk\"}","marker-color":"#1f78b4"}},
{"type":"Feature","geometry":{"type":"Point","coordinates":[11.57708,48.14986]},"properties":{"id":"poi_n5768852497","name":"beim.hauser","kind":"cafe","at":[48.14986,11.57708],"osm_id":"node/5768852497","open_horizon":false,"views":"[{\"sightline_id\": \"sl_1c73e5a8\", \"toward\": \"a\", \"distance_m\": 10.7}, {\"sightline_id\": \"sl_1c73e5a8\", \"toward\": \"b\", \"distance_m\": 10.7}]","tags":"{\"outdoor_seating\": \"yes\"}","marker-color":"#1f78b4"}},
{"type":"Feature","geometry":{"type":"Point","coordinates":[11.54269,48.13454]},"properties":{"id":"poi_n5768919385","name":"Trattoria Rusticone","kind":"restaurant","at":[48.13454,11.54269],"osm_id":"node/5768919385","open_horizon":false,"views":"[{\"sightline_id\": \"sl_9858aff8\", \"toward\": \"b\", \"distance_m\": 12.2}]","tags":"{\"cuisine\": \"italian\", \"opening_hours\": \"Mo-Sa 11:00-22:00\", \"outdoor_seating\": \"yes\", \"website\": \"https://trattoria-rusticone-westend.de/delivery\"}","marker-color":"#1f78b4"}},
{"type":"Feature","geometry":{"type":"Point","coordinates":[11.55877,48.13339]},"properties":{"id":"poi_n577517153","name":"Cafe am Beethoven Platz","kind":"cafe","at":[48.13339,11.55877],"osm_id":"node/577517153","open_horizon":false,"views":"[{\"sightline_id\": \"sl_20f86686\", \"toward\": \"a\", \"distance_m\": 17.9}, {\"sightline_id\": \"sl_20f86686\", \"toward\": \"b\", \"distance_m\": 17.9}]","tags":"{\"opening_hours\": \"Mo-Su 09:00-01:00\", \"outdoor_seating\": \"yes\"}","marker-color":"#1f78b4"}},
{"type":"Feature","geometry":{"type":"Point","coordinates":[11.64585,48.12616]},"properties":{"id":"poi_n5776830791","name":"Kreillies - Breakfast & Lunch","kind":"cafe","at":[48.12616,11.64585],"osm_id":"node/5776830791","open_horizon":false,"views":"[{\"sightline_id\": \"sl_c7273ec0\", \"toward\": \"a\", \"distance_m\": 24.2}, {\"sightline_id\": \"sl_c7273ec0\", \"toward\": \"b\", \"distance_m\": 24.2}]","tags":"{\"cuisine\": \"breakfast;ice_cream;international\", \"opening_hours\": \"Mo-Fr 06:00-18:30; Sa,Su,PH 07:00-17:00\", \"outdoor_seating\": \"yes\", \"phone\": \"+49 89 44453171\", \"website\": \"https://kreillies-breakfast-lunch.de/\"}","marker-color":"#1f78b4"}},
{"type":"Feature","geometry":{"type":"Point","coordinates":[11.5611,48.13695]},"properties":{"id":"poi_n5778515354","name":"Pivasta","kind":"restaurant","at":[48.13695,11.5611],"osm_id":"node/5778515354","open_horizon":false,"views":"[{\"sightline_id\": \"sl_3eb150b6\", \"toward\": \"a\", \"distance_m\": 12.5}, {\"sightline_id\": \"sl_3eb150b6\", \"toward\": \"b\", \"distance_m\": 12.5}]","tags":"{\"cuisine\": \"afghan\", \"opening_hours\": \"Mo-Su 08:30-23:45\", \"outdoor_seating\": \"yes\"}","marker-color":"#1f78b4"}},
{"type":"Feature","geometry":{"type":"Point","coordinates":[11.56186,48.1364]},"properties":{"id":"poi_n5778561153","name":null,"kind":"cafe","at":[48.1364,11.56186],"osm_id":"node/5778561153","open_horizon":false,"views":"[{\"sightline_id\": \"sl_c1a6aafe\", \"toward\": \"a\", \"distance_m\": 2.2}, {\"sightline_id\": \"sl_c1a6aafe\", \"toward\": \"b\", \"distance_m\": 2.2}]","tags":"{\"opening_hours\": \"24/7\"}","marker-color":"#1f78b4"}},
{"type":"Feature","geometry":{"type":"Point","coordinates":[11.56595,48.15407]},"properties":{"id":"poi_n5782281594","name":"San Lucas Kaffeewirtschaft","kind":"cafe","at":[48.15407,11.56595],"osm_id":"node/5782281594","open_horizon":false,"views":"[{\"sightline_id\": \"sl_3c62cbbd\", \"toward\": \"a\", \"distance_m\": 11.6}, {\"sightline_id\": \"sl_229e7580\", \"toward\": \"b\", \"distance_m\": 13.7}]","tags":"{\"cuisine\": \"coffee;cake\", \"opening_hours\": \"Tu,Th,Fr 10:00-17:00; We 12:00-17:00; Sa 09:00-16:00; PH,Su,Mo off\"}","marker-color":"#1f78b4"}},
{"type":"Feature","geometry":{"type":"Point","coordinates":[11.55721,48.09087]},"properties":{"id":"poi_n578364131","name":"Bella Roma","kind":"restaurant","at":[48.09087,11.55721],"osm_id":"node/578364131","open_horizon":false,"views":"[{\"sightline_id\": \"sl_ba03f9de\", \"toward\": \"b\", \"distance_m\": 21.3}]","tags":"{\"cuisine\": \"italian\", \"opening_hours\": \"Mo-Su 11:30-23:00\", \"outdoor_seating\": \"yes\", \"phone\": \"+49 89 646625\", \"website\": \"https://www.ristorante-bella-roma.de/\"}","marker-color":"#1f78b4"}},
{"type":"Feature","geometry":{"type":"Point","coordinates":[11.5298,48.10241]},"properties":{"id":"poi_n5821281207","name":"Hans im Glück","kind":"restaurant","at":[48.10241,11.5298],"osm_id":"node/5821281207","open_horizon":false,"views":"[{\"sightline_id\": \"sl_e5bbf097\", \"toward\": \"a\", \"distance_m\": 13.9}, {\"sightline_id\": \"sl_f67c2d08\", \"toward\": \"a\", \"distance_m\": 22.7}, {\"sightline_id\": \"sl_125f81e4\", \"toward\": \"b\", \"distance_m\": 26.5}]","tags":"{\"cuisine\": \"burger\", \"opening_hours\": \"Mo-Su 12:00-24:00\", \"outdoor_seating\": \"yes\", \"phone\": \"+49 89 6933280\", \"website\": \"https://hansimglueck-burgergrill.de/\"}","marker-color":"#1f78b4"}},
{"type":"Feature","geometry":{"type":"Point","coordinates":[11.51794,48.14122]},"properties":{"id":"poi_n5836897248","name":"Pizzeria Da Toto","kind":"restaurant","at":[48.14122,11.51794],"osm_id":"node/5836897248","open_horizon":false,"views":"[{\"sightline_id\": \"sl_2b3d70f6\", \"toward\": \"a\", \"distance_m\": 17.1}, {\"sightline_id\": \"sl_4b005b29\", \"toward\": \"a\", \"distance_m\": 30.2}, {\"sightline_id\": \"sl_4b005b29\", \"toward\": \"b\", \"distance_m\": 30.2}]","tags":"{\"cuisine\": \"italian;pizza\", \"opening_hours\": \"Mo-Su 10:00-03:00\", \"phone\": \"+498957951927\", \"website\": \"https://www.restaurant-pizzeria-as.de/\"}","marker-color":"#1f78b4"}},
{"type":"Feature","geometry":{"type":"Point","coordinates":[11.57568,48.12812]},"properties":{"id":"poi_n5865403685","name":"Der verrückte Eismacher","kind":"ice_cream","at":[48.12812,11.57568],"osm_id":"node/5865403685","open_horizon":false,"views":"[{\"sightline_id\": \"sl_195c0dd2\", \"toward\": \"b\", \"distance_m\": 7.6}, {\"sightline_id\": \"sl_609c344a\", \"toward\": \"b\", \"distance_m\": 18.8}]","tags":"{\"opening_hours\": \"Mo-Su,PH 12:00-22:00\", \"outdoor_seating\": \"no\"}","marker-color":"#1f78b4"}},
{"type":"Feature","geometry":{"type":"Point","coordinates":[11.55646,48.12438]},"properties":{"id":"poi_n5868109088","name":"Zenetti","kind":"pub","at":[48.12438,11.55646],"osm_id":"node/5868109088","open_horizon":false,"views":"[{\"sightline_id\": \"sl_6c13a68b\", \"toward\": \"a\", \"distance_m\": 27.9}, {\"sightline_id\": \"sl_6c13a68b\", \"toward\": \"b\", \"distance_m\": 27.9}]","tags":"{\"opening_hours\": \"Tu-Sa 18:00+\", \"phone\": \"+49 89 18901124\", \"website\": \"https://zenetti-muenchen.de\"}","marker-color":"#1f78b4"}},
{"type":"Feature","geometry":{"type":"Point","coordinates":[11.56131,48.12541]},"properties":{"id":"poi_n5870708795","name":"Café Ola ta Kala","kind":"cafe","at":[48.12541,11.56131],"osm_id":"node/5870708795","open_horizon":false,"views":"[{\"sightline_id\": \"sl_e5506831\", \"toward\": \"b\", \"distance_m\": 16.0}, {\"sightline_id\": \"sl_d7ed4de6\", \"toward\": \"a\", \"distance_m\": 32.0}]","tags":"{}","marker-color":"#1f78b4"}},
{"type":"Feature","geometry":{"type":"Point","coordinates":[11.63326,48.1185]},"properties":{"id":"poi_n5871996002","name":"Biergarten Kleines Brauhaus Dicker Mann","kind":"biergarten","at":[48.1185,11.63326],"osm_id":"node/5871996002","open_horizon":false,"views":"[{\"sightline_id\": \"sl_e764ce0a\", \"toward\": \"a\", \"distance_m\": 28.7}, {\"sightline_id\": \"sl_e764ce0a\", \"toward\": \"b\", \"distance_m\": 28.7}]","tags":"{\"cuisine\": \"german;regional\", \"opening_hours\": \"Mo-Su 11:00-23:00\", \"outdoor_seating\": \"yes\", \"website\": \"https://www.kleinesbrauhausdickermann.de/\"}","marker-color":"#1f78b4"}},
{"type":"Feature","geometry":{"type":"Point","coordinates":[11.56115,48.15609]},"properties":{"id":"poi_n587645630","name":"Andiamo","kind":"restaurant","at":[48.15609,11.56115],"osm_id":"node/587645630","open_horizon":false,"views":"[{\"sightline_id\": \"sl_cda6fb02\", \"toward\": \"a\", \"distance_m\": 24.9}]","tags":"{\"cuisine\": \"italian\", \"opening_hours\": \"Mo-Su 11:00-23:00\", \"outdoor_seating\": \"yes\"}","marker-color":"#1f78b4"}},
{"type":"Feature","geometry":{"type":"Point","coordinates":[11.54825,48.13749]},"properties":{"id":"poi_n5885636849","name":"L'Osteria","kind":"restaurant","at":[48.13749,11.54825],"osm_id":"node/5885636849","open_horizon":false,"views":"[{\"sightline_id\": \"sl_d3d5ebce\", \"toward\": \"a\", \"distance_m\": 37.8}]","tags":"{\"cuisine\": \"italian\", \"opening_hours\": \"Su 12:00-00:00; Mo-Sa 11:00-00:00\", \"outdoor_seating\": \"yes\", \"website\": \"https://losteria.net/de/\"}","marker-color":"#1f78b4"}},
{"type":"Feature","geometry":{"type":"Point","coordinates":[11.51283,48.15823]},"properties":{"id":"poi_n5896184903","name":"Bäckerei Konditorei Café Paul Isaak","kind":"cafe","at":[48.15823,11.51283],"osm_id":"node/5896184903","open_horizon":false,"views":"[{\"sightline_id\": \"sl_31206593\", \"toward\": \"a\", \"distance_m\": 11.0}, {\"sightline_id\": \"sl_31206593\", \"toward\": \"b\", \"distance_m\": 11.0}, {\"sightline_id\": \"sl_cc413763\", \"toward\": \"a\", \"distance_m\": 39.0}, {\"sightline_id\": \"sl_cc413763\", \"toward\": \"b\", \"distance_m\": 39.0}, {\"sightline_id\": \"f_nymphenburg_canal\", \"toward\": \"a\", \"distance_m\": 39.2}, {\"sightline_id\": \"f_nymphenburg_canal\", \"toward\": \"b\", \"distance_m\": 39.2}]","tags":"{\"opening_hours\": \"Mo 06:30-14:00; Tu-Fr 06:30-18:00; Sa 06:30-12:00; Su 08:00-18:00\", \"outdoor_seating\": \"yes\", \"phone\": \"+49 89 171578\", \"website\": \"https://paul-isaak.com/\"}","marker-color":"#1f78b4"}},
{"type":"Feature","geometry":{"type":"Point","coordinates":[11.63011,48.13579]},"properties":{"id":"poi_n592535079","name":"Steinhauser Einkehr","kind":"restaurant","at":[48.13579,11.63011],"osm_id":"node/592535079","open_horizon":false,"views":"[{\"sightline_id\": \"sl_7922b6af\", \"toward\": \"a\", \"distance_m\": 24.7}, {\"sightline_id\": \"sl_7922b6af\", \"toward\": \"b\", \"distance_m\": 24.7}]","tags":"{\"cuisine\": \"bavarian\", \"opening_hours\": \"Mo-Sa 11:00-23:00\", \"outdoor_seating\": \"yes\"}","marker-color":"#1f78b4"}},
{"type":"Feature","geometry":{"type":"Point","coordinates":[11.51914,48.14108]},"properties":{"id":"poi_n5936243383","name":"Rumeli","kind":"restaurant","at":[48.14108,11.51914],"osm_id":"node/5936243383","open_horizon":false,"views":"[{\"sightline_id\": \"sl_2b3d70f6\", \"toward\": \"a\", \"distance_m\": 18.4}, {\"sightline_id\": \"sl_4b005b29\", \"toward\": \"a\", \"distance_m\": 29.8}, {\"sightline_id\": \"sl_4b005b29\", \"toward\": \"b\", \"distance_m\": 29.8}]","tags":"{\"cuisine\": \"turkish\", \"opening_hours\": \"Mo-Fr 11:30-15:00,17:00-24:00; Sa,PH 17:00-24:00\", \"outdoor_seating\": \"no\", \"phone\": \"+49 89 89058035\", \"website\": \"https://rumeli-restaurant.de/\"}","marker-color":"#1f78b4"}},
{"type":"Feature","geometry":{"type":"Point","coordinates":[11.58273,48.13821]},"properties":{"id":"poi_n5937152907","name":"Max Trenta","kind":"restaurant","at":[48.13821,11.58273],"osm_id":"node/5937152907","open_horizon":false,"views":"[{\"sightline_id\": \"sl_0ef924b1\", \"toward\": \"a\", \"distance_m\": 36.7}, {\"sightline_id\": \"sl_0ef924b1\", \"toward\": \"b\", \"distance_m\": 36.7}]","tags":"{\"cuisine\": \"italian\", \"opening_hours\": \"Mo-Fr 12:00-15:30,17:30-22:00; Sa 12:00-17:00\"}","marker-color":"#1f78b4"}},
{"type":"Feature","geometry":{"type":"Point","coordinates":[11.55679,48.1428]},"properties":{"id":"poi_n5952507345","name":"Koli's Bar","kind":"bar","at":[48.1428,11.55679],"osm_id":"node/5952507345","open_horizon":false,"views":"[{\"sightline_id\": \"sl_4aad668f\", \"toward\": \"b\", \"distance_m\": 10.8}, {\"sightline_id\": \"sl_0be9c815\", \"toward\": \"a\", \"distance_m\": 23.1}]","tags":"{\"opening_hours\": \"Mo-Su 11:00-03:00\", \"outdoor_seating\": \"yes\"}","marker-color":"#1f78b4"}},
{"type":"Feature","geometry":{"type":"Point","coordinates":[11.58199,48.12974]},"properties":{"id":"poi_n596195420","name":"Deutsches Museum","kind":"viewpoint","at":[48.12974,11.58199],"osm_id":"node/596195420","open_horizon":false,"views":"[{\"sightline_id\": \"sl_f0682082\", \"toward\": \"a\", \"distance_m\": 38.4}, {\"sightline_id\": \"sl_f0682082\", \"toward\": \"b\", \"distance_m\": 38.4}]","tags":"{}","marker-color":"#1f78b4"}},
{"type":"Feature","geometry":{"type":"Point","coordinates":[11.59285,48.18672]},"properties":{"id":"poi_n5964462087","name":"Maximahl","kind":"restaurant","at":[48.18672,11.59285],"osm_id":"node/5964462087","open_horizon":false,"views":"[{\"sightline_id\": \"sl_cb33b781\", \"toward\": \"b\", \"distance_m\": 32.0}]","tags":"{\"opening_hours\": \"Mo,Tu 10:00-15:00; We-Fr 10:00-18:00; Su off || \\\"vor und nach Veranstaltungen der Kulturbühne\\\"\"}","marker-color":"#1f78b4"}},
{"type":"Feature","geometry":{"type":"Point","coordinates":[11.584,48.18709]},"properties":{"id":"poi_n59934326","name":"L'angolo","kind":"restaurant","at":[48.18709,11.584],"osm_id":"node/59934326","open_horizon":false,"views":"[{\"sightline_id\": \"sl_b36303a9\", \"toward\": \"a\", \"distance_m\": 21.9}]","tags":"{\"cuisine\": \"italian\", \"opening_hours\": \"Mo-Fr 11:00-24:00; Sa 17:00-24:00; Su closed\", \"outdoor_seating\": \"yes\"}","marker-color":"#1f78b4"}},
{"type":"Feature","geometry":{"type":"Point","coordinates":[11.58458,48.18162]},"properties":{"id":"poi_n59939872","name":"Tai China Imbiss","kind":"restaurant","at":[48.18162,11.58458],"osm_id":"node/59939872","open_horizon":false,"views":"[{\"sightline_id\": \"sl_a13a9bd3\", \"toward\": \"a\", \"distance_m\": 15.9}, {\"sightline_id\": \"sl_a13a9bd3\", \"toward\": \"b\", \"distance_m\": 15.9}]","tags":"{\"cuisine\": \"chinese\", \"opening_hours\": \"Mo-Su,PH 11:30-22:00\", \"outdoor_seating\": \"yes\", \"phone\": \"+49 89 3590657\", \"website\": \"https://www.thai-china.de/\"}","marker-color":"#1f78b4"}},
{"type":"Feature","geometry":{"type":"Point","coordinates":[11.5597,48.14392]},"properties":{"id":"poi_n5994123495","name":"Noppakao","kind":"restaurant","at":[48.14392,11.5597],"osm_id":"node/5994123495","open_horizon":false,"views":"[{\"sightline_id\": \"sl_229e7580\", \"toward\": \"a\", \"distance_m\": 36.8}]","tags":"{\"cuisine\": \"thai\", \"opening_hours\": \"Mo-Sa 11:00-21:30\"}","marker-color":"#1f78b4"}},
{"type":"Feature","geometry":{"type":"Point","coordinates":[11.54224,48.13448]},"properties":{"id":"poi_n6007899422","name":"schokoAlm","kind":"cafe","at":[48.13448,11.54224],"osm_id":"node/6007899422","open_horizon":false,"views":"[{\"sightline_id\": \"sl_9858aff8\", \"toward\": \"b\", \"distance_m\": 29.2}]","tags":"{\"cuisine\": \"chocolate\", \"opening_hours\": \"Tu-Fr 10:00-19:00, Sa 10:00-18:00\"}","marker-color":"#1f78b4"}},
{"type":"Feature","geometry":{"type":"Point","coordinates":[11.56124,48.15179]},"properties":{"id":"poi_n6008109961","name":"Shimai","kind":"restaurant","at":[48.15179,11.56124],"osm_id":"node/6008109961","open_horizon":false,"views":"[{\"sightline_id\": \"sl_6a30d50e\", \"toward\": \"b\", \"distance_m\": 17.3}]","tags":"{\"cuisine\": \"asian\", \"opening_hours\": \"Mo-Fr 11:30-14:30,17:30-11:30, Sa 17:30-11:30, Su 14:00-23:30\", \"outdoor_seating\": \"veranda\"}","marker-color":"#1f78b4"}},
{"type":"Feature","geometry":{"type":"Point","coordinates":[11.55325,48.11249]},"properties":{"id":"poi_n6012306297","name":"Wirtshaus zum Isartal","kind":"restaurant","at":[48.11249,11.55325],"osm_id":"node/6012306297","open_horizon":false,"views":"[{\"sightline_id\": \"sl_3e7d24e9\", \"toward\": \"b\", \"distance_m\": 32.0}]","tags":"{\"cuisine\": \"bavarian\", \"opening_hours\": \"Mo-Su,PH 12:00-24:00\", \"outdoor_seating\": \"yes\"}","marker-color":"#1f78b4"}},
{"type":"Feature","geometry":{"type":"Point","coordinates":[11.55781,48.12944]},"properties":{"id":"poi_n6015893446","name":"La Maison de Jany","kind":"cafe","at":[48.12944,11.55781],"osm_id":"node/6015893446","open_horizon":false,"views":"[{\"sightline_id\": \"sl_e8d3e711\", \"toward\": \"a\", \"distance_m\": 23.2}, {\"sightline_id\": \"sl_e8d3e711\", \"toward\": \"b\", \"distance_m\": 23.2}]","tags":"{\"cuisine\": \"coffee_shop;lebanese\"}","marker-color":"#1f78b4"}},
{"type":"Feature","geometry":{"type":"Point","coordinates":[11.52968,48.13881]},"properties":{"id":"poi_n6027907707","name":"Konoba Tomislav","kind":"pub","at":[48.13881,11.52968],"osm_id":"node/6027907707","open_horizon":false,"views":"[{\"sightline_id\": \"sl_7c751cfb\", \"toward\": \"a\", \"distance_m\": 7.6}]","tags":"{}","marker-color":"#1f78b4"}},
{"type":"Feature","geometry":{"type":"Point","coordinates":[11.52943,48.13882]},"properties":{"id":"poi_n6027932035","name":"New Chance","kind":"pub","at":[48.13882,11.52943],"osm_id":"node/6027932035","open_horizon":false,"views":"[{\"sightline_id\": \"sl_7c751cfb\", \"toward\": \"a\", \"distance_m\": 8.2}]","tags":"{}","marker-color":"#1f78b4"}},
{"type":"Feature","geometry":{"type":"Point","coordinates":[11.57261,48.13072]},"properties":{"id":"poi_n605007386","name":"Gaststätte Fraunhofer","kind":"restaurant","at":[48.13072,11.57261],"osm_id":"node/605007386","open_horizon":false,"views":"[{\"sightline_id\": \"sl_195c0dd2\", \"toward\": \"a\", \"distance_m\": 12.8}]","tags":"{\"cuisine\": \"regional\", \"opening_hours\": \"Mo-Su 17:30-01:00\", \"outdoor_seating\": \"yes\"}","marker-color":"#1f78b4"}},
{"type":"Feature","geometry":{"type":"Point","coordinates":[11.54255,48.15977]},"properties":{"id":"poi_n606964150","name":"die Küche - Mona John","kind":"restaurant","at":[48.15977,11.54255],"osm_id":"node/606964150","open_horizon":false,"views":"[{\"sightline_id\": \"sl_1ac35b55\", \"toward\": \"a\", \"distance_m\": 16.2}, {\"sightline_id\": \"sl_1ac35b55\", \"toward\": \"b\", \"distance_m\": 16.2}]","tags":"{\"opening_hours\": \"Mo-Fr 18:00-20:00; Sa,Su off\", \"website\": \"https://www.mona-john.de/\"}","marker-color":"#1f78b4"}},
{"type":"Feature","geometry":{"type":"Point","coordinates":[11.54576,48.15975]},"properties":{"id":"poi_n606964155","name":"Ristorante Pizzeria Roma","kind":"restaurant","at":[48.15975,11.54576],"osm_id":"node/606964155","open_horizon":false,"views":"[{\"sightline_id\": \"sl_1ac35b55\", \"toward\": \"a\", \"distance_m\": 18.8}]","tags":"{\"cuisine\": \"italian\", \"opening_hours\": \"Mo-Fr 11:30-15:00,17:30-22:30; Sa 17:30-22:30\", \"outdoor_seating\": \"sidewalk\", \"phone\": \"+49 89 1574163\", \"website\": \"https://ristoranteroma-muenchen.com/\"}","marker-color":"#1f78b4"}},
{"type":"Feature","geometry":{"type":"Point","coordinates":[11.56049,48.13753]},"properties":{"id":"poi_n6080469406","name":"Yemen Star","kind":"restaurant","at":[48.13753,11.56049],"osm_id":"node/6080469406","open_horizon":false,"views":"[{\"sightline_id\": \"sl_d3d5ebce\", \"toward\": \"a\", \"distance_m\": 4.7}, {\"sightline_id\": \"sl_d3d5ebce\", \"toward\": \"b\", \"distance_m\": 4.7}, {\"sightline_id\": \"sl_3eb150b6\", \"toward\": \"a\", \"distance_m\": 36.7}, {\"sightline_id\": \"sl_3eb150b6\", \"toward\": \"b\", \"distance_m\": 36.7}]","tags":"{\"cuisine\": \"yeminitic\", \"opening_hours\": \"Mo-Su 10:00-24:00\"}","marker-color":"#1f78b4"}},
{"type":"Feature","geometry":{"type":"Point","coordinates":[11.54584,48.19601]},"properties":{"id":"poi_n608369753","name":"Zimt & Koriander","kind":"cafe","at":[48.19601,11.54584],"osm_id":"node/608369753","open_horizon":false,"views":"[{\"sightline_id\": \"sl_2a9074b4\", \"toward\": \"a\", \"distance_m\": 11.3}, {\"sightline_id\": \"sl_2a9074b4\", \"toward\": \"b\", \"distance_m\": 11.3}]","tags":"{\"cuisine\": \"coffee_shop\", \"opening_hours\": \"Tu-Fr 08:30-17:00; Sa,Su,PH 09:00-18:00\", \"outdoor_seating\": \"yes\", \"phone\": \"+49 1525 5619258\", \"website\": \"https://zimtkoriander.cafelists.com/\"}","marker-color":"#1f78b4"}},
{"type":"Feature","geometry":{"type":"Point","coordinates":[11.61067,48.1974]},"properties":{"id":"poi_n6100556823","name":null,"kind":"restaurant","at":[48.1974,11.61067],"osm_id":"node/6100556823","open_horizon":false,"views":"[{\"sightline_id\": \"sl_8155a1e9\", \"toward\": \"b\", \"distance_m\": 39.0}]","tags":"{}","marker-color":"#1f78b4"}},
{"type":"Feature","geometry":{"type":"Point","coordinates":[11.65637,48.12398]},"properties":{"id":"poi_n6109939591","name":"MaVie","kind":"bar","at":[48.12398,11.65637],"osm_id":"node/6109939591","open_horizon":false,"views":"[{\"sightline_id\": \"sl_e19f2e59\", \"toward\": \"a\", \"distance_m\": 24.7}, {\"sightline_id\": \"sl_c0850d00\", \"toward\": \"b\", \"distance_m\": 26.5}]","tags":"{\"opening_hours\": \"Su-Th,PH 15:00-01:00, Fr,Sa 15:00-03:00\"}","marker-color":"#1f78b4"}},
{"type":"Feature","geometry":{"type":"Point","coordinates":[11.54934,48.11925]},"properties":{"id":"poi_n6126417382","name":"Ćevabdžinica","kind":"restaurant","at":[48.11925,11.54934],"osm_id":"node/6126417382","open_horizon":false,"views":"[{\"sightline_id\": \"sl_2641f4e4\", \"toward\": \"a\", \"distance_m\": 11.7}]","tags":"{\"cuisine\": \"balkan\", \"opening_hours\": \"Mo-Sa 11:00-23:00; Su 11:00-21:00\", \"website\": \"https://cevabdzinica.de/\"}","marker-color":"#1f78b4"}},
{"type":"Feature","geometry":{"type":"Point","coordinates":[11.61195,48.13687]},"properties":{"id":"poi_n6126502325","name":"Trattoria Al Pacino","kind":"restaurant","at":[48.13687,11.61195],"osm_id":"node/6126502325","open_horizon":false,"views":"[{\"sightline_id\": \"sl_2ee29d83\", \"toward\": \"a\", \"distance_m\": 20.2}, {\"sightline_id\": \"sl_2ee29d83\", \"toward\": \"b\", \"distance_m\": 20.2}]","tags":"{\"opening_hours\": \"Tu-Su,PH 11:30-22:30\", \"outdoor_seating\": \"yes\"}","marker-color":"#1f78b4"}},
{"type":"Feature","geometry":{"type":"Point","coordinates":[11.57443,48.15258]},"properties":{"id":"poi_n612771885","name":"Gegenüber","kind":"restaurant","at":[48.15258,11.57443],"osm_id":"node/612771885","open_horizon":false,"views":"[{\"sightline_id\": \"sl_cfd8afe9\", \"toward\": \"a\", \"distance_m\": 12.4}, {\"sightline_id\": \"sl_cfd8afe9\", \"toward\": \"b\", \"distance_m\": 12.4}]","tags":"{\"cuisine\": \"pizza\", \"opening_hours\": \"Tu-Su 17:30-22:00; Mo off\", \"outdoor_seating\": \"sidewalk\"}","marker-color":"#1f78b4"}},
{"type":"Feature","geometry":{"type":"Point","coordinates":[11.58655,48.17078]},"properties":{"id":"poi_n6134494253","name":"Jaadin","kind":"restaurant","at":[48.17078,11.58655],"osm_id":"node/6134494253","open_horizon":false,"views":"[{\"sightline_id\": \"sl_1cf54481\", \"toward\": \"a\", \"distance_m\": 37.0}, {\"sightline_id\": \"sl_1cf54481\", \"toward\": \"b\", \"distance_m\": 37.0}]","tags":"{\"cuisine\": \"vietnamese\", \"opening_hours\": \"Mo-Sa 11:30-15:00, Mo-Th,Sa 18:00-23:00, Fr,Sa 18:00-24:00\", \"outdoor_seating\": \"yes\", \"website\": \"https://www.jaadin.de/\"}","marker-color":"#1f78b4"}},
{"type":"Feature","geometry":{"type":"Point","coordinates":[11.58634,48.17077]},"properties":{"id":"poi_n6134494254","name":"Dim the Lights","kind":"restaurant","at":[48.17077,11.58634],"osm_id":"node/6134494254","open_horizon":false,"views":"[{\"sightline_id\": \"sl_1cf54481\", \"toward\": \"a\", \"distance_m\": 21.9}, {\"sightline_id\": \"sl_1cf54481\", \"toward\": \"b\", \"distance_m\": 21.9}]","tags":"{\"outdoor_seating\": \"yes\"}","marker-color":"#1f78b4"}},
{"type":"Feature","geometry":{"type":"Point","coordinates":[11.55841,48.1387]},"properties":{"id":"poi_n6136690685","name":"Irmi","kind":"restaurant","at":[48.1387,11.55841],"osm_id":"node/6136690685","open_horizon":false,"views":"[{\"sightline_id\": \"sl_20f86686\", \"toward\": \"a\", \"distance_m\": 16.8}]","tags":"{\"cuisine\": \"bavarian\", \"opening_hours\": \"Tu-Sa 17:00-23:00\"}","marker-color":"#1f78b4"}},
{"type":"Feature","geometry":{"type":"Point","coordinates":[11.56343,48.20433]},"properties":{"id":"poi_n615621485","name":"Esspoint","kind":"restaurant","at":[48.20433,11.56343],"osm_id":"node/615621485","open_horizon":false,"views":"[{\"sightline_id\": \"sl_6df1d48f\", \"toward\": \"a\", \"distance_m\": 32.4}, {\"sightline_id\": \"sl_6df1d48f\", \"toward\": \"b\", \"distance_m\": 32.4}]","tags":"{\"cuisine\": \"kebab;turkish\", \"opening_hours\": \"Mo-Sa 11:00-21:00; Su 13:00-21:00\"}","marker-color":"#1f78b4"}},
{"type":"Feature","geometry":{"type":"Point","coordinates":[11.57923,48.15213]},"properties":{"id":"poi_n616690544","name":"Il Grappolo","kind":"restaurant","at":[48.15213,11.57923],"osm_id":"node/616690544","open_horizon":false,"views":"[{\"sightline_id\": \"sl_950d235f\", \"toward\": \"a\", \"distance_m\": 11.7}, {\"sightline_id\": \"sl_950d235f\", \"toward\": \"b\", \"distance_m\": 11.7}, {\"sightline_id\": \"sl_1932a3df\", \"toward\": \"b\", \"distance_m\": 28.2}]","tags":"{\"cuisine\": \"italian\", \"opening_hours\": \"Mo-Fr 11:30-23:30\", \"outdoor_seating\": \"yes\", \"phone\": \"+49 89 396241\", \"website\": \"https://www.il-grappolo.de/\"}","marker-color":"#1f78b4"}},
{"type":"Feature","geometry":{"type":"Point","coordinates":[11.59303,48.13317]},"properties":{"id":"poi_n617509165","name":"MUN - Modern Cuisine","kind":"restaurant","at":[48.13317,11.59303],"osm_id":"node/617509165","open_horizon":false,"views":"[{\"sightline_id\": \"sl_be141589\", \"toward\": \"a\", \"distance_m\": 7.5}, {\"sightline_id\": \"sl_be141589\", \"toward\": \"b\", \"distance_m\": 7.5}]","tags":"{\"opening_hours\": \"Tu-Sa 18:00-23:00\", \"website\": \"https://munrestaurant.de/\"}","marker-color":"#1f78b4"}},
{"type":"Feature","geometry":{"type":"Point","coordinates":[11.46046,48.18872]},"properties":{"id":"poi_n619506359","name":"Pension & Wirtshaus Würmtalhof","kind":"restaurant","at":[48.18872,11.46046],"osm_id":"node/619506359","open_horizon":false,"views":"[{\"sightline_id\": \"sl_d183df7f\", \"toward\": \"a\", \"distance_m\": 17.2}]","tags":"{\"cuisine\": \"bavarian\", \"opening_hours\": \"Tu-Su 12:00-23:00\", \"phone\": \"+49898921521\", \"website\": \"https://wuermtalhof.de/\"}","marker-color":"#1f78b4"}},
{"type":"Feature","geometry":{"type":"Point","coordinates":[11.54257,48.13449]},"properties":{"id":"poi_n6196324624","name":"Ca Go","kind":"restaurant","at":[48.13449,11.54257],"osm_id":"node/6196324624","open_horizon":false,"views":"[{\"sightline_id\": \"sl_9858aff8\", \"toward\": \"b\", \"distance_m\": 14.6}]","tags":"{\"cuisine\": \"vietnamese\", \"opening_hours\": \"Mo-Fr 11:30-15:00, 17:00-22:30 ; Sa 17:00-22:30; Su,PH 12:00-22:30\", \"outdoor_seating\": \"sidewalk\"}","marker-color":"#1f78b4"}},
{"type":"Feature","geometry":{"type":"Point","coordinates":[11.60179,48.11961]},"properties":{"id":"poi_n6199687070","name":"chicco di caffè","kind":"cafe","at":[48.11961,11.60179],"osm_id":"node/6199687070","open_horizon":false,"views":"[{\"sightline_id\": \"sl_14341a6b\", \"toward\": \"a\", \"distance_m\": 26.5}]","tags":"{\"opening_hours\": \"Mo-Th 08:30-14:30; Fr 08:30-14:00\", \"outdoor_seating\": \"yes\"}","marker-color":"#1f78b4"}},
{"type":"Feature","geometry":{"type":"Point","coordinates":[11.53376,48.11127]},"properties":{"id":"poi_n620898288","name":"Covolino","kind":"cafe","at":[48.11127,11.53376],"osm_id":"node/620898288","open_horizon":false,"views":"[{\"sightline_id\": \"sl_ef53d5b6\", \"toward\": \"a\", \"distance_m\": 19.8}, {\"sightline_id\": \"sl_ef53d5b6\", \"toward\": \"b\", \"distance_m\": 19.8}]","tags":"{\"opening_hours\": \"Mo-Fr 06:00-17:00\", \"outdoor_seating\": \"yes\"}","marker-color":"#1f78b4"}},
{"type":"Feature","geometry":{"type":"Point","coordinates":[11.56384,48.15356]},"properties":{"id":"poi_n6222842623","name":"Obacht","kind":"restaurant","at":[48.15356,11.56384],"osm_id":"node/6222842623","open_horizon":false,"views":"[{\"sightline_id\": \"sl_b278f824\", \"toward\": \"a\", \"distance_m\": 13.7}, {\"sightline_id\": \"sl_b278f824\", \"toward\": \"b\", \"distance_m\": 13.7}, {\"sightline_id\": \"sl_1c73e5a8\", \"toward\": \"a\", \"distance_m\": 15.1}, {\"sightline_id\": \"sl_1c73e5a8\", \"toward\": \"b\", \"distance_m\": 15.1}]","tags":"{\"opening_hours\": \"Mo-Su 17:00+\", \"outdoor_seating\": \"yes\"}","marker-color":"#1f78b4"}},
{"type":"Feature","geometry":{"type":"Point","coordinates":[11.56332,48.18288]},"properties":{"id":"poi_n6227668261","name":"velvet coffee & more","kind":"cafe","at":[48.18288,11.56332],"osm_id":"node/6227668261","open_horizon":false,"views":"[{\"sightline_id\": \"sl_6445c73a\", \"toward\": \"b\", \"distance_m\": 19.2}]","tags":"{}","marker-color":"#1f78b4"}},
{"type":"Feature","geometry":{"type":"Point","coordinates":[11.52593,48.1111]},"properties":{"id":"poi_n624075887","name":"Irodion","kind":"restaurant","at":[48.1111,11.52593],"osm_id":"node/624075887","open_horizon":false,"views":"[{\"sightline_id\": \"sl_fffe6157\", \"toward\": \"a\", \"distance_m\": 24.6}, {\"sightline_id\": \"sl_fffe6157\", \"toward\": \"b\", \"distance_m\": 24.6}]","tags":"{\"cuisine\": \"greek\", \"opening_hours\": \"Tu-Sa 11:30-14:45,17:30-23:00; Su 11:30-14:45,17:30-22:00\", \"outdoor_seating\": \"yes\", \"phone\": \"+49 89 7697365\", \"website\": \"https://sendling-irodion.de/\"}","marker-color":"#1f78b4"}},
{"type":"Feature","geometry":{"type":"Point","coordinates":[11.67071,48.11927]},"properties":{"id":"poi_n6242283286","name":"Dione","kind":"restaurant","at":[48.11927,11.67071],"osm_id":"node/6242283286","open_horizon":false,"views":"[{\"sightline_id\": \"sl_b3a61923\", \"toward\": \"b\", \"distance_m\": 17.4}]","tags":"{\"cuisine\": \"mediterranean\", \"opening_hours\": \"Tu-Su,PH 11:30-14:00,18:00-22:00; Mo off\", \"outdoor_seating\": \"yes\", \"website\": \"https://www.kulturzentrum-trudering.de/2025/01/restaurant-dione-im-kulturzentrum/\"}","marker-color":"#1f78b4"}},
{"type":"Feature","geometry":{"type":"Point","coordinates":[11.51503,48.13891]},"properties":{"id":"poi_n625833699","name":"Star","kind":"restaurant","at":[48.13891,11.51503],"osm_id":"node/625833699","open_horizon":false,"views":"[{\"sightline_id\": \"sl_70c54dae\", \"toward\": \"a\", \"distance_m\": 12.5}, {\"sightline_id\": \"sl_70c54dae\", \"toward\": \"b\", \"distance_m\": 12.5}]","tags":"{}","marker-color":"#1f78b4"}},
{"type":"Feature","geometry":{"type":"Point","coordinates":[11.585,48.15373]},"properties":{"id":"poi_n6260692009","name":"Ha Noi Pho","kind":"restaurant","at":[48.15373,11.585],"osm_id":"node/6260692009","open_horizon":false,"views":"[{\"sightline_id\": \"sl_7dadb81b\", \"toward\": \"a\", \"distance_m\": 13.0}, {\"sightline_id\": \"sl_7dadb81b\", \"toward\": \"b\", \"distance_m\": 13.0}]","tags":"{\"cuisine\": \"vietnamese\", \"opening_hours\": \"Mo-Fr 11:00-15:00, 17:00-22:30; Sa-Su 12:00-15:00, 17:30-22:30\"}","marker-color":"#1f78b4"}},
{"type":"Feature","geometry":{"type":"Point","coordinates":[11.56758,48.11019]},"properties":{"id":"poi_n6281669592","name":"Ha Anh Quan","kind":"restaurant","at":[48.11019,11.56758],"osm_id":"node/6281669592","open_horizon":false,"views":"[{\"sightline_id\": \"sl_da94cef0\", \"toward\": \"a\", \"distance_m\": 17.6}, {\"sightline_id\": \"sl_3bf4253a\", \"toward\": \"a\", \"distance_m\": 30.5}]","tags":"{\"opening_hours\": \"Mo-Fr 11:00-15:00,16:30-21:00; Sa,Su,PH 16:00-21:00\", \"outdoor_seating\": \"yes\", \"phone\": \"+49 89 55894231\"}","marker-color":"#1f78b4"}},
{"type":"Feature","geometry":{"type":"Point","coordinates":[11.56774,48.1101]},"properties":{"id":"poi_n6281670071","name":"GUV Bluesbar","kind":"pub","at":[48.1101,11.56774],"osm_id":"node/6281670071","open_horizon":false,"views":"[{\"sightline_id\": \"sl_da94cef0\", \"toward\": \"a\", \"distance_m\": 33.2}]","tags":"{\"opening_hours\": \"Tu-Su 16:00-00:00\"}","marker-color":"#1f78b4"}},
{"type":"Feature","geometry":{"type":"Point","coordinates":[11.61528,48.13085]},"properties":{"id":"poi_n6284579807","name":"L‘angolo del caffe","kind":"cafe","at":[48.13085,11.61528],"osm_id":"node/6284579807","open_horizon":false,"views":"[{\"sightline_id\": \"sl_278b6e53\", \"toward\": \"a\", \"distance_m\": 29.5}, {\"sightline_id\": \"sl_278b6e53\", \"toward\": \"b\", \"distance_m\": 29.5}]","tags":"{\"cuisine\": \"coffee_shop;italian\", \"opening_hours\": \"Mo-Fr 06:00-17:00; Sa 06:00-14:00; Su 08:00-14:00\", \"outdoor_seating\": \"yes\", \"phone\": \"+49 89 52072165\"}","marker-color":"#1f78b4"}},
{"type":"Feature","geometry":{"type":"Point","coordinates":[11.57106,48.1123]},"properties":{"id":"poi_n6289745516","name":"Bierstüberl bei Ingrid","kind":"pub","at":[48.1123,11.57106],"osm_id":"node/6289745516","open_horizon":false,"views":"[{\"sightline_id\": \"sl_d1309d08\", \"toward\": \"a\", \"distance_m\": 12.6}]","tags":"{\"opening_hours\": \"Mo-Sa 13:00-22:00\"}","marker-color":"#1f78b4"}},
{"type":"Feature","geometry":{"type":"Point","coordinates":[11.57132,48.11289]},"properties":{"id":"poi_n6289762485","name":"Jay-R","kind":"bar","at":[48.11289,11.57132],"osm_id":"node/6289762485","open_horizon":false,"views":"[{\"sightline_id\": \"sl_d1309d08\", \"toward\": \"a\", \"distance_m\": 13.7}]","tags":"{\"opening_hours\": \"Mo-Th 14:00-00:00; Fr-Sa 14:00-02:00\", \"phone\": \"+49 176 201 89035\", \"website\": \"https://www.jayr-bar.de/\"}","marker-color":"#1f78b4"}},
{"type":"Feature","geometry":{"type":"Point","coordinates":[11.59991,48.11935]},"properties":{"id":"poi_n629487121","name":"Ciao","kind":"restaurant","at":[48.11935,11.59991],"osm_id":"node/629487121","open_horizon":false,"views":"[{\"sightline_id\": \"sl_14341a6b\", \"toward\": \"a\", \"distance_m\": 8.8}, {\"sightline_id\": \"sl_14341a6b\", \"toward\": \"b\", \"distance_m\": 8.8}, {\"sightline_id\": \"sl_7f41d7bf\", \"toward\": \"a\", \"distance_m\": 14.5}, {\"sightline_id\": \"sl_7f41d7bf\", \"toward\": \"b\", \"distance_m\": 14.5}]","tags":"{\"cuisine\": \"italian\", \"opening_hours\": \"11:30-22:30\", \"outdoor_seating\": \"yes\", \"phone\": \"+49 89 49059934\"}","marker-color":"#1f78b4"}},
{"type":"Feature","geometry":{"type":"Point","coordinates":[11.54434,48.15981]},"properties":{"id":"poi_n6314364513","name":"DYAN","kind":"restaurant","at":[48.15981,11.54434],"osm_id":"node/6314364513","open_horizon":false,"views":"[{\"sightline_id\": \"sl_1ac35b55\", \"toward\": \"a\", \"distance_m\": 23.5}]","tags":"{\"cuisine\": \"vietnamese\", \"opening_hours\": \"Mo-Fr 11:00-15:00,17:00-21:00; Sa off; Su,PH 12:00-21:00\", \"outdoor_seating\": \"yes\", \"phone\": \"+49 89 890 58 223\", \"website\": \"https://www.dyanbistro.de/\"}","marker-color":"#1f78b4"}},
{"type":"Feature","geometry":{"type":"Point","coordinates":[11.61324,48.12164]},"properties":{"id":"poi_n632009317","name":"Taste Pizza","kind":"restaurant","at":[48.12164,11.61324],"osm_id":"node/632009317","open_horizon":false,"views":"[{\"sightline_id\": \"sl_a00f6fab\", \"toward\": \"b\", \"distance_m\": 12.4}, {\"sightline_id\": \"sl_6d4e3e49\", \"toward\": \"a\", \"distance_m\": 32.5}, {\"sightline_id\": \"sl_a8810ef7\", \"toward\": \"b\", \"distance_m\": 36.8}]","tags":"{\"cuisine\": \"pizza\", \"outdoor_seating\": \"no\"}","marker-color":"#1f78b4"}},
{"type":"Feature","geometry":{"type":"Point","coordinates":[11.55052,48.12481]},"properties":{"id":"poi_n633177917","name":"bei Vaia","kind":"pub","at":[48.12481,11.55052],"osm_id":"node/633177917","open_horizon":false,"views":"[{\"sightline_id\": \"sl_375471ca\", \"toward\": \"a\", \"distance_m\": 9.1}]","tags":"{\"opening_hours\": \"Mo-Fr 10:00-22:00+; Sa 11:00-22:00+; Su,PH 12:00-22:00+\", \"outdoor_seating\": \"yes\"}","marker-color":"#1f78b4"}},
{"type":"Feature","geometry":{"type":"Point","coordinates":[11.55428,48.15367]},"properties":{"id":"poi_n6342884439","name":"Chilli Asia","kind":"restaurant","at":[48.15367,11.55428],"osm_id":"node/6342884439","open_horizon":false,"views":"[{\"sightline_id\": \"sl_4cac06f4\", \"toward\": \"a\", \"distance_m\": 3.7}, {\"sightline_id\": \"sl_4cac06f4\", \"toward\": \"b\", \"distance_m\": 3.7}]","tags":"{\"cuisine\": \"thai\", \"opening_hours\": \"Mo-Fr 11:00-15:00,17:00-22:00; Sa off; Su 12:00-22:00; PH 12:00-22:30\", \"outdoor_seating\": \"yes\"}","marker-color":"#1f78b4"}},
{"type":"Feature","geometry":{"type":"Point","coordinates":[11.42137,48.14854]},"properties":{"id":"poi_n6363548406","name":"Innspire Cafe Bar","kind":"cafe","at":[48.14854,11.42137],"osm_id":"node/6363548406","open_horizon":false,"views":"[{\"sightline_id\": \"sl_87d2f270\", \"toward\": \"a\", \"distance_m\": 20.8}, {\"sightline_id\": \"sl_87d2f270\", \"toward\": \"b\", \"distance_m\": 20.8}, {\"sightline_id\": \"sl_a5cd9f45\", \"toward\": \"b\", \"distance_m\": 22.9}]","tags":"{\"opening_hours\": \"Mo-Fr 11:00-15:00,17:30-22:00\"}","marker-color":"#1f78b4"}},
{"type":"Feature","geometry":{"type":"Point","coordinates":[11.42135,48.14859]},"properties":{"id":"poi_n6363548407","name":"Innspire Restaurant","kind":"restaurant","at":[48.14859,11.42135],"osm_id":"node/6363548407","open_horizon":false,"views":"[{\"sightline_id\": \"sl_a5cd9f45\", \"toward\": \"b\", \"distance_m\": 16.5}, {\"sightline_id\": \"sl_87d2f270\", \"toward\": \"a\", \"distance_m\": 21.0}, {\"sightline_id\": \"sl_87d2f270\", \"toward\": \"b\", \"distance_m\": 21.0}]","tags":"{\"cuisine\": \"mediterranean\", \"opening_hours\": \"Mo-Fr 11:30-14:30,17:30-22:00; Sa,Su 11:30-22:00\", \"outdoor_seating\": \"yes\"}","marker-color":"#1f78b4"}},
{"type":"Feature","geometry":{"type":"Point","coordinates":[11.54955,48.11927]},"properties":{"id":"poi_n6378762822","name":"Mahun","kind":"restaurant","at":[48.11927,11.54955],"osm_id":"node/6378762822","open_horizon":false,"views":"[{\"sightline_id\": \"sl_2641f4e4\", \"toward\": \"a\", \"distance_m\": 22.1}]","tags":"{\"cuisine\": \"vietnamese\", \"opening_hours\": \"Mo-Fr 11:00-15:00, Mo-Th 17:00-23:00, Fr,Sa 17:00-01:00, Su 13:00-23:00\", \"outdoor_seating\": \"yes\", \"website\": \"https://www.mahun-bar.de/\"}","marker-color":"#1f78b4"}},
{"type":"Feature","geometry":{"type":"Point","coordinates":[11.54855,48.11914]},"properties":{"id":"poi_n6378767774","name":"Bel Gelato","kind":"ice_cream","at":[48.11914,11.54855],"osm_id":"node/6378767774","open_horizon":false,"views":"[{\"sightline_id\": \"sl_c4d1a70a\", \"toward\": \"b\", \"distance_m\": 12.1}, {\"sightline_id\": \"sl_2641f4e4\", \"toward\": \"a\", \"distance_m\": 26.5}]","tags":"{\"opening_hours\": \"Oct-Mar: Sa-Th 11:00-18:00; Apr-Sep: Mo-Su 10:00-22:00\", \"outdoor_seating\": \"yes\"}","marker-color":"#1f78b4"}},
{"type":"Feature","geometry":{"type":"Point","coordinates":[11.56513,48.15286]},"properties":{"id":"poi_n6389119858","name":"Hammerstein & Maier","kind":"cafe","at":[48.15286,11.56513],"osm_id":"node/6389119858","open_horizon":false,"views":"[{\"sightline_id\": \"sl_229e7580\", \"toward\": \"a\", \"distance_m\": 16.2}, {\"sightline_id\": \"sl_229e7580\", \"toward\": \"b\", \"distance_m\": 16.2}]","tags":"{\"opening_hours\": \"Mo-Fr 09:00-15:30\"}","marker-color":"#1f78b4"}},
{"type":"Feature","geometry":{"type":"Point","coordinates":[11.5859,48.15538]},"properties":{"id":"poi_n639133117","name":"The Old Irish","kind":"pub","at":[48.15538,11.5859],"osm_id":"node/639133117","open_horizon":false,"views":"[{\"sightline_id\": \"sl_7dadb81b\", \"toward\": \"b\", \"distance_m\": 20.6}]","tags":"{\"opening_hours\": \"We-Su 18:00+\"}","marker-color":"#1f78b4"}},
{"type":"Feature","geometry":{"type":"Point","coordinates":[11.57758,48.16024]},"properties":{"id":"poi_n6397269633","name":"Fishbowl Poké","kind":"restaurant","at":[48.16024,11.57758],"osm_id":"node/6397269633","open_horizon":false,"views":"[{\"sightline_id\": \"sl_23ae6155\", \"toward\": \"a\", \"distance_m\": 7.2}, {\"sightline_id\": \"sl_23ae6155\", \"toward\": \"b\", \"distance_m\": 7.2}, {\"sightline_id\": \"sl_2d33ccf6\", \"toward\": \"a\", \"distance_m\": 18.6}, {\"sightline_id\": \"sl_2d33ccf6\", \"toward\": \"b\", \"distance_m\": 18.6}]","tags":"{\"opening_hours\": \"Mo-Sa 11:30-21:30\", \"outdoor_seating\": \"yes\"}","marker-color":"#1f78b4"}},
{"type":"Feature","geometry":{"type":"Point","coordinates":[11.57832,48.16019]},"properties":{"id":"poi_n6397269644","name":"Lavy","kind":"cafe","at":[48.16019,11.57832],"osm_id":"node/6397269644","open_horizon":false,"views":"[{\"sightline_id\": \"sl_23ae6155\", \"toward\": \"a\", \"distance_m\": 7.3}, {\"sightline_id\": \"sl_23ae6155\", \"toward\": \"b\", \"distance_m\": 7.3}]","tags":"{\"opening_hours\": \"Mo-Su,PH 10:00-19:00\", \"outdoor_seating\": \"yes\"}","marker-color":"#1f78b4"}},
{"type":"Feature","geometry":{"type":"Point","coordinates":[11.56767,48.15253]},"properties":{"id":"poi_n6402504463","name":"Sushi Plus","kind":"restaurant","at":[48.15253,11.56767],"osm_id":"node/6402504463","open_horizon":false,"views":"[{\"sightline_id\": \"sl_1c73e5a8\", \"toward\": \"a\", \"distance_m\": 10.2}, {\"sightline_id\": \"sl_1c73e5a8\", \"toward\": \"b\", \"distance_m\": 10.2}, {\"sightline_id\": \"sl_9752a41c\", \"toward\": \"b\", \"distance_m\": 34.5}]","tags":"{\"cuisine\": \"sushi\", \"opening_hours\": \"Mo-Fr 11:00-15:00; 17:00-22:30; Sa,Su,PH 17:00-22:30\", \"outdoor_seating\": \"no\"}","marker-color":"#1f78b4"}},
{"type":"Feature","geometry":{"type":"Point","coordinates":[11.61199,48.13813]},"properties":{"id":"poi_n6406118064","name":"meraki","kind":"restaurant","at":[48.13813,11.61199],"osm_id":"node/6406118064","open_horizon":false,"views":"[{\"sightline_id\": \"sl_6a653de2\", \"toward\": \"b\", \"distance_m\": 26.6}]","tags":"{\"cuisine\": \"greek\", \"opening_hours\": \"Mo-Sa 11:30-24:00; Su 11:30-24:00\", \"outdoor_seating\": \"yes\"}","marker-color":"#1f78b4"}},
{"type":"Feature","geometry":{"type":"Point","coordinates":[11.50314,48.12991]},"properties":{"id":"poi_n6407360018","name":"CBS","kind":"pub","at":[48.12991,11.50314],"osm_id":"node/6407360018","open_horizon":false,"views":"[{\"sightline_id\": \"sl_e4608dbb\", \"toward\": \"a\", \"distance_m\": 33.4}, {\"sightline_id\": \"sl_e4608dbb\", \"toward\": \"b\", \"distance_m\": 33.4}]","tags":"{\"opening_hours\": \"Mo-Th 07:00-16:30; Fr 07:00-12:00\", \"phone\": \"+49 89 2464 6385\"}","marker-color":"#1f78b4"}},
{"type":"Feature","geometry":{"type":"Point","coordinates":[11.57441,48.12937]},"properties":{"id":"poi_n6409611941","name":"Soul Kitchen","kind":"restaurant","at":[48.12937,11.57441],"osm_id":"node/6409611941","open_horizon":false,"views":"[{\"sightline_id\": \"sl_195c0dd2\", \"toward\": \"a\", \"distance_m\": 13.1}, {\"sightline_id\": \"sl_195c0dd2\", \"toward\": \"b\", \"distance_m\": 13.1}]","tags":"{\"cuisine\": \"italian\", \"opening_hours\": \"Mo-Th 11:30-23:30; Fr,Sa 11:30-00:30; Su 11:30-23:30\", \"outdoor_seating\": \"yes\", \"website\": \"https://soulkitchenmunich.de/\"}","marker-color":"#1f78b4"}},
{"type":"Feature","geometry":{"type":"Point","coordinates":[11.58646,48.1715]},"properties":{"id":"poi_n6409611946","name":"M’Uniqo","kind":"bar","at":[48.1715,11.58646],"osm_id":"node/6409611946","open_horizon":false,"views":"[{\"sightline_id\": \"sl_1cf54481\", \"toward\": \"a\", \"distance_m\": 34.9}, {\"sightline_id\": \"sl_1cf54481\", \"toward\": \"b\", \"distance_m\": 34.9}]","tags":"{\"opening_hours\": \"Mo-Su 00:00-02:00,17:00-24:00; Tu-Th 00:00-01:00,17:00-24:00\", \"outdoor_seating\": \"yes\"}","marker-color":"#1f78b4"}},
{"type":"Feature","geometry":{"type":"Point","coordinates":[11.56981,48.13467]},"properties":{"id":"poi_n6430821885","name":"WonderWaffel","kind":"cafe","at":[48.13467,11.56981],"osm_id":"node/6430821885","open_horizon":false,"views":"[{\"sightline_id\": \"sl_57c2a20c\", \"toward\": \"b\", \"distance_m\": 32.8}]","tags":"{\"cuisine\": \"waffle\", \"opening_hours\": \"Su-Th 11:00-22:00; Fr-Sa 11:00-23:00\", \"outdoor_seating\": \"yes\", \"phone\": \"+49 89 46227899\", \"website\": \"https://www.wonderwaffel.de/\"}","marker-color":"#1f78b4"}},
{"type":"Feature","geometry":{"type":"Point","coordinates":[11.56108,48.12862]},"properties":{"id":"poi_n6433211388","name":"opops pak","kind":"bar","at":[48.12862,11.56108],"osm_id":"node/6433211388","open_horizon":false,"views":"[{\"sightline_id\": \"sl_0fe16542\", \"toward\": \"a\", \"distance_m\": 5.4}, {\"sightline_id\": \"sl_0fe16542\", \"toward\": \"b\", \"distance_m\": 5.4}]","tags":"{\"opening_hours\": \"Mo-Sa 16:00-01:00\", \"phone\": \"+49 171 5460231\"}","marker-color":"#1f78b4"}},
{"type":"Feature","geometry":{"type":"Point","coordinates":[11.56038,48.12875]},"properties":{"id":"poi_n6433211393","name":"Play 1","kind":"cafe","at":[48.12875,11.56038],"osm_id":"node/6433211393","open_horizon":false,"views":"[{\"sightline_id\": \"sl_0fe16542\", \"toward\": \"b\", \"distance_m\": 4.9}]","tags":"{}","marker-color":"#1f78b4"}},
{"type":"Feature","geometry":{"type":"Point","coordinates":[11.5597,48.12906]},"properties":{"id":"poi_n6433211394","name":"annam","kind":"restaurant","at":[48.12906,11.5597],"osm_id":"node/6433211394","open_horizon":false,"views":"[{\"sightline_id\": \"sl_0fe16542\", \"toward\": \"b\", \"distance_m\": 15.5}]","tags":"{\"cuisine\": \"vietnamese\", \"opening_hours\": \"Mo-Fr 11:30-15:00,18:00-23:00; Sa,Su 18:00-23:00\", \"phone\": \"+49 89 72 65 60 45;+49 8912 06 72 95\", \"website\": \"https://annamgrill.de/\"}","marker-color":"#1f78b4"}},
{"type":"Feature","geometry":{"type":"Point","coordinates":[11.5588,48.12902]},"properties":{"id":"poi_n6433211399","name":"Nuovo Caffè Greco","kind":"cafe","at":[48.12902,11.5588],"osm_id":"node/6433211399","open_horizon":false,"views":"[{\"sightline_id\": \"sl_0fe16542\", \"toward\": \"b\", \"distance_m\": 6.5}]","tags":"{\"opening_hours\": \"Mo,Th,Fr 07:00-15:30; Tu,We 07:00-16:00; Sa 08:30-14:30\"}","marker-color":"#1f78b4"}},
{"type":"Feature","geometry":{"type":"Point","coordinates":[11.59387,48.11514]},"properties":{"id":"poi_n6434138214","name":"Café bei Aras","kind":"cafe","at":[48.11514,11.59387],"osm_id":"node/6434138214","open_horizon":false,"views":"[{\"sightline_id\": \"sl_eb32a9a1\", \"toward\": \"b\", \"distance_m\": 21.4}]","tags":"{\"outdoor_seating\": \"yes\"}","marker-color":"#1f78b4"}},
{"type":"Feature","geometry":{"type":"Point","coordinates":[11.55487,48.12807]},"properties":{"id":"poi_n6434248066","name":"Tscharlie's","kind":"pub","at":[48.12807,11.55487],"osm_id":"node/6434248066","open_horizon":false,"views":"[{\"sightline_id\": \"sl_e8d3e711\", \"toward\": \"a\", \"distance_m\": 25.1}]","tags":"{\"opening_hours\": \"Tu-Th 18:00-00:00; Fr-Sa 18:00+\"}","marker-color":"#1f78b4"}},
{"type":"Feature","geometry":{"type":"Point","coordinates":[11.57869,48.14696]},"properties":{"id":"poi_n6436947618","name":"Bar Mural","kind":"bar","at":[48.14696,11.57869],"osm_id":"node/6436947618","open_horizon":false,"views":"[{\"sightline_id\": \"sl_6a30d50e\", \"toward\": \"a\", \"distance_m\": 11.0}]","tags":"{\"opening_hours\": \"Tu-Sa 18:00-01:00; Mo,Su,PH off\", \"outdoor_seating\": \"yes\"}","marker-color":"#1f78b4"}},
{"type":"Feature","geometry":{"type":"Point","coordinates":[11.5764,48.1542]},"properties":{"id":"poi_n6466450287","name":"SCHI Restaurant","kind":"restaurant","at":[48.1542,11.5764],"osm_id":"node/6466450287","open_horizon":false,"views":"[{\"sightline_id\": \"sl_8e8aca80\", \"toward\": \"a\", \"distance_m\": 8.5}, {\"sightline_id\": \"sl_8e8aca80\", \"toward\": \"b\", \"distance_m\": 8.5}]","tags":"{\"cuisine\": \"asian\", \"opening_hours\": \"Mo-Fr 11:30-15:00,17:00-23:00; Sa-Su,PH 17:00-23:00\", \"outdoor_seating\": \"yes\", \"phone\": \"+49 89 27312232\"}","marker-color":"#1f78b4"}},
{"type":"Feature","geometry":{"type":"Point","coordinates":[11.56863,48.15606]},"properties":{"id":"poi_n647081910","name":"Bodega Dali","kind":"restaurant","at":[48.15606,11.56863],"osm_id":"node/647081910","open_horizon":false,"views":"[{\"sightline_id\": \"sl_88a6eafa\", \"toward\": \"a\", \"distance_m\": 12.1}, {\"sightline_id\": \"sl_88a6eafa\", \"toward\": \"b\", \"distance_m\": 12.1}, {\"sightline_id\": \"sl_f1c85e2a\", \"toward\": \"b\", \"distance_m\": 24.3}]","tags":"{\"cuisine\": \"spanish\", \"opening_hours\": \"Mo-Sa 17:00-24:00\"}","marker-color":"#1f78b4"}},
{"type":"Feature","geometry":{"type":"Point","coordinates":[11.54259,48.14932]},"properties":{"id":"poi_n6472655594","name":"Asia Leckerbissen","kind":"restaurant","at":[48.14932,11.54259],"osm_id":"node/6472655594","open_horizon":false,"views":"[{\"sightline_id\": \"sl_ad00ce9a\", \"toward\": \"a\", \"distance_m\": 2.7}, {\"sightline_id\": \"sl_ad00ce9a\", \"toward\": \"b\", \"distance_m\": 2.7}]","tags":"{\"cuisine\": \"chinese\", \"outdoor_seating\": \"yes\"}","marker-color":"#1f78b4"}},
{"type":"Feature","geometry":{"type":"Point","coordinates":[11.53734,48.15067]},"properties":{"id":"poi_n6488610727","name":"AMEA","kind":"restaurant","at":[48.15067,11.53734],"osm_id":"node/6488610727","open_horizon":false,"views":"[{\"sightline_id\": \"sl_7cbeec19\", \"toward\": \"a\", \"distance_m\": 22.3}, {\"sightline_id\": \"sl_7cbeec19\", \"toward\": \"b\", \"distance_m\": 22.3}, {\"sightline_id\": \"sl_ad00ce9a\", \"toward\": \"a\", \"distance_m\": 23.8}]","tags":"{\"opening_hours\": \"Mo-Sa 17:00-22:00\", \"outdoor_seating\": \"no\", \"phone\": \"+49 89 89064444\"}","marker-color":"#1f78b4"}},
{"type":"Feature","geometry":{"type":"Point","coordinates":[11.52469,48.1161]},"properties":{"id":"poi_n649022019","name":"Cremagelato da Giacomo","kind":"cafe","at":[48.1161,11.52469],"osm_id":"node/649022019","open_horizon":false,"views":"[{\"sightline_id\": \"sl_b743f517\", \"toward\": \"b\", \"distance_m\": 36.9}]","tags":"{\"cuisine\": \"ice_cream\", \"opening_hours\": \"Tu-Su,PH 11:00-21:00\"}","marker-color":"#1f78b4"}},
{"type":"Feature","geometry":{"type":"Point","coordinates":[11.57049,48.15172]},"properties":{"id":"poi_n649286265","name":"Kushi-Tei of Tokyo","kind":"restaurant","at":[48.15172,11.57049],"osm_id":"node/649286265","open_horizon":false,"views":"[{\"sightline_id\": \"sl_1c73e5a8\", \"toward\": \"a\", \"distance_m\": 10.9}, {\"sightline_id\": \"sl_1c73e5a8\", \"toward\": \"b\", \"distance_m\": 10.9}, {\"sightline_id\": \"sl_8265a2b0\", \"toward\": \"a\", \"distance_m\": 11.4}, {\"sightline_id\": \"sl_8265a2b0\", \"toward\": \"b\", \"distance_m\": 11.4}]","tags":"{\"cuisine\": \"japanese\", \"opening_hours\": \"Tu-Sa 12:00-14:00, 18:00-23:00\", \"outdoor_seating\": \"no\"}","marker-color":"#1f78b4"}},
{"type":"Feature","geometry":{"type":"Point","coordinates":[11.53491,48.14982]},"properties":{"id":"poi_n6499444628","name":"Madam Anna Ekke","kind":"cafe","at":[48.14982,11.53491],"osm_id":"node/6499444628","open_horizon":false,"views":"[{\"sightline_id\": \"sl_34a6801e\", \"toward\": \"a\", \"distance_m\": 3.7}, {\"sightline_id\": \"sl_ce3f5da5\", \"toward\": \"b\", \"distance_m\": 11.2}]","tags":"{\"opening_hours\": \"Mo-Fr 09:00-17:00; Sa, Su 09:00-18:00\", \"outdoor_seating\": \"yes\"}","marker-color":"#1f78b4"}},
{"type":"Feature","geometry":{"type":"Point","coordinates":[11.46181,48.14909]},"properties":{"id":"poi_n6499800974","name":"Starbucks","kind":"cafe","at":[48.14909,11.46181],"osm_id":"node/6499800974","open_horizon":false,"views":"[{\"sightline_id\": \"sl_4479b547\", \"toward\": \"a\", \"distance_m\": 25.8}, {\"sightline_id\": \"sl_4479b547\", \"toward\": \"b\", \"distance_m\": 25.8}]","tags":"{\"cuisine\": \"coffee_shop\", \"opening_hours\": \"Mo-Sa 08:00-20:00; Su 10:00-18:00\", \"website\": \"https://www.starbucks.co.uk/store-locator/56846-290815/muenchen-pasing\"}","marker-color":"#1f78b4"}},
{"type":"Feature","geometry":{"type":"Point","coordinates":[11.68811,48.11771]},"properties":{"id":"poi_n650021965","name":"Kathi's Quelle","kind":"pub","at":[48.11771,11.68811],"osm_id":"node/650021965","open_horizon":false,"views":"[{\"sightline_id\": \"sl_47d48dfc\", \"toward\": \"a\", \"distance_m\": 32.8}, {\"sightline_id\": \"sl_47d48dfc\", \"toward\": \"b\", \"distance_m\": 32.8}]","tags":"{\"opening_hours\": \"Mo-Sa 10:00-01:00; Su 11:00-20:00\", \"outdoor_seating\": \"yes\"}","marker-color":"#1f78b4"}},
{"type":"Feature","geometry":{"type":"Point","coordinates":[11.68853,48.11769]},"properties":{"id":"poi_n650021966","name":"Peppermint Lounge","kind":"bar","at":[48.11769,11.68853],"osm_id":"node/650021966","open_horizon":false,"views":"[{\"sightline_id\": \"sl_47d48dfc\", \"toward\": \"b\", \"distance_m\": 28.8}]","tags":"{\"opening_hours\": \"Tu-Th 19:00-01:00; Fr-Sa 20:00-03:00\", \"outdoor_seating\": \"yes\", \"website\": \"https://www.peppermint-lounge.de\"}","marker-color":"#1f78b4"}},
{"type":"Feature","geometry":{"type":"Point","coordinates":[11.57955,48.13208]},"properties":{"id":"poi_n6503377520","name":"apla’funky","kind":"restaurant","at":[48.13208,11.57955],"osm_id":"node/6503377520","open_horizon":false,"views":"[{\"sightline_id\": \"sl_609c344a\", \"toward\": \"a\", \"distance_m\": 31.5}, {\"sightline_id\": \"sl_609c344a\", \"toward\": \"b\", \"distance_m\": 31.5}]","tags":"{\"cuisine\": \"greek\", \"opening_hours\": \"Mo-Sa 17:00-01:00\", \"website\": \"https://aplafunky.de\"}","marker-color":"#1f78b4"}},
{"type":"Feature","geometry":{"type":"Point","coordinates":[11.56403,48.1506]},"properties":{"id":"poi_n6506146289","name":"Argana - Taste of Morocco","kind":"restaurant","at":[48.1506,11.56403],"osm_id":"node/6506146289","open_horizon":false,"views":"[{\"sightline_id\": \"sl_229e7580\", \"toward\": \"a\", \"distance_m\": 8.5}, {\"sightline_id\": \"sl_229e7580\", \"toward\": \"b\", \"distance_m\": 8.5}]","tags":"{\"cuisine\": \"moroccan;coffee;couscous;tajine\", \"opening_hours\": \"We-Mo 10:00-21:00\", \"phone\": \"+49 89 54047700\"}","marker-color":"#1f78b4"}},
{"type":"Feature","geometry":{"type":"Point","coordinates":[11.59666,48.17223]},"properties":{"id":"poi_n6506747933","name":"Goc Viet","kind":"restaurant","at":[48.17223,11.59666],"osm_id":"node/6506747933","open_horizon":false,"views":"[{\"sightline_id\": \"sl_b0b201f2\", \"toward\": \"a\", \"distance_m\": 23.5}, {\"sightline_id\": \"sl_b0b201f2\", \"toward\": \"b\", \"distance_m\": 23.5}]","tags":"{\"cuisine\": \"vietnamese\", \"opening_hours\": \"Mo-Fr 09:00-20:00; PH,Sa,Su 10:00-20:00\", \"outdoor_seating\": \"yes\"}","marker-color":"#1f78b4"}},
{"type":"Feature","geometry":{"type":"Point","coordinates":[11.56265,48.14849]},"properties":{"id":"poi_n651508502","name":"FAN","kind":"restaurant","at":[48.14849,11.56265],"osm_id":"node/651508502","open_horizon":false,"views":"[{\"sightline_id\": \"sl_229e7580\", \"toward\": \"a\", \"distance_m\": 7.6}, {\"sightline_id\": \"sl_229e7580\", \"toward\": \"b\", \"distance_m\": 7.6}]","tags":"{\"cuisine\": \"asian;chinese\", \"opening_hours\": \"Mo-Su 11:30-15:00, 17:30-23:00\", \"outdoor_seating\": \"sidewalk\", \"phone\": \"+49 89 80074767\", \"website\": \"https://fan-restaurant.de/\"}","marker-color":"#1f78b4"}},
{"type":"Feature","geometry":{"type":"Point","coordinates":[11.54178,48.15053]},"properties":{"id":"poi_n6524078969","name":"Leibspeis","kind":"restaurant","at":[48.15053,11.54178],"osm_id":"node/6524078969","open_horizon":false,"views":"[{\"sightline_id\": \"sl_ca87492e\", \"toward\": \"a\", \"distance_m\": 34.9}, {\"sightline_id\": \"sl_ca87492e\", \"toward\": \"b\", \"distance_m\": 34.9}]","tags":"{\"cuisine\": \"german\", \"opening_hours\": \"Mo-Fr 08:00-15:00\", \"outdoor_seating\": \"yes\", \"phone\": \"+498918979677\", \"website\": \"https://www.leibspeis.de/\"}","marker-color":"#1f78b4"}},
{"type":"Feature","geometry":{"type":"Point","coordinates":[11.53558,48.1482]},"properties":{"id":"poi_n654344264","name":"Zapata","kind":"restaurant","at":[48.1482,11.53558],"osm_id":"node/654344264","open_horizon":false,"views":"[{\"sightline_id\": \"sl_34a6801e\", \"toward\": \"b\", \"distance_m\": 14.1}]","tags":"{\"cuisine\": \"mexican\", \"opening_hours\": \"Mo-Su 17:00-01:00\", \"outdoor_seating\": \"yes\", \"website\": \"http://www.zapata-mex.de\"}","marker-color":"#1f78b4"}},
{"type":"Feature","geometry":{"type":"Point","coordinates":[11.5889,48.13102]},"properties":{"id":"poi_n655296209","name":"Bohemia","kind":"restaurant","at":[48.13102,11.5889],"osm_id":"node/655296209","open_horizon":false,"views":"[{\"sightline_id\": \"sl_321d09fb\", \"toward\": \"a\", \"distance_m\": 28.1}]","tags":"{\"cuisine\": \"czech\", \"opening_hours\": \"We-Su 12:00-22:00; Mo,Tu,PH off\"}","marker-color":"#1f78b4"}},
{"type":"Feature","geometry":{"type":"Point","coordinates":[11.57019,48.12847]},"properties":{"id":"poi_n655946606","name":"Bingo","kind":"restaurant","at":[48.12847,11.57019],"osm_id":"node/655946606","open_horizon":false,"views":"[{\"sightline_id\": \"sl_53b1b3ea\", \"toward\": \"a\", \"distance_m\": 25.8}]","tags":"{}","marker-color":"#1f78b4"}},
{"type":"Feature","geometry":{"type":"Point","coordinates":[11.59085,48.11104]},"properties":{"id":"poi_n656248085","name":"Sironi & Mezzani Cucina Italiana","kind":"restaurant","at":[48.11104,11.59085],"osm_id":"node/656248085","open_horizon":false,"views":"[{\"sightline_id\": \"sl_855a6100\", \"toward\": \"a\", \"distance_m\": 22.8}]","tags":"{\"cuisine\": \"italian\", \"opening_hours\": \"Tu-Sa 17:00-23:00; Su, Mo off\", \"website\": \"https://www.sironimezzani.de/\"}","marker-color":"#1f78b4"}},
{"type":"Feature","geometry":{"type":"Point","coordinates":[11.57077,48.11206]},"properties":{"id":"poi_n656670555","name":"Wimmer","kind":"cafe","at":[48.11206,11.57077],"osm_id":"node/656670555","open_horizon":false,"views":"[{\"sightline_id\": \"sl_d1309d08\", \"toward\": \"a\", \"distance_m\": 24.5}]","tags":"{\"opening_hours\": \"Mo-Fr 06:00-19:00; Sa 06:00-18:00; Su,PH 07:00-18:00\", \"outdoor_seating\": \"yes\"}","marker-color":"#1f78b4"}},
{"type":"Feature","geometry":{"type":"Point","coordinates":[11.57268,48.18435]},"properties":{"id":"poi_n6568274115","name":"Fior di Latte","kind":"ice_cream","at":[48.18435,11.57268],"osm_id":"node/6568274115","open_horizon":false,"views":"[{\"sightline_id\": \"sl_46e17117\", \"toward\": \"a\", \"distance_m\": 8.0}, {\"sightline_id\": \"sl_46e17117\", \"toward\": \"b\", \"distance_m\": 8.0}, {\"sightline_id\": \"sl_784f8d8b\", \"toward\": \"a\", \"distance_m\": 13.9}, {\"sightline_id\": \"sl_784f8d8b\", \"toward\": \"b\", \"distance_m\": 13.9}]","tags":"{\"opening_hours\": \"Mar-Sep: Mo-Su 11:00-20:00; \\\"Bei schlechtem Wetter kürzere Öffnungszeiten ohne genaue Angabe.\\\"\", \"outdoor_seating\": \"no\"}","marker-color":"#1f78b4"}},
{"type":"Feature","geometry":{"type":"Point","coordinates":[11.463,48.14639]},"properties":{"id":"poi_n6581936563","name":"Zum Pasinger","kind":"bar","at":[48.14639,11.463],"osm_id":"node/6581936563","open_horizon":false,"views":"[{\"sightline_id\": \"sl_9466a8e6\", \"toward\": \"b\", \"distance_m\": 7.0}]","tags":"{\"outdoor_seating\": \"yes\"}","marker-color":"#1f78b4"}},
{"type":"Feature","geometry":{"type":"Point","coordinates":[11.5852,48.15817]},"properties":{"id":"poi_n6593528951","name":"Gelateria Espresso","kind":"ice_cream","at":[48.15817,11.5852],"osm_id":"node/6593528951","open_horizon":false,"views":"[{\"sightline_id\": \"sl_302cf079\", \"toward\": \"a\", \"distance_m\": 13.7}, {\"sightline_id\": \"sl_302cf079\", \"toward\": \"b\", \"distance_m\": 13.7}]","tags":"{\"outdoor_seating\": \"yes\"}","marker-color":"#1f78b4"}},
{"type":"Feature","geometry":{"type":"Point","coordinates":[11.57193,48.1309]},"properties":{"id":"poi_n6595974237","name":"SEN","kind":"restaurant","at":[48.1309,11.57193],"osm_id":"node/6595974237","open_horizon":false,"views":"[{\"sightline_id\": \"sl_195c0dd2\", \"toward\": \"a\", \"distance_m\": 11.4}]","tags":"{\"cuisine\": \"vietnamese;asian\", \"opening_hours\": \"Mo-Fr 11:30-14:30,18:00-22:00; Sa 18:00-22:00\", \"outdoor_seating\": \"yes\"}","marker-color":"#1f78b4"}},
{"type":"Feature","geometry":{"type":"Point","coordinates":[11.56223,48.13925]},"properties":{"id":"poi_n6602511046","name":"Asia Viet","kind":"restaurant","at":[48.13925,11.56223],"osm_id":"node/6602511046","open_horizon":false,"views":"[{\"sightline_id\": \"sl_48fc258c\", \"toward\": \"b\", \"distance_m\": 16.8}]","tags":"{\"cuisine\": \"asian\", \"opening_hours\": \"Mo-Sa 11:00-22:00\", \"outdoor_seating\": \"yes\"}","marker-color":"#1f78b4"}},
{"type":"Feature","geometry":{"type":"Point","coordinates":[11.59476,48.12824]},"properties":{"id":"poi_n661010381","name":"Nen-Imbiss","kind":"restaurant","at":[48.12824,11.59476],"osm_id":"node/661010381","open_horizon":false,"views":"[{\"sightline_id\": \"sl_05e56817\", \"toward\": \"a\", \"distance_m\": 8.3}]","tags":"{\"opening_hours\": \"Mo-Fr 11:00-20:00; Sa 11:00-18:00\"}","marker-color":"#1f78b4"}},
{"type":"Feature","geometry":{"type":"Point","coordinates":[11.55957,48.12991]},"properties":{"id":"poi_n6617193978","name":"café regenbogen","kind":"cafe","at":[48.12991,11.55957],"osm_id":"node/6617193978","open_horizon":false,"views":"[{\"sightline_id\": \"sl_e8d3e711\", \"toward\": \"a\", \"distance_m\": 9.7}, {\"sightline_id\": \"sl_e8d3e711\", \"toward\": \"b\", \"distance_m\": 9.7}]","tags":"{\"cuisine\": \"german;regional\", \"opening_hours\": \"Mo-Fr 11:30-14:00, 17:00-22:00\", \"outdoor_seating\": \"no\", \"phone\": \"+49 89 54333 102\", \"website\": \"https://www.muenchner-aidshilfe.de/home-rgb.html\"}","marker-color":"#1f78b4"}},
{"type":"Feature","geometry":{"type":"Point","coordinates":[11.55043,48.13889]},"properties":{"id":"poi_n663545246","name":"Buon Gusto","kind":"restaurant","at":[48.13889,11.55043],"osm_id":"node/663545246","open_horizon":false,"views":"[{\"sightline_id\": \"sl_49b89dc9\", \"toward\": \"b\", \"distance_m\": 18.2}]","tags":"{\"cuisine\": \"italian;pizza\", \"opening_hours\": \"Mo-Fr 11:00-14:30; 17:00-22:00\", \"outdoor_seating\": \"no\"}","marker-color":"#1f78b4"}},
{"type":"Feature","geometry":{"type":"Point","coordinates":[11.57524,48.14813]},"properties":{"id":"poi_n663545951","name":"Cabane","kind":"pub","at":[48.14813,11.57524],"osm_id":"node/663545951","open_horizon":false,"views":"[{\"sightline_id\": \"sl_6a30d50e\", \"toward\": \"a\", \"distance_m\": 9.8}, {\"sightline_id\": \"sl_6a30d50e\", \"toward\": \"b\", \"distance_m\": 9.8}]","tags":"{\"opening_hours\": \"Mo-Su 19:00-03:00\"}","marker-color":"#1f78b4"}},
{"type":"Feature","geometry":{"type":"Point","coordinates":[11.58502,48.15775]},"properties":{"id":"poi_n6651239513","name":"Bel Air Lounge","kind":"restaurant","at":[48.15775,11.58502],"osm_id":"node/6651239513","open_horizon":false,"views":"[{\"sightline_id\": \"sl_302cf079\", \"toward\": \"a\", \"distance_m\": 14.9}, {\"sightline_id\": \"sl_302cf079\", \"toward\": \"b\", \"distance_m\": 14.9}]","tags":"{\"opening_hours\": \"Su-Th 14:00-02:00; Fr,Sa 14:00-04:00\"}","marker-color":"#1f78b4"}},
{"type":"Feature","geometry":{"type":"Point","coordinates":[11.58529,48.15814]},"properties":{"id":"poi_n6651392699","name":"HQ-WOK foodstyle.","kind":"restaurant","at":[48.15814,11.58529],"osm_id":"node/6651392699","open_horizon":false,"views":"[{\"sightline_id\": \"sl_302cf079\", \"toward\": \"a\", \"distance_m\": 21.5}, {\"sightline_id\": \"sl_302cf079\", \"toward\": \"b\", \"distance_m\": 21.5}]","tags":"{\"cuisine\": \"asian\", \"opening_hours\": \"Mo-Th 11:00-20:00; Fr 11:00-20:30; Sa 16:00-20:30\", \"outdoor_seating\": \"no\"}","marker-color":"#1f78b4"}},
{"type":"Feature","geometry":{"type":"Point","coordinates":[11.58577,48.15944]},"properties":{"id":"poi_n6651440000","name":"Honghong Noodles","kind":"restaurant","at":[48.15944,11.58577],"osm_id":"node/6651440000","open_horizon":false,"views":"[{\"sightline_id\": \"sl_302cf079\", \"toward\": \"a\", \"distance_m\": 12.2}, {\"sightline_id\": \"sl_302cf079\", \"toward\": \"b\", \"distance_m\": 12.2}]","tags":"{\"cuisine\": \"asian;chinese\", \"opening_hours\": \"Mo-Su 11:00-22:00\", \"outdoor_seating\": \"yes\", \"phone\": \"+49 89 38869769\", \"website\": \"https://honghong.eu/\"}","marker-color":"#1f78b4"}},
{"type":"Feature","geometry":{"type":"Point","coordinates":[11.58632,48.16059]},"properties":{"id":"poi_n6651529156","name":"Mon Ami","kind":"bar","at":[48.16059,11.58632],"osm_id":"node/6651529156","open_horizon":false,"views":"[{\"sightline_id\": \"sl_302cf079\", \"toward\": \"a\", \"distance_m\": 12.7}]","tags":"{\"opening_hours\": \"Su-Th 14:00-02:00, Fr,Sa 14:00-03:00\", \"outdoor_seating\": \"yes\"}","marker-color":"#1f78b4"}},
{"type":"Feature","geometry":{"type":"Point","coordinates":[11.57321,48.13024]},"properties":{"id":"poi_n6651558371","name":"Komō","kind":"restaurant","at":[48.13024,11.57321],"osm_id":"node/6651558371","open_horizon":false,"views":"[{\"sightline_id\": \"sl_195c0dd2\", \"toward\": \"a\", \"distance_m\": 11.1}, {\"sightline_id\": \"sl_195c0dd2\", \"toward\": \"b\", \"distance_m\": 11.1}, {\"sightline_id\": \"sl_53b1b3ea\", \"toward\": \"a\", \"distance_m\": 20.4}, {\"sightline_id\": \"sl_53b1b3ea\", \"toward\": \"b\", \"distance_m\": 20.4}]","tags":"{\"cuisine\": \"sushi\", \"opening_hours\": \"Tu-Fr 12:00-22:00; Sa-Su 13:00-22:00; Mo off\"}","marker-color":"#1f78b4"}},
{"type":"Feature","geometry":{"type":"Point","coordinates":[11.57332,48.13016]},"properties":{"id":"poi_n6651576847","name":"Mocca di Monaco","kind":"cafe","at":[48.13016,11.57332],"osm_id":"node/6651576847","open_horizon":false,"views":"[{\"sightline_id\": \"sl_53b1b3ea\", \"toward\": \"a\", \"distance_m\": 8.2}, {\"sightline_id\": \"sl_53b1b3ea\", \"toward\": \"b\", \"distance_m\": 8.2}, {\"sightline_id\": \"sl_195c0dd2\", \"toward\": \"a\", \"distance_m\": 11.4}, {\"sightline_id\": \"sl_195c0dd2\", \"toward\": \"b\", \"distance_m\": 11.4}]","tags":"{}","marker-color":"#1f78b4"}},
{"type":"Feature","geometry":{"type":"Point","coordinates":[11.57233,48.13091]},"properties":{"id":"poi_n6651585131","name":"forever thirsty","kind":"bar","at":[48.13091,11.57233],"osm_id":"node/6651585131","open_horizon":false,"views":"[{\"sightline_id\": \"sl_195c0dd2\", \"toward\": \"a\", \"distance_m\": 12.0}]","tags":"{\"opening_hours\": \"Tu-Fr 15:00-20:00; Sa 12:00-20:00; Su-Mo off\", \"phone\": \"+49 89 904291391\", \"website\": \"https://forever-thirsty.com\"}","marker-color":"#1f78b4"}},
{"type":"Feature","geometry":{"type":"Point","coordinates":[11.57269,48.13064]},"properties":{"id":"poi_n6651599403","name":"Orno","kind":"cafe","at":[48.13064,11.57269],"osm_id":"node/6651599403","open_horizon":false,"views":"[{\"sightline_id\": \"sl_195c0dd2\", \"toward\": \"a\", \"distance_m\": 11.8}]","tags":"{}","marker-color":"#1f78b4"}},
{"type":"Feature","geometry":{"type":"Point","coordinates":[11.54681,48.11743]},"properties":{"id":"poi_n667076584","name":"Dankl café & deli","kind":"cafe","at":[48.11743,11.54681],"osm_id":"node/667076584","open_horizon":false,"views":"[{\"sightline_id\": \"sl_0948927e\", \"toward\": \"a\", \"distance_m\": 4.4}, {\"sightline_id\": \"sl_e61c2044\", \"toward\": \"a\", \"distance_m\": 12.3}, {\"sightline_id\": \"sl_e61c2044\", \"toward\": \"b\", \"distance_m\": 12.3}]","tags":"{\"cuisine\": \"cafe\", \"opening_hours\": \"Su-Th 09:00-18:00; Fr-Sa 09:00-20:00\", \"outdoor_seating\": \"yes\", \"phone\": \"+49 89 92580063\", \"website\": \"https://cafedankl.de/\"}","marker-color":"#1f78b4"}},
{"type":"Feature","geometry":{"type":"Point","coordinates":[11.57828,48.15214]},"properties":{"id":"poi_n667535961","name":"Bei Mario","kind":"restaurant","at":[48.15214,11.57828],"osm_id":"node/667535961","open_horizon":false,"views":"[{\"sightline_id\": \"sl_950d235f\", \"toward\": \"a\", \"distance_m\": 15.4}, {\"sightline_id\": \"sl_950d235f\", \"toward\": \"b\", \"distance_m\": 15.4}]","tags":"{\"cuisine\": \"italian\", \"opening_hours\": \"We-Su 11:30-23:30\", \"outdoor_seating\": \"yes\"}","marker-color":"#1f78b4"}},
{"type":"Feature","geometry":{"type":"Point","coordinates":[11.57072,48.13227]},"properties":{"id":"poi_n6682330093","name":"Cafe Pinguini","kind":"cafe","at":[48.13227,11.57072],"osm_id":"node/6682330093","open_horizon":false,"views":"[{\"sightline_id\": \"sl_6838e0c2\", \"toward\": \"b\", \"distance_m\": 36.0}]","tags":"{\"opening_hours\": \"Mo-Fr 08:00-18:00; Sa-Su closed\", \"outdoor_seating\": \"yes\"}","marker-color":"#1f78b4"}},
{"type":"Feature","geometry":{"type":"Point","coordinates":[11.60812,48.10834]},"properties":{"id":"poi_n669775019","name":"Laola","kind":"restaurant","at":[48.10834,11.60812],"osm_id":"node/669775019","open_horizon":false,"views":"[{\"sightline_id\": \"sl_4ef122ac\", \"toward\": \"a\", \"distance_m\": 27.9}, {\"sightline_id\": \"sl_4ef122ac\", \"toward\": \"b\", \"distance_m\": 27.9}]","tags":"{}","marker-color":"#1f78b4"}},
{"type":"Feature","geometry":{"type":"Point","coordinates":[11.56018,48.14521]},"properties":{"id":"poi_n672684200","name":"Tre Stelle","kind":"restaurant","at":[48.14521,11.56018],"osm_id":"node/672684200","open_horizon":false,"views":"[{\"sightline_id\": \"sl_229e7580\", \"toward\": \"a\", \"distance_m\": 16.6}, {\"sightline_id\": \"sl_92fc0adb\", \"toward\": \"a\", \"distance_m\": 25.2}, {\"sightline_id\": \"sl_92fc0adb\", \"toward\": \"b\", \"distance_m\": 25.2}]","tags":"{\"cuisine\": \"italian\", \"opening_hours\": \"Mo-Sa 11:00-23:00\", \"outdoor_seating\": \"sidewalk\"}","marker-color":"#1f78b4"}},
{"type":"Feature","geometry":{"type":"Point","coordinates":[11.57272,48.12041]},"properties":{"id":"poi_n673851010","name":"Giasinga Schlümpfe","kind":"pub","at":[48.12041,11.57272],"osm_id":"node/673851010","open_horizon":false,"views":"[{\"sightline_id\": \"sl_5346ff63\", \"toward\": \"a\", \"distance_m\": 5.7}, {\"sightline_id\": \"sl_5346ff63\", \"toward\": \"b\", \"distance_m\": 5.7}, {\"sightline_id\": \"sl_2266d98b\", \"toward\": \"a\", \"distance_m\": 26.4}, {\"sightline_id\": \"sl_2266d98b\", \"toward\": \"b\", \"distance_m\": 26.4}]","tags":"{\"opening_hours\": \"Mo-Sa 13:00-22:00\"}","marker-color":"#1f78b4"}},
{"type":"Feature","geometry":{"type":"Point","coordinates":[11.58278,48.14567]},"properties":{"id":"poi_n675804220","name":"Hafez","kind":"restaurant","at":[48.14567,11.58278],"osm_id":"node/675804220","open_horizon":false,"views":"[{\"sightline_id\": \"sl_7dadb81b\", \"toward\": \"a\", \"distance_m\": 11.5}]","tags":"{\"cuisine\": \"oriental;persian\", \"opening_hours\": \"Mo-Su 11:30-23:00\", \"website\": \"https://www.hafez-restaurant.de/\"}","marker-color":"#1f78b4"}},
{"type":"Feature","geometry":{"type":"Point","coordinates":[11.48015,48.11499]},"properties":{"id":"poi_n677214276","name":"Rasmalai","kind":"restaurant","at":[48.11499,11.48015],"osm_id":"node/677214276","open_horizon":false,"views":"[{\"sightline_id\": \"sl_33a7ca45\", \"toward\": \"b\", \"distance_m\": 21.0}]","tags":"{\"cuisine\": \"indian\", \"website\": \"https://www.rasmalai.de/\"}","marker-color":"#1f78b4"}},
{"type":"Feature","geometry":{"type":"Point","coordinates":[11.59975,48.10784]},"properties":{"id":"poi_n6779297277","name":"Daily Snacks","kind":"cafe","at":[48.10784,11.59975],"osm_id":"node/6779297277","open_horizon":false,"views":"[{\"sightline_id\": \"sl_64ea8d18\", \"toward\": \"a\", \"distance_m\": 24.0}, {\"sightline_id\": \"sl_64ea8d18\", \"toward\": \"b\", \"distance_m\": 24.0}, {\"sightline_id\": \"sl_bfe7466c\", \"toward\": \"a\", \"distance_m\": 25.2}]","tags":"{\"outdoor_seating\": \"yes\"}","marker-color":"#1f78b4"}},
{"type":"Feature","geometry":{"type":"Point","coordinates":[11.54168,48.15836]},"properties":{"id":"poi_n678046339","name":"Om Nom Nom Café","kind":"cafe","at":[48.15836,11.54168],"osm_id":"node/678046339","open_horizon":false,"views":"[{\"sightline_id\": \"sl_e440dfbc\", \"toward\": \"a\", \"distance_m\": 12.6}, {\"sightline_id\": \"sl_e440dfbc\", \"toward\": \"b\", \"distance_m\": 12.6}]","tags":"{\"opening_hours\": \"Mo-Su 09:00-16:00\", \"outdoor_seating\": \"yes\", \"phone\": \"+49 89 76702464\", \"website\": \"https://www.om-nom-nom.de/\"}","marker-color":"#1f78b4"}},
{"type":"Feature","geometry":{"type":"Point","coordinates":[11.56566,48.14889]},"properties":{"id":"poi_n679059428","name":"Lubu Uni","kind":"restaurant","at":[48.14889,11.56566],"osm_id":"node/679059428","open_horizon":false,"views":"[{\"sightline_id\": \"sl_9752a41c\", \"toward\": \"a\", \"distance_m\": 11.3}, {\"sightline_id\": \"sl_9752a41c\", \"toward\": \"b\", \"distance_m\": 11.3}]","tags":"{\"cuisine\": \"asian\", \"opening_hours\": \"Mo-Fr 11:30-15:00,17:30-21:30; Sa 12:30-21:30\", \"outdoor_seating\": \"yes\", \"phone\": \"+49 89 99979015\", \"website\": \"https://www.lubu-uni.de/\"}","marker-color":"#1f78b4"}},
{"type":"Feature","geometry":{"type":"Point","coordinates":[11.57389,48.14851]},"properties":{"id":"poi_n682198296","name":"Khana Khazana","kind":"restaurant","at":[48.14851,11.57389],"osm_id":"node/682198296","open_horizon":false,"views":"[{\"sightline_id\": \"sl_6a30d50e\", \"toward\": \"a\", \"distance_m\": 9.9}, {\"sightline_id\": \"sl_6a30d50e\", \"toward\": \"b\", \"distance_m\": 9.9}]","tags":"{\"cuisine\": \"indian\", \"opening_hours\": \"Mo-Sa11:30-14:30,17:30-23:00 ; Su,PH 11:30-23:00\", \"outdoor_seating\": \"sidewalk\"}","marker-color":"#1f78b4"}},
{"type":"Feature","geometry":{"type":"Point","coordinates":[11.57717,48.14809]},"properties":{"id":"poi_n682198307","name":"Sesam öffne dich","kind":"restaurant","at":[48.14809,11.57717],"osm_id":"node/682198307","open_horizon":false,"views":"[{\"sightline_id\": \"sl_1932a3df\", \"toward\": \"a\", \"distance_m\": 7.5}, {\"sightline_id\": \"sl_1932a3df\", \"toward\": \"b\", \"distance_m\": 7.5}]","tags":"{\"cuisine\": \"arab\", \"opening_hours\": \"Mo-Sa 11:00-16:00; PH,Su off\", \"outdoor_seating\": \"yes\"}","marker-color":"#1f78b4"}},
{"type":"Feature","geometry":{"type":"Point","coordinates":[11.57758,48.14871]},"properties":{"id":"poi_n682198314","name":"Limoni","kind":"restaurant","at":[48.14871,11.57758],"osm_id":"node/682198314","open_horizon":false,"views":"[{\"sightline_id\": \"sl_1932a3df\", \"toward\": \"a\", \"distance_m\": 8.4}, {\"sightline_id\": \"sl_1932a3df\", \"toward\": \"b\", \"distance_m\": 8.4}]","tags":"{\"cuisine\": \"italian\", \"opening_hours\": \"Mo-Fr 18:30-23:00; Sa 18:30-23:00; Su off\", \"outdoor_seating\": \"yes\"}","marker-color":"#1f78b4"}},
{"type":"Feature","geometry":{"type":"Point","coordinates":[11.57713,48.14857]},"properties":{"id":"poi_n682198317","name":"Asaka Running Sushi","kind":"restaurant","at":[48.14857,11.57713],"osm_id":"node/682198317","open_horizon":false,"views":"[{\"sightline_id\": \"sl_1932a3df\", \"toward\": \"a\", \"distance_m\": 16.3}, {\"sightline_id\": \"sl_1932a3df\", \"toward\": \"b\", \"distance_m\": 16.3}]","tags":"{\"cuisine\": \"sushi\", \"opening_hours\": \"Tu-Su 11:30-15:00,17:30-23:00\"}","marker-color":"#1f78b4"}},
{"type":"Feature","geometry":{"type":"Point","coordinates":[11.53422,48.14779]},"properties":{"id":"poi_n6829853951","name":"SALLIS Kaffeerösterei","kind":"cafe","at":[48.14779,11.53422],"osm_id":"node/6829853951","open_horizon":false,"views":"[{\"sightline_id\": \"sl_6425cfed\", \"toward\": \"a\", \"distance_m\": 10.4}, {\"sightline_id\": \"sl_6425cfed\", \"toward\": \"b\", \"distance_m\": 10.4}]","tags":"{\"opening_hours\": \"Tu-Fr 07:30-18:00; Sa 08:00-17:00; Mo 07:30-14:00\", \"outdoor_seating\": \"no\"}","marker-color":"#1f78b4"}},
{"type":"Feature","geometry":{"type":"Point","coordinates":[11.44893,48.14164]},"properties":{"id":"poi_n683211284","name":"Ristorante da Ugo","kind":"restaurant","at":[48.14164,11.44893],"osm_id":"node/683211284","open_horizon":false,"views":"[{\"sightline_id\": \"sl_1fe0c559\", \"toward\": \"a\", \"distance_m\": 31.4}, {\"sightline_id\": \"sl_1fe0c559\", \"toward\": \"b\", \"distance_m\": 31.4}]","tags":"{\"cuisine\": \"italian\", \"opening_hours\": \"Tu 18:00-23:00; We-Su 11:30-15:00,18:00-23:00\", \"phone\": \"+49 89 83929131\", \"website\": \"https://www.ristorante-da-ugo.de/\"}","marker-color":"#1f78b4"}},
{"type":"Feature","geometry":{"type":"Point","coordinates":[11.5497,48.12539]},"properties":{"id":"poi_n6854281612","name":"Pizza Pocci","kind":"restaurant","at":[48.12539,11.5497],"osm_id":"node/6854281612","open_horizon":false,"views":"[{\"sightline_id\": \"sl_0261e149\", \"toward\": \"b\", \"distance_m\": 22.9}, {\"sightline_id\": \"sl_375471ca\", \"toward\": \"a\", \"distance_m\": 33.8}]","tags":"{\"cuisine\": \"pizza\", \"opening_hours\": \"Mo-Sa 10:00-22:00\", \"outdoor_seating\": \"yes\"}","marker-color":"#1f78b4"}},
{"type":"Feature","geometry":{"type":"Point","coordinates":[11.54398,48.10518]},"properties":{"id":"poi_n685478628","name":"Mozzamo","kind":"restaurant","at":[48.10518,11.54398],"osm_id":"node/685478628","open_horizon":false,"views":"[{\"sightline_id\": \"sl_ae31ff3c\", \"toward\": \"a\", \"distance_m\": 14.8}]","tags":"{\"cuisine\": \"italian\", \"opening_hours\": \"Tu-Su 12:00-23:30; Mo off\", \"outdoor_seating\": \"yes\", \"phone\": \"+49 89 71054295\", \"website\": \"https://mozzamo.de/thalkirchen/\"}","marker-color":"#1f78b4"}},
{"type":"Feature","geometry":{"type":"Point","coordinates":[11.56286,48.20821]},"properties":{"id":"poi_n6875448439","name":"Nord Grill","kind":"restaurant","at":[48.20821,11.56286],"osm_id":"node/6875448439","open_horizon":false,"views":"[{\"sightline_id\": \"sl_6df1d48f\", \"toward\": \"b\", \"distance_m\": 35.8}]","tags":"{\"cuisine\": \"kebab\"}","marker-color":"#1f78b4"}},
{"type":"Feature","geometry":{"type":"Point","coordinates":[11.56298,48.20744]},"properties":{"id":"poi_n6875448922","name":"Aslantas Baklava","kind":"restaurant","at":[48.20744,11.56298],"osm_id":"node/6875448922","open_horizon":false,"views":"[{\"sightline_id\": \"sl_6df1d48f\", \"toward\": \"b\", \"distance_m\": 34.7}]","tags":"{\"opening_hours\": \"Mo-Sa 08:00-20:00\", \"outdoor_seating\": \"no\"}","marker-color":"#1f78b4"}},
{"type":"Feature","geometry":{"type":"Point","coordinates":[11.61793,48.11035]},"properties":{"id":"poi_n6915909734","name":"Pazifik Brot & Seele Balkan Bäckerei 2","kind":"cafe","at":[48.11035,11.61793],"osm_id":"node/6915909734","open_horizon":false,"views":"[{\"sightline_id\": \"sl_0fa92075\", \"toward\": \"a\", \"distance_m\": 16.4}, {\"sightline_id\": \"sl_0fa92075\", \"toward\": \"b\", \"distance_m\": 16.4}]","tags":"{\"opening_hours\": \"Mo-Fr 06:00-20:00; Sa 06:00-20:00; Su 07:00-20:00\", \"outdoor_seating\": \"yes\"}","marker-color":"#1f78b4"}},
{"type":"Feature","geometry":{"type":"Point","coordinates":[11.45285,48.15527]},"properties":{"id":"poi_n691726488","name":"Jagdschloss","kind":"restaurant","at":[48.15527,11.45285],"osm_id":"node/691726488","open_horizon":false,"views":"[{\"sightline_id\": \"sl_ca1c8d6d\", \"toward\": \"a\", \"distance_m\": 15.2}, {\"sightline_id\": \"sl_ca1c8d6d\", \"toward\": \"b\", \"distance_m\": 15.2}]","tags":"{\"cuisine\": \"regional\", \"opening_hours\": \"Mo-We 16:00-24:00, Th-Su 11:00-24:00\", \"phone\": \"+49 89 820 820\", \"website\": \"https://jagd-schloss.com/\"}","marker-color":"#1f78b4"}},
{"type":"Feature","geometry":{"type":"Point","coordinates":[11.53382,48.11089]},"properties":{"id":"poi_n692760021","name":"Orange","kind":"pub","at":[48.11089,11.53382],"osm_id":"node/692760021","open_horizon":false,"views":"[{\"sightline_id\": \"sl_ef53d5b6\", \"toward\": \"a\", \"distance_m\": 17.5}, {\"sightline_id\": \"sl_ef53d5b6\", \"toward\": \"b\", \"distance_m\": 17.5}]","tags":"{\"opening_hours\": \"Mo-Su 12:00-05:00\"}","marker-color":"#1f78b4"}},
{"type":"Feature","geometry":{"type":"Point","coordinates":[11.51896,48.0992]},"properties":{"id":"poi_n692957050","name":"Schmidhofer","kind":"cafe","at":[48.0992,11.51896],"osm_id":"node/692957050","open_horizon":false,"views":"[{\"sightline_id\": \"sl_e7d8156a\", \"toward\": \"a\", \"distance_m\": 22.2}, {\"sightline_id\": \"sl_e7d8156a\", \"toward\": \"b\", \"distance_m\": 22.2}]","tags":"{\"opening_hours\": \"Mo-Su,PH 08:00-18:00\", \"phone\": \"+49 89 783536\"}","marker-color":"#1f78b4"}},
{"type":"Feature","geometry":{"type":"Point","coordinates":[11.51974,48.09925]},"properties":{"id":"poi_n692957734","name":"Eiscafe La Fantastica","kind":"cafe","at":[48.09925,11.51974],"osm_id":"node/692957734","open_horizon":false,"views":"[{\"sightline_id\": \"sl_e7d8156a\", \"toward\": \"a\", \"distance_m\": 14.0}, {\"sightline_id\": \"sl_e7d8156a\", \"toward\": \"b\", \"distance_m\": 14.0}]","tags":"{\"cuisine\": \"ice_cream\", \"outdoor_seating\": \"pedestrian_zone\"}","marker-color":"#1f78b4"}},
{"type":"Feature","geometry":{"type":"Point","coordinates":[11.52884,48.15202]},"properties":{"id":"poi_n693584434","name":"La Luna","kind":"restaurant","at":[48.15202,11.52884],"osm_id":"node/693584434","open_horizon":false,"views":"[{\"sightline_id\": \"sl_85f08fcf\", \"toward\": \"b\", \"distance_m\": 40.0}]","tags":"{\"cuisine\": \"italian;pizza\", \"opening_hours\": \"Mo-Fr 11:00-14:30,17:30-22:00; Sa 17:30-22:00; Su off\", \"outdoor_seating\": \"yes\"}","marker-color":"#1f78b4"}},
{"type":"Feature","geometry":{"type":"Point","coordinates":[11.57319,48.15588]},"properties":{"id":"poi_n6960404824","name":"BeefRoom 61","kind":"restaurant","at":[48.15588,11.57319],"osm_id":"node/6960404824","open_horizon":false,"views":"[{\"sightline_id\": \"sl_8265a2b0\", \"toward\": \"b\", \"distance_m\": 8.5}, {\"sightline_id\": \"sl_f8e80ae8\", \"toward\": \"a\", \"distance_m\": 9.1}, {\"sightline_id\": \"sl_f8e80ae8\", \"toward\": \"b\", \"distance_m\": 9.1}]","tags":"{\"opening_hours\": \"Mo-Fr,Su 17:00-23:00; Sa 12:00-23:00; PH off\", \"outdoor_seating\": \"yes\"}","marker-color":"#1f78b4"}},
{"type":"Feature","geometry":{"type":"Point","coordinates":[11.57232,48.15474]},"properties":{"id":"poi_n6960404959","name":"Pure Wine & Food","kind":"restaurant","at":[48.15474,11.57232],"osm_id":"node/6960404959","open_horizon":false,"views":"[{\"sightline_id\": \"sl_f1c85e2a\", \"toward\": \"a\", \"distance_m\": 5.0}, {\"sightline_id\": \"sl_f1c85e2a\", \"toward\": \"b\", \"distance_m\": 5.0}, {\"sightline_id\": \"sl_8265a2b0\", \"toward\": \"a\", \"distance_m\": 17.7}, {\"sightline_id\": \"sl_8265a2b0\", \"toward\": \"b\", \"distance_m\": 17.7}]","tags":"{\"opening_hours\": \"Tu-Sa 18:00-01:00\", \"outdoor_seating\": \"yes\"}","marker-color":"#1f78b4"}},
{"type":"Feature","geometry":{"type":"Point","coordinates":[11.53251,48.09982]},"properties":{"id":"poi_n6972179574","name":"yumira","kind":"restaurant","at":[48.09982,11.53251],"osm_id":"node/6972179574","open_horizon":false,"views":"[{\"sightline_id\": \"sl_8640990a\", \"toward\": \"a\", \"distance_m\": 15.8}]","tags":"{\"cuisine\": \"korean;vietnamese\", \"opening_hours\": \"Mo,We-Fr 17:00-23:00; Sa,Su 11:30-14:30,17:00-23:00; Tu off\", \"outdoor_seating\": \"yes\"}","marker-color":"#1f78b4"}},
{"type":"Feature","geometry":{"type":"Point","coordinates":[11.57233,48.13578]},"properties":{"id":"poi_n700102106","name":"Münchner Suppenküche","kind":"restaurant","at":[48.13578,11.57233],"osm_id":"node/700102106","open_horizon":false,"views":"[{\"sightline_id\": \"sl_57c2a20c\", \"toward\": \"a\", \"distance_m\": 25.0}]","tags":"{\"cuisine\": \"soup\", \"opening_hours\": \"Mo-Fr 08:30-16:00\", \"outdoor_seating\": \"yes\", \"phone\": \"+49 89 18944550\", \"website\": \"https://muenchner-suppenkueche.de/\"}","marker-color":"#1f78b4"}},
{"type":"Feature","geometry":{"type":"Point","coordinates":[11.53355,48.15126]},"properties":{"id":"poi_n7001481987","name":"nourish café soul concept","kind":"cafe","at":[48.15126,11.53355],"osm_id":"node/7001481987","open_horizon":false,"views":"[{\"sightline_id\": \"sl_6425cfed\", \"toward\": \"a\", \"distance_m\": 18.4}]","tags":"{\"opening_hours\": \"Mo-We, Fr, Sa 09:00-17:00 off; Su 09:30-13:30\", \"outdoor_seating\": \"yes\", \"phone\": \"+49 89 18920844\", \"website\": \"https://nourishcafe.de/\"}","marker-color":"#1f78b4"}},
{"type":"Feature","geometry":{"type":"Point","coordinates":[11.50957,48.09469]},"properties":{"id":"poi_n7006036592","name":"Hans im Glück","kind":"restaurant","at":[48.09469,11.50957],"osm_id":"node/7006036592","open_horizon":false,"views":"[{\"sightline_id\": \"sl_37290f52\", \"toward\": \"a\", \"distance_m\": 28.5}, {\"sightline_id\": \"sl_37290f52\", \"toward\": \"b\", \"distance_m\": 28.5}]","tags":"{\"cuisine\": \"burger\", \"opening_hours\": \"Mo-Su,PH 11:00-18:00+\", \"phone\": \"+49 89 89051762\", \"website\": \"https://hansimglueck-burgergrill.de/\"}","marker-color":"#1f78b4"}},
{"type":"Feature","geometry":{"type":"Point","coordinates":[11.57118,48.13579]},"properties":{"id":"poi_n700957664","name":"Altes Hackerhaus","kind":"restaurant","at":[48.13579,11.57118],"osm_id":"node/700957664","open_horizon":false,"views":"[{\"sightline_id\": \"sl_57c2a20c\", \"toward\": \"a\", \"distance_m\": 19.8}, {\"sightline_id\": \"sl_57c2a20c\", \"toward\": \"b\", \"distance_m\": 19.8}]","tags":"{\"cuisine\": \"bavarian\", \"opening_hours\": \"Mo-Su 10:00-24:00\", \"outdoor_seating\": \"pedestrian_zone\"}","marker-color":"#1f78b4"}},
{"type":"Feature","geometry":{"type":"Point","coordinates":[11.56907,48.13486]},"properties":{"id":"poi_n701004772","name":"Kaimug","kind":"restaurant","at":[48.13486,11.56907],"osm_id":"node/701004772","open_horizon":false,"views":"[{\"sightline_id\": \"sl_57c2a20c\", \"toward\": \"b\", \"distance_m\": 13.9}]","tags":"{\"cuisine\": \"thai\", \"opening_hours\": \"Mo-Sa 11:00-21:00\", \"outdoor_seating\": \"yes\"}","marker-color":"#1f78b4"}},
{"type":"Feature","geometry":{"type":"Point","coordinates":[11.61504,48.14237]},"properties":{"id":"poi_n702280702","name":"Il Gelato italiano","kind":"ice_cream","at":[48.14237,11.61504],"osm_id":"node/702280702","open_horizon":false,"views":"[{\"sightline_id\": \"sl_cd1704cc\", \"toward\": \"a\", \"distance_m\": 19.1}, {\"sightline_id\": \"sl_cd1704cc\", \"toward\": \"b\", \"distance_m\": 19.1}, {\"sightline_id\": \"sl_16e4bfdf\", \"toward\": \"b\", \"distance_m\": 33.7}, {\"sightline_id\": \"sl_3ceedc73\", \"toward\": \"b\", \"distance_m\": 33.7}, {\"sightline_id\": \"sl_20dd5b13\", \"toward\": \"a\", \"distance_m\": 38.8}]","tags":"{\"opening_hours\": \"Mo-Su 09:55-21:30\", \"outdoor_seating\": \"yes\"}","marker-color":"#1f78b4"}},
{"type":"Feature","geometry":{"type":"Point","coordinates":[11.57078,48.1317]},"properties":{"id":"poi_n7039126262","name":"diversity Café","kind":"cafe","at":[48.1317,11.57078],"osm_id":"node/7039126262","open_horizon":false,"views":"[{\"sightline_id\": \"sl_6838e0c2\", \"toward\": \"b\", \"distance_m\": 25.7}]","tags":"{\"cuisine\": \"cake\", \"opening_hours\": \"Tu,Th 16:00-20:00, We 19:00-24:00, Su 15:00-19:00\", \"outdoor_seating\": \"no\", \"phone\": \"+49 89 55266986\", \"website\": \"https://diversity-muenchen.de/de/diversity-cafe/\"}","marker-color":"#1f78b4"}},
{"type":"Feature","geometry":{"type":"Point","coordinates":[11.53861,48.12843]},"properties":{"id":"poi_n705581658","name":"Cafe Bar Dalas","kind":"pub","at":[48.12843,11.53861],"osm_id":"node/705581658","open_horizon":false,"views":"[{\"sightline_id\": \"sl_80678b5a\", \"toward\": \"b\", \"distance_m\": 12.8}]","tags":"{\"opening_hours\": \"Su-Th 10:00-22:00, Fr,Sa 10:00-01:00\"}","marker-color":"#1f78b4"}},
{"type":"Feature","geometry":{"type":"Point","coordinates":[11.5386,48.12832]},"properties":{"id":"poi_n705581699","name":"Ayurveda","kind":"restaurant","at":[48.12832,11.5386],"osm_id":"node/705581699","open_horizon":false,"views":"[{\"sightline_id\": \"sl_80678b5a\", \"toward\": \"b\", \"distance_m\": 16.5}]","tags":"{\"cuisine\": \"indian\", \"opening_hours\": \"Mo-Fr 11:30-14:30; Sa 17:30-23:00; Su,PH 12:00-22:00\", \"outdoor_seating\": \"yes\", \"website\": \"https://www.ayurvedarestaurant.de/\"}","marker-color":"#1f78b4"}},
{"type":"Feature","geometry":{"type":"Point","coordinates":[11.55314,48.11217]},"properties":{"id":"poi_n709050055","name":"El Nador","kind":"restaurant","at":[48.11217,11.55314],"osm_id":"node/709050055","open_horizon":false,"views":"[{\"sightline_id\": \"sl_3e7d24e9\", \"toward\": \"b\", \"distance_m\": 22.7}]","tags":"{\"cuisine\": \"moroccan\", \"opening_hours\": \"We-Sa 17:30-23:00\", \"website\": \"https://elnadormunich.de/\"}","marker-color":"#1f78b4"}},
{"type":"Feature","geometry":{"type":"Point","coordinates":[11.54608,48.16029]},"properties":{"id":"poi_n7090699385","name":"Abyssinia Restaurant Teff","kind":"restaurant","at":[48.16029,11.54608],"osm_id":"node/7090699385","open_horizon":false,"views":"[{\"sightline_id\": \"sl_4cac06f4\", \"toward\": \"b\", \"distance_m\": 4.9}, {\"sightline_id\": \"sl_f11282a2\", \"toward\": \"b\", \"distance_m\": 28.9}]","tags":"{\"cuisine\": \"ethiopian\", \"opening_hours\": \"Mo-Su 11:30-22:00\", \"outdoor_seating\": \"yes\", \"phone\": \"+49 15111772888\", \"website\": \"https://restaurant-teff.de\"}","marker-color":"#1f78b4"}},
{"type":"Feature","geometry":{"type":"Point","coordinates":[11.56318,48.16111]},"properties":{"id":"poi_n7125649254","name":"Bistro am Nordbad","kind":"restaurant","at":[48.16111,11.56318],"osm_id":"node/7125649254","open_horizon":false,"views":"[{\"sightline_id\": \"sl_bc70167d\", \"toward\": \"b\", \"distance_m\": 15.1}, {\"sightline_id\": \"sl_ef4f8b5c\", \"toward\": \"a\", \"distance_m\": 21.8}, {\"sightline_id\": \"sl_ef4f8b5c\", \"toward\": \"b\", \"distance_m\": 21.8}]","tags":"{\"cuisine\": \"balkan\", \"opening_hours\": \"Mo-Tu off; We-Fr 14:00-22:00; Sa-Su,PH 11:00-22:00\", \"outdoor_seating\": \"yes\"}","marker-color":"#1f78b4"}},
{"type":"Feature","geometry":{"type":"Point","coordinates":[11.52316,48.1626]},"properties":{"id":"poi_n712613252","name":"Seppl's","kind":"cafe","at":[48.1626,11.52316],"osm_id":"node/712613252","open_horizon":false,"views":"[{\"sightline_id\": \"sl_46edf5ed\", \"toward\": \"a\", \"distance_m\": 5.7}, {\"sightline_id\": \"sl_91427ff4\", \"toward\": \"b\", \"distance_m\": 20.2}]","tags":"{\"opening_hours\": \"Mo-Fr 06:30-18:00; Sa,Su 06:30-13:30\", \"outdoor_seating\": \"yes\", \"website\": \"https://seppls.com\"}","marker-color":"#1f78b4"}},
{"type":"Feature","geometry":{"type":"Point","coordinates":[11.53434,48.14897]},"properties":{"id":"poi_n712625699","name":"Anji","kind":"restaurant","at":[48.14897,11.53434],"osm_id":"node/712625699","open_horizon":false,"views":"[{\"sightline_id\": \"sl_6425cfed\", \"toward\": \"a\", \"distance_m\": 24.7}, {\"sightline_id\": \"sl_6425cfed\", \"toward\": \"b\", \"distance_m\": 24.7}]","tags":"{\"cuisine\": \"asian\", \"opening_hours\": \"Mo-Fr 11:30-14:30,17:00-23:30; Sa,Su 12:00-23:30\", \"outdoor_seating\": \"yes\"}","marker-color":"#1f78b4"}},
{"type":"Feature","geometry":{"type":"Point","coordinates":[11.53453,48.1462]},"properties":{"id":"poi_n7128363450","name":"Eduards Cafe Bar","kind":"cafe","at":[48.1462,11.53453],"osm_id":"node/7128363450","open_horizon":false,"views":"[{\"sightline_id\": \"sl_d5eee58a\", \"toward\": \"a\", \"distance_m\": 12.7}, {\"sightline_id\": \"sl_6425cfed\", \"toward\": \"b\", \"distance_m\": 31.9}]","tags":"{}","marker-color":"#1f78b4"}},
{"type":"Feature","geometry":{"type":"Point","coordinates":[11.56496,48.1655]},"properties":{"id":"poi_n7142451481","name":"Lan Anh","kind":"restaurant","at":[48.1655,11.56496],"osm_id":"node/7142451481","open_horizon":false,"views":"[{\"sightline_id\": \"sl_bc70167d\", \"toward\": \"a\", \"distance_m\": 30.5}]","tags":"{\"cuisine\": \"vietnamese;thai\", \"opening_hours\": \"Su-Fr 11:00-22:30\", \"outdoor_seating\": \"yes\"}","marker-color":"#1f78b4"}},
{"type":"Feature","geometry":{"type":"Point","coordinates":[11.57635,48.14733]},"properties":{"id":"poi_n7154750054","name":"Home Munich","kind":"bar","at":[48.14733,11.57635],"osm_id":"node/7154750054","open_horizon":false,"views":"[{\"sightline_id\": \"sl_1932a3df\", \"toward\": \"a\", \"distance_m\": 15.5}, {\"sightline_id\": \"sl_1932a3df\", \"toward\": \"b\", \"distance_m\": 15.5}]","tags":"{\"opening_hours\": \"Tu,We 18:00-01:00, Th 18:00-02:00, Fr,Sa 18:00-03:00\"}","marker-color":"#1f78b4"}},
{"type":"Feature","geometry":{"type":"Point","coordinates":[11.5746,48.14845]},"properties":{"id":"poi_n717758986","name":"Ballabeni Icecream","kind":"ice_cream","at":[48.14845,11.5746],"osm_id":"node/717758986","open_horizon":false,"views":"[{\"sightline_id\": \"sl_b3216b45\", \"toward\": \"a\", \"distance_m\": 6.6}, {\"sightline_id\": \"sl_b3216b45\", \"toward\": \"b\", \"distance_m\": 6.6}, {\"sightline_id\": \"sl_6a30d50e\", \"toward\": \"a\", \"distance_m\": 23.5}, {\"sightline_id\": \"sl_6a30d50e\", \"toward\": \"b\", \"distance_m\": 23.5}]","tags":"{\"opening_hours\": \"Mo-Su 11:30-22:30\"}","marker-color":"#1f78b4"}},
{"type":"Feature","geometry":{"type":"Point","coordinates":[11.52228,48.1502]},"properties":{"id":"poi_n733153637","name":"Ewiges Licht","kind":"restaurant","at":[48.1502,11.52228],"osm_id":"node/733153637","open_horizon":false,"views":"[{\"sightline_id\": \"sl_158aa79c\", \"toward\": \"a\", \"distance_m\": 14.4}]","tags":"{\"cuisine\": \"bavarian\", \"opening_hours\": \"Mo-Sa 16:00-24:00\", \"outdoor_seating\": \"yes\"}","marker-color":"#1f78b4"}},
{"type":"Feature","geometry":{"type":"Point","coordinates":[11.53722,48.13648]},"properties":{"id":"poi_n734773279","name":"Rosso Mille Miglia","kind":"restaurant","at":[48.13648,11.53722],"osm_id":"node/734773279","open_horizon":false,"views":"[{\"sightline_id\": \"sl_e21752a2\", \"toward\": \"a\", \"distance_m\": 12.4}, {\"sightline_id\": \"sl_e21752a2\", \"toward\": \"b\", \"distance_m\": 12.4}]","tags":"{\"cuisine\": \"italian\", \"opening_hours\": \"Mo-Th 11:00-14:30,17:30-23:00; Fr 11:00-14:30,17:30-23:30; Sa 16:00-23:30; Su 11:30-22:30\", \"phone\": \"+498951115855\"}","marker-color":"#1f78b4"}},
{"type":"Feature","geometry":{"type":"Point","coordinates":[11.55302,48.19821]},"properties":{"id":"poi_n7368824162","name":"Engert-Eis Fabrikverkauf","kind":"ice_cream","at":[48.19821,11.55302],"osm_id":"node/7368824162","open_horizon":false,"views":"[{\"sightline_id\": \"sl_ff71a8cc\", \"toward\": \"a\", \"distance_m\": 21.0}]","tags":"{\"opening_hours\": \"24/7\", \"phone\": \"+49 89 3581 7597\", \"website\": \"http://engerteis.de/\"}","marker-color":"#1f78b4"}},
{"type":"Feature","geometry":{"type":"Point","coordinates":[11.51677,48.14138]},"properties":{"id":"poi_n7393244000","name":"Sushi Kimi","kind":"restaurant","at":[48.14138,11.51677],"osm_id":"node/7393244000","open_horizon":false,"views":"[{\"sightline_id\": \"sl_4b005b29\", \"toward\": \"a\", \"distance_m\": 28.5}, {\"sightline_id\": \"sl_4b005b29\", \"toward\": \"b\", \"distance_m\": 28.5}]","tags":"{\"opening_hours\": \"Mo-Fr 11:00-14:30,17:00-22:15; Su 12:00-22:15\", \"phone\": \"+49 89 57933996\", \"website\": \"https://www.sushi-kimi-muenchen.de/\"}","marker-color":"#1f78b4"}},
{"type":"Feature","geometry":{"type":"Point","coordinates":[11.5749,48.14327]},"properties":{"id":"poi_n7401549420","name":"Bar Alvino","kind":"bar","at":[48.14327,11.5749],"osm_id":"node/7401549420","open_horizon":false,"views":"[{\"sightline_id\": \"sl_bd0ac71e\", \"toward\": \"a\", \"distance_m\": 12.9}]","tags":"{\"opening_hours\": \"Mo-Sa 10:00-01:00; Su off\", \"outdoor_seating\": \"yes\"}","marker-color":"#1f78b4"}},
{"type":"Feature","geometry":{"type":"Point","coordinates":[11.53758,48.15136]},"properties":{"id":"poi_n747130512","name":"Taj Mahal","kind":"restaurant","at":[48.15136,11.53758],"osm_id":"node/747130512","open_horizon":false,"views":"[{\"sightline_id\": \"sl_ca87492e\", \"toward\": \"b\", \"distance_m\": 35.2}, {\"sightline_id\": \"sl_7cbeec19\", \"toward\": \"a\", \"distance_m\": 35.4}, {\"sightline_id\": \"sl_7cbeec19\", \"toward\": \"b\", \"distance_m\": 35.4}]","tags":"{\"cuisine\": \"indian\", \"opening_hours\": \"Mo-Sa 11:30-14:30, 17:30-00:00; Su 11:30-00:00\", \"outdoor_seating\": \"yes\", \"phone\": \"+49 89 12007050\", \"website\": \"https://www.tajmahal-muenchen.de/\"}","marker-color":"#1f78b4"}},
{"type":"Feature","geometry":{"type":"Point","coordinates":[11.55331,48.14281]},"properties":{"id":"poi_n752204771","name":"Funkstadl","kind":"restaurant","at":[48.14281,11.55331],"osm_id":"node/752204771","open_horizon":false,"views":"[{\"sightline_id\": \"sl_08e4cf20\", \"toward\": \"a\", \"distance_m\": 24.5}, {\"sightline_id\": \"sl_08e4cf20\", \"toward\": \"b\", \"distance_m\": 24.5}]","tags":"{\"cuisine\": \"balkan\", \"opening_hours\": \"Mo-Sa 17:00-23:00\", \"outdoor_seating\": \"yes\", \"phone\": \"+49 89 55 53 55\"}","marker-color":"#1f78b4"}},
{"type":"Feature","geometry":{"type":"Point","coordinates":[11.58704,48.18771]},"properties":{"id":"poi_n7554123036","name":"QuMa's Eatery","kind":"cafe","at":[48.18771,11.58704],"osm_id":"node/7554123036","open_horizon":false,"views":"[{\"sightline_id\": \"sl_606901f4\", \"toward\": \"a\", \"distance_m\": 16.6}, {\"sightline_id\": \"sl_606901f4\", \"toward\": \"b\", \"distance_m\": 16.6}, {\"sightline_id\": \"sl_2ff21c4e\", \"toward\": \"a\", \"distance_m\": 18.3}, {\"sightline_id\": \"sl_cceb6b6c\", \"toward\": \"b\", \"distance_m\": 36.0}]","tags":"{\"cuisine\": \"asian\", \"opening_hours\": \"Mo-Fr 11:30-16:00; Sa,Su,PH off\", \"outdoor_seating\": \"no\", \"phone\": \"+49 89 99015913\", \"website\": \"https://www.quma-eatery.com/\"}","marker-color":"#1f78b4"}},
{"type":"Feature","geometry":{"type":"Point","coordinates":[11.58396,48.19647]},"properties":{"id":"poi_n7554476548","name":"Cafe Steherl Bar","kind":"pub","at":[48.19647,11.58396],"osm_id":"node/7554476548","open_horizon":false,"views":"[{\"sightline_id\": \"sl_256615ad\", \"toward\": \"a\", \"distance_m\": 34.4}, {\"sightline_id\": \"sl_256615ad\", \"toward\": \"b\", \"distance_m\": 34.4}]","tags":"{\"outdoor_seating\": \"yes\"}","marker-color":"#1f78b4"}},
{"type":"Feature","geometry":{"type":"Point","coordinates":[11.54654,48.15986]},"properties":{"id":"poi_n756508013","name":"Axel F.","kind":"restaurant","at":[48.15986,11.54654],"osm_id":"node/756508013","open_horizon":false,"views":"[{\"sightline_id\": \"sl_4cac06f4\", \"toward\": \"b\", \"distance_m\": 9.0}, {\"sightline_id\": \"sl_1ac35b55\", \"toward\": \"a\", \"distance_m\": 37.5}]","tags":"{\"opening_hours\": \"Mo-Th,Su 11:00-01:00; Fr-Sa 11:00-03:00\", \"outdoor_seating\": \"terrace\"}","marker-color":"#1f78b4"}},
{"type":"Feature","geometry":{"type":"Point","coordinates":[11.69673,48.11504]},"properties":{"id":"poi_n7600531172","name":"Master Wok","kind":"restaurant","at":[48.11504,11.69673],"osm_id":"node/7600531172","open_horizon":false,"views":"[{\"sightline_id\": \"sl_06483183\", \"toward\": \"b\", \"distance_m\": 9.7}]","tags":"{\"cuisine\": \"asian\", \"opening_hours\": \"Mo-Fr 11:00-14:00,17:00-22:30; Sa 16:00-22:30; Su 11:00-22:00\", \"outdoor_seating\": \"no\", \"phone\": \"+49 89 4300365\", \"website\": \"https://www.masterwok.net/\"}","marker-color":"#1f78b4"}},
{"type":"Feature","geometry":{"type":"Point","coordinates":[11.57382,48.16531]},"properties":{"id":"poi_n7619585071","name":"Noppakao","kind":"restaurant","at":[48.16531,11.57382],"osm_id":"node/7619585071","open_horizon":false,"views":"[{\"sightline_id\": \"sl_d6a27724\", \"toward\": \"a\", \"distance_m\": 39.8}, {\"sightline_id\": \"sl_d6a27724\", \"toward\": \"b\", \"distance_m\": 39.8}]","tags":"{\"cuisine\": \"thai\", \"opening_hours\": \"Mo-Fr 11:30-15:00,17:00-22:00; Sa-Su 11:30-22:00\", \"outdoor_seating\": \"yes\"}","marker-color":"#1f78b4"}},
{"type":"Feature","geometry":{"type":"Point","coordinates":[11.57366,48.1604]},"properties":{"id":"poi_n7636771556","name":"Nam's Sushi","kind":"restaurant","at":[48.1604,11.57366],"osm_id":"node/7636771556","open_horizon":false,"views":"[{\"sightline_id\": \"sl_23ae6155\", \"toward\": \"a\", \"distance_m\": 23.5}, {\"sightline_id\": \"sl_8d8d5983\", \"toward\": \"b\", \"distance_m\": 34.6}]","tags":"{\"cuisine\": \"sushi\", \"opening_hours\": \"Mo-Fr 11:00-23:00; Sa 16:00-23:00; Su 14:00-23:00; PH 14:00-23:00\"}","marker-color":"#1f78b4"}},
{"type":"Feature","geometry":{"type":"Point","coordinates":[11.51456,48.10857]},"properties":{"id":"poi_n764651751","name":"Haus des Lächelns","kind":"restaurant","at":[48.10857,11.51456],"osm_id":"node/764651751","open_horizon":false,"views":"[{\"sightline_id\": \"sl_ee721694\", \"toward\": \"a\", \"distance_m\": 10.4}]","tags":"{\"cuisine\": \"asian\", \"opening_hours\": \"Mo-Fr 17:00-02:00, Sa 12:00-24:00, Th 17:00-22:45, Su 12:00-24:00\", \"phone\": \"+49 89 78597888\", \"website\": \"https://www.hausdeslaechelnsmuenchen.de/\"}","marker-color":"#1f78b4"}},
{"type":"Feature","geometry":{"type":"Point","coordinates":[11.47764,48.09542]},"properties":{"id":"poi_n7650298463","name":"Da Giovanni","kind":"restaurant","at":[48.09542,11.47764],"osm_id":"node/7650298463","open_horizon":false,"views":"[{\"sightline_id\": \"sl_986851b7\", \"toward\": \"a\", \"distance_m\": 23.8}, {\"sightline_id\": \"sl_986851b7\", \"toward\": \"b\", \"distance_m\": 23.8}]","tags":"{\"cuisine\": \"pizza\", \"opening_hours\": \"Mo off; Tu 17:30-22:30; We-Sa 12:00-14:30,17:30-22:30; Su,PH 11:30-22:30\", \"phone\": \"+49 89 60019133\", \"website\": \"https://dagiovanni-fuerstenried.de\"}","marker-color":"#1f78b4"}},
{"type":"Feature","geometry":{"type":"Point","coordinates":[11.53478,48.14757]},"properties":{"id":"poi_n765319921","name":"Bollywood","kind":"restaurant","at":[48.14757,11.53478],"osm_id":"node/765319921","open_horizon":false,"views":"[{\"sightline_id\": \"sl_6425cfed\", \"toward\": \"b\", \"distance_m\": 25.4}]","tags":"{\"cuisine\": \"indian\", \"opening_hours\": \"Mo-Fr 11:30-14:30, 17:30-23:00; Sa-Su 17:30-23:00\", \"outdoor_seating\": \"yes\"}","marker-color":"#1f78b4"}},
{"type":"Feature","geometry":{"type":"Point","coordinates":[11.53497,48.14674]},"properties":{"id":"poi_n7720525869","name":"Piacere Nuovo","kind":"restaurant","at":[48.14674,11.53497],"osm_id":"node/7720525869","open_horizon":false,"views":"[{\"sightline_id\": \"sl_6425cfed\", \"toward\": \"b\", \"distance_m\": 21.4}]","tags":"{\"cuisine\": \"italian\", \"opening_hours\": \"Tu-Fr 11:30-14:30, 17:30-22:00\", \"outdoor_seating\": \"yes\", \"phone\": \"+49 1525 1721807\", \"website\": \"https://www.piacere-nuovo.com/\"}","marker-color":"#1f78b4"}},
{"type":"Feature","geometry":{"type":"Point","coordinates":[11.52853,48.09784]},"properties":{"id":"poi_n773013665","name":"Dessi Tadka","kind":"restaurant","at":[48.09784,11.52853],"osm_id":"node/773013665","open_horizon":false,"views":"[{\"sightline_id\": \"sl_e5bbf097\", \"toward\": \"a\", \"distance_m\": 13.1}, {\"sightline_id\": \"sl_e5bbf097\", \"toward\": \"b\", \"distance_m\": 13.1}, {\"sightline_id\": \"sl_f9e5e7c6\", \"toward\": \"a\", \"distance_m\": 35.9}, {\"sightline_id\": \"sl_f9e5e7c6\", \"toward\": \"b\", \"distance_m\": 35.9}]","tags":"{\"cuisine\": \"indian\", \"opening_hours\": \"Mo-Fr 11:30-14:30,17:30-23:00; Sa,Su,PH 17:00-23:00\", \"phone\": \"+49 89 92657430\", \"website\": \"https://dessitadka.com/\"}","marker-color":"#1f78b4"}},
{"type":"Feature","geometry":{"type":"Point","coordinates":[11.52848,48.09776]},"properties":{"id":"poi_n773013666","name":"Harry's","kind":"pub","at":[48.09776,11.52848],"osm_id":"node/773013666","open_horizon":false,"views":"[{\"sightline_id\": \"sl_e5bbf097\", \"toward\": \"a\", \"distance_m\": 11.6}, {\"sightline_id\": \"sl_e5bbf097\", \"toward\": \"b\", \"distance_m\": 11.6}, {\"sightline_id\": \"sl_f9e5e7c6\", \"toward\": \"a\", \"distance_m\": 27.9}, {\"sightline_id\": \"sl_f9e5e7c6\", \"toward\": \"b\", \"distance_m\": 27.9}]","tags":"{\"opening_hours\": \"Mo-Th 16:00-02:00, Fr 16:00-04:00, Sa 15:00-04:00, Su 12:00-02:00\", \"outdoor_seating\": \"yes\"}","marker-color":"#1f78b4"}},
{"type":"Feature","geometry":{"type":"Point","coordinates":[11.5751,48.15802]},"properties":{"id":"poi_n7731153570","name":"Fela","kind":"cafe","at":[48.15802,11.5751],"osm_id":"node/7731153570","open_horizon":false,"views":"[{\"sightline_id\": \"sl_8f7da990\", \"toward\": \"b\", \"distance_m\": 8.1}, {\"sightline_id\": \"sl_8e8aca80\", \"toward\": \"a\", \"distance_m\": 37.0}, {\"sightline_id\": \"sl_8e8aca80\", \"toward\": \"b\", \"distance_m\": 37.0}]","tags":"{\"opening_hours\": \"Tu-Su 11:00-19:00; Mo,PH off\", \"outdoor_seating\": \"sidewalk\"}","marker-color":"#1f78b4"}},
{"type":"Feature","geometry":{"type":"Point","coordinates":[11.53478,48.1498]},"properties":{"id":"poi_n7779203018","name":"Ming","kind":"restaurant","at":[48.1498,11.53478],"osm_id":"node/7779203018","open_horizon":false,"views":"[{\"sightline_id\": \"sl_ce3f5da5\", \"toward\": \"b\", \"distance_m\": 11.2}, {\"sightline_id\": \"sl_34a6801e\", \"toward\": \"a\", \"distance_m\": 13.7}]","tags":"{\"cuisine\": \"chinese\", \"outdoor_seating\": \"yes\"}","marker-color":"#1f78b4"}},
{"type":"Feature","geometry":{"type":"Point","coordinates":[11.57044,48.18951]},"properties":{"id":"poi_n7888187228","name":"Chicco","kind":"cafe","at":[48.18951,11.57044],"osm_id":"node/7888187228","open_horizon":false,"views":"[{\"sightline_id\": \"sl_8ed963a4\", \"toward\": \"a\", \"distance_m\": 8.5}]","tags":"{\"outdoor_seating\": \"no\"}","marker-color":"#1f78b4"}},
{"type":"Feature","geometry":{"type":"Point","coordinates":[11.61923,48.12806]},"properties":{"id":"poi_n7890902645","name":"Ciao Napoli","kind":"restaurant","at":[48.12806,11.61923],"osm_id":"node/7890902645","open_horizon":false,"views":"[{\"sightline_id\": \"sl_37b8102b\", \"toward\": \"a\", \"distance_m\": 30.1}, {\"sightline_id\": \"sl_37b8102b\", \"toward\": \"b\", \"distance_m\": 30.1}]","tags":"{\"cuisine\": \"pizza\", \"opening_hours\": \"Mo-Sa 17:00-22:00; Su 17:00-21:30\", \"outdoor_seating\": \"seasonal\", \"phone\": \"+49 89 43569893\", \"website\": \"https://www.ciaonapoli.de\"}","marker-color":"#1f78b4"}},
{"type":"Feature","geometry":{"type":"Point","coordinates":[11.52412,48.16139]},"properties":{"id":"poi_n790030151","name":"Ristorante Tiziano","kind":"restaurant","at":[48.16139,11.52412],"osm_id":"node/790030151","open_horizon":false,"views":"[{\"sightline_id\": \"sl_46edf5ed\", \"toward\": \"a\", \"distance_m\": 8.4}, {\"sightline_id\": \"sl_46edf5ed\", \"toward\": \"b\", \"distance_m\": 8.4}]","tags":"{\"cuisine\": \"italian\", \"opening_hours\": \"Mo-Th 10:00-15:00; We-Fr 10:00-15:00,18:00-22:00; Sa-Su off\", \"phone\": \"+49 89 14 72 91 00\", \"website\": \"https://ristorante-tiziano.de\"}","marker-color":"#1f78b4"}},
{"type":"Feature","geometry":{"type":"Point","coordinates":[11.52361,48.16125]},"properties":{"id":"poi_n790030180","name":"Gerner Café","kind":"cafe","at":[48.16125,11.52361],"osm_id":"node/790030180","open_horizon":false,"views":"[{\"sightline_id\": \"sl_46edf5ed\", \"toward\": \"a\", \"distance_m\": 32.8}, {\"sightline_id\": \"sl_46edf5ed\", \"toward\": \"b\", \"distance_m\": 32.8}]","tags":"{}","marker-color":"#1f78b4"}},
{"type":"Feature","geometry":{"type":"Point","coordinates":[11.5263,48.08047]},"properties":{"id":"poi_n7933848673","name":"Idee e complimenti","kind":"cafe","at":[48.08047,11.5263],"osm_id":"node/7933848673","open_horizon":false,"views":"[{\"sightline_id\": \"sl_69004fc9\", \"toward\": \"a\", \"distance_m\": 12.7}]","tags":"{\"opening_hours\": \"Mo-Fr 10:00-18:30; Sa 10:00-18:00\", \"outdoor_seating\": \"no\", \"phone\": \"+49 89 75984972\", \"website\": \"https://www.idee-e-complementi.de\"}","marker-color":"#1f78b4"}},
{"type":"Feature","geometry":{"type":"Point","coordinates":[11.53944,48.13294]},"properties":{"id":"poi_n793849345","name":"Die Leckerei","kind":"cafe","at":[48.13294,11.53944],"osm_id":"node/793849345","open_horizon":false,"views":"[{\"sightline_id\": \"sl_80678b5a\", \"toward\": \"a\", \"distance_m\": 12.1}, {\"sightline_id\": \"sl_80678b5a\", \"toward\": \"b\", \"distance_m\": 12.1}]","tags":"{\"cuisine\": \"ice_cream\", \"opening_hours\": \"Mo-Fr 11:00-18:00+; Sa,Su,PH 12:00-18:00+; \\\"bei schönem Wetter bis 20:00\\\"\", \"outdoor_seating\": \"no\"}","marker-color":"#1f78b4"}},
{"type":"Feature","geometry":{"type":"Point","coordinates":[11.55999,48.13009]},"properties":{"id":"poi_n7943129285","name":"Oanh 65","kind":"restaurant","at":[48.13009,11.55999],"osm_id":"node/7943129285","open_horizon":false,"views":"[{\"sightline_id\": \"sl_e8d3e711\", \"toward\": \"a\", \"distance_m\": 10.6}, {\"sightline_id\": \"sl_e8d3e711\", \"toward\": \"b\", \"distance_m\": 10.6}]","tags":"{\"cuisine\": \"vietnamese\", \"opening_hours\": \"PH,Mo-Fr 11:30-15:00,17:30-23:00; Sa,Su 17:30-23:00\", \"outdoor_seating\": \"no\"}","marker-color":"#1f78b4"}},
{"type":"Feature","geometry":{"type":"Point","coordinates":[11.57611,48.12822]},"properties":{"id":"poi_n7945609270","name":"Chi Thu","kind":"restaurant","at":[48.12822,11.57611],"osm_id":"node/7945609270","open_horizon":false,"views":"[{\"sightline_id\": \"sl_609c344a\", \"toward\": \"b\", \"distance_m\": 13.3}, {\"sightline_id\": \"sl_195c0dd2\", \"toward\": \"b\", \"distance_m\": 23.2}, {\"sightline_id\": \"sl_387fb7e3\", \"toward\": \"a\", \"distance_m\": 36.7}]","tags":"{\"cuisine\": \"vietnamese\", \"opening_hours\": \"Mo-Su 11:00-21:30\", \"outdoor_seating\": \"yes\", \"phone\": \"+49 89 18 95 06 99\", \"website\": \"https://chithu.de/\"}","marker-color":"#1f78b4"}},
{"type":"Feature","geometry":{"type":"Point","coordinates":[11.69667,48.1146]},"properties":{"id":"poi_n798525437","name":"Pizzeria Mamma Mia","kind":"restaurant","at":[48.1146,11.69667],"osm_id":"node/798525437","open_horizon":false,"views":"[{\"sightline_id\": \"sl_06483183\", \"toward\": \"b\", \"distance_m\": 34.7}]","tags":"{\"cuisine\": \"italian\", \"opening_hours\": \"Mo off; Tu-Su 11:30-14:00,17:30-22:00; Aug 14-Sep 08 off\", \"outdoor_seating\": \"yes\", \"phone\": \"+49 89 4303204\", \"website\": \"https://www.pizzeria-mammamia.de/\"}","marker-color":"#1f78b4"}},
{"type":"Feature","geometry":{"type":"Point","coordinates":[11.55579,48.12034]},"properties":{"id":"poi_n799737501","name":"Zur Gruam","kind":"bar","at":[48.12034,11.55579],"osm_id":"node/799737501","open_horizon":false,"views":"[{\"sightline_id\": \"sl_d3ff10ba\", \"toward\": \"a\", \"distance_m\": 3.6}]","tags":"{\"opening_hours\": \"Th 20:00-04:30; Fr 22:00-06:00; Sa 22:00-06:00\"}","marker-color":"#1f78b4"}},
{"type":"Feature","geometry":{"type":"Point","coordinates":[11.57261,48.11548]},"properties":{"id":"poi_n8013748075","name":"Le Kitchen","kind":"restaurant","at":[48.11548,11.57261],"osm_id":"node/8013748075","open_horizon":false,"views":"[{\"sightline_id\": \"sl_d1309d08\", \"toward\": \"a\", \"distance_m\": 10.9}, {\"sightline_id\": \"sl_d1309d08\", \"toward\": \"b\", \"distance_m\": 10.9}]","tags":"{\"cuisine\": \"vietnamese;hawaiian;fusion\", \"opening_hours\": \"Su,PH 17:00-21:00; Mo-Fr 11:00-22:00; Sa off\", \"phone\": \"+49 89 67 97 37 41\"}","marker-color":"#1f78b4"}},
{"type":"Feature","geometry":{"type":"Point","coordinates":[11.48956,48.17668]},"properties":{"id":"poi_n802468332","name":"Corretto","kind":"restaurant","at":[48.17668,11.48956],"osm_id":"node/802468332","open_horizon":false,"views":"[{\"sightline_id\": \"sl_736c32ae\", \"toward\": \"a\", \"distance_m\": 24.1}, {\"sightline_id\": \"sl_b6d35dcf\", \"toward\": \"a\", \"distance_m\": 39.0}, {\"sightline_id\": \"sl_b6d35dcf\", \"toward\": \"b\", \"distance_m\": 39.0}]","tags":"{\"cuisine\": \"italian\", \"opening_hours\": \"Tu-Su 11:30-24:00\", \"outdoor_seating\": \"yes\", \"phone\": \"+49 89 143 48 148\", \"website\": \"https://pizzeria-corretto.de\"}","marker-color":"#1f78b4"}},
{"type":"Feature","geometry":{"type":"Point","coordinates":[11.64044,48.15029]},"properties":{"id":"poi_n8081493371","name":"Ngon Soulfood","kind":"restaurant","at":[48.15029,11.64044],"osm_id":"node/8081493371","open_horizon":false,"views":"[{\"sightline_id\": \"sl_63d537d8\", \"toward\": \"a\", \"distance_m\": 33.2}]","tags":"{\"cuisine\": \"sushi;vietnamese\", \"opening_hours\": \"Mo-Fr,Su 11:30-15:00,17:30-22:00; PH 17:00-22:00\", \"phone\": \"+49 89 9258 5060\"}","marker-color":"#1f78b4"}},
{"type":"Feature","geometry":{"type":"Point","coordinates":[11.57411,48.15091]},"properties":{"id":"poi_n8113005448","name":"Lezizel Manti","kind":"restaurant","at":[48.15091,11.57411],"osm_id":"node/8113005448","open_horizon":false,"views":"[{\"sightline_id\": \"sl_1c73e5a8\", \"toward\": \"a\", \"distance_m\": 10.0}, {\"sightline_id\": \"sl_1c73e5a8\", \"toward\": \"b\", \"distance_m\": 10.0}]","tags":"{\"cuisine\": \"turkish\", \"opening_hours\": \"Mo-Th 11:00-22:00, Fr 11:00-23:00, Sa 12:00-23:00, Su 14:00-21:00\", \"outdoor_seating\": \"yes\"}","marker-color":"#1f78b4"}},
{"type":"Feature","geometry":{"type":"Point","coordinates":[11.59538,48.1097]},"properties":{"id":"poi_n812351814","name":"Eiscafé Verona","kind":"ice_cream","at":[48.1097,11.59538],"osm_id":"node/812351814","open_horizon":false,"views":"[{\"sightline_id\": \"sl_5aaa36d4\", \"toward\": \"a\", \"distance_m\": 30.3}]","tags":"{\"opening_hours\": \"\\\"öffnet erst am 14.01.2022 wieder\\\"\", \"outdoor_seating\": \"yes\"}","marker-color":"#1f78b4"}},
{"type":"Feature","geometry":{"type":"Point","coordinates":[11.53352,48.11304]},"properties":{"id":"poi_n8138745792","name":"NGON Sushi & Vietnamese Streetfood","kind":"restaurant","at":[48.11304,11.53352],"osm_id":"node/8138745792","open_horizon":false,"views":"[{\"sightline_id\": \"sl_ef53d5b6\", \"toward\": \"a\", \"distance_m\": 25.5}, {\"sightline_id\": \"sl_ef53d5b6\", \"toward\": \"b\", \"distance_m\": 25.5}]","tags":"{\"cuisine\": \"vietnamese;sushi\", \"opening_hours\": \"Mo-Su 11:00-14:00,17:00-21:00\", \"outdoor_seating\": \"yes\", \"phone\": \"+49 89 954 401 55\", \"website\": \"https://ngon-delivery.de/\"}","marker-color":"#1f78b4"}},
{"type":"Feature","geometry":{"type":"Point","coordinates":[11.54822,48.15916]},"properties":{"id":"poi_n8176199560","name":"Flower","kind":"cafe","at":[48.15916,11.54822],"osm_id":"node/8176199560","open_horizon":false,"views":"[{\"sightline_id\": \"sl_4cac06f4\", \"toward\": \"a\", \"distance_m\": 37.7}, {\"sightline_id\": \"sl_4cac06f4\", \"toward\": \"b\", \"distance_m\": 37.7}]","tags":"{\"opening_hours\": \"Mo 10:00-15:00; Tu-Fr 10:00-18:00; Su 12:00-18:00\", \"outdoor_seating\": \"terrace\"}","marker-color":"#1f78b4"}},
{"type":"Feature","geometry":{"type":"Point","coordinates":[11.51986,48.09449]},"properties":{"id":"poi_n817839061","name":"Taverne Kyano","kind":"restaurant","at":[48.09449,11.51986],"osm_id":"node/817839061","open_horizon":false,"views":"[{\"sightline_id\": \"sl_37290f52\", \"toward\": \"a\", \"distance_m\": 24.7}]","tags":"{\"cuisine\": \"greek\", \"opening_hours\": \"Mo, Fr-Sa 18:00-00:00; Tu-Th 11:30-14:30, 18:00-00:00\", \"outdoor_seating\": \"no\", \"phone\": \"+49 89 7849964\", \"website\": \"https://www.kyano.eu\"}","marker-color":"#1f78b4"}},
{"type":"Feature","geometry":{"type":"Point","coordinates":[11.53475,48.12161]},"properties":{"id":"poi_n821285561","name":"Don Café","kind":"bar","at":[48.12161,11.53475],"osm_id":"node/821285561","open_horizon":false,"views":"[{\"sightline_id\": \"sl_82210eb0\", \"toward\": \"a\", \"distance_m\": 14.3}, {\"sightline_id\": \"sl_82210eb0\", \"toward\": \"b\", \"distance_m\": 14.3}]","tags":"{\"opening_hours\": \"Mo-Th 09:00-22:00; Fr-Sa 09:00-02:00\"}","marker-color":"#1f78b4"}},
{"type":"Feature","geometry":{"type":"Point","coordinates":[11.53473,48.12153]},"properties":{"id":"poi_n821963359","name":"Theamo","kind":"cafe","at":[48.12153,11.53473],"osm_id":"node/821963359","open_horizon":false,"views":"[{\"sightline_id\": \"sl_82210eb0\", \"toward\": \"a\", \"distance_m\": 14.4}, {\"sightline_id\": \"sl_82210eb0\", \"toward\": \"b\", \"distance_m\": 14.4}]","tags":"{\"cuisine\": \"cake;coffee_shop\", \"opening_hours\": \"10:00-18:00\", \"outdoor_seating\": \"yes\"}","marker-color":"#1f78b4"}},
{"type":"Feature","geometry":{"type":"Point","coordinates":[11.51698,48.11835]},"properties":{"id":"poi_n822815495","name":"Romina´s","kind":"pub","at":[48.11835,11.51698],"osm_id":"node/822815495","open_horizon":false,"views":"[{\"sightline_id\": \"sl_5a71c4ba\", \"toward\": \"b\", \"distance_m\": 22.1}]","tags":"{\"opening_hours\": \"Mo-Fr 16:00-01:00, Sa,PH 18:00-01:00\", \"outdoor_seating\": \"yes\", \"website\": \"https://www.rominas.de/\"}","marker-color":"#1f78b4"}},
{"type":"Feature","geometry":{"type":"Point","coordinates":[11.57516,48.14815]},"properties":{"id":"poi_n8262909771","name":"The Italian Shot","kind":"restaurant","at":[48.14815,11.57516],"osm_id":"node/8262909771","open_horizon":false,"views":"[{\"sightline_id\": \"sl_6a30d50e\", \"toward\": \"a\", \"distance_m\": 9.7}, {\"sightline_id\": \"sl_6a30d50e\", \"toward\": \"b\", \"distance_m\": 9.7}]","tags":"{\"cuisine\": \"italian\", \"opening_hours\": \"Mo-Su 12:00-01:00\", \"outdoor_seating\": \"yes\"}","marker-color":"#1f78b4"}},
{"type":"Feature","geometry":{"type":"Point","coordinates":[11.54565,48.13921]},"properties":{"id":"poi_n82772298","name":"Augustiner Bräustuben","kind":"restaurant","at":[48.13921,11.54565],"osm_id":"node/82772298","open_horizon":false,"views":"[{\"sightline_id\": \"sl_620ca713\", \"toward\": \"b\", \"distance_m\": 19.6}]","tags":"{\"cuisine\": \"bavarian\", \"opening_hours\": \"Mo-Su 10:00-24:00\", \"outdoor_seating\": \"roof\"}","marker-color":"#1f78b4"}},
{"type":"Feature","geometry":{"type":"Point","coordinates":[11.53494,48.14695]},"properties":{"id":"poi_n82772299","name":"Peaches","kind":"restaurant","at":[48.14695,11.53494],"osm_id":"node/82772299","open_horizon":false,"views":"[{\"sightline_id\": \"sl_6425cfed\", \"toward\": \"b\", \"distance_m\": 23.5}]","tags":"{\"cuisine\": \"american\", \"opening_hours\": \"Mo-Su 18:00-01:00\", \"outdoor_seating\": \"yes\"}","marker-color":"#1f78b4"}},
{"type":"Feature","geometry":{"type":"Point","coordinates":[11.52905,48.15727]},"properties":{"id":"poi_n831220695","name":"Ristorante ROMANS","kind":"restaurant","at":[48.15727,11.52905],"osm_id":"node/831220695","open_horizon":false,"views":"[{\"sightline_id\": \"sl_d7b715ae\", \"toward\": \"a\", \"distance_m\": 21.1}]","tags":"{\"cuisine\": \"italian;mediterranean\", \"opening_hours\": \"Mo-Su 11:30-01:00\", \"outdoor_seating\": \"yes\"}","marker-color":"#1f78b4"}},
{"type":"Feature","geometry":{"type":"Point","coordinates":[11.51118,48.1582]},"properties":{"id":"poi_n835352291","name":"backspielhaus","kind":"cafe","at":[48.1582,11.51118],"osm_id":"node/835352291","open_horizon":false,"views":"[{\"sightline_id\": \"sl_31206593\", \"toward\": \"a\", \"distance_m\": 7.8}, {\"sightline_id\": \"sl_31206593\", \"toward\": \"b\", \"distance_m\": 7.8}, {\"sightline_id\": \"sl_cc413763\", \"toward\": \"a\", \"distance_m\": 36.2}, {\"sightline_id\": \"sl_cc413763\", \"toward\": \"b\", \"distance_m\": 36.2}, {\"sightline_id\": \"f_nymphenburg_canal\", \"toward\": \"a\", \"distance_m\": 36.3}, {\"sightline_id\": \"f_nymphenburg_canal\", \"toward\": \"b\", \"distance_m\": 36.3}]","tags":"{\"opening_hours\": \"Mo-Sa 06:30-18:00, Sa,Su,PH 08:00-18:00\", \"outdoor_seating\": \"yes\"}","marker-color":"#1f78b4"}},
{"type":"Feature","geometry":{"type":"Point","coordinates":[11.51248,48.15584]},"properties":{"id":"poi_n835352662","name":"Espressothek","kind":"cafe","at":[48.15584,11.51248],"osm_id":"node/835352662","open_horizon":false,"views":"[{\"sightline_id\": \"sl_7f0bc00b\", \"toward\": \"b\", \"distance_m\": 0.9}, {\"sightline_id\": \"sl_65fbf5ce\", \"toward\": \"b\", \"distance_m\": 24.5}]","tags":"{\"opening_hours\": \"Mo-Fr 08:00-17:00\"}","marker-color":"#1f78b4"}},
{"type":"Feature","geometry":{"type":"Point","coordinates":[11.52914,48.11691]},"properties":{"id":"poi_n8388278158","name":"Asia in Sendling","kind":"restaurant","at":[48.11691,11.52914],"osm_id":"node/8388278158","open_horizon":false,"views":"[{\"sightline_id\": \"sl_155df846\", \"toward\": \"a\", \"distance_m\": 22.1}]","tags":"{\"cuisine\": \"asian\", \"opening_hours\": \"Mo-Fr,Su 11:00-21:00\", \"phone\": \"+49 89 74367940\", \"website\": \"https://www.asia-in-sendling.de/\"}","marker-color":"#1f78b4"}},
{"type":"Feature","geometry":{"type":"Point","coordinates":[11.61232,48.13854]},"properties":{"id":"poi_n8401596017","name":"Luitpold & Auguste","kind":"cafe","at":[48.13854,11.61232],"osm_id":"node/8401596017","open_horizon":false,"views":"[{\"sightline_id\": \"sl_6a653de2\", \"toward\": \"b\", \"distance_m\": 23.1}, {\"sightline_id\": \"sl_81ec7953\", \"toward\": \"a\", \"distance_m\": 28.7}]","tags":"{\"cuisine\": \"bavarian;italian\", \"opening_hours\": \"Mo-Fr 11:00-19:00; Sa 09:00-18:00\", \"phone\": \"+49 89 54800022\", \"website\": \"https://luitpoldundauguste.de/\"}","marker-color":"#1f78b4"}},
{"type":"Feature","geometry":{"type":"Point","coordinates":[11.57422,48.14731]},"properties":{"id":"poi_n8423105095","name":"Bici Bavarese","kind":"cafe","at":[48.14731,11.57422],"osm_id":"node/8423105095","open_horizon":false,"views":"[{\"sightline_id\": \"sl_b3216b45\", \"toward\": \"a\", \"distance_m\": 18.6}]","tags":"{\"outdoor_seating\": \"yes\"}","marker-color":"#1f78b4"}},
{"type":"Feature","geometry":{"type":"Point","coordinates":[11.56244,48.10525]},"properties":{"id":"poi_n843257169","name":"Ciccio'S Tavernetta Italiana","kind":"restaurant","at":[48.10525,11.56244],"osm_id":"node/843257169","open_horizon":false,"views":"[{\"sightline_id\": \"sl_3bf4253a\", \"toward\": \"b\", \"distance_m\": 27.1}]","tags":"{\"cuisine\": \"italian;pizza\", \"opening_hours\": \"Tu-Fr 11:30-14:30, Tu-Sa 18:00-22:30, Su 11:30-22:00\", \"phone\": \"+498980035899\"}","marker-color":"#1f78b4"}},
{"type":"Feature","geometry":{"type":"Point","coordinates":[11.54046,48.14991]},"properties":{"id":"poi_n843782171","name":"Butter","kind":"cafe","at":[48.14991,11.54046],"osm_id":"node/843782171","open_horizon":false,"views":"[{\"sightline_id\": \"sl_ad00ce9a\", \"toward\": \"a\", \"distance_m\": 13.0}, {\"sightline_id\": \"sl_ad00ce9a\", \"toward\": \"b\", \"distance_m\": 13.0}]","tags":"{\"opening_hours\": \"Mo-Fr 08:00-17:00; Sa,Su off\", \"outdoor_seating\": \"yes\"}","marker-color":"#1f78b4"}},
{"type":"Feature","geometry":{"type":"Point","coordinates":[11.53642,48.15076]},"properties":{"id":"poi_n843796241","name":"Traffic Bar","kind":"restaurant","at":[48.15076,11.53642],"osm_id":"node/843796241","open_horizon":false,"views":"[{\"sightline_id\": \"sl_457750b8\", \"toward\": \"a\", \"distance_m\": 15.3}, {\"sightline_id\": \"sl_457750b8\", \"toward\": \"b\", \"distance_m\": 15.3}]","tags":"{\"cuisine\": \"sandwich\", \"opening_hours\": \"We-Sa 19:00-00:00\"}","marker-color":"#1f78b4"}},
{"type":"Feature","geometry":{"type":"Point","coordinates":[11.53564,48.15188]},"properties":{"id":"poi_n843810307","name":"Maui","kind":"restaurant","at":[48.15188,11.53564],"osm_id":"node/843810307","open_horizon":false,"views":"[{\"sightline_id\": \"sl_ca87492e\", \"toward\": \"b\", \"distance_m\": 23.7}]","tags":"{\"cuisine\": \"hawaiian;asian\", \"opening_hours\": \"Mo-Fr 11:30-14:30,18:00-23:00; Sa,Su,PH 18:00-23:00\", \"outdoor_seating\": \"yes\", \"phone\": \"+49 89 18923188\", \"website\": \"https://maui-restaurant.de/am-rotkreuzplatz\"}","marker-color":"#1f78b4"}},
{"type":"Feature","geometry":{"type":"Point","coordinates":[11.55344,48.13739]},"properties":{"id":"poi_n844696052","name":"Zur Festwiese","kind":"restaurant","at":[48.13739,11.55344],"osm_id":"node/844696052","open_horizon":false,"views":"[{\"sightline_id\": \"sl_d3d5ebce\", \"toward\": \"a\", \"distance_m\": 20.3}, {\"sightline_id\": \"sl_d3d5ebce\", \"toward\": \"b\", \"distance_m\": 20.3}]","tags":"{\"cuisine\": \"bavarian\", \"opening_hours\": \"Mo-Fr 12:00-23:00; Sa 17:00-23:00\"}","marker-color":"#1f78b4"}},
{"type":"Feature","geometry":{"type":"Point","coordinates":[11.53864,48.13566]},"properties":{"id":"poi_n8476685724","name":"Cafe Spatz","kind":"cafe","at":[48.13566,11.53864],"osm_id":"node/8476685724","open_horizon":false,"views":"[{\"sightline_id\": \"sl_b96d5c9c\", \"toward\": \"a\", \"distance_m\": 14.2}]","tags":"{\"opening_hours\": \"We-Su 10:00-17:00; Mo,Tu off\", \"outdoor_seating\": \"yes\"}","marker-color":"#1f78b4"}},
{"type":"Feature","geometry":{"type":"Point","coordinates":[11.66077,48.12247]},"properties":{"id":"poi_n8603357678","name":"Il Sommelier","kind":"restaurant","at":[48.12247,11.66077],"osm_id":"node/8603357678","open_horizon":false,"views":"[{\"sightline_id\": \"sl_c0850d00\", \"toward\": \"a\", \"distance_m\": 29.8}, {\"sightline_id\": \"sl_c0850d00\", \"toward\": \"b\", \"distance_m\": 29.8}]","tags":"{\"cuisine\": \"italian\", \"opening_hours\": \"Mo,Tu 11:30-14:30, 17:30-22:30; We-Sa 17:30-22:30; Su,PH off\", \"outdoor_seating\": \"yes\", \"phone\": \"+49 89 51471202\", \"website\": \"https://www.ilsommelier.de/\"}","marker-color":"#1f78b4"}},
{"type":"Feature","geometry":{"type":"Point","coordinates":[11.58877,48.10079]},"properties":{"id":"poi_n8618685063","name":"Toro Burger","kind":"restaurant","at":[48.10079,11.58877],"osm_id":"node/8618685063","open_horizon":false,"views":"[{\"sightline_id\": \"sl_e5827524\", \"toward\": \"a\", \"distance_m\": 19.1}, {\"sightline_id\": \"sl_e5827524\", \"toward\": \"b\", \"distance_m\": 19.1}]","tags":"{\"opening_hours\": \"Mo off; Tu-Fr 11:00-14:00,17:00-22:00; Sa 15:00-21:45; Su 14:00-21:45\", \"website\": \"https://toroburger.de/\"}","marker-color":"#1f78b4"}},
{"type":"Feature","geometry":{"type":"Point","coordinates":[11.56008,48.14449]},"properties":{"id":"poi_n863195681","name":"Bento Ya","kind":"restaurant","at":[48.14449,11.56008],"osm_id":"node/863195681","open_horizon":false,"views":"[{\"sightline_id\": \"sl_229e7580\", \"toward\": \"a\", \"distance_m\": 8.9}]","tags":"{\"cuisine\": \"japanese\", \"opening_hours\": \"Mo-Fr 11:00-15:00,17:00-22:00; Sa,Su,PH 17:00-22:00\", \"outdoor_seating\": \"sidewalk\", \"phone\": \"+49 89 5155 6699\", \"website\": \"http://www.bentoya-muenchen.de/\"}","marker-color":"#1f78b4"}},
{"type":"Feature","geometry":{"type":"Point","coordinates":[11.55987,48.14513]},"properties":{"id":"poi_n863197109","name":"Nonna's Matcha","kind":"cafe","at":[48.14513,11.55987],"osm_id":"node/863197109","open_horizon":false,"views":"[{\"sightline_id\": \"sl_92fc0adb\", \"toward\": \"a\", \"distance_m\": 7.4}, {\"sightline_id\": \"sl_92fc0adb\", \"toward\": \"b\", \"distance_m\": 7.4}, {\"sightline_id\": \"sl_229e7580\", \"toward\": \"a\", \"distance_m\": 33.6}]","tags":"{\"outdoor_seating\": \"yes\"}","marker-color":"#1f78b4"}},
{"type":"Feature","geometry":{"type":"Point","coordinates":[11.56012,48.14454]},"properties":{"id":"poi_n863198198","name":"Zitronengras","kind":"restaurant","at":[48.14454,11.56012],"osm_id":"node/863198198","open_horizon":false,"views":"[{\"sightline_id\": \"sl_229e7580\", \"toward\": \"a\", \"distance_m\": 9.0}]","tags":"{\"cuisine\": \"thai\", \"opening_hours\": \"Mo-Fr 11:00-22:00; Sa-Su 12:00-22:00\", \"outdoor_seating\": \"yes\", \"phone\": \"+49 89 59068028\"}","marker-color":"#1f78b4"}},
{"type":"Feature","geometry":{"type":"Point","coordinates":[11.5593,48.14548]},"properties":{"id":"poi_n863214083","name":"Zum Steg","kind":"restaurant","at":[48.14548,11.5593],"osm_id":"node/863214083","open_horizon":false,"views":"[{\"sightline_id\": \"sl_92fc0adb\", \"toward\": \"a\", \"distance_m\": 26.5}, {\"sightline_id\": \"sl_92fc0adb\", \"toward\": \"b\", \"distance_m\": 26.5}]","tags":"{\"cuisine\": \"regional\", \"opening_hours\": \"Mo-Fr 14:00-21:00, Sa,Su,PH 11:00-16:00\"}","marker-color":"#1f78b4"}},
{"type":"Feature","geometry":{"type":"Point","coordinates":[11.55912,48.14315]},"properties":{"id":"poi_n863216609","name":"Vi Vadi","kind":"restaurant","at":[48.14315,11.55912],"osm_id":"node/863216609","open_horizon":false,"views":"[{\"sightline_id\": \"sl_76e2b5ac\", \"toward\": \"b\", \"distance_m\": 19.7}]","tags":"{\"cuisine\": \"italian\", \"opening_hours\": \"Mo-Sa 11:30-23:30; Su 17:00-23:30\", \"phone\": \"+49 89 54506767\", \"website\": \"https://www.vivadi.de/\"}","marker-color":"#1f78b4"}},
{"type":"Feature","geometry":{"type":"Point","coordinates":[11.57731,48.13983]},"properties":{"id":"poi_n863560075","name":"Spatenhaus an der Oper","kind":"restaurant","at":[48.13983,11.57731],"osm_id":"node/863560075","open_horizon":false,"views":"[{\"sightline_id\": \"sl_0ef924b1\", \"toward\": \"a\", \"distance_m\": 30.6}]","tags":"{\"cuisine\": \"german;regional\", \"opening_hours\": \"Mo-Su 09:30-00:30\", \"outdoor_seating\": \"yes\", \"phone\": \"+49 89 2907060\", \"website\": \"https://www.kuffler.de/de/spatenhaus/\"}","marker-color":"#1f78b4"}},
{"type":"Feature","geometry":{"type":"Point","coordinates":[11.50248,48.12724]},"properties":{"id":"poi_n864352581","name":"My Stolz - The Burger Boss","kind":"restaurant","at":[48.12724,11.50248],"osm_id":"node/864352581","open_horizon":false,"views":"[{\"sightline_id\": \"sl_e4608dbb\", \"toward\": \"a\", \"distance_m\": 10.5}, {\"sightline_id\": \"sl_e4608dbb\", \"toward\": \"b\", \"distance_m\": 10.5}]","tags":"{\"cuisine\": \"burger\", \"opening_hours\": \"Mo-Su 17:00-22:45\", \"outdoor_seating\": \"no\", \"website\": \"https://mystolzz.de/\"}","marker-color":"#1f78b4"}},
{"type":"Feature","geometry":{"type":"Point","coordinates":[11.53519,48.1374]},"properties":{"id":"poi_n864660696","name":"Eiscafé Florenz","kind":"ice_cream","at":[48.1374,11.53519],"osm_id":"node/864660696","open_horizon":false,"views":"[{\"sightline_id\": \"sl_074c52fc\", \"toward\": \"a\", \"distance_m\": 12.1}]","tags":"{\"cuisine\": \"ice_cream\", \"opening_hours\": \"10:00-18:30 \\\"Winter\\\"; 10:30-22:30 \\\"Sommer\\\"\", \"phone\": \"+491629491845\"}","marker-color":"#1f78b4"}},
{"type":"Feature","geometry":{"type":"Point","coordinates":[11.56268,48.13133]},"properties":{"id":"poi_n871098511","name":"Tribu Café Bar Lounge","kind":"cafe","at":[48.13133,11.56268],"osm_id":"node/871098511","open_horizon":false,"views":"[{\"sightline_id\": \"sl_e8d3e711\", \"toward\": \"a\", \"distance_m\": 13.7}, {\"sightline_id\": \"sl_e8d3e711\", \"toward\": \"b\", \"distance_m\": 13.7}]","tags":"{\"opening_hours\": \"Mo-Th 09:00-01:00, Fr 09:00-03:00, Sa 11:30-05:00, Su 11:30-01:00\"}","marker-color":"#1f78b4"}},
{"type":"Feature","geometry":{"type":"Point","coordinates":[11.60538,48.12569]},"properties":{"id":"poi_n8722741037","name":"Guatemuc","kind":"restaurant","at":[48.12569,11.60538],"osm_id":"node/8722741037","open_horizon":false,"views":"[{\"sightline_id\": \"sl_a09e2abc\", \"toward\": \"a\", \"distance_m\": 30.8}, {\"sightline_id\": \"sl_a09e2abc\", \"toward\": \"b\", \"distance_m\": 30.8}]","tags":"{\"cuisine\": \"guatemalan\", \"opening_hours\": \"Mo-We 10:00-16:00; Sa, Su, PH off; Th 10:00-22:00; Fr 10:00-23:00\", \"outdoor_seating\": \"yes\", \"phone\": \"+49 89 4132295\", \"website\": \"https://www.guatemuc.de/\"}","marker-color":"#1f78b4"}},
{"type":"Feature","geometry":{"type":"Point","coordinates":[11.5108,48.1582]},"properties":{"id":"poi_n874287512","name":"Cafe und Bar Schreibwaren am Schloß","kind":"cafe","at":[48.1582,11.5108],"osm_id":"node/874287512","open_horizon":false,"views":"[{\"sightline_id\": \"sl_31206593\", \"toward\": \"a\", \"distance_m\": 5.7}, {\"sightline_id\": \"sl_cc413763\", \"toward\": \"a\", \"distance_m\": 34.1}, {\"sightline_id\": \"sl_cc413763\", \"toward\": \"b\", \"distance_m\": 34.1}, {\"sightline_id\": \"f_nymphenburg_canal\", \"toward\": \"a\", \"distance_m\": 34.2}, {\"sightline_id\": \"f_nymphenburg_canal\", \"toward\": \"b\", \"distance_m\": 34.2}]","tags":"{\"cuisine\": \"local\", \"opening_hours\": \"Sa,Su 10:00-18:00; Mo-Fr 13:00-18:00\", \"outdoor_seating\": \"yes\", \"phone\": \"+49 89 66663074\", \"website\": \"https://schreibwarenamschloss.eatbu.com\"}","marker-color":"#1f78b4"}},
{"type":"Feature","geometry":{"type":"Point","coordinates":[11.54369,48.10369]},"properties":{"id":"poi_n8827314763","name":"A Casa Tua","kind":"restaurant","at":[48.10369,11.54369],"osm_id":"node/8827314763","open_horizon":false,"views":"[{\"sightline_id\": \"sl_ae31ff3c\", \"toward\": \"a\", \"distance_m\": 16.9}, {\"sightline_id\": \"sl_ae31ff3c\", \"toward\": \"b\", \"distance_m\": 16.9}]","tags":"{\"cuisine\": \"italian\", \"opening_hours\": \"Mo-Tu 10:30-22:30, Th-Sa 10:30-22:30, Su 11:00-22:30\", \"outdoor_seating\": \"no\", \"phone\": \"+4915127987421\", \"website\": \"https://acasatua.de/\"}","marker-color":"#1f78b4"}},
{"type":"Feature","geometry":{"type":"Point","coordinates":[11.58075,48.11617]},"properties":{"id":"poi_n883115925","name":"Café Drilling","kind":"cafe","at":[48.11617,11.58075],"osm_id":"node/883115925","open_horizon":false,"views":"[{\"sightline_id\": \"sl_defc3d30\", \"toward\": \"b\", \"distance_m\": 8.1}]","tags":"{\"cuisine\": \"pastry\", \"opening_hours\": \"Mo-Fr 04:00-18:30; Sa 04:00-18:30; Su,PH 05:00-16:30\", \"outdoor_seating\": \"yes\"}","marker-color":"#1f78b4"}},
{"type":"Feature","geometry":{"type":"Point","coordinates":[11.62002,48.19175]},"properties":{"id":"poi_n8837084348","name":"Anna's","kind":"cafe","at":[48.19175,11.62002],"osm_id":"node/8837084348","open_horizon":false,"views":"[{\"sightline_id\": \"sl_6eba18ed\", \"toward\": \"a\", \"distance_m\": 6.8}, {\"sightline_id\": \"sl_6eba18ed\", \"toward\": \"b\", \"distance_m\": 6.8}]","tags":"{\"opening_hours\": \"Mo-Fr 07:00-18:00; Sa 07:00-14:00; Su 08:00-12:00\"}","marker-color":"#1f78b4"}},
{"type":"Feature","geometry":{"type":"Point","coordinates":[11.46785,48.14594]},"properties":{"id":"poi_n8841562103","name":"Cafe Sports Bar Koukou","kind":"bar","at":[48.14594,11.46785],"osm_id":"node/8841562103","open_horizon":false,"views":"[{\"sightline_id\": \"sl_9466a8e6\", \"toward\": \"a\", \"distance_m\": 20.5}, {\"sightline_id\": \"sl_9466a8e6\", \"toward\": \"b\", \"distance_m\": 20.5}]","tags":"{}","marker-color":"#1f78b4"}},
{"type":"Feature","geometry":{"type":"Point","coordinates":[11.58125,48.13364]},"properties":{"id":"poi_n8863468760","name":"AIVI Eatery","kind":"restaurant","at":[48.13364,11.58125],"osm_id":"node/8863468760","open_horizon":false,"views":"[{\"sightline_id\": \"sl_609c344a\", \"toward\": \"a\", \"distance_m\": 31.4}]","tags":"{\"cuisine\": \"sushi;vietnamese\", \"opening_hours\": \"Mo-Fr 12:00-15:00,18:00-22:00; Sa 18:00-23:00\", \"outdoor_seating\": \"sidewalk\", \"phone\": \"+49 89 55263752\", \"website\": \"https://aivi-eatery.com/\"}","marker-color":"#1f78b4"}},
{"type":"Feature","geometry":{"type":"Point","coordinates":[11.54379,48.1507]},"properties":{"id":"poi_n8926006080","name":"Die Mercerie","kind":"cafe","at":[48.1507,11.54379],"osm_id":"node/8926006080","open_horizon":false,"views":"[{\"sightline_id\": \"sl_ca87492e\", \"toward\": \"a\", \"distance_m\": 26.4}, {\"sightline_id\": \"sl_ca87492e\", \"toward\": \"b\", \"distance_m\": 26.4}]","tags":"{\"opening_hours\": \"Tu,We 11:00-16:00; Th,Fr 11:00-18:30; Sa 10:00-14:00; PH off\", \"outdoor_seating\": \"yes\", \"phone\": \"+49 89 12003316\", \"website\": \"https://diemercerie.com\"}","marker-color":"#1f78b4"}},
{"type":"Feature","geometry":{"type":"Point","coordinates":[11.56142,48.12777]},"properties":{"id":"poi_n893781226","name":"Taverna Melina Merkouri","kind":"restaurant","at":[48.12777,11.56142],"osm_id":"node/893781226","open_horizon":false,"views":"[{\"sightline_id\": \"sl_d7ed4de6\", \"toward\": \"a\", \"distance_m\": 20.3}, {\"sightline_id\": \"sl_d7ed4de6\", \"toward\": \"b\", \"distance_m\": 20.3}]","tags":"{\"cuisine\": \"greek\", \"opening_hours\": \"Mo-Su 17:00-01:00\", \"outdoor_seating\": \"yes\"}","marker-color":"#1f78b4"}},
{"type":"Feature","geometry":{"type":"Point","coordinates":[11.54285,48.1587]},"properties":{"id":"poi_n8968816646","name":"Boogie Donuts & Coffee","kind":"restaurant","at":[48.1587,11.54285],"osm_id":"node/8968816646","open_horizon":false,"views":"[{\"sightline_id\": \"sl_e440dfbc\", \"toward\": \"a\", \"distance_m\": 10.8}]","tags":"{\"cuisine\": \"donut;coffee_shop\", \"opening_hours\": \"Mo off; Tu-Fr 08:00-18:00, Sa 09:00-18:00; Su,PH 09:00-21:00\", \"phone\": \"+49 176 636417 85\", \"website\": \"https://www.boogiedonuts.com/\"}","marker-color":"#1f78b4"}},
{"type":"Feature","geometry":{"type":"Point","coordinates":[11.53785,48.13968]},"properties":{"id":"poi_n897739278","name":"Servus Heidi","kind":"restaurant","at":[48.13968,11.53785],"osm_id":"node/897739278","open_horizon":false,"views":"[{\"sightline_id\": \"sl_e21752a2\", \"toward\": \"b\", \"distance_m\": 12.5}, {\"sightline_id\": \"sl_620ca713\", \"toward\": \"a\", \"distance_m\": 24.9}, {\"sightline_id\": \"sl_620ca713\", \"toward\": \"b\", \"distance_m\": 24.9}]","tags":"{\"cuisine\": \"bavarian\", \"opening_hours\": \"Tu-Sa 17:00-23:00\", \"website\": \"https://www.servusheidi.de/\"}","marker-color":"#1f78b4"}},
{"type":"Feature","geometry":{"type":"Point","coordinates":[11.53894,48.15162]},"properties":{"id":"poi_n899304420","name":"Il Galeone","kind":"restaurant","at":[48.15162,11.53894],"osm_id":"node/899304420","open_horizon":false,"views":"[{\"sightline_id\": \"sl_ca87492e\", \"toward\": \"a\", \"distance_m\": 21.8}, {\"sightline_id\": \"sl_ca87492e\", \"toward\": \"b\", \"distance_m\": 21.8}]","tags":"{\"cuisine\": \"italian\", \"opening_hours\": \"Mo-Su 11:00-00:00\", \"outdoor_seating\": \"yes\"}","marker-color":"#1f78b4"}},
{"type":"Feature","geometry":{"type":"Point","coordinates":[11.55671,48.14264]},"properties":{"id":"poi_n900474236","name":"Shakespeare","kind":"bar","at":[48.14264,11.55671],"osm_id":"node/900474236","open_horizon":false,"views":"[{\"sightline_id\": \"sl_4aad668f\", \"toward\": \"b\", \"distance_m\": 11.2}, {\"sightline_id\": \"sl_0be9c815\", \"toward\": \"a\", \"distance_m\": 23.0}]","tags":"{\"opening_hours\": \"Su,Mo-Th 12:00-01:00; Fr-Sa 12:00-03:00\", \"outdoor_seating\": \"yes\"}","marker-color":"#1f78b4"}},
{"type":"Feature","geometry":{"type":"Point","coordinates":[11.57719,48.14983]},"properties":{"id":"poi_n9021654317","name":"Pretty Pizza","kind":"restaurant","at":[48.14983,11.57719],"osm_id":"node/9021654317","open_horizon":false,"views":"[{\"sightline_id\": \"sl_1c73e5a8\", \"toward\": \"a\", \"distance_m\": 11.4}, {\"sightline_id\": \"sl_1c73e5a8\", \"toward\": \"b\", \"distance_m\": 11.4}]","tags":"{\"cuisine\": \"pizza\", \"opening_hours\": \"Mo-Th 17:00-22:00; Fr 17:00-23:00; Sa 12:00-23:00; Su 16:00-21:00\", \"outdoor_seating\": \"yes\", \"website\": \"https://pretty.pizza/\"}","marker-color":"#1f78b4"}},
{"type":"Feature","geometry":{"type":"Point","coordinates":[11.52024,48.0725]},"properties":{"id":"poi_n903650188","name":"Sidhartha","kind":"restaurant","at":[48.0725,11.52024],"osm_id":"node/903650188","open_horizon":false,"views":"[{\"sightline_id\": \"sl_7aa49adc\", \"toward\": \"b\", \"distance_m\": 15.0}, {\"sightline_id\": \"sl_17d654c2\", \"toward\": \"b\", \"distance_m\": 24.7}]","tags":"{\"cuisine\": \"indian\", \"opening_hours\": \"Mo-Su 11:30-14:30,17:30-23:30\", \"outdoor_seating\": \"yes\"}","marker-color":"#1f78b4"}},
{"type":"Feature","geometry":{"type":"Point","coordinates":[11.57469,48.14807]},"properties":{"id":"poi_n9039134472","name":"Morso Museo","kind":"cafe","at":[48.14807,11.57469],"osm_id":"node/9039134472","open_horizon":false,"views":"[{\"sightline_id\": \"sl_6a30d50e\", \"toward\": \"a\", \"distance_m\": 12.2}, {\"sightline_id\": \"sl_6a30d50e\", \"toward\": \"b\", \"distance_m\": 12.2}, {\"sightline_id\": \"sl_b3216b45\", \"toward\": \"a\", \"distance_m\": 16.5}, {\"sightline_id\": \"sl_b3216b45\", \"toward\": \"b\", \"distance_m\": 16.5}]","tags":"{\"opening_hours\": \"Mo-Su 08:00-20:00\", \"outdoor_seating\": \"yes\"}","marker-color":"#1f78b4"}},
{"type":"Feature","geometry":{"type":"Point","coordinates":[11.56257,48.13756]},"properties":{"id":"poi_n9116892499","name":"Millenium","kind":"restaurant","at":[48.13756,11.56257],"osm_id":"node/9116892499","open_horizon":false,"views":"[{\"sightline_id\": \"sl_d3d5ebce\", \"toward\": \"a\", \"distance_m\": 10.5}, {\"sightline_id\": \"sl_d3d5ebce\", \"toward\": \"b\", \"distance_m\": 10.5}]","tags":"{\"cuisine\": \"burger;american;pasta;italian\", \"opening_hours\": \"Su-We 11:00-02:00, Th-Fr 11:00-03:00, Sa 14:30-02:00\", \"outdoor_seating\": \"yes\"}","marker-color":"#1f78b4"}},
{"type":"Feature","geometry":{"type":"Point","coordinates":[11.55929,48.14859]},"properties":{"id":"poi_n9130179904","name":"Philoma Spielcenter","kind":"bar","at":[48.14859,11.55929],"osm_id":"node/9130179904","open_horizon":false,"views":"[{\"sightline_id\": \"sl_d1452881\", \"toward\": \"b\", \"distance_m\": 6.1}]","tags":"{}","marker-color":"#1f78b4"}},
{"type":"Feature","geometry":{"type":"Point","coordinates":[11.55932,48.14869]},"properties":{"id":"poi_n9130199918","name":"Bar14","kind":"bar","at":[48.14869,11.55932],"osm_id":"node/9130199918","open_horizon":false,"views":"[{\"sightline_id\": \"sl_d1452881\", \"toward\": \"b\", \"distance_m\": 5.9}]","tags":"{}","marker-color":"#1f78b4"}},
{"type":"Feature","geometry":{"type":"Point","coordinates":[11.46286,48.13629]},"properties":{"id":"poi_n915648908","name":"Franzz","kind":"restaurant","at":[48.13629,11.46286],"osm_id":"node/915648908","open_horizon":false,"views":"[{\"sightline_id\": \"sl_c43688ed\", \"toward\": \"b\", \"distance_m\": 23.3}]","tags":"{\"cuisine\": \"bavarian\", \"opening_hours\": \"Mo-Sa 17:00-01:00; Su,PH 12:00-23:00\", \"outdoor_seating\": \"yes\"}","marker-color":"#1f78b4"}},
{"type":"Feature","geometry":{"type":"Point","coordinates":[11.57084,48.14666]},"properties":{"id":"poi_n9171206417","name":"naum","kind":"cafe","at":[48.14666,11.57084],"osm_id":"node/9171206417","open_horizon":false,"views":"[{\"sightline_id\": \"sl_c6924d7e\", \"toward\": \"a\", \"distance_m\": 18.6}, {\"sightline_id\": \"sl_c6924d7e\", \"toward\": \"b\", \"distance_m\": 18.6}, {\"sightline_id\": \"sl_cfd8afe9\", \"toward\": \"a\", \"distance_m\": 21.6}, {\"sightline_id\": \"sl_cfd8afe9\", \"toward\": \"b\", \"distance_m\": 21.6}]","tags":"{\"opening_hours\": \"Mo-Fr 11:00-03:00\"}","marker-color":"#1f78b4"}},
{"type":"Feature","geometry":{"type":"Point","coordinates":[11.58079,48.15168]},"properties":{"id":"poi_n9199499628","name":"Mama Bao","kind":"restaurant","at":[48.15168,11.58079],"osm_id":"node/9199499628","open_horizon":false,"views":"[{\"sightline_id\": \"sl_950d235f\", \"toward\": \"b\", \"distance_m\": 11.1}]","tags":"{\"cuisine\": \"chinese\", \"opening_hours\": \"Mo-Su 11:30-21:00\", \"outdoor_seating\": \"yes\"}","marker-color":"#1f78b4"}},
{"type":"Feature","geometry":{"type":"Point","coordinates":[11.60018,48.12001]},"properties":{"id":"poi_n9223300411","name":"Messer & Gabel","kind":"cafe","at":[48.12001,11.60018],"osm_id":"node/9223300411","open_horizon":false,"views":"[{\"sightline_id\": \"sl_7f41d7bf\", \"toward\": \"a\", \"distance_m\": 30.4}]","tags":"{\"opening_hours\": \"Mo-Fr 07:30-14:00\", \"outdoor_seating\": \"yes\", \"phone\": \"+49 89 51519240\", \"website\": \"https://www.messerundgabel.info/\"}","marker-color":"#1f78b4"}},
{"type":"Feature","geometry":{"type":"Point","coordinates":[11.57403,48.15671]},"properties":{"id":"poi_n9233307560","name":"Casa Sarda","kind":"restaurant","at":[48.15671,11.57403],"osm_id":"node/9233307560","open_horizon":false,"views":"[{\"sightline_id\": \"sl_4143d534\", \"toward\": \"a\", \"distance_m\": 34.4}]","tags":"{\"cuisine\": \"italian\", \"opening_hours\": \"Tu-We,Sa 09:00-17:00; Th-Fr 09:00-18:00\"}","marker-color":"#1f78b4"}},
{"type":"Feature","geometry":{"type":"Point","coordinates":[11.54597,48.15895]},"properties":{"id":"poi_n9239333704","name":"Gabi's Stüberl","kind":"bar","at":[48.15895,11.54597],"osm_id":"node/9239333704","open_horizon":false,"views":"[{\"sightline_id\": \"sl_2457b661\", \"toward\": \"a\", \"distance_m\": 13.5}]","tags":"{\"opening_hours\": \"Mo-Sa 16:00-22:00\"}","marker-color":"#1f78b4"}},
{"type":"Feature","geometry":{"type":"Point","coordinates":[11.54575,48.15883]},"properties":{"id":"poi_n9239347044","name":"Restaurant Poseidon","kind":"restaurant","at":[48.15883,11.54575],"osm_id":"node/9239347044","open_horizon":false,"views":"[{\"sightline_id\": \"sl_2457b661\", \"toward\": \"a\", \"distance_m\": 13.9}]","tags":"{\"cuisine\": \"greek\", \"opening_hours\": \"Mo-Fr 11:00-15:00,17:00-24:00; Sa-Su 11:00-24:00\"}","marker-color":"#1f78b4"}},
{"type":"Feature","geometry":{"type":"Point","coordinates":[11.52424,48.198]},"properties":{"id":"poi_n924395088","name":"Indian Village","kind":"restaurant","at":[48.198,11.52424],"osm_id":"node/924395088","open_horizon":false,"views":"[{\"sightline_id\": \"sl_309f6ade\", \"toward\": \"b\", \"distance_m\": 8.0}]","tags":"{\"cuisine\": \"indian\", \"opening_hours\": \"Tu-Su 11:30-14:30, 17:30-23:00\", \"outdoor_seating\": \"yes\"}","marker-color":"#1f78b4"}},
{"type":"Feature","geometry":{"type":"Point","coordinates":[11.57146,48.13606]},"properties":{"id":"poi_n9253041473","name":"Cole & Porter","kind":"cafe","at":[48.13606,11.57146],"osm_id":"node/9253041473","open_horizon":false,"views":"[{\"sightline_id\": \"sl_57c2a20c\", \"toward\": \"a\", \"distance_m\": 35.3}]","tags":"{\"opening_hours\": \"Mo-Sa 10:00-01:00\", \"outdoor_seating\": \"yes\", \"phone\": \"+49 89 81893854\", \"website\": \"https://www.coleandporter.de/\"}","marker-color":"#1f78b4"}},
{"type":"Feature","geometry":{"type":"Point","coordinates":[11.42348,48.14306]},"properties":{"id":"poi_n9253337969","name":null,"kind":"ice_cream","at":[48.14306,11.42348],"osm_id":"node/9253337969","open_horizon":false,"views":"[{\"sightline_id\": \"sl_5ca808b8\", \"toward\": \"a\", \"distance_m\": 30.3}, {\"sightline_id\": \"sl_5ca808b8\", \"toward\": \"b\", \"distance_m\": 30.3}, {\"sightline_id\": \"sl_03c4e1ac\", \"toward\": \"b\", \"distance_m\": 33.6}]","tags":"{}","marker-color":"#1f78b4"}},
{"type":"Feature","geometry":{"type":"Point","coordinates":[11.42346,48.14313]},"properties":{"id":"poi_n9253337970","name":null,"kind":"restaurant","at":[48.14313,11.42346],"osm_id":"node/9253337970","open_horizon":false,"views":"[{\"sightline_id\": \"sl_5ca808b8\", \"toward\": \"a\", \"distance_m\": 37.5}, {\"sightline_id\": \"sl_5ca808b8\", \"toward\": \"b\", \"distance_m\": 37.5}, {\"sightline_id\": \"sl_03c4e1ac\", \"toward\": \"b\", \"distance_m\": 39.9}]","tags":"{\"cuisine\": \"pizza\"}","marker-color":"#1f78b4"}},
{"type":"Feature","geometry":{"type":"Point","coordinates":[11.55435,48.12778]},"properties":{"id":"poi_n9278452149","name":"coffeemamas","kind":"cafe","at":[48.12778,11.55435],"osm_id":"node/9278452149","open_horizon":false,"views":"[{\"sightline_id\": \"sl_e8d3e711\", \"toward\": \"a\", \"distance_m\": 20.3}]","tags":"{\"opening_hours\": \"Mo-Fr 07:00-19:00; Sa 09:00-18:00; PH,Su off\", \"outdoor_seating\": \"yes\", \"phone\": \"+49 89 20328287\", \"website\": \"https://www.coffeemamas.de/\"}","marker-color":"#1f78b4"}},
{"type":"Feature","geometry":{"type":"Point","coordinates":[11.57743,48.1473]},"properties":{"id":"poi_n935378547","name":"Tamarind","kind":"restaurant","at":[48.1473,11.57743],"osm_id":"node/935378547","open_horizon":false,"views":"[{\"sightline_id\": \"sl_6a30d50e\", \"toward\": \"a\", \"distance_m\": 12.9}, {\"sightline_id\": \"sl_6a30d50e\", \"toward\": \"b\", \"distance_m\": 12.9}]","tags":"{\"cuisine\": \"indian\"}","marker-color":"#1f78b4"}},
{"type":"Feature","geometry":{"type":"Point","coordinates":[11.5764,48.14754]},"properties":{"id":"poi_n935378572","name":"SAM Sushi and Meat","kind":"restaurant","at":[48.14754,11.5764],"osm_id":"node/935378572","open_horizon":false,"views":"[{\"sightline_id\": \"sl_6a30d50e\", \"toward\": \"a\", \"distance_m\": 17.7}, {\"sightline_id\": \"sl_6a30d50e\", \"toward\": \"b\", \"distance_m\": 17.7}, {\"sightline_id\": \"sl_1932a3df\", \"toward\": \"a\", \"distance_m\": 20.7}, {\"sightline_id\": \"sl_1932a3df\", \"toward\": \"b\", \"distance_m\": 20.7}]","tags":"{\"cuisine\": \"japanese\", \"opening_hours\": \"Sa,Su 13:00-23:30; Mo-Fr 11:30-14:00,17:00-23:30\", \"outdoor_seating\": \"yes\", \"website\": \"https://www.sushiandmeat.de/\"}","marker-color":"#1f78b4"}},
{"type":"Feature","geometry":{"type":"Point","coordinates":[11.57456,48.16466]},"properties":{"id":"poi_n939254240","name":"THU","kind":"restaurant","at":[48.16466,11.57456],"osm_id":"node/939254240","open_horizon":false,"views":"[{\"sightline_id\": \"sl_d6a27724\", \"toward\": \"a\", \"distance_m\": 8.6}, {\"sightline_id\": \"sl_d6a27724\", \"toward\": \"b\", \"distance_m\": 8.6}, {\"sightline_id\": \"sl_8fd21a02\", \"toward\": \"a\", \"distance_m\": 13.8}, {\"sightline_id\": \"sl_79d740de\", \"toward\": \"a\", \"distance_m\": 34.9}]","tags":"{\"cuisine\": \"vietnamese\", \"opening_hours\": \"Mo-Sa 11:30-14:30; Mo-Th, Su 18:30-23:30; Fr-Sa 18:30-01:00\"}","marker-color":"#1f78b4"}},
{"type":"Feature","geometry":{"type":"Point","coordinates":[11.57789,48.14535]},"properties":{"id":"poi_n9393341025","name":"Zento","kind":"restaurant","at":[48.14535,11.57789],"osm_id":"node/9393341025","open_horizon":false,"views":"[{\"sightline_id\": \"sl_b85ceeef\", \"toward\": \"b\", \"distance_m\": 13.4}, {\"sightline_id\": \"sl_8e7da035\", \"toward\": \"b\", \"distance_m\": 16.4}]","tags":"{\"cuisine\": \"japanese;sushi\", \"opening_hours\": \"Mo-Fr 11:30-15:00,17:30-23:00; Sa-Su 17:30-23:00\", \"outdoor_seating\": \"yes\"}","marker-color":"#1f78b4"}},
{"type":"Feature","geometry":{"type":"Point","coordinates":[11.57849,48.14524]},"properties":{"id":"poi_n9394410992","name":"Bar Uno","kind":"bar","at":[48.14524,11.57849],"osm_id":"node/9394410992","open_horizon":false,"views":"[{\"sightline_id\": \"sl_b85ceeef\", \"toward\": \"b\", \"distance_m\": 10.2}, {\"sightline_id\": \"sl_8e7da035\", \"toward\": \"b\", \"distance_m\": 16.0}, {\"sightline_id\": \"sl_f3a8c413\", \"toward\": \"a\", \"distance_m\": 24.4}, {\"sightline_id\": \"sl_cb83222e\", \"toward\": \"b\", \"distance_m\": 31.1}]","tags":"{\"opening_hours\": \"Mo-Fr 07:30-00:00; Sa 16:00-24:00\", \"outdoor_seating\": \"yes\"}","marker-color":"#1f78b4"}},
{"type":"Feature","geometry":{"type":"Point","coordinates":[11.49825,48.13185]},"properties":{"id":"poi_n939517986","name":"Zum Aindorfer","kind":"restaurant","at":[48.13185,11.49825],"osm_id":"node/939517986","open_horizon":false,"views":"[{\"sightline_id\": \"sl_7c52fb91\", \"toward\": \"a\", \"distance_m\": 26.1}, {\"sightline_id\": \"sl_7c52fb91\", \"toward\": \"b\", \"distance_m\": 26.1}]","tags":"{\"cuisine\": \"regional\", \"opening_hours\": \"Tu-Su 11:00-22:00\", \"phone\": \"+49 89 1588 4600\", \"website\": \"https://www.zumaindorfer.de/\"}","marker-color":"#1f78b4"}},
{"type":"Feature","geometry":{"type":"Point","coordinates":[11.50906,48.13505]},"properties":{"id":"poi_n939518026","name":"Gasthaus Gotthardgarten","kind":"restaurant","at":[48.13505,11.50906],"osm_id":"node/939518026","open_horizon":false,"views":"[{\"sightline_id\": \"sl_5b62f8dd\", \"toward\": \"a\", \"distance_m\": 13.3}, {\"sightline_id\": \"sl_46fdf0f5\", \"toward\": \"a\", \"distance_m\": 22.0}, {\"sightline_id\": \"sl_46fdf0f5\", \"toward\": \"b\", \"distance_m\": 22.0}, {\"sightline_id\": \"sl_aa294838\", \"toward\": \"a\", \"distance_m\": 27.1}]","tags":"{\"cuisine\": \"regional\", \"opening_hours\": \"Fr-We 11:00-23:00; Th off\", \"outdoor_seating\": \"yes\", \"website\": \"https://gotthardgarten.de/\"}","marker-color":"#1f78b4"}},
{"type":"Feature","geometry":{"type":"Point","coordinates":[11.50312,48.12781]},"properties":{"id":"poi_n939518069","name":"Firenze","kind":"restaurant","at":[48.12781,11.50312],"osm_id":"node/939518069","open_horizon":false,"views":"[{\"sightline_id\": \"sl_e4608dbb\", \"toward\": \"a\", \"distance_m\": 36.1}, {\"sightline_id\": \"sl_e4608dbb\", \"toward\": \"b\", \"distance_m\": 36.1}]","tags":"{\"cuisine\": \"italian\", \"opening_hours\": \"Mo-Sa 11:30-14:30,17:00-23:30; Su 11:30-23:30\", \"outdoor_seating\": \"yes\", \"phone\": \"+49 89 568818\"}","marker-color":"#1f78b4"}},
{"type":"Feature","geometry":{"type":"Point","coordinates":[11.51152,48.1349]},"properties":{"id":"poi_n939575069","name":"Restaurant Martin","kind":"restaurant","at":[48.1349,11.51152],"osm_id":"node/939575069","open_horizon":false,"views":"[{\"sightline_id\": \"sl_aa294838\", \"toward\": \"a\", \"distance_m\": 19.5}, {\"sightline_id\": \"sl_aa294838\", \"toward\": \"b\", \"distance_m\": 19.5}, {\"sightline_id\": \"sl_a241a747\", \"toward\": \"b\", \"distance_m\": 31.4}]","tags":"{\"cuisine\": \"balkan\", \"opening_hours\": \"Mo-Su 12:00-23:00\", \"outdoor_seating\": \"yes\"}","marker-color":"#1f78b4"}},
{"type":"Feature","geometry":{"type":"Point","coordinates":[11.57101,48.15531]},"properties":{"id":"poi_n9403416601","name":"Restaurant Epikur","kind":"restaurant","at":[48.15531,11.57101],"osm_id":"node/9403416601","open_horizon":false,"views":"[{\"sightline_id\": \"sl_f1c85e2a\", \"toward\": \"a\", \"distance_m\": 16.5}, {\"sightline_id\": \"sl_f1c85e2a\", \"toward\": \"b\", \"distance_m\": 16.5}]","tags":"{\"cuisine\": \"greek\", \"opening_hours\": \"Mo-Sa 17:00-01:00\", \"outdoor_seating\": \"sidewalk\"}","marker-color":"#1f78b4"}},
{"type":"Feature","geometry":{"type":"Point","coordinates":[11.47879,48.11343]},"properties":{"id":"poi_n944526768","name":"Konditorei Widmann","kind":"cafe","at":[48.11343,11.47879],"osm_id":"node/944526768","open_horizon":false,"views":"[{\"sightline_id\": \"sl_59cc5316\", \"toward\": \"b\", \"distance_m\": 22.1}]","tags":"{\"opening_hours\": \"Mo-Sa 09:00-18:00; Su,PH 10:00-18:00; Jan 01: off; Dec 24,Dec 31: 09:00-12:00; Dec 25-28: off\", \"outdoor_seating\": \"yes\", \"phone\": \"+49 89 714 64 09\", \"website\": \"https://www.konditorei-widmann.de/konditorei/\"}","marker-color":"#1f78b4"}},
{"type":"Feature","geometry":{"type":"Point","coordinates":[11.57713,48.12923]},"properties":{"id":"poi_n945913069","name":"Baader Cafe","kind":"cafe","at":[48.12923,11.57713],"osm_id":"node/945913069","open_horizon":false,"views":"[{\"sightline_id\": \"sl_609c344a\", \"toward\": \"b\", \"distance_m\": 8.5}]","tags":"{\"cuisine\": \"breakfast;coffee_shop;german\", \"opening_hours\": \"Mo-Su 09:30-01:00\", \"outdoor_seating\": \"yes\"}","marker-color":"#1f78b4"}},
{"type":"Feature","geometry":{"type":"Point","coordinates":[11.52425,48.13365]},"properties":{"id":"poi_n9473424979","name":"Backstube Wünsche","kind":"cafe","at":[48.13365,11.52425],"osm_id":"node/9473424979","open_horizon":false,"views":"[{\"sightline_id\": \"sl_b2731e2f\", \"toward\": \"b\", \"distance_m\": 22.1}, {\"sightline_id\": \"sl_886568a1\", \"toward\": \"a\", \"distance_m\": 38.8}]","tags":"{\"opening_hours\": \"Mo-Sa 07:00-20:00\", \"outdoor_seating\": \"no\"}","marker-color":"#1f78b4"}},
{"type":"Feature","geometry":{"type":"Point","coordinates":[11.54726,48.12101]},"properties":{"id":"poi_n9492811962","name":"Bistro Goldstäbchen","kind":"restaurant","at":[48.12101,11.54726],"osm_id":"node/9492811962","open_horizon":false,"views":"[{\"sightline_id\": \"sl_2a7f3b60\", \"toward\": \"b\", \"distance_m\": 11.4}]","tags":"{\"cuisine\": \"asian\", \"opening_hours\": \"Mo-Fr 11:00-14:30,17:00-22:30; Sa 17:00-22:30; Su,PH 12:00-22:30\"}","marker-color":"#1f78b4"}},
{"type":"Feature","geometry":{"type":"Point","coordinates":[11.59561,48.10259]},"properties":{"id":"poi_n9521174909","name":"St. Benno Einkehr","kind":"restaurant","at":[48.10259,11.59561],"osm_id":"node/9521174909","open_horizon":false,"views":"[{\"sightline_id\": \"sl_e5827524\", \"toward\": \"a\", \"distance_m\": 25.9}]","tags":"{\"opening_hours\": \"Tu-Su 10:00-23:00; Mo off\", \"outdoor_seating\": \"yes\", \"phone\": \"+49 89 6900855\"}","marker-color":"#1f78b4"}},
{"type":"Feature","geometry":{"type":"Point","coordinates":[11.54487,48.15834]},"properties":{"id":"poi_n9525021230","name":"News","kind":"pub","at":[48.15834,11.54487],"osm_id":"node/9525021230","open_horizon":false,"views":"[{\"sightline_id\": \"sl_2457b661\", \"toward\": \"a\", \"distance_m\": 12.1}, {\"sightline_id\": \"sl_2457b661\", \"toward\": \"b\", \"distance_m\": 12.1}]","tags":"{}","marker-color":"#1f78b4"}},
{"type":"Feature","geometry":{"type":"Point","coordinates":[11.54633,48.15915]},"properties":{"id":"poi_n9525021231","name":"Sushi Live","kind":"restaurant","at":[48.15915,11.54633],"osm_id":"node/9525021231","open_horizon":false,"views":"[{\"sightline_id\": \"sl_2457b661\", \"toward\": \"a\", \"distance_m\": 15.2}]","tags":"{\"cuisine\": \"sushi\", \"opening_hours\": \"Tu-Su 11:00-15:00,17:00-22:30\", \"outdoor_seating\": \"yes\"}","marker-color":"#1f78b4"}},
{"type":"Feature","geometry":{"type":"Point","coordinates":[11.5092,48.0946]},"properties":{"id":"poi_n9530794023","name":"Via Veneto","kind":"ice_cream","at":[48.0946,11.5092],"osm_id":"node/9530794023","open_horizon":false,"views":"[{\"sightline_id\": \"sl_37290f52\", \"toward\": \"a\", \"distance_m\": 19.8}, {\"sightline_id\": \"sl_37290f52\", \"toward\": \"b\", \"distance_m\": 19.8}]","tags":"{\"outdoor_seating\": \"yes\"}","marker-color":"#1f78b4"}},
{"type":"Feature","geometry":{"type":"Point","coordinates":[11.59314,48.1286]},"properties":{"id":"poi_n9535445621","name":"Rio Filmcafé","kind":"cafe","at":[48.1286,11.59314],"osm_id":"node/9535445621","open_horizon":false,"views":"[{\"sightline_id\": \"sl_6ae91f6a\", \"toward\": \"a\", \"distance_m\": 35.7}]","tags":"{\"opening_hours\": \"Fr,Sa 18:00-02:00, Su-Th 18:00-01:00\", \"outdoor_seating\": \"yes\"}","marker-color":"#1f78b4"}},
{"type":"Feature","geometry":{"type":"Point","coordinates":[11.56303,48.17091]},"properties":{"id":"poi_n955166804","name":"Lerchentreff","kind":"restaurant","at":[48.17091,11.56303],"osm_id":"node/955166804","open_horizon":false,"views":"[{\"sightline_id\": \"sl_4e422412\", \"toward\": \"a\", \"distance_m\": 33.2}, {\"sightline_id\": \"sl_4e422412\", \"toward\": \"b\", \"distance_m\": 33.2}]","tags":"{\"cuisine\": \"bavarian\", \"opening_hours\": \"Tu-Sa 15:00-23:00; Su 14:00-18:00\", \"outdoor_seating\": \"yes\"}","marker-color":"#1f78b4"}},
{"type":"Feature","geometry":{"type":"Point","coordinates":[11.55249,48.18549]},"properties":{"id":"poi_n9566158380","name":"Il Vesuvio","kind":"restaurant","at":[48.18549,11.55249],"osm_id":"node/9566158380","open_horizon":false,"views":"[{\"sightline_id\": \"sl_2b9a506c\", \"toward\": \"a\", \"distance_m\": 19.0}, {\"sightline_id\": \"sl_2b9a506c\", \"toward\": \"b\", \"distance_m\": 19.0}]","tags":"{\"cuisine\": \"pizza\", \"opening_hours\": \"Tu-Fr 11:30-14:30,17:00-24:00; Sa 16:00-24:00; Su 12:00-24:00\", \"phone\": \"+49 89 80929081\", \"website\": \"https://ilvesuvio.de/\"}","marker-color":"#1f78b4"}},
{"type":"Feature","geometry":{"type":"Point","coordinates":[11.65792,48.12346]},"properties":{"id":"poi_n9581301293","name":"Feinkost Caffè Italia","kind":"cafe","at":[48.12346,11.65792],"osm_id":"node/9581301293","open_horizon":false,"views":"[{\"sightline_id\": \"sl_d89ba4d8\", \"toward\": \"a\", \"distance_m\": 17.7}, {\"sightline_id\": \"sl_d89ba4d8\", \"toward\": \"b\", \"distance_m\": 17.7}, {\"sightline_id\": \"sl_c0850d00\", \"toward\": \"a\", \"distance_m\": 26.7}, {\"sightline_id\": \"sl_c0850d00\", \"toward\": \"b\", \"distance_m\": 26.7}]","tags":"{\"cuisine\": \"italian\", \"opening_hours\": \"Mo,Th,Fr 07:30-18:30; Su,PH 09:00-15:00; Tu,We off\", \"outdoor_seating\": \"yes\"}","marker-color":"#1f78b4"}},
{"type":"Feature","geometry":{"type":"Point","coordinates":[11.5599,48.14251]},"properties":{"id":"poi_n9590332357","name":"Bufet | Bier & Wurst","kind":"pub","at":[48.14251,11.5599],"osm_id":"node/9590332357","open_horizon":false,"views":"[{\"sightline_id\": \"sl_76e2b5ac\", \"toward\": \"b\", \"distance_m\": 21.5}]","tags":"{\"opening_hours\": \"Mo-Sa 18:00-01:00\"}","marker-color":"#1f78b4"}},
{"type":"Feature","geometry":{"type":"Point","coordinates":[11.55364,48.1446]},"properties":{"id":"poi_n9628947269","name":null,"kind":"cafe","at":[48.1446,11.55364],"osm_id":"node/9628947269","open_horizon":false,"views":"[{\"sightline_id\": \"sl_993f46be\", \"toward\": \"a\", \"distance_m\": 9.4}, {\"sightline_id\": \"sl_993f46be\", \"toward\": \"b\", \"distance_m\": 9.4}, {\"sightline_id\": \"sl_76e2b5ac\", \"toward\": \"a\", \"distance_m\": 18.2}, {\"sightline_id\": \"sl_76e2b5ac\", \"toward\": \"b\", \"distance_m\": 18.2}]","tags":"{}","marker-color":"#1f78b4"}},
{"type":"Feature","geometry":{"type":"Point","coordinates":[11.57535,48.14811]},"properties":{"id":"poi_n965038459","name":"Coeur","kind":"bar","at":[48.14811,11.57535],"osm_id":"node/965038459","open_horizon":false,"views":"[{\"sightline_id\": \"sl_6a30d50e\", \"toward\": \"a\", \"distance_m\": 10.6}, {\"sightline_id\": \"sl_6a30d50e\", \"toward\": \"b\", \"distance_m\": 10.6}]","tags":"{\"cuisine\": \"italian\", \"opening_hours\": \"We-Su 16:00-24:00\", \"outdoor_seating\": \"yes\"}","marker-color":"#1f78b4"}},
{"type":"Feature","geometry":{"type":"Point","coordinates":[11.61378,48.15547]},"properties":{"id":"poi_n9656402104","name":"Alba Trattoria","kind":"restaurant","at":[48.15547,11.61378],"osm_id":"node/9656402104","open_horizon":false,"views":"[{\"sightline_id\": \"sl_cc881bb8\", \"toward\": \"b\", \"distance_m\": 24.0}]","tags":"{\"cuisine\": \"italian\", \"opening_hours\": \"Mo-Fr 12:00-14:30,18:00-23:00; Sa 18:00-23:00; Su,PH off\", \"outdoor_seating\": \"yes\", \"phone\": \"+49 89 985353\", \"website\": \"https://alba-trattoria.9gg.de/\"}","marker-color":"#1f78b4"}},
{"type":"Feature","geometry":{"type":"Point","coordinates":[11.50264,48.13305]},"properties":{"id":"poi_n967218687","name":"Chagiya","kind":"restaurant","at":[48.13305,11.50264],"osm_id":"node/967218687","open_horizon":false,"views":"[{\"sightline_id\": \"sl_e4608dbb\", \"toward\": \"a\", \"distance_m\": 10.6}, {\"sightline_id\": \"sl_e4608dbb\", \"toward\": \"b\", \"distance_m\": 10.6}, {\"sightline_id\": \"sl_99a8cc71\", \"toward\": \"a\", \"distance_m\": 29.9}]","tags":"{\"cuisine\": \"korean;asian;grill\", \"opening_hours\": \"Mo-Su 17:30-23:00; Sa-Su 12:00-15:00\", \"outdoor_seating\": \"yes\", \"website\": \"https://www.chagiya-grill.de\"}","marker-color":"#1f78b4"}},
{"type":"Feature","geometry":{"type":"Point","coordinates":[11.50003,48.13979]},"properties":{"id":"poi_n967333872","name":"Potlatsch","kind":"restaurant","at":[48.13979,11.50003],"osm_id":"node/967333872","open_horizon":false,"views":"[{\"sightline_id\": \"sl_fa2505e7\", \"toward\": \"a\", \"distance_m\": 9.2}, {\"sightline_id\": \"sl_fa2505e7\", \"toward\": \"b\", \"distance_m\": 9.2}, {\"sightline_id\": \"sl_7b2c610b\", \"toward\": \"b\", \"distance_m\": 14.1}]","tags":"{\"cuisine\": \"greek\", \"opening_hours\": \"Mo-Sa 17:00-24:00, Su,PH 12:00-24:00\", \"outdoor_seating\": \"no\", \"phone\": \"+49 89 58978191\", \"website\": \"https://potlatsch-muenchen.de/\"}","marker-color":"#1f78b4"}},
{"type":"Feature","geometry":{"type":"Point","coordinates":[11.57514,48.14328]},"properties":{"id":"poi_n9674784117","name":"Aimy","kind":"restaurant","at":[48.14328,11.57514],"osm_id":"node/9674784117","open_horizon":false,"views":"[{\"sightline_id\": \"sl_bd0ac71e\", \"toward\": \"a\", \"distance_m\": 22.7}]","tags":"{\"cuisine\": \"asian\", \"opening_hours\": \"Mo-Fr 11:30-15:00, 18:00-23:00; Sa 18:00-00:00\", \"outdoor_seating\": \"yes\"}","marker-color":"#1f78b4"}},
{"type":"Feature","geometry":{"type":"Point","coordinates":[11.49727,48.14687]},"properties":{"id":"poi_n967828888","name":"Kymata","kind":"restaurant","at":[48.14687,11.49727],"osm_id":"node/967828888","open_horizon":false,"views":"[{\"sightline_id\": \"sl_9d947fca\", \"toward\": \"a\", \"distance_m\": 16.3}, {\"sightline_id\": \"sl_9d947fca\", \"toward\": \"b\", \"distance_m\": 16.3}]","tags":"{\"cuisine\": \"greek\", \"opening_hours\": \"Su-Th 17:30-24:00; Fr,Sa 17:30-02:00\"}","marker-color":"#1f78b4"}},
{"type":"Feature","geometry":{"type":"Point","coordinates":[11.5102,48.13971]},"properties":{"id":"poi_n968144331","name":"Caffe Era","kind":"cafe","at":[48.13971,11.5102],"osm_id":"node/968144331","open_horizon":false,"views":"[{\"sightline_id\": \"sl_7e0c2b11\", \"toward\": \"a\", \"distance_m\": 27.1}, {\"sightline_id\": \"sl_7e0c2b11\", \"toward\": \"b\", \"distance_m\": 27.1}]","tags":"{}","marker-color":"#1f78b4"}},
{"type":"Feature","geometry":{"type":"Point","coordinates":[11.57677,48.16011]},"properties":{"id":"poi_n9724797761","name":"Geisha","kind":"restaurant","at":[48.16011,11.57677],"osm_id":"node/9724797761","open_horizon":false,"views":"[{\"sightline_id\": \"sl_23ae6155\", \"toward\": \"a\", \"distance_m\": 15.0}, {\"sightline_id\": \"sl_23ae6155\", \"toward\": \"b\", \"distance_m\": 15.0}]","tags":"{\"cuisine\": \"japanese\", \"opening_hours\": \"Mo-Fr 11:00-15:00;Mo-Su 17:00-23:30\", \"outdoor_seating\": \"yes\"}","marker-color":"#1f78b4"}},
{"type":"Feature","geometry":{"type":"Point","coordinates":[11.57772,48.14897]},"properties":{"id":"poi_n976966533","name":"Trattoria Al Torchio","kind":"restaurant","at":[48.14897,11.57772],"osm_id":"node/976966533","open_horizon":false,"views":"[{\"sightline_id\": \"sl_1932a3df\", \"toward\": \"a\", \"distance_m\": 6.5}, {\"sightline_id\": \"sl_1932a3df\", \"toward\": \"b\", \"distance_m\": 6.5}]","tags":"{\"cuisine\": \"italian\", \"opening_hours\": \"Mo-Fr 11:30-14:30,18:30-23:00; Sa,Su,PH off\", \"outdoor_seating\": \"yes\"}","marker-color":"#1f78b4"}},
{"type":"Feature","geometry":{"type":"Point","coordinates":[11.57764,48.14884]},"properties":{"id":"poi_n976966593","name":"Deli Star","kind":"cafe","at":[48.14884,11.57764],"osm_id":"node/976966593","open_horizon":false,"views":"[{\"sightline_id\": \"sl_1932a3df\", \"toward\": \"a\", \"distance_m\": 6.5}, {\"sightline_id\": \"sl_1932a3df\", \"toward\": \"b\", \"distance_m\": 6.5}]","tags":"{\"opening_hours\": \"Mo-Fr 07:30-19:00; Sa,Su, PH 09:00-17:00\", \"outdoor_seating\": \"sidewalk\"}","marker-color":"#1f78b4"}},
{"type":"Feature","geometry":{"type":"Point","coordinates":[11.57775,48.14904]},"properties":{"id":"poi_n976966786","name":"Milano","kind":"cafe","at":[48.14904,11.57775],"osm_id":"node/976966786","open_horizon":false,"views":"[{\"sightline_id\": \"sl_1932a3df\", \"toward\": \"a\", \"distance_m\": 5.9}, {\"sightline_id\": \"sl_1932a3df\", \"toward\": \"b\", \"distance_m\": 5.9}]","tags":"{\"outdoor_seating\": \"yes\"}","marker-color":"#1f78b4"}},
{"type":"Feature","geometry":{"type":"Point","coordinates":[11.57305,48.1297]},"properties":{"id":"poi_n981232932","name":"Tushita Teehaus","kind":"cafe","at":[48.1297,11.57305],"osm_id":"node/981232932","open_horizon":false,"views":"[{\"sightline_id\": \"sl_53b1b3ea\", \"toward\": \"a\", \"distance_m\": 16.2}, {\"sightline_id\": \"sl_53b1b3ea\", \"toward\": \"b\", \"distance_m\": 16.2}, {\"sightline_id\": \"sl_195c0dd2\", \"toward\": \"a\", \"distance_m\": 37.5}, {\"sightline_id\": \"sl_195c0dd2\", \"toward\": \"b\", \"distance_m\": 37.5}]","tags":"{\"opening_hours\": \"Mo-We 11:30-20:00; Th-Sa 09:30-20:00; Su 09:30-17:00\"}","marker-color":"#1f78b4"}},
{"type":"Feature","geometry":{"type":"Point","coordinates":[11.58257,48.15778]},"properties":{"id":"poi_n9819569190","name":"Gelateria Espresso","kind":"cafe","at":[48.15778,11.58257],"osm_id":"node/9819569190","open_horizon":false,"views":"[{\"sightline_id\": \"sl_cec013c0\", \"toward\": \"a\", \"distance_m\": 11.3}]","tags":"{\"cuisine\": \"ice_cream\", \"opening_hours\": \"Mo-Su 11:00-21:00\"}","marker-color":"#1f78b4"}},
{"type":"Feature","geometry":{"type":"Point","coordinates":[11.57123,48.1786]},"properties":{"id":"poi_n9823452849","name":"Zum Deifi","kind":"pub","at":[48.1786,11.57123],"osm_id":"node/9823452849","open_horizon":false,"views":"[{\"sightline_id\": \"sl_6553fe7b\", \"toward\": \"a\", \"distance_m\": 11.4}]","tags":"{\"opening_hours\": \"Mo-Su 14:00-03:00\", \"outdoor_seating\": \"yes\"}","marker-color":"#1f78b4"}},
{"type":"Feature","geometry":{"type":"Point","coordinates":[11.56528,48.17697]},"properties":{"id":"poi_n9824990692","name":"Ramo Adana Kebab","kind":"restaurant","at":[48.17697,11.56528],"osm_id":"node/9824990692","open_horizon":false,"views":"[{\"sightline_id\": \"sl_3fe241b1\", \"toward\": \"b\", \"distance_m\": 16.7}]","tags":"{\"cuisine\": \"turkish;kebab;fish;salad\", \"opening_hours\": \"Tu-Su 13:00-22:00\", \"website\": \"https://www.ramokebab.de/\"}","marker-color":"#1f78b4"}},
{"type":"Feature","geometry":{"type":"Point","coordinates":[11.50888,48.17936]},"properties":{"id":"poi_n9826448928","name":"Cafe Moosach","kind":"bar","at":[48.17936,11.50888],"osm_id":"node/9826448928","open_horizon":false,"views":"[{\"sightline_id\": \"sl_ed8ad2eb\", \"toward\": \"a\", \"distance_m\": 19.1}, {\"sightline_id\": \"sl_ed8ad2eb\", \"toward\": \"b\", \"distance_m\": 19.1}]","tags":"{\"outdoor_seating\": \"yes\"}","marker-color":"#1f78b4"}},
{"type":"Feature","geometry":{"type":"Point","coordinates":[11.49549,48.17934]},"properties":{"id":"poi_n9834085714","name":"Sweet Monkeys'","kind":"ice_cream","at":[48.17934,11.49549],"osm_id":"node/9834085714","open_horizon":false,"views":"[{\"sightline_id\": \"sl_4b3589be\", \"toward\": \"a\", \"distance_m\": 39.0}]","tags":"{\"opening_hours\": \"We-Fr 13:00-20:00; Sa,Su 12:00-20:00\", \"outdoor_seating\": \"yes\"}","marker-color":"#1f78b4"}},
{"type":"Feature","geometry":{"type":"Point","coordinates":[11.56282,48.1364]},"properties":{"id":"poi_n9839715728","name":"Crema Gelato","kind":"ice_cream","at":[48.1364,11.56282],"osm_id":"node/9839715728","open_horizon":false,"views":"[{\"sightline_id\": \"sl_c1a6aafe\", \"toward\": \"a\", \"distance_m\": 2.4}]","tags":"{\"opening_hours\": \"Mo-Sa 10:00-22:00; Su 12:00-21:00\", \"outdoor_seating\": \"yes\"}","marker-color":"#1f78b4"}},
{"type":"Feature","geometry":{"type":"Point","coordinates":[11.56484,48.19299]},"properties":{"id":"poi_n9843645546","name":"Epikero","kind":"restaurant","at":[48.19299,11.56484],"osm_id":"node/9843645546","open_horizon":false,"views":"[{\"sightline_id\": \"sl_6df1d48f\", \"toward\": \"a\", \"distance_m\": 39.5}, {\"sightline_id\": \"sl_6df1d48f\", \"toward\": \"b\", \"distance_m\": 39.5}]","tags":"{\"opening_hours\": \"Mo-Su 23:00-05:00; Sa 01:00-05:00\"}","marker-color":"#1f78b4"}},
{"type":"Feature","geometry":{"type":"Point","coordinates":[11.5713,48.18437]},"properties":{"id":"poi_n9843785081","name":"Burger Pub München","kind":"pub","at":[48.18437,11.5713],"osm_id":"node/9843785081","open_horizon":false,"views":"[{\"sightline_id\": \"sl_46e17117\", \"toward\": \"a\", \"distance_m\": 9.8}]","tags":"{}","marker-color":"#1f78b4"}},
{"type":"Feature","geometry":{"type":"Point","coordinates":[11.55234,48.14731]},"properties":{"id":"poi_n9844332568","name":"Higgins Tap Room","kind":"pub","at":[48.14731,11.55234],"osm_id":"node/9844332568","open_horizon":false,"views":"[{\"sightline_id\": \"sl_92fc0adb\", \"toward\": \"b\", \"distance_m\": 5.4}]","tags":"{\"opening_hours\": \"Tu-Th 17:00-23:00; Fr-Sa 16:00-23:30; Su 16:00-21:00\", \"website\": \"https://higginsaleworks.com\"}","marker-color":"#1f78b4"}},
{"type":"Feature","geometry":{"type":"Point","coordinates":[11.5542,48.12769]},"properties":{"id":"poi_n985008098","name":"Ederer","kind":"restaurant","at":[48.12769,11.5542],"osm_id":"node/985008098","open_horizon":false,"views":"[{\"sightline_id\": \"sl_e8d3e711\", \"toward\": \"a\", \"distance_m\": 18.9}]","tags":"{\"cuisine\": \"regional\", \"opening_hours\": \"Tu-Sa 12:00-14:00, 18:00+\", \"outdoor_seating\": \"yes\", \"website\": \"https://restaurant-ederer.de/\"}","marker-color":"#1f78b4"}},
{"type":"Feature","geometry":{"type":"Point","coordinates":[11.57651,48.12897]},"properties":{"id":"poi_n985011349","name":"Zephyr Bar","kind":"bar","at":[48.12897,11.57651],"osm_id":"node/985011349","open_horizon":false,"views":"[{\"sightline_id\": \"sl_609c344a\", \"toward\": \"b\", \"distance_m\": 12.0}]","tags":"{\"opening_hours\": \"Mo-Su,PH 20:00-01:00\"}","marker-color":"#1f78b4"}},
{"type":"Feature","geometry":{"type":"Point","coordinates":[11.53239,48.13796]},"properties":{"id":"poi_n986930767","name":"Psiloritis Kreta","kind":"restaurant","at":[48.13796,11.53239],"osm_id":"node/986930767","open_horizon":false,"views":"[{\"sightline_id\": \"sl_02a3fdd9\", \"toward\": \"b\", \"distance_m\": 10.0}]","tags":"{\"cuisine\": \"greek\"}","marker-color":"#1f78b4"}},
{"type":"Feature","geometry":{"type":"Point","coordinates":[11.53127,48.1379]},"properties":{"id":"poi_n986930770","name":"mio muc","kind":"restaurant","at":[48.1379,11.53127],"osm_id":"node/986930770","open_horizon":false,"views":"[{\"sightline_id\": \"sl_02a3fdd9\", \"toward\": \"a\", \"distance_m\": 11.6}, {\"sightline_id\": \"sl_02a3fdd9\", \"toward\": \"b\", \"distance_m\": 11.6}]","tags":"{\"opening_hours\": \"Mo-Th 09:00-17:00; Fr 09:00-15:00\", \"phone\": \"+498994430753\", \"website\": \"https://mio-muc.de/\"}","marker-color":"#1f78b4"}},
{"type":"Feature","geometry":{"type":"Point","coordinates":[11.54811,48.12272]},"properties":{"id":"poi_n9877087117","name":"Crumbs & Kisses","kind":"cafe","at":[48.12272,11.54811],"osm_id":"node/9877087117","open_horizon":false,"views":"[{\"sightline_id\": \"sl_c4d1a70a\", \"toward\": \"a\", \"distance_m\": 30.8}]","tags":"{\"opening_hours\": \"Mo-Fr 08:00-17:00; Sa-Su 08:30-17:00\", \"outdoor_seating\": \"yes\"}","marker-color":"#1f78b4"}},
{"type":"Feature","geometry":{"type":"Point","coordinates":[11.54805,48.1238]},"properties":{"id":"poi_n9877427779","name":"Cockpit","kind":"bar","at":[48.1238,11.54805],"osm_id":"node/9877427779","open_horizon":false,"views":"[{\"sightline_id\": \"sl_0261e149\", \"toward\": \"a\", \"distance_m\": 26.1}, {\"sightline_id\": \"sl_0261e149\", \"toward\": \"b\", \"distance_m\": 26.1}, {\"sightline_id\": \"sl_c4d1a70a\", \"toward\": \"a\", \"distance_m\": 38.4}]","tags":"{\"opening_hours\": \"Mo-Th 09:00-23:00, Fr,Sa 09:00-03:00, Su 09:00-23:00\"}","marker-color":"#1f78b4"}},
{"type":"Feature","geometry":{"type":"Point","coordinates":[11.54617,48.12279]},"properties":{"id":"poi_n9878414718","name":"Peoples Lounge","kind":"bar","at":[48.12279,11.54617],"osm_id":"node/9878414718","open_horizon":false,"views":"[{\"sightline_id\": \"sl_0261e149\", \"toward\": \"a\", \"distance_m\": 23.4}]","tags":"{\"opening_hours\": \"Mo-Su 10:00-05:00\"}","marker-color":"#1f78b4"}},
{"type":"Feature","geometry":{"type":"Point","coordinates":[11.54605,48.12275]},"properties":{"id":"poi_n9878414917","name":"Bei Tina","kind":"bar","at":[48.12275,11.54605],"osm_id":"node/9878414917","open_horizon":false,"views":"[{\"sightline_id\": \"sl_0261e149\", \"toward\": \"a\", \"distance_m\": 30.0}]","tags":"{\"opening_hours\": \"Mo-Su 09:00-00:00\"}","marker-color":"#1f78b4"}},
{"type":"Feature","geometry":{"type":"Point","coordinates":[11.57185,48.1639]},"properties":{"id":"poi_n9884608219","name":"Juliets Stüberl","kind":"bar","at":[48.1639,11.57185],"osm_id":"node/9884608219","open_horizon":false,"views":"[{\"sightline_id\": \"sl_ba56d719\", \"toward\": \"a\", \"distance_m\": 16.6}, {\"sightline_id\": \"sl_ba56d719\", \"toward\": \"b\", \"distance_m\": 16.6}]","tags":"{\"opening_hours\": \"Mo-Su 15:30-23:00\", \"outdoor_seating\": \"sidewalk\"}","marker-color":"#1f78b4"}},
{"type":"Feature","geometry":{"type":"Point","coordinates":[11.56103,48.17371]},"properties":{"id":"poi_n9903671262","name":"Asia Dong Do","kind":"restaurant","at":[48.17371,11.56103],"osm_id":"node/9903671262","open_horizon":false,"views":"[{\"sightline_id\": \"sl_4e422412\", \"toward\": \"a\", \"distance_m\": 17.7}, {\"sightline_id\": \"sl_4e422412\", \"toward\": \"b\", \"distance_m\": 17.7}]","tags":"{\"cuisine\": \"sushi\", \"opening_hours\": \"Tu-Fr 11:00-16:00,17:00-21:00; Sa,Su,PH 13:00-21:00; Mo off\"}","marker-color":"#1f78b4"}},
{"type":"Feature","geometry":{"type":"Point","coordinates":[11.54275,48.13455]},"properties":{"id":"poi_n9932304987","name":"Yuki","kind":"restaurant","at":[48.13455,11.54275],"osm_id":"node/9932304987","open_horizon":false,"views":"[{\"sightline_id\": \"sl_9858aff8\", \"toward\": \"b\", \"distance_m\": 15.8}]","tags":"{\"cuisine\": \"japanese\", \"opening_hours\": \"Mo-Fr 11:30-14:30, Mo-Sa 17:30-22:30; Su,PH off\", \"outdoor_seating\": \"yes\"}","marker-color":"#1f78b4"}},
{"type":"Feature","geometry":{"type":"Point","coordinates":[11.5728,48.16258]},"properties":{"id":"poi_n9936668968","name":"Suuapinga","kind":"cafe","at":[48.16258,11.5728],"osm_id":"node/9936668968","open_horizon":false,"views":"[{\"sightline_id\": \"sl_b038d7f7\", \"toward\": \"a\", \"distance_m\": 14.4}, {\"sightline_id\": \"sl_b038d7f7\", \"toward\": \"b\", \"distance_m\": 14.4}]","tags":"{\"cuisine\": \"coffee_shop\", \"opening_hours\": \"Mo-Fr 08:00-18:00; Sa-Su 09:00-18:00\", \"outdoor_seating\": \"yes\", \"website\": \"https://suuapinga.com\"}","marker-color":"#1f78b4"}},
{"type":"Feature","geometry":{"type":"Point","coordinates":[11.54253,48.12101]},"properties":{"id":"poi_n9950857553","name":"Nióu","kind":"restaurant","at":[48.12101,11.54253],"osm_id":"node/9950857553","open_horizon":false,"views":"[{\"sightline_id\": \"sl_10982d7a\", \"toward\": \"b\", \"distance_m\": 10.1}, {\"sightline_id\": \"sl_2a7f3b60\", \"toward\": \"a\", \"distance_m\": 13.3}]","tags":"{\"cuisine\": \"taiwanese\", \"opening_hours\": \"Tu-Sa 11:00-14:00,17:00-20:00\", \"website\": \"https://www.niougastro.com/\"}","marker-color":"#1f78b4"}},
{"type":"Feature","geometry":{"type":"Point","coordinates":[11.51838,48.14104]},"properties":{"id":"poi_n9960038501","name":"Parwan","kind":"restaurant","at":[48.14104,11.51838],"osm_id":"node/9960038501","open_horizon":false,"views":"[{\"sightline_id\": \"sl_2b3d70f6\", \"toward\": \"a\", \"distance_m\": 32.2}]","tags":"{\"cuisine\": \"afghan\"}","marker-color":"#1f78b4"}},
{"type":"Feature","geometry":{"type":"Point","coordinates":[11.55819,48.1319]},"properties":{"id":"poi_n997857061","name":"Banyan","kind":"restaurant","at":[48.1319,11.55819],"osm_id":"node/997857061","open_horizon":false,"views":"[{\"sightline_id\": \"sl_20f86686\", \"toward\": \"a\", \"distance_m\": 23.2}, {\"sightline_id\": \"sl_20f86686\", \"toward\": \"b\", \"distance_m\": 23.2}]","tags":"{\"cuisine\": \"vietnamese\", \"opening_hours\": \"Mo-Sa 11:30-14:30,18:00-24:00; Su 18:00-24:00\", \"outdoor_seating\": \"yes\", \"phone\": \"+49 89 5309321\", \"website\": \"https://banyan-restaurant.de/\"}","marker-color":"#1f78b4"}},
{"type":"Feature","geometry":{"type":"Point","coordinates":[11.56178,48.14167]},"properties":{"id":"poi_n9983237827","name":"Daintree Pinsa Bar","kind":"restaurant","at":[48.14167,11.56178],"osm_id":"node/9983237827","open_horizon":false,"views":"[{\"sightline_id\": \"sl_59626cd8\", \"toward\": \"b\", \"distance_m\": 32.2}]","tags":"{\"opening_hours\": \"Su-Fr 11:00-24:00; Sa, Su 11:00-01:00\"}","marker-color":"#1f78b4"}},
{"type":"Feature","geometry":{"type":"Point","coordinates":[11.61405,48.14218]},"properties":{"id":"poi_n999383274","name":"Weyerer Cafe","kind":"cafe","at":[48.14218,11.61405],"osm_id":"node/999383274","open_horizon":false,"views":"[{\"sightline_id\": \"sl_20dd5b13\", \"toward\": \"a\", \"distance_m\": 15.2}]","tags":"{\"opening_hours\": \"Mo-Fr 08:00-18:00; Su 10:00-18:00; Sa off\", \"outdoor_seating\": \"yes\", \"phone\": \"+49 89 476866\", \"website\": \"https://www.cafe-weyerer.de/\"}","marker-color":"#1f78b4"}},
{"type":"Feature","geometry":{"type":"Point","coordinates":[11.59547,48.10269]},"properties":{"id":"poi_w1033419889","name":"St. Benno Einkehr","kind":"biergarten","at":[48.10269,11.59547],"osm_id":"way/1033419889","open_horizon":false,"views":"[{\"sightline_id\": \"sl_e5827524\", \"toward\": \"a\", \"distance_m\": 39.9}]","tags":"{\"opening_hours\": \"Tu-Su 10:00-23:00; Mo off\", \"phone\": \"+49 89 6900855\"}","marker-color":"#1f78b4"}},
{"type":"Feature","geometry":{"type":"Point","coordinates":[11.51627,48.15827]},"properties":{"id":"poi_w103540472","name":"Canal Grande","kind":"restaurant","at":[48.15827,11.51627],"osm_id":"way/103540472","open_horizon":false,"views":"[{\"sightline_id\": \"sl_31206593\", \"toward\": \"a\", \"distance_m\": 20.9}, {\"sightline_id\": \"sl_31206593\", \"toward\": \"b\", \"distance_m\": 20.9}]","tags":"{\"cuisine\": \"italian\", \"opening_hours\": \"Mo-Tu 18:00-23:00; Mo-Fr 11:30-14:30; Sa-Su 11:00-23:00\", \"website\": \"https://canalgrande-ristorante.de/\"}","marker-color":"#1f78b4"}},
{"type":"Feature","geometry":{"type":"Point","coordinates":[11.52653,48.08099]},"properties":{"id":"poi_w104716988","name":"Zum Sollner Hirschen","kind":"restaurant","at":[48.08099,11.52653],"osm_id":"way/104716988","open_horizon":false,"views":"[{\"sightline_id\": \"sl_69004fc9\", \"toward\": \"a\", \"distance_m\": 15.2}, {\"sightline_id\": \"sl_6670a523\", \"toward\": \"b\", \"distance_m\": 39.9}]","tags":"{\"cuisine\": \"regional\", \"opening_hours\": \"Mo-Fr 11:30-14:30,17:00-21:30; PH,Sa,Su 11:30-21:30\", \"outdoor_seating\": \"yes\"}","marker-color":"#1f78b4"}},
{"type":"Feature","geometry":{"type":"Point","coordinates":[11.50232,48.16776]},"properties":{"id":"poi_w1090351066","name":"Café Biergarten im Hölzl","kind":"restaurant","at":[48.16776,11.50232],"osm_id":"way/1090351066","open_horizon":false,"views":"[{\"sightline_id\": \"sl_8eade4c8\", \"toward\": \"b\", \"distance_m\": 39.9}]","tags":"{\"opening_hours\": \"PH,Mo-Su 23:00-07:00\", \"outdoor_seating\": \"yes\"}","marker-color":"#1f78b4"}},
{"type":"Feature","geometry":{"type":"Point","coordinates":[11.456,48.19592]},"properties":{"id":"poi_w109862348","name":"Zur Schießstätte","kind":"biergarten","at":[48.19592,11.456],"osm_id":"way/109862348","open_horizon":false,"views":"[{\"sightline_id\": \"sl_af4ebb15\", \"toward\": \"a\", \"distance_m\": 21.3}]","tags":"{}","marker-color":"#1f78b4"}},
{"type":"Feature","geometry":{"type":"Point","coordinates":[11.67832,48.11506]},"properties":{"id":"poi_w110892783","name":"Lindengarten Biergarten","kind":"biergarten","at":[48.11506,11.67832],"osm_id":"way/110892783","open_horizon":false,"views":"[{\"sightline_id\": \"sl_ad2fdf88\", \"toward\": \"b\", \"distance_m\": 27.8}]","tags":"{\"cuisine\": \"bavarian\", \"opening_hours\": \"Mo-Sa 11:00-23:30; Su 11:00-22:00\"}","marker-color":"#1f78b4"}},
{"type":"Feature","geometry":{"type":"Point","coordinates":[11.7019,48.11166]},"properties":{"id":"poi_w111552405","name":"Der Pavillon","kind":"restaurant","at":[48.11166,11.7019],"osm_id":"way/111552405","open_horizon":false,"views":"[{\"sightline_id\": \"sl_eadf1009\", \"toward\": \"b\", \"distance_m\": 17.2}]","tags":"{\"cuisine\": \"international\", \"opening_hours\": \"Tu-Fr 09:00-17:30; Sa 09:00-13:00\", \"phone\": \"+49 89 9258 8702\", \"website\": \"https://www.der-pavillon.de/\"}","marker-color":"#1f78b4"}},
{"type":"Feature","geometry":{"type":"Point","coordinates":[11.57661,48.19652]},"properties":{"id":"poi_w116856787","name":"Wirtshaus am Hart","kind":"restaurant","at":[48.19652,11.57661],"osm_id":"way/116856787","open_horizon":false,"views":"[{\"sightline_id\": \"sl_f7387517\", \"toward\": \"a\", \"distance_m\": 23.0}, {\"sightline_id\": \"sl_f7387517\", \"toward\": \"b\", \"distance_m\": 23.0}]","tags":"{\"cuisine\": \"bavarian\", \"outdoor_seating\": \"yes\", \"website\": \"https://wirtshaus-am-hart.de/\"}","marker-color":"#1f78b4"}},
{"type":"Feature","geometry":{"type":"Point","coordinates":[11.57634,48.19653]},"properties":{"id":"poi_w116856890","name":"Wirtshaus am Hart","kind":"biergarten","at":[48.19653,11.57634],"osm_id":"way/116856890","open_horizon":false,"views":"[{\"sightline_id\": \"sl_f7387517\", \"toward\": \"a\", \"distance_m\": 21.5}, {\"sightline_id\": \"sl_f7387517\", \"toward\": \"b\", \"distance_m\": 21.5}]","tags":"{\"outdoor_seating\": \"yes\"}","marker-color":"#1f78b4"}},
{"type":"Feature","geometry":{"type":"Point","coordinates":[11.51183,48.15893]},"properties":{"id":"poi_w118941495","name":"Metzgerwirt","kind":"restaurant","at":[48.15893,11.51183],"osm_id":"way/118941495","open_horizon":false,"views":"[{\"sightline_id\": \"sl_4dd3194c\", \"toward\": \"a\", \"distance_m\": 13.5}, {\"sightline_id\": \"sl_4dd3194c\", \"toward\": \"b\", \"distance_m\": 13.5}]","tags":"{\"cuisine\": \"bavarian\", \"opening_hours\": \"PH,Su-Fr 11:30-23:00; Sa 11:00-23:00\", \"outdoor_seating\": \"yes\"}","marker-color":"#1f78b4"}},
{"type":"Feature","geometry":{"type":"Point","coordinates":[11.50597,48.11659]},"properties":{"id":"poi_w122221506","name":"JOY China-Restaurant","kind":"restaurant","at":[48.11659,11.50597],"osm_id":"way/122221506","open_horizon":false,"views":"[{\"sightline_id\": \"sl_bee02046\", \"toward\": \"a\", \"distance_m\": 33.5}, {\"sightline_id\": \"sl_bee02046\", \"toward\": \"b\", \"distance_m\": 33.5}]","tags":"{\"cuisine\": \"chinese\", \"opening_hours\": \"Mo-Th 17:00-23:00; Fr-Su,PH 11:30-15:00, 17:00-23:00\", \"outdoor_seating\": \"yes\"}","marker-color":"#1f78b4"}},
{"type":"Feature","geometry":{"type":"Point","coordinates":[11.47864,48.11305]},"properties":{"id":"poi_w126208647","name":"Zum Erdinger Weißbräu","kind":"restaurant","at":[48.11305,11.47864],"osm_id":"way/126208647","open_horizon":false,"views":"[{\"sightline_id\": \"sl_59cc5316\", \"toward\": \"b\", \"distance_m\": 20.5}]","tags":"{\"cuisine\": \"bavarian\", \"opening_hours\": \"Mo-Su 11:00+\", \"outdoor_seating\": \"yes\", \"phone\": \"+49 89 74127460\", \"website\": \"https://www.hotelerdinger-muenchen.de/\"}","marker-color":"#1f78b4"}},
{"type":"Feature","geometry":{"type":"Point","coordinates":[11.56703,48.13345]},"properties":{"id":"poi_w1280337380","name":"Haferkater","kind":"cafe","at":[48.13345,11.56703],"osm_id":"way/1280337380","open_horizon":false,"views":"[{\"sightline_id\": \"sl_e8d3e711\", \"toward\": \"b\", \"distance_m\": 29.5}]","tags":"{\"cuisine\": \"coffee_shop;porridge\", \"opening_hours\": \"Mo-Fr 06:00-20:00; Sa 07:00-20:00\", \"outdoor_seating\": \"no\"}","marker-color":"#1f78b4"}},
{"type":"Feature","geometry":{"type":"Point","coordinates":[11.58656,48.16174]},"properties":{"id":"poi_w1289170545","name":"Segafredo","kind":"cafe","at":[48.16174,11.58656],"osm_id":"way/1289170545","open_horizon":false,"views":"[{\"sightline_id\": \"sl_302cf079\", \"toward\": \"a\", \"distance_m\": 8.4}, {\"sightline_id\": \"sl_6b60b331\", \"toward\": \"b\", \"distance_m\": 14.5}, {\"sightline_id\": \"sl_453c72bc\", \"toward\": \"b\", \"distance_m\": 18.1}]","tags":"{\"cuisine\": \"coffee_shop\"}","marker-color":"#1f78b4"}},
{"type":"Feature","geometry":{"type":"Point","coordinates":[11.5865,48.16281]},"properties":{"id":"poi_w1289177347","name":"mun mun","kind":"restaurant","at":[48.16281,11.5865],"osm_id":"way/1289177347","open_horizon":false,"views":"[{\"sightline_id\": \"sl_453c72bc\", \"toward\": \"a\", \"distance_m\": 7.6}, {\"sightline_id\": \"sl_453c72bc\", \"toward\": \"b\", \"distance_m\": 7.6}]","tags":"{\"cuisine\": \"thai\", \"opening_hours\": \"Mo-Su 11:00-23:00\", \"outdoor_seating\": \"yes\"}","marker-color":"#1f78b4"}},
{"type":"Feature","geometry":{"type":"Point","coordinates":[11.50192,48.1149]},"properties":{"id":"poi_w129725912","name":"Viet Wok","kind":"restaurant","at":[48.1149,11.50192],"osm_id":"way/129725912","open_horizon":false,"views":"[{\"sightline_id\": \"sl_e4608dbb\", \"toward\": \"a\", \"distance_m\": 26.8}, {\"sightline_id\": \"sl_e4608dbb\", \"toward\": \"b\", \"distance_m\": 26.8}]","tags":"{\"cuisine\": \"vietnamese\", \"opening_hours\": \"Mo-Fr 11:00-14:00,16:30-21:45; Su 11:00-14:00,16:30-21:45\", \"outdoor_seating\": \"yes\", \"phone\": \"+49 89 24214104\", \"website\": \"https://www.vietwok-sushi.de/\"}","marker-color":"#1f78b4"}},
{"type":"Feature","geometry":{"type":"Point","coordinates":[11.50557,48.1554]},"properties":{"id":"poi_w1372513614","name":"Schloss Biergarten","kind":"biergarten","at":[48.1554,11.50557],"osm_id":"way/1372513614","open_horizon":false,"views":"[{\"sightline_id\": \"sl_fb2a3998\", \"toward\": \"a\", \"distance_m\": 35.3}]","tags":"{\"outdoor_seating\": \"yes\"}","marker-color":"#1f78b4"}},
{"type":"Feature","geometry":{"type":"Point","coordinates":[11.4983,48.16832]},"properties":{"id":"poi_w1411781346","name":null,"kind":"biergarten","at":[48.16832,11.4983],"osm_id":"way/1411781346","open_horizon":false,"views":"[{\"sightline_id\": \"sl_acfab589\", \"toward\": \"a\", \"distance_m\": 25.4}]","tags":"{}","marker-color":"#1f78b4"}},
{"type":"Feature","geometry":{"type":"Point","coordinates":[11.58667,48.1629]},"properties":{"id":"poi_w1513608652","name":null,"kind":"viewpoint","at":[48.1629,11.58667],"osm_id":"way/1513608652","open_horizon":false,"views":"[{\"sightline_id\": \"sl_453c72bc\", \"toward\": \"a\", \"distance_m\": 20.3}, {\"sightline_id\": \"sl_453c72bc\", \"toward\": \"b\", \"distance_m\": 20.3}]","tags":"{}","marker-color":"#1f78b4"}},
{"type":"Feature","geometry":{"type":"Point","coordinates":[11.49499,48.0844]},"properties":{"id":"poi_w151793060","name":"Alter Wirt","kind":"restaurant","at":[48.0844,11.49499],"osm_id":"way/151793060","open_horizon":false,"views":"[{\"sightline_id\": \"sl_5ff34293\", \"toward\": \"b\", \"distance_m\": 21.6}]","tags":"{\"cuisine\": \"german\", \"opening_hours\": \"Tu-Su 10:00-23:00; Mo off\", \"outdoor_seating\": \"yes\", \"phone\": \"+49 89 7455460\", \"website\": \"https://www.alterwirt-forstenried.de/\"}","marker-color":"#1f78b4"}},
{"type":"Feature","geometry":{"type":"Point","coordinates":[11.4785,48.11279]},"properties":{"id":"poi_w1545158102","name":"Zum Erdinger Weißbräu","kind":"biergarten","at":[48.11279,11.4785],"osm_id":"way/1545158102","open_horizon":false,"views":"[{\"sightline_id\": \"sl_59cc5316\", \"toward\": \"b\", \"distance_m\": 16.9}]","tags":"{\"cuisine\": \"bavarian\", \"opening_hours\": \"Mo-Su 11:30-23:30\", \"outdoor_seating\": \"yes\"}","marker-color":"#1f78b4"}},
{"type":"Feature","geometry":{"type":"Point","coordinates":[11.51399,48.07603]},"properties":{"id":"poi_w161519427","name":"Gasthof Sollner Hof","kind":"restaurant","at":[48.07603,11.51399],"osm_id":"way/161519427","open_horizon":false,"views":"[{\"sightline_id\": \"sl_53c39776\", \"toward\": \"a\", \"distance_m\": 20.8}]","tags":"{\"cuisine\": \"regional\", \"opening_hours\": \"Mo-Fr 10:00-24:00\", \"outdoor_seating\": \"yes\", \"website\": \"https://www.sollnerhof.de/\"}","marker-color":"#1f78b4"}},
{"type":"Feature","geometry":{"type":"Point","coordinates":[11.52826,48.21445]},"properties":{"id":"poi_w186749132","name":"Feldmochinger Hof","kind":"restaurant","at":[48.21445,11.52826],"osm_id":"way/186749132","open_horizon":false,"views":"[{\"sightline_id\": \"sl_15e78e90\", \"toward\": \"a\", \"distance_m\": 31.9}]","tags":"{\"cuisine\": \"german\", \"phone\": \"+4989413272300\", \"website\": \"https://www.feldmochinger-hof.de/\"}","marker-color":"#1f78b4"}},
{"type":"Feature","geometry":{"type":"Point","coordinates":[11.59498,48.13418]},"properties":{"id":"poi_w18954474","name":"Hofbräukeller","kind":"restaurant","at":[48.13418,11.59498],"osm_id":"way/18954474","open_horizon":false,"views":"[{\"sightline_id\": \"sl_be141589\", \"toward\": \"a\", \"distance_m\": 37.2}]","tags":"{\"opening_hours\": \"Mo-Su 10:00-23:00\", \"outdoor_seating\": \"yes\"}","marker-color":"#1f78b4"}},
{"type":"Feature","geometry":{"type":"Point","coordinates":[11.63304,48.11851]},"properties":{"id":"poi_w205459974","name":"Kleines Brauhaus Dicker Mann","kind":"restaurant","at":[48.11851,11.63304],"osm_id":"way/205459974","open_horizon":false,"views":"[{\"sightline_id\": \"sl_e764ce0a\", \"toward\": \"a\", \"distance_m\": 26.2}, {\"sightline_id\": \"sl_e764ce0a\", \"toward\": \"b\", \"distance_m\": 26.2}]","tags":"{\"cuisine\": \"german;regional\", \"opening_hours\": \"Mo-Sa 11:00-23:00; Su,PH 11:00-23:00\", \"outdoor_seating\": \"yes\", \"website\": \"https://www.kleinesbrauhausdickermann.de/\"}","marker-color":"#1f78b4"}},
{"type":"Feature","geometry":{"type":"Point","coordinates":[11.6117,48.08943]},"properties":{"id":"poi_w210851867","name":"Chickyz","kind":"restaurant","at":[48.08943,11.6117],"osm_id":"way/210851867","open_horizon":false,"views":"[{\"sightline_id\": \"sl_8b35a6b6\", \"toward\": \"b\", \"distance_m\": 23.1}, {\"sightline_id\": \"sl_c88542b2\", \"toward\": \"b\", \"distance_m\": 30.7}]","tags":"{\"cuisine\": \"chicken\", \"outdoor_seating\": \"yes\", \"website\": \"https://chickyz.de/\"}","marker-color":"#1f78b4"}},
{"type":"Feature","geometry":{"type":"Point","coordinates":[11.61148,48.08937]},"properties":{"id":"poi_w210851868","name":"Picollo Mondo Eiscafe","kind":"cafe","at":[48.08937,11.61148],"osm_id":"way/210851868","open_horizon":false,"views":"[{\"sightline_id\": \"sl_c88542b2\", \"toward\": \"b\", \"distance_m\": 22.8}, {\"sightline_id\": \"sl_8b35a6b6\", \"toward\": \"b\", \"distance_m\": 24.4}]","tags":"{\"cuisine\": \"ice_cream\", \"opening_hours\": \"Mo-Su 10:00-22:00\", \"outdoor_seating\": \"yes\"}","marker-color":"#1f78b4"}},
{"type":"Feature","geometry":{"type":"Point","coordinates":[11.61143,48.0899]},"properties":{"id":"poi_w210852870","name":"Trattoria piccolo mondo","kind":"restaurant","at":[48.0899,11.61143],"osm_id":"way/210852870","open_horizon":false,"views":"[{\"sightline_id\": \"sl_c88542b2\", \"toward\": \"b\", \"distance_m\": 18.7}, {\"sightline_id\": \"sl_8b35a6b6\", \"toward\": \"b\", \"distance_m\": 32.5}]","tags":"{\"opening_hours\": \"Mo-Fr 11:30-14:30; Mo-Fr 17:30-23:00; Sa,Su 11:30-23:00\", \"outdoor_seating\": \"yes\", \"phone\": \"+49 89 66011967\"}","marker-color":"#1f78b4"}},
{"type":"Feature","geometry":{"type":"Point","coordinates":[11.49513,48.08468]},"properties":{"id":"poi_w216170462","name":"Biergarten Alter Wirt","kind":"biergarten","at":[48.08468,11.49513],"osm_id":"way/216170462","open_horizon":false,"views":"[{\"sightline_id\": \"sl_5ff34293\", \"toward\": \"b\", \"distance_m\": 23.4}]","tags":"{}","marker-color":"#1f78b4"}},
{"type":"Feature","geometry":{"type":"Point","coordinates":[11.57618,48.15247]},"properties":{"id":"poi_w250757645","name":"Max Emanuel Brauerei Biergarten","kind":"biergarten","at":[48.15247,11.57618],"osm_id":"way/250757645","open_horizon":false,"views":"[{\"sightline_id\": \"sl_8f7da990\", \"toward\": \"a\", \"distance_m\": 21.9}]","tags":"{}","marker-color":"#1f78b4"}},
{"type":"Feature","geometry":{"type":"Point","coordinates":[11.54135,48.10715]},"properties":{"id":"poi_w254343318","name":"Baumhaus am Neuhofener Berg","kind":"viewpoint","at":[48.10715,11.54135],"osm_id":"way/254343318","open_horizon":false,"views":"[{\"sightline_id\": \"sl_41888f7e\", \"toward\": \"a\", \"distance_m\": 0.4}, {\"sightline_id\": \"sl_41888f7e\", \"toward\": \"b\", \"distance_m\": 0.4}]","tags":"{}","marker-color":"#1f78b4"}},
{"type":"Feature","geometry":{"type":"Point","coordinates":[11.45575,48.19485]},"properties":{"id":"poi_w260046357","name":"Tennis-Center Allach","kind":"restaurant","at":[48.19485,11.45575],"osm_id":"way/260046357","open_horizon":false,"views":"[{\"sightline_id\": \"sl_82fe3365\", \"toward\": \"a\", \"distance_m\": 32.1}, {\"sightline_id\": \"sl_82fe3365\", \"toward\": \"b\", \"distance_m\": 32.1}]","tags":"{}","marker-color":"#1f78b4"}},
{"type":"Feature","geometry":{"type":"Point","coordinates":[11.52697,48.15853]},"properties":{"id":"poi_w265187693","name":"EREMITage Nymphenburg","kind":"ice_cream","at":[48.15853,11.52697],"osm_id":"way/265187693","open_horizon":false,"views":"[{\"sightline_id\": \"sl_31206593\", \"toward\": \"b\", \"distance_m\": 34.7}]","tags":"{\"opening_hours\": \"Th-Su 11:00-19:00\"}","marker-color":"#1f78b4"}},
{"type":"Feature","geometry":{"type":"Point","coordinates":[11.54981,48.08817]},"properties":{"id":"poi_w268123038","name":"Antica Trattoria","kind":"restaurant","at":[48.08817,11.54981],"osm_id":"way/268123038","open_horizon":false,"views":"[{\"sightline_id\": \"sl_5c390f0a\", \"toward\": \"a\", \"distance_m\": 38.1}, {\"sightline_id\": \"sl_5c390f0a\", \"toward\": \"b\", \"distance_m\": 38.1}]","tags":"{\"cuisine\": \"italian\", \"opening_hours\": \"Tu-Su 12:00-23:30\", \"outdoor_seating\": \"yes\", \"phone\": \"+49 89 6426666\", \"website\": \"https://www.antica-trattoria-nuova.com/\"}","marker-color":"#1f78b4"}},
{"type":"Feature","geometry":{"type":"Point","coordinates":[11.6526,48.10464]},"properties":{"id":"poi_w291788171","name":"TC Neuperlach Kail e.V.","kind":"restaurant","at":[48.10464,11.6526],"osm_id":"way/291788171","open_horizon":false,"views":"[{\"sightline_id\": \"sl_40b8d632\", \"toward\": \"a\", \"distance_m\": 30.4}]","tags":"{\"phone\": \"+49 89 6789202\", \"website\": \"https://www.tcn-kail.de/\"}","marker-color":"#1f78b4"}},
{"type":"Feature","geometry":{"type":"Point","coordinates":[11.4696,48.14974]},"properties":{"id":"poi_w292487372","name":"Botega del Gusto","kind":"ice_cream","at":[48.14974,11.4696],"osm_id":"way/292487372","open_horizon":false,"views":"[{\"sightline_id\": \"sl_ffb0723b\", \"toward\": \"a\", \"distance_m\": 36.5}, {\"sightline_id\": \"sl_ffb0723b\", \"toward\": \"b\", \"distance_m\": 36.5}]","tags":"{\"opening_hours\": \"Mo-Fr 08:00-13:00,15:00-18:00; Sa 08:00-13:00\", \"outdoor_seating\": \"no\"}","marker-color":"#1f78b4"}},
{"type":"Feature","geometry":{"type":"Point","coordinates":[11.41944,48.15203]},"properties":{"id":"poi_w30740749","name":"SHIV","kind":"restaurant","at":[48.15203,11.41944],"osm_id":"way/30740749","open_horizon":false,"views":"[{\"sightline_id\": \"sl_87d2f270\", \"toward\": \"a\", \"distance_m\": 15.8}]","tags":"{\"cuisine\": \"indian\", \"opening_hours\": \"Mo-Su 11:30-14:30,17:30-23:00\", \"outdoor_seating\": \"yes\", \"phone\": \"+49 89 765 263\", \"website\": \"https://www.shivmuenchen.de/\"}","marker-color":"#1f78b4"}},
{"type":"Feature","geometry":{"type":"Point","coordinates":[11.53515,48.12079]},"properties":{"id":"poi_w31099709","name":"Wunderkost","kind":"restaurant","at":[48.12079,11.53515],"osm_id":"way/31099709","open_horizon":false,"views":"[{\"sightline_id\": \"sl_82210eb0\", \"toward\": \"a\", \"distance_m\": 27.8}, {\"sightline_id\": \"sl_82210eb0\", \"toward\": \"b\", \"distance_m\": 27.8}]","tags":"{\"cuisine\": \"regional\", \"opening_hours\": \"Mo-Fr,Su 11:00-22:00; Sa 17:00-22:00\", \"outdoor_seating\": \"yes\", \"phone\": \"+498976991199\", \"website\": \"https://wunderkost.de/\"}","marker-color":"#1f78b4"}},
{"type":"Feature","geometry":{"type":"Point","coordinates":[11.55532,48.08702]},"properties":{"id":"poi_w312523758","name":"Harlachinger Jagdschlössl","kind":"restaurant","at":[48.08702,11.55532],"osm_id":"way/312523758","open_horizon":false,"views":"[{\"sightline_id\": \"sl_28ac5532\", \"toward\": \"a\", \"distance_m\": 27.6}, {\"sightline_id\": \"sl_28ac5532\", \"toward\": \"b\", \"distance_m\": 27.6}]","tags":"{\"cuisine\": \"bavarian\", \"opening_hours\": \"PH,Mo-Su 11:30-23:00\", \"outdoor_seating\": \"yes\", \"website\": \"https://www.harlachinger-jagdschloessl.de/\"}","marker-color":"#1f78b4"}},
{"type":"Feature","geometry":{"type":"Point","coordinates":[11.5451,48.13915]},"properties":{"id":"poi_w334355896","name":"Augustiner Bräustüberl","kind":"restaurant","at":[48.13915,11.5451],"osm_id":"way/334355896","open_horizon":false,"views":"[{\"sightline_id\": \"sl_620ca713\", \"toward\": \"a\", \"distance_m\": 30.1}, {\"sightline_id\": \"sl_620ca713\", \"toward\": \"b\", \"distance_m\": 30.1}]","tags":"{}","marker-color":"#1f78b4"}},
{"type":"Feature","geometry":{"type":"Point","coordinates":[11.5902,48.13079]},"properties":{"id":"poi_w339526226","name":"Cha Thai","kind":"restaurant","at":[48.13079,11.5902],"osm_id":"way/339526226","open_horizon":false,"views":"[{\"sightline_id\": \"sl_6ae91f6a\", \"toward\": \"b\", \"distance_m\": 27.0}, {\"sightline_id\": \"sl_05e56817\", \"toward\": \"b\", \"distance_m\": 34.4}]","tags":"{\"cuisine\": \"thai\", \"outdoor_seating\": \"yes\"}","marker-color":"#1f78b4"}},
{"type":"Feature","geometry":{"type":"Point","coordinates":[11.59033,48.13073]},"properties":{"id":"poi_w345967858","name":"Let's Chaat","kind":"restaurant","at":[48.13073,11.59033],"osm_id":"way/345967858","open_horizon":false,"views":"[{\"sightline_id\": \"sl_6ae91f6a\", \"toward\": \"b\", \"distance_m\": 25.2}, {\"sightline_id\": \"sl_05e56817\", \"toward\": \"b\", \"distance_m\": 32.8}]","tags":"{\"cuisine\": \"indian\", \"opening_hours\": \"Mo-Sa 09:00-20:00\"}","marker-color":"#1f78b4"}},
{"type":"Feature","geometry":{"type":"Point","coordinates":[11.60339,48.16054]},"properties":{"id":"poi_w368977873","name":"Tivoli Pavillon","kind":"biergarten","at":[48.16054,11.60339],"osm_id":"way/368977873","open_horizon":false,"views":"[{\"sightline_id\": \"sl_63089901\", \"toward\": \"a\", \"distance_m\": 33.0}]","tags":"{}","marker-color":"#1f78b4"}},
{"type":"Feature","geometry":{"type":"Point","coordinates":[11.46237,48.1645]},"properties":{"id":"poi_w37348194","name":"Schickeria Obermenzing","kind":"restaurant","at":[48.1645,11.46237],"osm_id":"way/37348194","open_horizon":false,"views":"[{\"sightline_id\": \"sl_a9fe9e8a\", \"toward\": \"a\", \"distance_m\": 24.5}, {\"sightline_id\": \"sl_a9fe9e8a\", \"toward\": \"b\", \"distance_m\": 24.5}]","tags":"{\"outdoor_seating\": \"yes\"}","marker-color":"#1f78b4"}},
{"type":"Feature","geometry":{"type":"Point","coordinates":[11.51549,48.07642]},"properties":{"id":"poi_w442921335","name":"Brauhaus Stub`n Solln","kind":"restaurant","at":[48.07642,11.51549],"osm_id":"way/442921335","open_horizon":false,"views":"[{\"sightline_id\": \"sl_53c39776\", \"toward\": \"a\", \"distance_m\": 24.0}]","tags":"{\"cuisine\": \"regional\", \"opening_hours\": \"Tu-Su 10:30-23:00\", \"outdoor_seating\": \"yes\", \"phone\": \"+49 89 72447593\", \"website\": \"https://www.brauhaus-stubn-solln.de\"}","marker-color":"#1f78b4"}},
{"type":"Feature","geometry":{"type":"Point","coordinates":[11.5583,48.14343]},"properties":{"id":"poi_w46861297","name":"Vi Vadi Rustico im Bräustüberl","kind":"restaurant","at":[48.14343,11.5583],"osm_id":"way/46861297","open_horizon":false,"views":"[{\"sightline_id\": \"sl_76e2b5ac\", \"toward\": \"b\", \"distance_m\": 20.8}]","tags":"{}","marker-color":"#1f78b4"}},
{"type":"Feature","geometry":{"type":"Point","coordinates":[11.67201,48.07892]},"properties":{"id":"poi_w528557404","name":"Leiberheim","kind":"biergarten","at":[48.07892,11.67201],"osm_id":"way/528557404","open_horizon":false,"views":"[{\"sightline_id\": \"sl_6aaa378f\", \"toward\": \"a\", \"distance_m\": 25.0}]","tags":"{\"website\": \"https://www.leiberheim.de/\"}","marker-color":"#1f78b4"}},
{"type":"Feature","geometry":{"type":"Point","coordinates":[11.61385,48.12487]},"properties":{"id":"poi_w55120733","name":"Caffe Imperia","kind":"restaurant","at":[48.12487,11.61385],"osm_id":"way/55120733","open_horizon":false,"views":"[{\"sightline_id\": \"sl_8ba0adf4\", \"toward\": \"a\", \"distance_m\": 15.3}, {\"sightline_id\": \"sl_8ba0adf4\", \"toward\": \"b\", \"distance_m\": 15.3}]","tags":"{\"cuisine\": \"balkan\", \"outdoor_seating\": \"yes\"}","marker-color":"#1f78b4"}},
{"type":"Feature","geometry":{"type":"Point","coordinates":[11.63771,48.15498]},"properties":{"id":"poi_w58696513","name":"Taverna Pyrsos","kind":"restaurant","at":[48.15498,11.63771],"osm_id":"way/58696513","open_horizon":false,"views":"[{\"sightline_id\": \"sl_078c9f1b\", \"toward\": \"a\", \"distance_m\": 32.1}, {\"sightline_id\": \"sl_078c9f1b\", \"toward\": \"b\", \"distance_m\": 32.1}]","tags":"{\"cuisine\": \"greek\", \"opening_hours\": \"Mo-Fr 16:00-01:00; Sa-Su 11:00-01:00\", \"outdoor_seating\": \"yes\", \"website\": \"https://www.pyrsos.de/\"}","marker-color":"#1f78b4"}},
{"type":"Feature","geometry":{"type":"Point","coordinates":[11.50786,48.10774]},"properties":{"id":"poi_w59475552","name":"Ristorante Incontro","kind":"restaurant","at":[48.10774,11.50786],"osm_id":"way/59475552","open_horizon":false,"views":"[{\"sightline_id\": \"sl_86cfc331\", \"toward\": \"b\", \"distance_m\": 26.3}]","tags":"{\"cuisine\": \"italian\", \"opening_hours\": \"Tu-Fr 11:30-14:30,18:00-23:00; Sa,Su,PH 00:00+\", \"website\": \"https://incontro-sendling.de\"}","marker-color":"#1f78b4"}},
{"type":"Feature","geometry":{"type":"Point","coordinates":[11.46375,48.19055]},"properties":{"id":"poi_w61109487","name":"Pizza Avanti","kind":"restaurant","at":[48.19055,11.46375],"osm_id":"way/61109487","open_horizon":false,"views":"[{\"sightline_id\": \"sl_51d49d7e\", \"toward\": \"b\", \"distance_m\": 14.4}]","tags":"{\"cuisine\": \"pizza\", \"opening_hours\": \"Mo-Tu, Fr 10:00-13:45, 16:45-22:45; We-Th 10:00-13:45, 17:00-22:45; Sa-Su 10:45-22:45\", \"phone\": \"+49 89 8120053\", \"website\": \"https://www.avanti.de\"}","marker-color":"#1f78b4"}},
{"type":"Feature","geometry":{"type":"Point","coordinates":[11.46673,48.18995]},"properties":{"id":"poi_w64097306","name":"Trattoria Olive","kind":"restaurant","at":[48.18995,11.46673],"osm_id":"way/64097306","open_horizon":false,"views":"[{\"sightline_id\": \"sl_d183df7f\", \"toward\": \"b\", \"distance_m\": 18.4}]","tags":"{\"cuisine\": \"italian\", \"opening_hours\": \"Tu-Su,PH 11:30-23:00; Mo off\", \"outdoor_seating\": \"yes\", \"phone\": \"+49 89 81897089\", \"website\": \"https://battou.com/Trattoria-Olive\"}","marker-color":"#1f78b4"}},
{"type":"Feature","geometry":{"type":"Point","coordinates":[11.5534,48.11256]},"properties":{"id":"poi_w64993843","name":"Wirtshaus zum Isartal","kind":"biergarten","at":[48.11256,11.5534],"osm_id":"way/64993843","open_horizon":false,"views":"[{\"sightline_id\": \"sl_3e7d24e9\", \"toward\": \"b\", \"distance_m\": 25.6}]","tags":"{\"opening_hours\": \"Mo-Su 12:00-21:30\", \"phone\": \"+4989772121\"}","marker-color":"#1f78b4"}},
{"type":"Feature","geometry":{"type":"Point","coordinates":[11.57459,48.09056]},"properties":{"id":"poi_w66749893","name":"Dal Siciliano","kind":"restaurant","at":[48.09056,11.57459],"osm_id":"way/66749893","open_horizon":false,"views":"[{\"sightline_id\": \"sl_4dbaec8a\", \"toward\": \"a\", \"distance_m\": 19.4}]","tags":"{\"cuisine\": \"italian\"}","marker-color":"#1f78b4"}},
{"type":"Feature","geometry":{"type":"Point","coordinates":[11.60796,48.08893]},"properties":{"id":"poi_w72688880","name":"Barka","kind":"restaurant","at":[48.08893,11.60796],"osm_id":"way/72688880","open_horizon":false,"views":"[{\"sightline_id\": \"sl_8b35a6b6\", \"toward\": \"a\", \"distance_m\": 13.0}, {\"sightline_id\": \"sl_8b35a6b6\", \"toward\": \"b\", \"distance_m\": 13.0}]","tags":"{\"cuisine\": \"greek\", \"opening_hours\": \"Mo-Sa 12:00-15:00, 18:00-23:00\", \"outdoor_seating\": \"yes\"}","marker-color":"#1f78b4"}},
{"type":"Feature","geometry":{"type":"Point","coordinates":[11.69814,48.11463]},"properties":{"id":"poi_w734903408","name":"Cavo Paradiso","kind":"restaurant","at":[48.11463,11.69814],"osm_id":"way/734903408","open_horizon":false,"views":"[{\"sightline_id\": \"sl_06483183\", \"toward\": \"b\", \"distance_m\": 28.1}]","tags":"{\"cuisine\": \"greek\", \"opening_hours\": \"Mo off; Tu-Fr 16:30-22:00; Sa-Su,PH 11:30-22:00\", \"outdoor_seating\": \"yes\", \"phone\": \"+49 89 99757497\", \"website\": \"http://cavo-paradiso.de/\"}","marker-color":"#1f78b4"}},
{"type":"Feature","geometry":{"type":"Point","coordinates":[11.57309,48.15509]},"properties":{"id":"poi_w80539355","name":"Ungewitter Bar","kind":"bar","at":[48.15509,11.57309],"osm_id":"way/80539355","open_horizon":false,"views":"[{\"sightline_id\": \"sl_8265a2b0\", \"toward\": \"b\", \"distance_m\": 18.8}]","tags":"{\"opening_hours\": \"Tu 20:00-03:00, We,Th 20:00-04:00, Fr,Sa,PH 20:00-05:30\", \"outdoor_seating\": \"yes\", \"phone\": \"+49 89 2715196\", \"website\": \"https://www.ungewitter-bar.de/\"}","marker-color":"#1f78b4"}},
{"type":"Feature","geometry":{"type":"Point","coordinates":[11.57143,48.13101]},"properties":{"id":"poi_w821822141","name":"M. C. Mueller","kind":"biergarten","at":[48.13101,11.57143],"osm_id":"way/821822141","open_horizon":false,"views":"[{\"sightline_id\": \"sl_195c0dd2\", \"toward\": \"a\", \"distance_m\": 31.7}]","tags":"{}","marker-color":"#1f78b4"}},
{"type":"Feature","geometry":{"type":"Point","coordinates":[11.51208,48.18104]},"properties":{"id":"poi_w96955046","name":"Alter Wirt Moosach","kind":"restaurant","at":[48.18104,11.51208],"osm_id":"way/96955046","open_horizon":false,"views":"[{\"sightline_id\": \"sl_d0873431\", \"toward\": \"a\", \"distance_m\": 23.6}, {\"sightline_id\": \"sl_ed8ad2eb\", \"toward\": \"b\", \"distance_m\": 33.5}]","tags":"{\"cuisine\": \"bavarian\", \"opening_hours\": \"Mo-Fr 11:00-24:00; Sa,Su,PH 10:00-24:00\", \"outdoor_seating\": \"patio\"}","marker-color":"#1f78b4"}},
{"type":"Feature","geometry":{"type":"Point","coordinates":[11.54686,48.15947]},"properties":{"id":"poi_w96972977","name":"Höflinger","kind":"cafe","at":[48.15947,11.54686],"osm_id":"way/96972977","open_horizon":false,"views":"[{\"sightline_id\": \"sl_4cac06f4\", \"toward\": \"a\", \"distance_m\": 17.9}, {\"sightline_id\": \"sl_4cac06f4\", \"toward\": \"b\", \"distance_m\": 17.9}, {\"sightline_id\": \"sl_2457b661\", \"toward\": \"a\", \"distance_m\": 18.4}]","tags":"{\"opening_hours\": \"Mo-Fr 06:00-19:00; Sa,Su 07:00-18:00\", \"outdoor_seating\": \"yes\", \"phone\": \"+49 89 18929222\", \"website\": \"https://hm-gmbh.de\"}","marker-color":"#1f78b4"}},
{"type":"Feature","geometry":{"type":"Point","coordinates":[11.57799,48.10047]},"properties":{"id":"poi_w98875812","name":"Pizza Trento","kind":"restaurant","at":[48.10047,11.57799],"osm_id":"way/98875812","open_horizon":false,"views":"[{\"sightline_id\": \"sl_e16b64ea\", \"toward\": \"a\", \"distance_m\": 33.3}, {\"sightline_id\": \"sl_e16b64ea\", \"toward\": \"b\", \"distance_m\": 33.3}]","tags":"{\"cuisine\": \"pizza\", \"opening_hours\": \"Mo-Su 11:00-23:00\", \"phone\": \"+49 89 61516363\", \"website\": \"https://www.pizzatrento.de/\"}","marker-color":"#1f78b4"}},
{"type":"Feature","geometry":{"type":"Point","coordinates":[11.55867,48.20726]},"properties":{"id":"poi_w99268590","name":"Tannenhof","kind":"restaurant","at":[48.20726,11.55867],"osm_id":"way/99268590","open_horizon":false,"views":"[{\"sightline_id\": \"sl_6f017f92\", \"toward\": \"a\", \"distance_m\": 18.6}, {\"sightline_id\": \"sl_6f017f92\", \"toward\": \"b\", \"distance_m\": 18.6}]","tags":"{\"opening_hours\": \"Tu-Fr 11:00-15:00, 17:00-22:00; Sa 11:00-22:00\", \"outdoor_seating\": \"yes\"}","marker-color":"#1f78b4"}},
{"type":"Feature","geometry":{"type":"Point","coordinates":[11.5991,48.1436]},"properties":{"id":"s_friedensengel","name":"Friedensengel terrace","kind":"viewpoint","at":[48.1436,11.5991],"osm_id":null,"open_horizon":false,"views":"[{\"sightline_id\": \"sl_04c46e16\", \"toward\": \"a\", \"distance_m\": 287.1}, {\"sightline_id\": \"sl_04c46e16\", \"toward\": \"b\", \"distance_m\": 287.1}]","tags":"{}","featured":true,"notes":null,"marker-color":"#000000"}},
{"type":"Feature","geometry":{"type":"Point","coordinates":[11.552,48.171]},"properties":{"id":"s_olympiaberg","name":"Olympiaberg","kind":"viewpoint","at":[48.171,11.552],"osm_id":null,"open_horizon":true,"views":"[{\"sightline_id\": \"sl_open_olympiaberg\", \"toward\": \"b\", \"distance_m\": 0.0}]","tags":"{}","featured":true,"notes":null,"marker-color":"#000000"}}
]}
