{
"type": "FeatureCollection",
"features": [
{"type":"Feature","geometry":{"type":"LineString","coordinates":[[11.50766,48.1584],[11.5289,48.15914]]},"properties":{"id":"f_nymphenburg_canal","name":"Nymphenburg Kanal (Schloss ↔ Hubertusbrunnen)","kind":"canal","a":[48.1584,11.50766],"b":[48.15914,11.5289],"length_m":1582,"max_offset_m":0.0,"bearing_ab":87.0,"bearing_ba":267.0,"obstruction_toward_a_deg":1.0,"obstruction_toward_b_deg":0.6,"canyon":false,"featured":true,"notes":"Classic axis. Sunset behind the palace when the bearing matches.","osm_way_ids":[152580769],"bearing_bucket":"060-090","stroke":"#ffd92f","stroke-width":4,"stroke-opacity":0.9}},
{"type":"Feature","geometry":{"type":"LineString","coordinates":[[11.554,48.1316],[11.5486,48.1308]]},"properties":{"id":"f_theresienwiese_bavaria","name":"Theresienwiese → Bavaria","kind":"axis","a":[48.1316,11.554],"b":[48.1308,11.5486],"length_m":412,"max_offset_m":0.0,"bearing_ab":257.5,"bearing_ba":77.5,"obstruction_toward_a_deg":1.38,"obstruction_toward_b_deg":3.0,"canyon":false,"featured":true,"notes":null,"osm_way_ids":[],"bearing_bucket":"060-090","stroke":"#ffd92f","stroke-width":4,"stroke-opacity":0.9}},
{"type":"Feature","geometry":{"type":"LineString","coordinates":[[11.52134,48.17815],[11.52905,48.17765]]},"properties":{"id":"sl_000fe2bc","name":"Gärtnerstraße","kind":"street","a":[48.17815,11.52134],"b":[48.17765,11.52905],"length_m":577,"max_offset_m":4.5,"bearing_ab":95.5,"bearing_ba":275.5,"obstruction_toward_a_deg":1.14,"obstruction_toward_b_deg":0.35,"canyon":true,"featured":false,"notes":null,"osm_way_ids":[4055750,1442904481],"bearing_bucket":"090-120","stroke":"#4daf4a","stroke-width":2,"stroke-opacity":0.9}},
{"type":"Feature","geometry":{"type":"LineString","coordinates":[[11.53912,48.16493],[11.53581,48.16804]]},"properties":{"id":"sl_0028d0cf","name":"Dachauer Straße","kind":"street","a":[48.16493,11.53912],"b":[48.16804,11.53581],"length_m":425,"max_offset_m":6.4,"bearing_ab":324.6,"bearing_ba":144.6,"obstruction_toward_a_deg":2.63,"obstruction_toward_b_deg":2.47,"canyon":false,"featured":false,"notes":null,"osm_way_ids":[37861666,40680721,126760931,292598632,310832978,310832979],"bearing_bucket":"120-150","stroke":"#377eb8","stroke-width":2,"stroke-opacity":0.9}},
{"type":"Feature","geometry":{"type":"LineString","coordinates":[[11.5296,48.17174],[11.53512,48.16822]]},"properties":{"id":"sl_00503693","name":"Dachauer Straße","kind":"street","a":[48.17174,11.5296],"b":[48.16822,11.53512],"length_m":567,"max_offset_m":3.5,"bearing_ab":133.6,"bearing_ba":313.6,"obstruction_toward_a_deg":1.85,"obstruction_toward_b_deg":1.32,"canyon":false,"featured":false,"notes":null,"osm_way_ids":[34567681,34567682,290579654,310843501,310843502,310844450,310844452,1113682180,1113682194],"bearing_bucket":"120-150","stroke":"#377eb8","stroke-width":2,"stroke-opacity":0.9}},
{"type":"Feature","geometry":{"type":"LineString","coordinates":[[11.64513,48.08686],[11.64512,48.09358]]},"properties":{"id":"sl_007430d6","name":"Carl-Wery-Straße","kind":"street","a":[48.08686,11.64513],"b":[48.09358,11.64512],"length_m":747,"max_offset_m":7.9,"bearing_ab":359.9,"bearing_ba":179.9,"obstruction_toward_a_deg":1.74,"obstruction_toward_b_deg":0.51,"canyon":false,"featured":false,"notes":null,"osm_way_ids":[28606955,28606956,34340981,34340982,38625066,38684615,49073484,152508614,152508615,152508616,152508617,152508619,247441052,247441054,247441056,247441057,258949953,1263001495,1263001497],"bearing_bucket":"150-180","stroke":"#984ea3","stroke-width":2,"stroke-opacity":0.9}},
{"type":"Feature","geometry":{"type":"LineString","coordinates":[[11.52874,48.16438],[11.52984,48.16017]]},"properties":{"id":"sl_0088a936","name":"Waisenhausstraße","kind":"street","a":[48.16438,11.52874],"b":[48.16017,11.52984],"length_m":475,"max_offset_m":7.9,"bearing_ab":170.1,"bearing_ba":350.1,"obstruction_toward_a_deg":1.19,"obstruction_toward_b_deg":1.58,"canyon":true,"featured":false,"notes":null,"osm_way_ids":[151899000],"bearing_bucket":"150-180","stroke":"#984ea3","stroke-width":2,"stroke-opacity":0.9}},
{"type":"Feature","geometry":{"type":"LineString","coordinates":[[11.64977,48.10908],[11.65574,48.10898]]},"properties":{"id":"sl_00ae535a","name":"Karl-Marx-Ring","kind":"street","a":[48.10908,11.64977],"b":[48.10898,11.65574],"length_m":444,"max_offset_m":8.0,"bearing_ab":91.4,"bearing_ba":271.4,"obstruction_toward_a_deg":0.86,"obstruction_toward_b_deg":2.92,"canyon":false,"featured":false,"notes":null,"osm_way_ids":[4061606,258932759,258932762,361262466],"bearing_bucket":"090-120","stroke":"#4daf4a","stroke-width":2,"stroke-opacity":0.9}},
{"type":"Feature","geometry":{"type":"LineString","coordinates":[[11.6093,48.15873],[11.61663,48.16681]]},"properties":{"id":"sl_00dd03f6","name":"Pienzenauerstraße","kind":"street","a":[48.15873,11.6093],"b":[48.16681,11.61663],"length_m":1052,"max_offset_m":5.5,"bearing_ab":31.2,"bearing_ba":211.2,"obstruction_toward_a_deg":0.37,"obstruction_toward_b_deg":0.37,"canyon":true,"featured":false,"notes":null,"osm_way_ids":[158399776,991229781,992517651],"bearing_bucket":"030-060","stroke":"#ff7f00","stroke-width":2,"stroke-opacity":0.9}},
{"type":"Feature","geometry":{"type":"LineString","coordinates":[[11.53573,48.19887],[11.53475,48.19522]]},"properties":{"id":"sl_01480ea7","name":"Lassallestraße","kind":"street","a":[48.19887,11.53573],"b":[48.19522,11.53475],"length_m":412,"max_offset_m":6.7,"bearing_ab":190.2,"bearing_ba":10.2,"obstruction_toward_a_deg":2.27,"obstruction_toward_b_deg":0.93,"canyon":false,"featured":false,"notes":null,"osm_way_ids":[27822861,1420092669],"bearing_bucket":"000-030","stroke":"#e41a1c","stroke-width":2,"stroke-opacity":0.9}},
{"type":"Feature","geometry":{"type":"LineString","coordinates":[[11.51053,48.14514],[11.51859,48.14431]]},"properties":{"id":"sl_017841bd","name":null,"kind":"street","a":[48.14514,11.51053],"b":[48.14431,11.51859],"length_m":606,"max_offset_m":4.7,"bearing_ab":98.7,"bearing_ba":278.8,"obstruction_toward_a_deg":1.54,"obstruction_toward_b_deg":2.67,"canyon":false,"featured":false,"notes":null,"osm_way_ids":[48685720],"bearing_bucket":"090-120","stroke":"#4daf4a","stroke-width":2,"stroke-opacity":0.9}},
{"type":"Feature","geometry":{"type":"LineString","coordinates":[[11.64004,48.13655],[11.63374,48.13616]]},"properties":{"id":"sl_01956cdd","name":"Zamilastraße","kind":"street","a":[48.13655,11.64004],"b":[48.13616,11.63374],"length_m":471,"max_offset_m":5.8,"bearing_ab":264.8,"bearing_ba":84.8,"obstruction_toward_a_deg":1.74,"obstruction_toward_b_deg":2.23,"canyon":false,"featured":false,"notes":null,"osm_way_ids":[11533311,312656399,1085774538,1085774539],"bearing_bucket":"060-090","stroke":"#ffd92f","stroke-width":2,"stroke-opacity":0.9}},
{"type":"Feature","geometry":{"type":"LineString","coordinates":[[11.46628,48.19217],[11.46309,48.19513]]},"properties":{"id":"sl_01ade417","name":"Georg-Reismüller-Straße","kind":"street","a":[48.19217,11.46628],"b":[48.19513,11.46309],"length_m":406,"max_offset_m":6.0,"bearing_ab":324.3,"bearing_ba":144.3,"obstruction_toward_a_deg":2.58,"obstruction_toward_b_deg":2.3,"canyon":true,"featured":false,"notes":null,"osm_way_ids":[32623947,32795783,55265209,398731645],"bearing_bucket":"120-150","stroke":"#377eb8","stroke-width":2,"stroke-opacity":0.9}},
{"type":"Feature","geometry":{"type":"LineString","coordinates":[[11.62527,48.11646],[11.62648,48.1125]]},"properties":{"id":"sl_01cb0a44","name":"Berger-Kreuz-Straße","kind":"street","a":[48.11646,11.62527],"b":[48.1125,11.62648],"length_m":450,"max_offset_m":7.8,"bearing_ab":168.4,"bearing_ba":348.4,"obstruction_toward_a_deg":0.85,"obstruction_toward_b_deg":0.85,"canyon":true,"featured":false,"notes":null,"osm_way_ids":[4434031,35043607],"bearing_bucket":"150-180","stroke":"#984ea3","stroke-width":2,"stroke-opacity":0.9}},
{"type":"Feature","geometry":{"type":"LineString","coordinates":[[11.54062,48.18642],[11.53066,48.18726]]},"properties":{"id":"sl_01e74e38","name":"Triebstraße","kind":"street","a":[48.18642,11.54062],"b":[48.18726,11.53066],"length_m":747,"max_offset_m":5.9,"bearing_ab":277.3,"bearing_ba":97.3,"obstruction_toward_a_deg":1.4,"obstruction_toward_b_deg":0.26,"canyon":false,"featured":false,"notes":null,"osm_way_ids":[4592117,5196492,27822857,48509253,89698973,89698975,291798680,316275794,316275799,316275803,1056318955],"bearing_bucket":"090-120","stroke":"#4daf4a","stroke-width":2,"stroke-opacity":0.9}},
{"type":"Feature","geometry":{"type":"LineString","coordinates":[[11.55089,48.12583],[11.5462,48.123]]},"properties":{"id":"sl_0261e149","name":"Lindwurmstraße","kind":"street","a":[48.12583,11.55089],"b":[48.123,11.5462],"length_m":469,"max_offset_m":7.6,"bearing_ab":228.1,"bearing_ba":48.1,"obstruction_toward_a_deg":1.99,"obstruction_toward_b_deg":1.99,"canyon":false,"featured":false,"notes":null,"osm_way_ids":[29448442,55969412,120333560,148874391,157798419,238157145,364988570,1495864327,1495864328,1495864330,1496199136,1496199138,1496199139],"bearing_bucket":"030-060","stroke":"#ff7f00","stroke-width":2,"stroke-opacity":0.9}},
{"type":"Feature","geometry":{"type":"LineString","coordinates":[[11.6276,48.17945],[11.62547,48.17505]]},"properties":{"id":"sl_02965935","name":"Mittlere-Isar-Kanal","kind":"canal","a":[48.17945,11.6276],"b":[48.17505,11.62547],"length_m":515,"max_offset_m":4.5,"bearing_ab":197.9,"bearing_ba":17.9,"obstruction_toward_a_deg":2.04,"obstruction_toward_b_deg":2.04,"canyon":false,"featured":false,"notes":null,"osm_way_ids":[158399748],"bearing_bucket":"000-030","stroke":"#e41a1c","stroke-width":2,"stroke-opacity":0.9}},
{"type":"Feature","geometry":{"type":"LineString","coordinates":[[11.53357,48.13795],[11.52819,48.13757]]},"properties":{"id":"sl_02a3fdd9","name":"Westendstraße","kind":"street","a":[48.13795,11.53357],"b":[48.13757,11.52819],"length_m":402,"max_offset_m":4.3,"bearing_ab":264.0,"bearing_ba":84.0,"obstruction_toward_a_deg":2.32,"obstruction_toward_b_deg":2.32,"canyon":true,"featured":false,"notes":null,"osm_way_ids":[4077077,4567304,704167778,704167780,704167781,704167783,704167784,1168648033],"bearing_bucket":"060-090","stroke":"#ffd92f","stroke-width":2,"stroke-opacity":0.9}},
{"type":"Feature","geometry":{"type":"LineString","coordinates":[[11.63649,48.10305],[11.63655,48.10858]]},"properties":{"id":"sl_02d3d3c6","name":"Quiddestraße","kind":"street","a":[48.10305,11.63649],"b":[48.10858,11.63655],"length_m":614,"max_offset_m":7.2,"bearing_ab":0.4,"bearing_ba":180.4,"obstruction_toward_a_deg":0.62,"obstruction_toward_b_deg":2.71,"canyon":false,"featured":false,"notes":null,"osm_way_ids":[27151613,35043027,49609565,143179838,151883469,151883470,151883472,172496578,258942644,258942645,258942646,258942647,258942648,258942649,851607375,851607376,1424949179,1424949180],"bearing_bucket":"000-030","stroke":"#e41a1c","stroke-width":2,"stroke-opacity":0.9}},
{"type":"Feature","geometry":{"type":"LineString","coordinates":[[11.4238,48.14285],[11.42733,48.13684]]},"properties":{"id":"sl_03c4e1ac","name":"Brunhamstraße","kind":"street","a":[48.14285,11.4238],"b":[48.13684,11.42733],"length_m":718,"max_offset_m":5.6,"bearing_ab":158.5,"bearing_ba":338.5,"obstruction_toward_a_deg":0.28,"obstruction_toward_b_deg":0.38,"canyon":false,"featured":false,"notes":null,"osm_way_ids":[5074633,90018223,341824955,708302044,1498880227,1498880241],"bearing_bucket":"150-180","stroke":"#984ea3","stroke-width":2,"stroke-opacity":0.9}},
{"type":"Feature","geometry":{"type":"LineString","coordinates":[[11.52032,48.13569],[11.51369,48.13586]]},"properties":{"id":"sl_03d25320","name":"Wilhelm-Riehl-Straße","kind":"street","a":[48.13569,11.52032],"b":[48.13586,11.51369],"length_m":493,"max_offset_m":0.1,"bearing_ab":272.2,"bearing_ba":92.2,"obstruction_toward_a_deg":2.26,"obstruction_toward_b_deg":3.01,"canyon":true,"featured":false,"notes":null,"osm_way_ids":[4497089],"bearing_bucket":"090-120","stroke":"#4daf4a","stroke-width":2,"stroke-opacity":0.9}},
{"type":"Feature","geometry":{"type":"LineString","coordinates":[[11.66075,48.13351],[11.65585,48.12759]]},"properties":{"id":"sl_04082c2b","name":"Schatzbogen","kind":"street","a":[48.13351,11.66075],"b":[48.12759,11.65585],"length_m":752,"max_offset_m":8.0,"bearing_ab":209.0,"bearing_ba":29.0,"obstruction_toward_a_deg":1.0,"obstruction_toward_b_deg":0.27,"canyon":false,"featured":false,"notes":null,"osm_way_ids":[3342970,4297598,1504055747],"bearing_bucket":"000-030","stroke":"#e41a1c","stroke-width":2,"stroke-opacity":0.9}},
{"type":"Feature","geometry":{"type":"LineString","coordinates":[[11.5106,48.22744],[11.50624,48.23057]]},"properties":{"id":"sl_041dcc89","name":"Kuppelfeldstraße","kind":"street","a":[48.22744,11.5106],"b":[48.23057,11.50624],"length_m":475,"max_offset_m":5.1,"bearing_ab":317.1,"bearing_ba":137.1,"obstruction_toward_a_deg":2.2,"obstruction_toward_b_deg":2.2,"canyon":false,"featured":false,"notes":null,"osm_way_ids":[24734745],"bearing_bucket":"120-150","stroke":"#377eb8","stroke-width":2,"stroke-opacity":0.9}},
{"type":"Feature","geometry":{"type":"LineString","coordinates":[[11.43428,48.15101],[11.44117,48.14924]]},"properties":{"id":"sl_046fe9e1","name":"Aubinger Straße","kind":"street","a":[48.15101,11.43428],"b":[48.14924,11.44117],"length_m":549,"max_offset_m":7.9,"bearing_ab":110.9,"bearing_ba":290.9,"obstruction_toward_a_deg":0.7,"obstruction_toward_b_deg":1.7,"canyon":false,"featured":false,"notes":null,"osm_way_ids":[30576324,30576327,341824933,341824934,341824936,341824938,341834878,341900014,341900016],"bearing_bucket":"090-120","stroke":"#4daf4a","stroke-width":2,"stroke-opacity":0.9}},
{"type":"Feature","geometry":{"type":"LineString","coordinates":[[11.65216,48.12752],[11.64076,48.12932]]},"properties":{"id":"sl_04904e47","name":"Hansjakobstraße","kind":"street","a":[48.12752,11.65216],"b":[48.12932,11.64076],"length_m":872,"max_offset_m":6.8,"bearing_ab":283.3,"bearing_ba":103.3,"obstruction_toward_a_deg":0.44,"obstruction_toward_b_deg":0.44,"canyon":true,"featured":false,"notes":null,"osm_way_ids":[3616235,710676186,964050093,1133291536,1133291537,1511562796],"bearing_bucket":"090-120","stroke":"#4daf4a","stroke-width":2,"stroke-opacity":0.9}},
{"type":"Feature","geometry":{"type":"LineString","coordinates":[[11.5124,48.12692],[11.52068,48.12569]]},"properties":{"id":"sl_049e2161","name":"Säulingstraße","kind":"street","a":[48.12692,11.5124],"b":[48.12569,11.52068],"length_m":631,"max_offset_m":1.7,"bearing_ab":102.6,"bearing_ba":282.6,"obstruction_toward_a_deg":1.04,"obstruction_toward_b_deg":0.61,"canyon":true,"featured":false,"notes":null,"osm_way_ids":[178783881,1193582396],"bearing_bucket":"090-120","stroke":"#4daf4a","stroke-width":2,"stroke-opacity":0.9}},
{"type":"Feature","geometry":{"type":"LineString","coordinates":[[11.6067,48.13945],[11.59875,48.14103]]},"properties":{"id":"sl_04c46e16","name":"Prinzregentenstraße","kind":"street","a":[48.13945,11.6067],"b":[48.14103,11.59875],"length_m":617,"max_offset_m":7.7,"bearing_ab":286.5,"bearing_ba":106.5,"obstruction_toward_a_deg":1.22,"obstruction_toward_b_deg":0.92,"canyon":true,"featured":false,"notes":null,"osm_way_ids":[24680710,31173021,31173302,32736022,146630737,147776159,173376694,205357854,237566515,1352779319,1420705731,1446911899,1446911900,1446911901],"bearing_bucket":"090-120","stroke":"#4daf4a","stroke-width":2,"stroke-opacity":0.9}},
{"type":"Feature","geometry":{"type":"LineString","coordinates":[[11.60953,48.09969],[11.60991,48.09592]]},"properties":{"id":"sl_04d39d4e","name":"Görzer Straße","kind":"street","a":[48.09969,11.60953],"b":[48.09592,11.60991],"length_m":419,"max_offset_m":6.7,"bearing_ab":176.1,"bearing_ba":356.1,"obstruction_toward_a_deg":1.35,"obstruction_toward_b_deg":0.48,"canyon":false,"featured":false,"notes":null,"osm_way_ids":[361462507,1194824697,1194824698,1379140880],"bearing_bucket":"150-180","stroke":"#984ea3","stroke-width":2,"stroke-opacity":0.9}},
{"type":"Feature","geometry":{"type":"LineString","coordinates":[[11.5124,48.15403],[11.51715,48.151]]},"properties":{"id":"sl_04dda9f6","name":"Arnulfstraße","kind":"street","a":[48.15403,11.5124],"b":[48.151,11.51715],"length_m":489,"max_offset_m":6.3,"bearing_ab":133.7,"bearing_ba":313.7,"obstruction_toward_a_deg":1.54,"obstruction_toward_b_deg":0.41,"canyon":false,"featured":false,"notes":null,"osm_way_ids":[89707050,89707052,316126786],"bearing_bucket":"120-150","stroke":"#377eb8","stroke-width":2,"stroke-opacity":0.9}},
{"type":"Feature","geometry":{"type":"LineString","coordinates":[[11.55164,48.10513],[11.54902,48.10184]]},"properties":{"id":"sl_055c1782","name":"Isarwerkkanal","kind":"canal","a":[48.10513,11.55164],"b":[48.10184,11.54902],"length_m":415,"max_offset_m":1.0,"bearing_ab":208.1,"bearing_ba":28.1,"obstruction_toward_a_deg":2.53,"obstruction_toward_b_deg":2.53,"canyon":false,"featured":false,"notes":null,"osm_way_ids":[1088128096],"bearing_bucket":"000-030","stroke":"#e41a1c","stroke-width":2,"stroke-opacity":0.9}},
{"type":"Feature","geometry":{"type":"LineString","coordinates":[[11.65036,48.1131],[11.6541,48.11606]]},"properties":{"id":"sl_05640cc1","name":"Bajuwarenstraße","kind":"street","a":[48.1131,11.65036],"b":[48.11606,11.6541],"length_m":431,"max_offset_m":6.1,"bearing_ab":40.2,"bearing_ba":220.2,"obstruction_toward_a_deg":0.68,"obstruction_toward_b_deg":0.89,"canyon":true,"featured":false,"notes":null,"osm_way_ids":[958184908],"bearing_bucket":"030-060","stroke":"#ff7f00","stroke-width":2,"stroke-opacity":0.9}},
{"type":"Feature","geometry":{"type":"LineString","coordinates":[[11.5698,48.11986],[11.56521,48.11743]]},"properties":{"id":"sl_05ab4b6b","name":"Sachsenstraße","kind":"street","a":[48.11986,11.5698],"b":[48.11743,11.56521],"length_m":435,"max_offset_m":3.1,"bearing_ab":231.7,"bearing_ba":51.7,"obstruction_toward_a_deg":1.93,"obstruction_toward_b_deg":0.46,"canyon":false,"featured":false,"notes":null,"osm_way_ids":[176487895,1437112038,1437112039,1437112041],"bearing_bucket":"030-060","stroke":"#ff7f00","stroke-width":2,"stroke-opacity":0.9}},
{"type":"Feature","geometry":{"type":"LineString","coordinates":[[11.56282,48.16401],[11.56072,48.17121]]},"properties":{"id":"sl_05c4026f","name":"Winzererstraße","kind":"street","a":[48.16401,11.56282],"b":[48.17121,11.56072],"length_m":815,"max_offset_m":7.4,"bearing_ab":349.0,"bearing_ba":169.0,"obstruction_toward_a_deg":1.6,"obstruction_toward_b_deg":1.37,"canyon":false,"featured":false,"notes":null,"osm_way_ids":[4055321,4055341,4056146,29279743,157028977,440988396,1419152075],"bearing_bucket":"150-180","stroke":"#984ea3","stroke-width":2,"stroke-opacity":0.9}},
{"type":"Feature","geometry":{"type":"LineString","coordinates":[[11.58943,48.13176],[11.59572,48.12748]]},"properties":{"id":"sl_05e56817","name":"Rosenheimer Straße","kind":"street","a":[48.13176,11.58943],"b":[48.12748,11.59572],"length_m":668,"max_offset_m":7.6,"bearing_ab":135.5,"bearing_ba":315.5,"obstruction_toward_a_deg":1.4,"obstruction_toward_b_deg":1.12,"canyon":false,"featured":false,"notes":null,"osm_way_ids":[4008984,4673732,4673733,24462851,26753697,37896952,94450320,115956658,127237608,223891292,389862631,519317894,1420896606,1444719862,1444719866,1444719868,1444719869,1444719870],"bearing_bucket":"120-150","stroke":"#377eb8","stroke-width":2,"stroke-opacity":0.9}},
{"type":"Feature","geometry":{"type":"LineString","coordinates":[[11.5248,48.20118],[11.52806,48.20697]]},"properties":{"id":"sl_061667f5","name":"Feldmochinger Straße","kind":"street","a":[48.20118,11.5248],"b":[48.20697,11.52806],"length_m":688,"max_offset_m":7.0,"bearing_ab":20.6,"bearing_ba":200.6,"obstruction_toward_a_deg":0.56,"obstruction_toward_b_deg":1.52,"canyon":false,"featured":false,"notes":null,"osm_way_ids":[1162853614,1313269156],"bearing_bucket":"000-030","stroke":"#e41a1c","stroke-width":2,"stroke-opacity":0.9}},
{"type":"Feature","geometry":{"type":"LineString","coordinates":[[11.47249,48.17607],[11.4746,48.17028]]},"properties":{"id":"sl_061d9a79","name":"Bauseweinallee","kind":"street","a":[48.17607,11.47249],"b":[48.17028,11.4746],"length_m":663,"max_offset_m":7.1,"bearing_ab":166.3,"bearing_ba":346.3,"obstruction_toward_a_deg":1.58,"obstruction_toward_b_deg":1.58,"canyon":true,"featured":false,"notes":null,"osm_way_ids":[313731019,444978243,1232144893],"bearing_bucket":"150-180","stroke":"#984ea3","stroke-width":2,"stroke-opacity":0.9}},
{"type":"Feature","geometry":{"type":"LineString","coordinates":[[11.46294,48.21538],[11.47084,48.21891]]},"properties":{"id":"sl_061eb1e0","name":"Würmkanal","kind":"canal","a":[48.21538,11.46294],"b":[48.21891,11.47084],"length_m":706,"max_offset_m":6.8,"bearing_ab":56.2,"bearing_ba":236.2,"obstruction_toward_a_deg":1.49,"obstruction_toward_b_deg":1.49,"canyon":false,"featured":false,"notes":null,"osm_way_ids":[24048569],"bearing_bucket":"030-060","stroke":"#ff7f00","stroke-width":2,"stroke-opacity":0.9}},
{"type":"Feature","geometry":{"type":"LineString","coordinates":[[11.69823,48.1143],[11.69017,48.11777]]},"properties":{"id":"sl_06483183","name":"Wasserburger Landstraße","kind":"street","a":[48.1143,11.69823],"b":[48.11777,11.69017],"length_m":714,"max_offset_m":7.5,"bearing_ab":302.7,"bearing_ba":122.7,"obstruction_toward_a_deg":0.54,"obstruction_toward_b_deg":0.54,"canyon":false,"featured":false,"notes":null,"osm_way_ids":[84168424,113129681,772547684,772547685,772547686,772547687,772547688,772547689,772547690,772547691,772547692,772547693,772547695,834966251],"bearing_bucket":"120-150","stroke":"#377eb8","stroke-width":2,"stroke-opacity":0.9}},
{"type":"Feature","geometry":{"type":"LineString","coordinates":[[11.51712,48.11751],[11.51708,48.11343]]},"properties":{"id":"sl_0679279b","name":"Garmischer Straße","kind":"street","a":[48.11751,11.51712],"b":[48.11343,11.51708],"length_m":454,"max_offset_m":7.9,"bearing_ab":180.3,"bearing_ba":0.3,"obstruction_toward_a_deg":1.65,"obstruction_toward_b_deg":1.65,"canyon":false,"featured":false,"notes":null,"osm_way_ids":[127426510,383146378,383146381,393391533,553860610,687375598,856078968,1115508409,1488579649,1488579650,1488579651,1488579652,1488579653,1488579654,1488579655,1488579656,1488579657,1488579658,1488579659],"bearing_bucket":"000-030","stroke":"#e41a1c","stroke-width":2,"stroke-opacity":0.9}},
{"type":"Feature","geometry":{"type":"LineString","coordinates":[[11.52903,48.18117],[11.52913,48.17632]]},"properties":{"id":"sl_06b513d2","name":"Hanauer Straße","kind":"street","a":[48.18117,11.52903],"b":[48.17632,11.52913],"length_m":539,"max_offset_m":7.1,"bearing_ab":179.2,"bearing_ba":359.2,"obstruction_toward_a_deg":1.39,"obstruction_toward_b_deg":0.37,"canyon":false,"featured":false,"notes":null,"osm_way_ids":[10200036,10200037,30909676,98478771,98481230,270678963,392862084,392862085,392862088,392862089,543408499,1420336263,1424823874,1424823875],"bearing_bucket":"150-180","stroke":"#984ea3","stroke-width":2,"stroke-opacity":0.9}},
{"type":"Feature","geometry":{"type":"LineString","coordinates":[[11.63374,48.13616],[11.63631,48.14032]]},"properties":{"id":"sl_06eaf687","name":"Hultschiner Straße","kind":"street","a":[48.13616,11.63374],"b":[48.14032,11.63631],"length_m":500,"max_offset_m":1.1,"bearing_ab":22.5,"bearing_ba":202.5,"obstruction_toward_a_deg":2.1,"obstruction_toward_b_deg":0.77,"canyon":false,"featured":false,"notes":null,"osm_way_ids":[85675637,115522615,152970935,152970936,380316693,380316695,380316698,380316699,380316700],"bearing_bucket":"000-030","stroke":"#e41a1c","stroke-width":2,"stroke-opacity":0.9}},
{"type":"Feature","geometry":{"type":"LineString","coordinates":[[11.54052,48.1367],[11.53448,48.13737]]},"properties":{"id":"sl_074c52fc","name":"Tulbeckstraße","kind":"street","a":[48.1367,11.54052],"b":[48.13737,11.53448],"length_m":455,"max_offset_m":6.7,"bearing_ab":279.3,"bearing_ba":99.3,"obstruction_toward_a_deg":2.05,"obstruction_toward_b_deg":1.65,"canyon":true,"featured":false,"notes":null,"osm_way_ids":[4074931],"bearing_bucket":"090-120","stroke":"#4daf4a","stroke-width":2,"stroke-opacity":0.9}},
{"type":"Feature","geometry":{"type":"LineString","coordinates":[[11.50664,48.20641],[11.49535,48.20139]]},"properties":{"id":"sl_0773123a","name":"Ferchenbachstraße","kind":"street","a":[48.20641,11.50664],"b":[48.20139,11.49535],"length_m":1008,"max_offset_m":1.6,"bearing_ab":236.4,"bearing_ba":56.4,"obstruction_toward_a_deg":1.04,"obstruction_toward_b_deg":1.04,"canyon":false,"featured":false,"notes":null,"osm_way_ids":[4704028,28001089,28001102,1017551336],"bearing_bucket":"030-060","stroke":"#ff7f00","stroke-width":2,"stroke-opacity":0.9}},
{"type":"Feature","geometry":{"type":"LineString","coordinates":[[11.64909,48.08319],[11.64534,48.08675]]},"properties":{"id":"sl_0786d434","name":"Carl-Wery-Straße","kind":"street","a":[48.08319,11.64909],"b":[48.08675,11.64534],"length_m":484,"max_offset_m":7.9,"bearing_ab":324.7,"bearing_ba":144.7,"obstruction_toward_a_deg":0.6,"obstruction_toward_b_deg":2.31,"canyon":false,"featured":false,"notes":null,"osm_way_ids":[3903524,24992427,152508618,258949951,517974851,517974852,1263001493],"bearing_bucket":"120-150","stroke":"#377eb8","stroke-width":2,"stroke-opacity":0.9}},
{"type":"Feature","geometry":{"type":"LineString","coordinates":[[11.63503,48.15413],[11.64006,48.15638]]},"properties":{"id":"sl_078c9f1b","name":"Englschalkinger Straße","kind":"street","a":[48.15413,11.63503],"b":[48.15638,11.64006],"length_m":450,"max_offset_m":6.0,"bearing_ab":56.3,"bearing_ba":236.3,"obstruction_toward_a_deg":1.26,"obstruction_toward_b_deg":2.07,"canyon":false,"featured":false,"notes":null,"osm_way_ids":[152902344,304278873,547748083,547748084,547748085,547748086],"bearing_bucket":"030-060","stroke":"#ff7f00","stroke-width":2,"stroke-opacity":0.9}},
{"type":"Feature","geometry":{"type":"LineString","coordinates":[[11.43984,48.13979],[11.44397,48.13737]]},"properties":{"id":"sl_0791cff4","name":"Pfeivestlstraße","kind":"street","a":[48.13979,11.43984],"b":[48.13737,11.44397],"length_m":409,"max_offset_m":6.5,"bearing_ab":131.2,"bearing_ba":311.2,"obstruction_toward_a_deg":2.56,"obstruction_toward_b_deg":1.39,"canyon":true,"featured":false,"notes":null,"osm_way_ids":[278445325,1339013481],"bearing_bucket":"120-150","stroke":"#377eb8","stroke-width":2,"stroke-opacity":0.9}},
{"type":"Feature","geometry":{"type":"LineString","coordinates":[[11.64631,48.09646],[11.64922,48.10105]]},"properties":{"id":"sl_0792c7f8","name":"Fritz-Erler-Straße","kind":"street","a":[48.09646,11.64631],"b":[48.10105,11.64922],"length_m":554,"max_offset_m":7.7,"bearing_ab":23.0,"bearing_ba":203.0,"obstruction_toward_a_deg":2.02,"obstruction_toward_b_deg":3.5,"canyon":false,"featured":false,"notes":null,"osm_way_ids":[34340978,34340980,37743291,49863570,142968327,247441063,247441064,247441066,247441068,247441070,247441072,247441073,247441074,1218777848,1418992097,1418992098],"bearing_bucket":"000-030","stroke":"#e41a1c","stroke-width":2,"stroke-opacity":0.9}},
{"type":"Feature","geometry":{"type":"LineString","coordinates":[[11.48391,48.18192],[11.49035,48.18184]]},"properties":{"id":"sl_07be9673","name":"Schweidnitzer Straße","kind":"street","a":[48.18192,11.48391],"b":[48.18184,11.49035],"length_m":479,"max_offset_m":6.7,"bearing_ab":91.1,"bearing_ba":271.1,"obstruction_toward_a_deg":0.8,"obstruction_toward_b_deg":0.8,"canyon":true,"featured":false,"notes":null,"osm_way_ids":[32597548],"bearing_bucket":"090-120","stroke":"#4daf4a","stroke-width":2,"stroke-opacity":0.9}},
{"type":"Feature","geometry":{"type":"LineString","coordinates":[[11.58473,48.18433],[11.5841,48.19379]]},"properties":{"id":"sl_07c33763","name":"Ingolstädter Straße","kind":"street","a":[48.18433,11.58473],"b":[48.19379,11.5841],"length_m":1053,"max_offset_m":6.6,"bearing_ab":357.4,"bearing_ba":177.4,"obstruction_toward_a_deg":0.97,"obstruction_toward_b_deg":0.54,"canyon":false,"featured":false,"notes":null,"osm_way_ids":[4005448,4406256,151098452,151098454,152093111,265869590,276642028,276642029,292792379,334897457,360992728,541710605,541710606,541710607,541710617,883500646,929777083,929777089,1100904650,1100904651,1117656726],"bearing_bucket":"150-180","stroke":"#984ea3","stroke-width":2,"stroke-opacity":0.9}},
{"type":"Feature","geometry":{"type":"LineString","coordinates":[[11.45625,48.19922],[11.45578,48.20392]]},"properties":{"id":"sl_07cd2b4c","name":"Kleselstraße (Würm downstream)","kind":"bridge","a":[48.19922,11.45625],"b":[48.20392,11.45578],"length_m":524,"max_offset_m":21.9,"bearing_ab":356.1,"bearing_ba":176.1,"obstruction_toward_a_deg":0.5,"obstruction_toward_b_deg":0.5,"canyon":false,"featured":false,"notes":null,"osm_way_ids":[26961471,32113795],"bearing_bucket":"150-180","stroke":"#984ea3","stroke-width":2,"stroke-opacity":0.9}},
{"type":"Feature","geometry":{"type":"LineString","coordinates":[[11.70115,48.10257],[11.71097,48.10671]]},"properties":{"id":"sl_08665850","name":"Iltisstraße","kind":"street","a":[48.10257,11.70115],"b":[48.10671,11.71097],"length_m":864,"max_offset_m":4.4,"bearing_ab":57.8,"bearing_ba":237.8,"obstruction_toward_a_deg":0.23,"obstruction_toward_b_deg":0.44,"canyon":true,"featured":false,"notes":null,"osm_way_ids":[3986117,53815846,53815847,113775773],"bearing_bucket":"030-060","stroke":"#ff7f00","stroke-width":2,"stroke-opacity":0.9}},
{"type":"Feature","geometry":{"type":"LineString","coordinates":[[11.51374,48.13912],[11.51347,48.13501]]},"properties":{"id":"sl_08b4772a","name":"Siglstraße","kind":"street","a":[48.13912,11.51374],"b":[48.13501,11.51347],"length_m":458,"max_offset_m":6.9,"bearing_ab":182.5,"bearing_ba":2.5,"obstruction_toward_a_deg":2.04,"obstruction_toward_b_deg":2.04,"canyon":false,"featured":false,"notes":null,"osm_way_ids":[4515608,8147776,56542061,452205999,1157638536],"bearing_bucket":"000-030","stroke":"#e41a1c","stroke-width":2,"stroke-opacity":0.9}},
{"type":"Feature","geometry":{"type":"LineString","coordinates":[[11.47375,48.12413],[11.46799,48.12436]]},"properties":{"id":"sl_08b9c127","name":null,"kind":"street","a":[48.12413,11.47375],"b":[48.12436,11.46799],"length_m":430,"max_offset_m":5.1,"bearing_ab":273.4,"bearing_ba":93.4,"obstruction_toward_a_deg":1.75,"obstruction_toward_b_deg":2.44,"canyon":false,"featured":false,"notes":null,"osm_way_ids":[24945138],"bearing_bucket":"090-120","stroke":"#4daf4a","stroke-width":2,"stroke-opacity":0.9}},
{"type":"Feature","geometry":{"type":"LineString","coordinates":[[11.54019,48.14538],[11.55593,48.14201]]},"properties":{"id":"sl_08e4cf20","name":"Arnulfstraße","kind":"street","a":[48.14538,11.54019],"b":[48.14201,11.55593],"length_m":1230,"max_offset_m":7.6,"bearing_ab":107.7,"bearing_ba":287.7,"obstruction_toward_a_deg":0.76,"obstruction_toward_b_deg":0.91,"canyon":false,"featured":false,"notes":null,"osm_way_ids":[4513916,60734641,67433180,90394155,90394166,126760928,146018788,151521563,224855182,224855183,227043221,292950392,315127281,315127282,315127283,316009875,490504562,1341063702,1341063703,1420335406,1420335407],"bearing_bucket":"090-120","stroke":"#4daf4a","stroke-width":2,"stroke-opacity":0.9}},
{"type":"Feature","geometry":{"type":"LineString","coordinates":[[11.58544,48.13204],[11.59066,48.13735]]},"properties":{"id":"sl_08f28c0f","name":"Ludwigsbrücke (Isar downstream)","kind":"bridge","a":[48.13204,11.58544],"b":[48.13735,11.59066],"length_m":707,"max_offset_m":7.4,"bearing_ab":33.4,"bearing_ba":213.4,"obstruction_toward_a_deg":0.5,"obstruction_toward_b_deg":0.5,"canyon":false,"featured":false,"notes":null,"osm_way_ids":[18954784,19077974,41480144],"bearing_bucket":"030-060","stroke":"#ff7f00","stroke-width":2,"stroke-opacity":0.9}},
{"type":"Feature","geometry":{"type":"LineString","coordinates":[[11.66857,48.12764],[11.67153,48.13135]]},"properties":{"id":"sl_08f7b7c8","name":"Salzmesserstraße","kind":"street","a":[48.12764,11.66857],"b":[48.13135,11.67153],"length_m":468,"max_offset_m":8.0,"bearing_ab":28.1,"bearing_ba":208.1,"obstruction_toward_a_deg":1.21,"obstruction_toward_b_deg":2.24,"canyon":true,"featured":false,"notes":null,"osm_way_ids":[4016957],"bearing_bucket":"000-030","stroke":"#e41a1c","stroke-width":2,"stroke-opacity":0.9}},
{"type":"Feature","geometry":{"type":"LineString","coordinates":[[11.47562,48.15386],[11.46887,48.154]]},"properties":{"id":"sl_092c6de4","name":"Anton-Meindl-Straße","kind":"street","a":[48.15386,11.47562],"b":[48.154,11.46887],"length_m":502,"max_offset_m":5.3,"bearing_ab":271.8,"bearing_ba":91.8,"obstruction_toward_a_deg":0.76,"obstruction_toward_b_deg":0.76,"canyon":true,"featured":false,"notes":null,"osm_way_ids":[16554211],"bearing_bucket":"090-120","stroke":"#4daf4a","stroke-width":2,"stroke-opacity":0.9}},
{"type":"Feature","geometry":{"type":"LineString","coordinates":[[11.54638,48.12094],[11.54693,48.11694]]},"properties":{"id":"sl_0948927e","name":"Danklstraße","kind":"street","a":[48.12094,11.54638],"b":[48.11694,11.54693],"length_m":447,"max_offset_m":6.9,"bearing_ab":174.7,"bearing_ba":354.7,"obstruction_toward_a_deg":1.68,"obstruction_toward_b_deg":1.68,"canyon":true,"featured":false,"notes":null,"osm_way_ids":[158425749,158425753,1090782135,1133381659,1495892245,1495892246],"bearing_bucket":"150-180","stroke":"#984ea3","stroke-width":2,"stroke-opacity":0.9}},
{"type":"Feature","geometry":{"type":"LineString","coordinates":[[11.71027,48.13331],[11.70878,48.12836]]},"properties":{"id":"sl_094d5ac6","name":null,"kind":"street","a":[48.13331,11.71027],"b":[48.12836,11.70878],"length_m":562,"max_offset_m":0.7,"bearing_ab":191.3,"bearing_ba":11.3,"obstruction_toward_a_deg":1.87,"obstruction_toward_b_deg":1.87,"canyon":false,"featured":false,"notes":null,"osm_way_ids":[23243938],"bearing_bucket":"000-030","stroke":"#e41a1c","stroke-width":2,"stroke-opacity":0.9}},
{"type":"Feature","geometry":{"type":"LineString","coordinates":[[11.52523,48.16371],[11.52713,48.15931]]},"properties":{"id":"sl_09918b8a","name":"Böcklinstraße","kind":"street","a":[48.16371,11.52523],"b":[48.15931,11.52713],"length_m":510,"max_offset_m":4.8,"bearing_ab":164.0,"bearing_ba":344.0,"obstruction_toward_a_deg":1.29,"obstruction_toward_b_deg":0.75,"canyon":true,"featured":false,"notes":null,"osm_way_ids":[5192029,1177917190,1342077031],"bearing_bucket":"150-180","stroke":"#984ea3","stroke-width":2,"stroke-opacity":0.9}},
{"type":"Feature","geometry":{"type":"LineString","coordinates":[[11.48239,48.14154],[11.47456,48.14233]]},"properties":{"id":"sl_09b39cf5","name":"Agnes-Bernauer-Straße","kind":"street","a":[48.14154,11.48239],"b":[48.14233,11.47456],"length_m":589,"max_offset_m":5.1,"bearing_ab":278.6,"bearing_ba":98.6,"obstruction_toward_a_deg":0.65,"obstruction_toward_b_deg":0.96,"canyon":false,"featured":false,"notes":null,"osm_way_ids":[4386924,30578267,38862331,38862626,212298558,343008956,343008965,1193845348,1213289078],"bearing_bucket":"090-120","stroke":"#4daf4a","stroke-width":2,"stroke-opacity":0.9}},
{"type":"Feature","geometry":{"type":"LineString","coordinates":[[11.58,48.20663],[11.57917,48.20229]]},"properties":{"id":"sl_09f35234","name":"Bernaysstraße","kind":"street","a":[48.20663,11.58],"b":[48.20229,11.57917],"length_m":487,"max_offset_m":2.2,"bearing_ab":187.3,"bearing_ba":7.3,"obstruction_toward_a_deg":0.98,"obstruction_toward_b_deg":0.79,"canyon":true,"featured":false,"notes":null,"osm_way_ids":[6235990,23605478],"bearing_bucket":"000-030","stroke":"#e41a1c","stroke-width":2,"stroke-opacity":0.9}},
{"type":"Feature","geometry":{"type":"LineString","coordinates":[[11.45158,48.20118],[11.44649,48.19993]]},"properties":{"id":"sl_0a184784","name":"Am Lochholz","kind":"street","a":[48.20118,11.45158],"b":[48.19993,11.44649],"length_m":403,"max_offset_m":7.9,"bearing_ab":249.9,"bearing_ba":69.9,"obstruction_toward_a_deg":2.6,"obstruction_toward_b_deg":2.6,"canyon":true,"featured":false,"notes":null,"osm_way_ids":[32623939,32623941],"bearing_bucket":"060-090","stroke":"#ffd92f","stroke-width":2,"stroke-opacity":0.9}},
{"type":"Feature","geometry":{"type":"LineString","coordinates":[[11.41878,48.15737],[11.41694,48.162]]},"properties":{"id":"sl_0a5a6260","name":"Industriestraße","kind":"street","a":[48.15737,11.41878],"b":[48.162,11.41694],"length_m":533,"max_offset_m":2.7,"bearing_ab":345.0,"bearing_ba":165.0,"obstruction_toward_a_deg":0.72,"obstruction_toward_b_deg":0.72,"canyon":true,"featured":false,"notes":null,"osm_way_ids":[18780236,1467995926],"bearing_bucket":"150-180","stroke":"#984ea3","stroke-width":2,"stroke-opacity":0.9}},
{"type":"Feature","geometry":{"type":"LineString","coordinates":[[11.61105,48.19973],[11.6187,48.19815]]},"properties":{"id":"sl_0a5d981f","name":"Heidemannstraße","kind":"street","a":[48.19973,11.61105],"b":[48.19815,11.6187],"length_m":596,"max_offset_m":7.3,"bearing_ab":107.2,"bearing_ba":287.2,"obstruction_toward_a_deg":1.76,"obstruction_toward_b_deg":1.76,"canyon":false,"featured":false,"notes":null,"osm_way_ids":[4673904,20657508,20657509,20657510,20657512,23440163,144788353,202370604,292610412,292610413,316639205,316639213,316639217,1420303663,1420303664],"bearing_bucket":"090-120","stroke":"#4daf4a","stroke-width":2,"stroke-opacity":0.9}},
{"type":"Feature","geometry":{"type":"LineString","coordinates":[[11.53646,48.0826],[11.5385,48.08631]]},"properties":{"id":"sl_0b5c7589","name":"Ludwigshöher Straße","kind":"street","a":[48.0826,11.53646],"b":[48.08631,11.5385],"length_m":440,"max_offset_m":4.6,"bearing_ab":20.2,"bearing_ba":200.2,"obstruction_toward_a_deg":0.87,"obstruction_toward_b_deg":2.38,"canyon":false,"featured":false,"notes":null,"osm_way_ids":[56079266,996067148,1430903964,1430903965],"bearing_bucket":"000-030","stroke":"#e41a1c","stroke-width":2,"stroke-opacity":0.9}},
{"type":"Feature","geometry":{"type":"LineString","coordinates":[[11.51221,48.12626],[11.51929,48.12524]]},"properties":{"id":"sl_0b5fb555","name":"Nebelhornstraße","kind":"street","a":[48.12626,11.51221],"b":[48.12524,11.51929],"length_m":539,"max_offset_m":1.3,"bearing_ab":102.1,"bearing_ba":282.2,"obstruction_toward_a_deg":0.71,"obstruction_toward_b_deg":0.71,"canyon":true,"featured":false,"notes":null,"osm_way_ids":[4537173,1118752376,1118752377,1523486494,1523486495],"bearing_bucket":"090-120","stroke":"#4daf4a","stroke-width":2,"stroke-opacity":0.9}},
{"type":"Feature","geometry":{"type":"LineString","coordinates":[[11.56326,48.09424],[11.56875,48.09328]]},"properties":{"id":"sl_0b8f1242","name":"Griechenstraße","kind":"street","a":[48.09424,11.56326],"b":[48.09328,11.56875],"length_m":422,"max_offset_m":6.8,"bearing_ab":104.6,"bearing_ba":284.6,"obstruction_toward_a_deg":0.91,"obstruction_toward_b_deg":0.91,"canyon":true,"featured":false,"notes":null,"osm_way_ids":[4983654,1436706224,1436706225],"bearing_bucket":"090-120","stroke":"#4daf4a","stroke-width":2,"stroke-opacity":0.9}},
{"type":"Feature","geometry":{"type":"LineString","coordinates":[[11.5861,48.14152],[11.59381,48.14039]]},"properties":{"id":"sl_0bb7a8a9","name":"Liebigstraße","kind":"street","a":[48.14152,11.5861],"b":[48.14039,11.59381],"length_m":588,"max_offset_m":2.2,"bearing_ab":102.3,"bearing_ba":282.3,"obstruction_toward_a_deg":1.59,"obstruction_toward_b_deg":1.74,"canyon":true,"featured":false,"notes":null,"osm_way_ids":[4645431,48586366,48586367,48586368,48586369,48586370,527887145,1103589957,1426642664,1503924894],"bearing_bucket":"090-120","stroke":"#4daf4a","stroke-width":2,"stroke-opacity":0.9}},
{"type":"Feature","geometry":{"type":"LineString","coordinates":[[11.5585,48.14676],[11.55605,48.142]]},"properties":{"id":"sl_0be9c815","name":"Seidlstraße","kind":"street","a":[48.14676,11.5585],"b":[48.142,11.55605],"length_m":560,"max_offset_m":4.0,"bearing_ab":199.0,"bearing_ba":19.0,"obstruction_toward_a_deg":1.67,"obstruction_toward_b_deg":1.5,"canyon":false,"featured":false,"notes":null,"osm_way_ids":[86962356,88501256,98653129,226979011,292767091,292767092,310707194,310707195,316009881,733064239,923916236],"bearing_bucket":"000-030","stroke":"#e41a1c","stroke-width":2,"stroke-opacity":0.9}},
{"type":"Feature","geometry":{"type":"LineString","coordinates":[[11.4855,48.08531],[11.48584,48.08031]]},"properties":{"id":"sl_0c03e9e0","name":"Allgäuer Straße","kind":"street","a":[48.08531,11.4855],"b":[48.08031,11.48584],"length_m":557,"max_offset_m":7.7,"bearing_ab":177.4,"bearing_ba":357.4,"obstruction_toward_a_deg":0.36,"obstruction_toward_b_deg":1.51,"canyon":false,"featured":false,"notes":null,"osm_way_ids":[118333421,154947935,162246567,273348424,1394211481],"bearing_bucket":"150-180","stroke":"#984ea3","stroke-width":2,"stroke-opacity":0.9}},
{"type":"Feature","geometry":{"type":"LineString","coordinates":[[11.42312,48.19824],[11.42954,48.19806]]},"properties":{"id":"sl_0c0d4503","name":"Lußweg","kind":"street","a":[48.19824,11.42312],"b":[48.19806,11.42954],"length_m":478,"max_offset_m":5.0,"bearing_ab":92.4,"bearing_ba":272.4,"obstruction_toward_a_deg":0.42,"obstruction_toward_b_deg":2.19,"canyon":false,"featured":false,"notes":null,"osm_way_ids":[22702313],"bearing_bucket":"090-120","stroke":"#4daf4a","stroke-width":2,"stroke-opacity":0.9}},
{"type":"Feature","geometry":{"type":"LineString","coordinates":[[11.50449,48.12965],[11.50492,48.13406]]},"properties":{"id":"sl_0c4a34ff","name":"Flotowstraße","kind":"street","a":[48.12965,11.50449],"b":[48.13406,11.50492],"length_m":491,"max_offset_m":7.0,"bearing_ab":3.8,"bearing_ba":183.8,"obstruction_toward_a_deg":0.41,"obstruction_toward_b_deg":0.78,"canyon":true,"featured":false,"notes":null,"osm_way_ids":[4585903],"bearing_bucket":"000-030","stroke":"#e41a1c","stroke-width":2,"stroke-opacity":0.9}},
{"type":"Feature","geometry":{"type":"LineString","coordinates":[[11.44017,48.17488],[11.42973,48.17438]]},"properties":{"id":"sl_0c4c51e2","name":"Lochhausener Straße","kind":"street","a":[48.17488,11.44017],"b":[48.17438,11.42973],"length_m":778,"max_offset_m":5.5,"bearing_ab":265.9,"bearing_ba":85.9,"obstruction_toward_a_deg":1.35,"obstruction_toward_b_deg":1.35,"canyon":false,"featured":false,"notes":null,"osm_way_ids":[4796557,59426910,371630531,1358884925],"bearing_bucket":"060-090","stroke":"#ffd92f","stroke-width":2,"stroke-opacity":0.9}},
{"type":"Feature","geometry":{"type":"LineString","coordinates":[[11.52767,48.21806],[11.52038,48.21815]]},"properties":{"id":"sl_0d92e765","name":"Karlsfelder Straße","kind":"street","a":[48.21806,11.52767],"b":[48.21815,11.52038],"length_m":542,"max_offset_m":6.0,"bearing_ab":271.1,"bearing_ba":91.1,"obstruction_toward_a_deg":0.71,"obstruction_toward_b_deg":1.93,"canyon":false,"featured":false,"notes":null,"osm_way_ids":[42723266,1386298461],"bearing_bucket":"090-120","stroke":"#4daf4a","stroke-width":2,"stroke-opacity":0.9}},
{"type":"Feature","geometry":{"type":"LineString","coordinates":[[11.49643,48.1939],[11.5019,48.19291]]},"properties":{"id":"sl_0dad16e3","name":"Dachauer Straße","kind":"street","a":[48.1939,11.49643],"b":[48.19291,11.5019],"length_m":421,"max_offset_m":7.9,"bearing_ab":105.1,"bearing_ba":285.1,"obstruction_toward_a_deg":2.49,"obstruction_toward_b_deg":2.49,"canyon":false,"featured":false,"notes":null,"osm_way_ids":[4055479,4534426,28972603,758810786,1061052807],"bearing_bucket":"090-120","stroke":"#4daf4a","stroke-width":2,"stroke-opacity":0.9}},
{"type":"Feature","geometry":{"type":"LineString","coordinates":[[11.65478,48.11633],[11.6661,48.11189]]},"properties":{"id":"sl_0e3e2493","name":"Himalajastraße","kind":"street","a":[48.11633,11.65478],"b":[48.11189,11.6661],"length_m":977,"max_offset_m":7.5,"bearing_ab":120.4,"bearing_ba":300.4,"obstruction_toward_a_deg":0.39,"obstruction_toward_b_deg":0.39,"canyon":false,"featured":false,"notes":null,"osm_way_ids":[2898067],"bearing_bucket":"120-150","stroke":"#377eb8","stroke-width":2,"stroke-opacity":0.9}},
{"type":"Feature","geometry":{"type":"LineString","coordinates":[[11.56747,48.20922],[11.56827,48.20384]]},"properties":{"id":"sl_0e5594e8","name":"Hugo-Wolf-Straße","kind":"street","a":[48.20922,11.56747],"b":[48.20384,11.56827],"length_m":601,"max_offset_m":6.0,"bearing_ab":174.3,"bearing_ba":354.3,"obstruction_toward_a_deg":0.94,"obstruction_toward_b_deg":0.94,"canyon":false,"featured":false,"notes":null,"osm_way_ids":[23375200,34912944,256578890,312914964],"bearing_bucket":"150-180","stroke":"#984ea3","stroke-width":2,"stroke-opacity":0.9}},
{"type":"Feature","geometry":{"type":"LineString","coordinates":[[11.63041,48.19782],[11.62111,48.18701]]},"properties":{"id":"sl_0e77272a","name":"Sondermeierstraße","kind":"street","a":[48.19782,11.63041],"b":[48.18701,11.62111],"length_m":1387,"max_offset_m":4.4,"bearing_ab":209.9,"bearing_ba":29.9,"obstruction_toward_a_deg":0.41,"obstruction_toward_b_deg":0.14,"canyon":false,"featured":false,"notes":null,"osm_way_ids":[34240115,80121404,123815567,129876580,160661546,1530710879,1530710894,1530710896],"bearing_bucket":"000-030","stroke":"#e41a1c","stroke-width":2,"stroke-opacity":0.9}},
{"type":"Feature","geometry":{"type":"LineString","coordinates":[[11.64012,48.11723],[11.64294,48.12277]]},"properties":{"id":"sl_0e85cefd","name":"Sankt-Veit-Straße","kind":"street","a":[48.11723,11.64012],"b":[48.12277,11.64294],"length_m":650,"max_offset_m":7.5,"bearing_ab":18.9,"bearing_ba":198.9,"obstruction_toward_a_deg":0.59,"obstruction_toward_b_deg":0.59,"canyon":true,"featured":false,"notes":null,"osm_way_ids":[26696141,26696143,38684263,75078151,87729084,87729746,539221182,1420688737,1420688738,1420688739],"bearing_bucket":"000-030","stroke":"#e41a1c","stroke-width":2,"stroke-opacity":0.9}},
{"type":"Feature","geometry":{"type":"LineString","coordinates":[[11.62232,48.12859],[11.62121,48.12483]]},"properties":{"id":"sl_0e9f828b","name":"Schlüsselbergstraße","kind":"street","a":[48.12859,11.62232],"b":[48.12483,11.62121],"length_m":426,"max_offset_m":7.7,"bearing_ab":191.2,"bearing_ba":11.2,"obstruction_toward_a_deg":2.19,"obstruction_toward_b_deg":0.47,"canyon":true,"featured":false,"notes":null,"osm_way_ids":[4066170,26696134,37666019,99862902,99862912],"bearing_bucket":"000-030","stroke":"#e41a1c","stroke-width":2,"stroke-opacity":0.9}},
{"type":"Feature","geometry":{"type":"LineString","coordinates":[[11.44477,48.19188],[11.44742,48.19522]]},"properties":{"id":"sl_0ea18370","name":null,"kind":"street","a":[48.19188,11.44477],"b":[48.19522,11.44742],"length_m":420,"max_offset_m":4.0,"bearing_ab":28.1,"bearing_ba":208.1,"obstruction_toward_a_deg":2.49,"obstruction_toward_b_deg":2.49,"canyon":false,"featured":false,"notes":null,"osm_way_ids":[32136255],"bearing_bucket":"000-030","stroke":"#e41a1c","stroke-width":2,"stroke-opacity":0.9}},
{"type":"Feature","geometry":{"type":"LineString","coordinates":[[11.53709,48.17638],[11.52409,48.17651]]},"properties":{"id":"sl_0eb91a7a","name":"Georg-Brauchle-Ring","kind":"street","a":[48.17638,11.53709],"b":[48.17651,11.52409],"length_m":966,"max_offset_m":7.1,"bearing_ab":270.9,"bearing_ba":90.9,"obstruction_toward_a_deg":0.59,"obstruction_toward_b_deg":0.97,"canyon":false,"featured":false,"notes":null,"osm_way_ids":[30720834,30909675,98478768,98481227,98481234,172507241,269170230,290579662,392862082,1149995645,1315305080,1420303677,1421993409,1459471553],"bearing_bucket":"090-120","stroke":"#4daf4a","stroke-width":2,"stroke-opacity":0.9}},
{"type":"Feature","geometry":{"type":"LineString","coordinates":[[11.58149,48.19596],[11.58086,48.20078]]},"properties":{"id":"sl_0ef6d295","name":"Rothpletzstraße","kind":"street","a":[48.19596,11.58149],"b":[48.20078,11.58086],"length_m":538,"max_offset_m":0.0,"bearing_ab":355.1,"bearing_ba":175.1,"obstruction_toward_a_deg":1.39,"obstruction_toward_b_deg":0.37,"canyon":false,"featured":false,"notes":null,"osm_way_ids":[150926713,1125633053],"bearing_bucket":"150-180","stroke":"#984ea3","stroke-width":2,"stroke-opacity":0.9}},
{"type":"Feature","geometry":{"type":"LineString","coordinates":[[11.58859,48.1374],[11.57748,48.13958]]},"properties":{"id":"sl_0ef924b1","name":"Maximilianstraße","kind":"street","a":[48.1374,11.58859],"b":[48.13958,11.57748],"length_m":862,"max_offset_m":7.0,"bearing_ab":286.3,"bearing_ba":106.3,"obstruction_toward_a_deg":0.98,"obstruction_toward_b_deg":1.08,"canyon":false,"featured":false,"notes":null,"osm_way_ids":[3812984,31019214,38332818,38332819,38332820,38332821,38332822,38333187,38333188,120333567,145571048,147855234,147855243,315220264,445339807,535322385,1389356645,1420896600],"bearing_bucket":"090-120","stroke":"#4daf4a","stroke-width":2,"stroke-opacity":0.9}},
{"type":"Feature","geometry":{"type":"LineString","coordinates":[[11.61929,48.10785],[11.61726,48.11233]]},"properties":{"id":"sl_0fa92075","name":"Ottobrunner Straße","kind":"street","a":[48.10785,11.61929],"b":[48.11233,11.61726],"length_m":521,"max_offset_m":7.8,"bearing_ab":343.2,"bearing_ba":163.2,"obstruction_toward_a_deg":1.09,"obstruction_toward_b_deg":1.44,"canyon":false,"featured":false,"notes":null,"osm_way_ids":[151406643,966020408],"bearing_bucket":"150-180","stroke":"#984ea3","stroke-width":2,"stroke-opacity":0.9}},
{"type":"Feature","geometry":{"type":"LineString","coordinates":[[11.57525,48.18257],[11.5753,48.17859]]},"properties":{"id":"sl_0fd76acd","name":null,"kind":"street","a":[48.18257,11.57525],"b":[48.17859,11.5753],"length_m":443,"max_offset_m":7.1,"bearing_ab":179.5,"bearing_ba":359.5,"obstruction_toward_a_deg":1.69,"obstruction_toward_b_deg":0.87,"canyon":false,"featured":false,"notes":null,"osm_way_ids":[22661166],"bearing_bucket":"150-180","stroke":"#984ea3","stroke-width":2,"stroke-opacity":0.9}},
{"type":"Feature","geometry":{"type":"LineString","coordinates":[[11.55865,48.1291],[11.56428,48.1281]]},"properties":{"id":"sl_0fe16542","name":"Waltherstraße","kind":"street","a":[48.1291,11.55865],"b":[48.1281,11.56428],"length_m":434,"max_offset_m":5.7,"bearing_ab":104.9,"bearing_ba":284.9,"obstruction_toward_a_deg":1.94,"obstruction_toward_b_deg":2.57,"canyon":true,"featured":false,"notes":null,"osm_way_ids":[4591380,127683629,258623025,1268413713],"bearing_bucket":"090-120","stroke":"#4daf4a","stroke-width":2,"stroke-opacity":0.9}},
{"type":"Feature","geometry":{"type":"LineString","coordinates":[[11.62464,48.11996],[11.61302,48.12078]]},"properties":{"id":"sl_100b733a","name":"Bad-Schachener-Straße","kind":"street","a":[48.11996,11.62464],"b":[48.12078,11.61302],"length_m":870,"max_offset_m":5.3,"bearing_ab":276.0,"bearing_ba":96.0,"obstruction_toward_a_deg":0.65,"obstruction_toward_b_deg":0.86,"canyon":false,"featured":false,"notes":null,"osm_way_ids":[35039839,35039840,37666023,146256534,230122229,230122234,230139223,230251443,230251445,230251446,230251447,230251448,230251449,230251450,230254198,1113421807,1113421809,1113421810,1222261294,1222261295,1222261296,1222261297,1222261298,1222261299,1222261300],"bearing_bucket":"090-120","stroke":"#4daf4a","stroke-width":2,"stroke-opacity":0.9}},
{"type":"Feature","geometry":{"type":"LineString","coordinates":[[11.66489,48.08962],[11.65977,48.09139]]},"properties":{"id":"sl_10195c6f","name":"Putzbrunner Straße","kind":"street","a":[48.08962,11.66489],"b":[48.09139,11.65977],"length_m":429,"max_offset_m":7.7,"bearing_ab":297.2,"bearing_ba":117.2,"obstruction_toward_a_deg":0.89,"obstruction_toward_b_deg":2.44,"canyon":false,"featured":false,"notes":null,"osm_way_ids":[49302407,109860640,251534694,251534695,251534698,1422654148,1424949169],"bearing_bucket":"090-120","stroke":"#4daf4a","stroke-width":2,"stroke-opacity":0.9}},
{"type":"Feature","geometry":{"type":"LineString","coordinates":[[11.6192,48.19201],[11.62077,48.19545]]},"properties":{"id":"sl_106843a1","name":"Wohlfartstraße","kind":"street","a":[48.19201,11.6192],"b":[48.19545,11.62077],"length_m":401,"max_offset_m":7.1,"bearing_ab":17.0,"bearing_ba":197.0,"obstruction_toward_a_deg":1.87,"obstruction_toward_b_deg":2.61,"canyon":true,"featured":false,"notes":null,"osm_way_ids":[5440027],"bearing_bucket":"000-030","stroke":"#e41a1c","stroke-width":2,"stroke-opacity":0.9}},
{"type":"Feature","geometry":{"type":"LineString","coordinates":[[11.51483,48.12871],[11.50934,48.12635]]},"properties":{"id":"sl_10958963","name":"Westendstraße","kind":"street","a":[48.12871,11.51483],"b":[48.12635,11.50934],"length_m":486,"max_offset_m":5.6,"bearing_ab":237.3,"bearing_ba":57.3,"obstruction_toward_a_deg":1.98,"obstruction_toward_b_deg":1.92,"canyon":false,"featured":false,"notes":null,"osm_way_ids":[1421510621,1421510623,1421510624,1422207976,1422207977,1422207978,1497658201],"bearing_bucket":"030-060","stroke":"#ff7f00","stroke-width":2,"stroke-opacity":0.9}},
{"type":"Feature","geometry":{"type":"LineString","coordinates":[[11.5426,48.12217],[11.54192,48.11828]]},"properties":{"id":"sl_10982d7a","name":"Kidlerstraße","kind":"street","a":[48.12217,11.5426],"b":[48.11828,11.54192],"length_m":435,"max_offset_m":7.9,"bearing_ab":186.7,"bearing_ba":6.7,"obstruction_toward_a_deg":1.3,"obstruction_toward_b_deg":1.73,"canyon":true,"featured":false,"notes":null,"osm_way_ids":[62203372,158425888,372448430,1272216357,1272216358,1495881338,1495887126,1495887127],"bearing_bucket":"000-030","stroke":"#e41a1c","stroke-width":2,"stroke-opacity":0.9}},
{"type":"Feature","geometry":{"type":"LineString","coordinates":[[11.64952,48.14874],[11.65494,48.15018]]},"properties":{"id":"sl_10a59083","name":"Daglfinger Straße","kind":"street","a":[48.14874,11.64952],"b":[48.15018,11.65494],"length_m":434,"max_offset_m":7.2,"bearing_ab":68.4,"bearing_ba":248.4,"obstruction_toward_a_deg":0.88,"obstruction_toward_b_deg":0.88,"canyon":false,"featured":false,"notes":null,"osm_way_ids":[87321664,284321318,317178895,1178756864,1178756865],"bearing_bucket":"060-090","stroke":"#ffd92f","stroke-width":2,"stroke-opacity":0.9}},
{"type":"Feature","geometry":{"type":"LineString","coordinates":[[11.36774,48.16811],[11.37377,48.16645]]},"properties":{"id":"sl_10df9f55","name":"Eichenauer Straße","kind":"street","a":[48.16811,11.36774],"b":[48.16645,11.37377],"length_m":485,"max_offset_m":7.8,"bearing_ab":112.3,"bearing_ba":292.3,"obstruction_toward_a_deg":2.16,"obstruction_toward_b_deg":2.16,"canyon":false,"featured":false,"notes":null,"osm_way_ids":[18813656,40637837],"bearing_bucket":"090-120","stroke":"#4daf4a","stroke-width":2,"stroke-opacity":0.9}},
{"type":"Feature","geometry":{"type":"LineString","coordinates":[[11.50966,48.15132],[11.50802,48.14762]]},"properties":{"id":"sl_112066f9","name":"De-la-Paz-Straße","kind":"street","a":[48.15132,11.50966],"b":[48.14762,11.50802],"length_m":429,"max_offset_m":2.6,"bearing_ab":196.5,"bearing_ba":16.5,"obstruction_toward_a_deg":1.32,"obstruction_toward_b_deg":2.17,"canyon":true,"featured":false,"notes":null,"osm_way_ids":[4058980,89360863],"bearing_bucket":"000-030","stroke":"#e41a1c","stroke-width":2,"stroke-opacity":0.9}},
{"type":"Feature","geometry":{"type":"LineString","coordinates":[[11.62644,48.19934],[11.62008,48.2]]},"properties":{"id":"sl_1158fe64","name":"Josef-Wirth-Weg","kind":"street","a":[48.19934,11.62644],"b":[48.2,11.62008],"length_m":478,"max_offset_m":7.6,"bearing_ab":278.8,"bearing_ba":98.8,"obstruction_toward_a_deg":0.8,"obstruction_toward_b_deg":2.19,"canyon":true,"featured":false,"notes":null,"osm_way_ids":[20661123,1531228392,1531228398],"bearing_bucket":"090-120","stroke":"#4daf4a","stroke-width":2,"stroke-opacity":0.9}},
{"type":"Feature","geometry":{"type":"LineString","coordinates":[[11.64965,48.11342],[11.64427,48.11521]]},"properties":{"id":"sl_11f94951","name":"Zehntfeldstraße","kind":"street","a":[48.11342,11.64965],"b":[48.11521,11.64427],"length_m":447,"max_offset_m":4.0,"bearing_ab":296.5,"bearing_ba":116.5,"obstruction_toward_a_deg":0.86,"obstruction_toward_b_deg":0.86,"canyon":true,"featured":false,"notes":null,"osm_way_ids":[3322006,218907681],"bearing_bucket":"090-120","stroke":"#4daf4a","stroke-width":2,"stroke-opacity":0.9}},
{"type":"Feature","geometry":{"type":"LineString","coordinates":[[11.53012,48.10251],[11.53546,48.10332]]},"properties":{"id":"sl_125f81e4","name":null,"kind":"street","a":[48.10251,11.53012],"b":[48.10332,11.53546],"length_m":408,"max_offset_m":6.5,"bearing_ab":77.3,"bearing_ba":257.3,"obstruction_toward_a_deg":2.29,"obstruction_toward_b_deg":0.94,"canyon":false,"featured":false,"notes":null,"osm_way_ids":[822333160,944691726],"bearing_bucket":"060-090","stroke":"#ffd92f","stroke-width":2,"stroke-opacity":0.9}},
{"type":"Feature","geometry":{"type":"LineString","coordinates":[[11.49913,48.1336],[11.49229,48.13443]]},"properties":{"id":"sl_12eb697a","name":"Camerloherstraße","kind":"street","a":[48.1336,11.49913],"b":[48.13443,11.49229],"length_m":518,"max_offset_m":7.0,"bearing_ab":280.3,"bearing_ba":100.3,"obstruction_toward_a_deg":1.09,"obstruction_toward_b_deg":0.74,"canyon":true,"featured":false,"notes":null,"osm_way_ids":[5081108,8351859,977123947],"bearing_bucket":"090-120","stroke":"#4daf4a","stroke-width":2,"stroke-opacity":0.9}},
{"type":"Feature","geometry":{"type":"LineString","coordinates":[[11.56031,48.17422],[11.5663,48.17585]]},"properties":{"id":"sl_1300d666","name":"Birnauer Straße","kind":"street","a":[48.17422,11.56031],"b":[48.17585,11.5663],"length_m":481,"max_offset_m":5.6,"bearing_ab":67.9,"bearing_ba":247.9,"obstruction_toward_a_deg":1.76,"obstruction_toward_b_deg":0.42,"canyon":false,"featured":false,"notes":null,"osm_way_ids":[81958060,89360845,311413661],"bearing_bucket":"060-090","stroke":"#ffd92f","stroke-width":2,"stroke-opacity":0.9}},
{"type":"Feature","geometry":{"type":"LineString","coordinates":[[11.6627,48.10896],[11.66494,48.11231]]},"properties":{"id":"sl_13e3fa47","name":"Schneebergstraße","kind":"street","a":[48.10896,11.6627],"b":[48.11231,11.66494],"length_m":409,"max_offset_m":0.3,"bearing_ab":24.2,"bearing_ba":204.2,"obstruction_toward_a_deg":0.94,"obstruction_toward_b_deg":0.94,"canyon":true,"featured":false,"notes":null,"osm_way_ids":[4005500],"bearing_bucket":"000-030","stroke":"#e41a1c","stroke-width":2,"stroke-opacity":0.9}},
{"type":"Feature","geometry":{"type":"LineString","coordinates":[[11.57236,48.11229],[11.57432,48.11613]]},"properties":{"id":"sl_1412d38a","name":"Waldeckstraße","kind":"street","a":[48.11229,11.57236],"b":[48.11613,11.57432],"length_m":452,"max_offset_m":6.9,"bearing_ab":18.8,"bearing_ba":198.8,"obstruction_toward_a_deg":1.26,"obstruction_toward_b_deg":1.66,"canyon":true,"featured":false,"notes":null,"osm_way_ids":[41215658,156452221,1436918597,1436918598,1436918599,1436918601,1436918602,1436918603],"bearing_bucket":"000-030","stroke":"#e41a1c","stroke-width":2,"stroke-opacity":0.9}},
{"type":"Feature","geometry":{"type":"LineString","coordinates":[[11.59015,48.11718],[11.60271,48.12007]]},"properties":{"id":"sl_14341a6b","name":"Sankt-Martin-Straße","kind":"street","a":[48.11718,11.59015],"b":[48.12007,11.60271],"length_m":988,"max_offset_m":7.5,"bearing_ab":71.0,"bearing_ba":251.0,"obstruction_toward_a_deg":1.04,"obstruction_toward_b_deg":1.13,"canyon":false,"featured":false,"notes":null,"osm_way_ids":[41821148,42150866,101359799,130573332,130573333,260345658,260345661,260345663,260345666,260345669,514345573,963584957,992186675,1459331104,1459333471,1459334771,1459334772,1459334774,1459336899,1459336900,1459336901,1459336902,1459336903,1459336904],"bearing_bucket":"060-090","stroke":"#ffd92f","stroke-width":2,"stroke-opacity":0.9}},
{"type":"Feature","geometry":{"type":"LineString","coordinates":[[11.68411,48.11806],[11.68866,48.11563]]},"properties":{"id":"sl_145b59d0","name":null,"kind":"street","a":[48.11806,11.68411],"b":[48.11563,11.68866],"length_m":433,"max_offset_m":3.0,"bearing_ab":128.6,"bearing_ba":308.6,"obstruction_toward_a_deg":0.89,"obstruction_toward_b_deg":0.89,"canyon":true,"featured":false,"notes":null,"osm_way_ids":[1534824511],"bearing_bucket":"120-150","stroke":"#377eb8","stroke-width":2,"stroke-opacity":0.9}},
{"type":"Feature","geometry":{"type":"LineString","coordinates":[[11.56405,48.12729],[11.56639,48.13077]]},"properties":{"id":"sl_14bfec1c","name":null,"kind":"street","a":[48.12729,11.56405],"b":[48.13077,11.56639],"length_m":425,"max_offset_m":6.1,"bearing_ab":24.3,"bearing_ba":204.3,"obstruction_toward_a_deg":2.2,"obstruction_toward_b_deg":2.2,"canyon":false,"featured":false,"notes":null,"osm_way_ids":[996107976],"bearing_bucket":"000-030","stroke":"#e41a1c","stroke-width":2,"stroke-opacity":0.9}},
{"type":"Feature","geometry":{"type":"LineString","coordinates":[[11.41337,48.13547],[11.41167,48.14113]]},"properties":{"id":"sl_14d1a86e","name":"Anton-Böck-Straße","kind":"street","a":[48.13547,11.41337],"b":[48.14113,11.41167],"length_m":642,"max_offset_m":7.4,"bearing_ab":348.6,"bearing_ba":168.6,"obstruction_toward_a_deg":1.63,"obstruction_toward_b_deg":1.63,"canyon":false,"featured":false,"notes":null,"osm_way_ids":[55874625,153575247,153575248,153575249,341611909,1382285761,1477356308],"bearing_bucket":"150-180","stroke":"#984ea3","stroke-width":2,"stroke-opacity":0.9}},
{"type":"Feature","geometry":{"type":"LineString","coordinates":[[11.52838,48.12051],[11.52217,48.12021]]},"properties":{"id":"sl_154e57f9","name":"Hinterbärenbadstraße","kind":"street","a":[48.12051,11.52838],"b":[48.12021,11.52217],"length_m":464,"max_offset_m":7.7,"bearing_ab":265.9,"bearing_ba":85.9,"obstruction_toward_a_deg":1.62,"obstruction_toward_b_deg":1.62,"canyon":false,"featured":false,"notes":null,"osm_way_ids":[4347877,121104941,887484550],"bearing_bucket":"060-090","stroke":"#ffd92f","stroke-width":2,"stroke-opacity":0.9}},
{"type":"Feature","geometry":{"type":"LineString","coordinates":[[11.53884,48.11687],[11.52933,48.11675]]},"properties":{"id":"sl_155df846","name":"Albert-Roßhaupter-Straße","kind":"street","a":[48.11687,11.53884],"b":[48.11675,11.52933],"length_m":709,"max_offset_m":7.4,"bearing_ab":269.0,"bearing_ba":88.9,"obstruction_toward_a_deg":1.06,"obstruction_toward_b_deg":0.94,"canyon":true,"featured":false,"notes":null,"osm_way_ids":[37427647,61130033,134932933,252359176,315156359,367397946,367397947,385508281,396706791,765351771,804199314,1197663658,1197663659,1265880996,1491030168,1491032772,1491032773,1491034264,1491036499,1491036500,1491037211,1491040205,1491040206,1491040207,1491040208,1491041511],"bearing_bucket":"060-090","stroke":"#ffd92f","stroke-width":2,"stroke-opacity":0.9}},
{"type":"Feature","geometry":{"type":"LineString","coordinates":[[11.52857,48.15074],[11.52213,48.15005]]},"properties":{"id":"sl_158aa79c","name":"Karl-Schurz-Straße","kind":"street","a":[48.15074,11.52857],"b":[48.15005,11.52213],"length_m":485,"max_offset_m":3.4,"bearing_ab":260.9,"bearing_ba":80.9,"obstruction_toward_a_deg":1.55,"obstruction_toward_b_deg":1.74,"canyon":false,"featured":false,"notes":null,"osm_way_ids":[4810371,83828054,83828063],"bearing_bucket":"060-090","stroke":"#ffd92f","stroke-width":2,"stroke-opacity":0.9}},
{"type":"Feature","geometry":{"type":"LineString","coordinates":[[11.56988,48.1845],[11.57024,48.18019]]},"properties":{"id":"sl_15a8a192","name":"Korbinianstraße","kind":"street","a":[48.1845,11.56988],"b":[48.18019,11.57024],"length_m":480,"max_offset_m":5.6,"bearing_ab":176.8,"bearing_ba":356.8,"obstruction_toward_a_deg":1.56,"obstruction_toward_b_deg":1.56,"canyon":true,"featured":false,"notes":null,"osm_way_ids":[5196886,153583717],"bearing_bucket":"150-180","stroke":"#984ea3","stroke-width":2,"stroke-opacity":0.9}},
{"type":"Feature","geometry":{"type":"LineString","coordinates":[[11.52871,48.20912],[11.52869,48.21458]]},"properties":{"id":"sl_15e78e90","name":"Feldmochinger Straße","kind":"street","a":[48.20912,11.52871],"b":[48.21458,11.52869],"length_m":607,"max_offset_m":7.5,"bearing_ab":359.9,"bearing_ba":179.9,"obstruction_toward_a_deg":0.63,"obstruction_toward_b_deg":0.63,"canyon":true,"featured":false,"notes":null,"osm_way_ids":[27717145,1313269251],"bearing_bucket":"150-180","stroke":"#984ea3","stroke-width":2,"stroke-opacity":0.9}},
{"type":"Feature","geometry":{"type":"LineString","coordinates":[[11.58535,48.121],[11.58795,48.12426]]},"properties":{"id":"sl_163b7417","name":"Regerstraße","kind":"street","a":[48.121,11.58535],"b":[48.12426,11.58795],"length_m":411,"max_offset_m":6.2,"bearing_ab":28.0,"bearing_ba":208.0,"obstruction_toward_a_deg":2.71,"obstruction_toward_b_deg":2.05,"canyon":true,"featured":false,"notes":null,"osm_way_ids":[51783735,151087449,311960667,414362543,1264101182,1264101198,1444716679,1444716683,1444716684],"bearing_bucket":"000-030","stroke":"#e41a1c","stroke-width":2,"stroke-opacity":0.9}},
{"type":"Feature","geometry":{"type":"LineString","coordinates":[[11.49917,48.1729],[11.49411,48.16942]]},"properties":{"id":"sl_1649a12e","name":"Schragenhofstraße","kind":"street","a":[48.1729,11.49917],"b":[48.16942,11.49411],"length_m":540,"max_offset_m":5.6,"bearing_ab":224.2,"bearing_ba":44.2,"obstruction_toward_a_deg":1.94,"obstruction_toward_b_deg":1.94,"canyon":false,"featured":false,"notes":null,"osm_way_ids":[4859241,670193040,1214086332],"bearing_bucket":"030-060","stroke":"#ff7f00","stroke-width":2,"stroke-opacity":0.9}},
{"type":"Feature","geometry":{"type":"LineString","coordinates":[[11.61546,48.14247],[11.62069,48.14161]]},"properties":{"id":"sl_16e4bfdf","name":"Stuntzstraße","kind":"street","a":[48.14247,11.61546],"b":[48.14161,11.62069],"length_m":400,"max_offset_m":7.9,"bearing_ab":103.8,"bearing_ba":283.8,"obstruction_toward_a_deg":2.33,"obstruction_toward_b_deg":1.87,"canyon":false,"featured":false,"notes":null,"osm_way_ids":[90975386],"bearing_bucket":"090-120","stroke":"#4daf4a","stroke-width":2,"stroke-opacity":0.9}},
{"type":"Feature","geometry":{"type":"LineString","coordinates":[[11.46445,48.14219],[11.4652,48.13729]]},"properties":{"id":"sl_170ca655","name":"Maierhofstraße","kind":"street","a":[48.14219,11.46445],"b":[48.13729,11.4652],"length_m":548,"max_offset_m":6.2,"bearing_ab":174.1,"bearing_ba":354.1,"obstruction_toward_a_deg":1.04,"obstruction_toward_b_deg":0.37,"canyon":true,"featured":false,"notes":null,"osm_way_ids":[16569952,25802794],"bearing_bucket":"150-180","stroke":"#984ea3","stroke-width":2,"stroke-opacity":0.9}},
{"type":"Feature","geometry":{"type":"LineString","coordinates":[[11.47487,48.17566],[11.47937,48.17242]]},"properties":{"id":"sl_172baece","name":"Menzinger Straße","kind":"street","a":[48.17566,11.47487],"b":[48.17242,11.47937],"length_m":491,"max_offset_m":7.9,"bearing_ab":137.1,"bearing_ba":317.1,"obstruction_toward_a_deg":2.13,"obstruction_toward_b_deg":2.13,"canyon":true,"featured":false,"notes":null,"osm_way_ids":[10963510,1298037598],"bearing_bucket":"120-150","stroke":"#377eb8","stroke-width":2,"stroke-opacity":0.9}},
{"type":"Feature","geometry":{"type":"LineString","coordinates":[[11.60374,48.15359],[11.60084,48.15051]]},"properties":{"id":"sl_17b3682b","name":"Thomas-Mann-Allee","kind":"street","a":[48.15359,11.60374],"b":[48.15051,11.60084],"length_m":405,"max_offset_m":2.9,"bearing_ab":212.1,"bearing_ba":32.1,"obstruction_toward_a_deg":0.95,"obstruction_toward_b_deg":1.4,"canyon":false,"featured":false,"notes":null,"osm_way_ids":[23082207,1080720162,1080720163,1080720164],"bearing_bucket":"030-060","stroke":"#ff7f00","stroke-width":2,"stroke-opacity":0.9}},
{"type":"Feature","geometry":{"type":"LineString","coordinates":[[11.48632,48.14211],[11.47597,48.14291]]},"properties":{"id":"sl_17b6c745","name":"Böcksteiner Straße","kind":"street","a":[48.14211,11.48632],"b":[48.14291,11.47597],"length_m":776,"max_offset_m":6.4,"bearing_ab":276.6,"bearing_ba":96.6,"obstruction_toward_a_deg":0.49,"obstruction_toward_b_deg":0.49,"canyon":true,"featured":false,"notes":null,"osm_way_ids":[16802054],"bearing_bucket":"090-120","stroke":"#4daf4a","stroke-width":2,"stroke-opacity":0.9}},
{"type":"Feature","geometry":{"type":"LineString","coordinates":[[11.52065,48.07226],[11.5117,48.07266]]},"properties":{"id":"sl_17d654c2","name":"Melchiorstraße","kind":"street","a":[48.07226,11.52065],"b":[48.07266,11.5117],"length_m":669,"max_offset_m":7.7,"bearing_ab":273.8,"bearing_ba":93.8,"obstruction_toward_a_deg":0.57,"obstruction_toward_b_deg":0.44,"canyon":true,"featured":false,"notes":null,"osm_way_ids":[154417193,161137280,894617154,1427514714,1427514715],"bearing_bucket":"090-120","stroke":"#4daf4a","stroke-width":2,"stroke-opacity":0.9}},
{"type":"Feature","geometry":{"type":"LineString","coordinates":[[11.6842,48.11798],[11.6903,48.11457]]},"properties":{"id":"sl_17e85c4e","name":"Postweg","kind":"street","a":[48.11798,11.6842],"b":[48.11457,11.6903],"length_m":592,"max_offset_m":7.0,"bearing_ab":129.8,"bearing_ba":309.9,"obstruction_toward_a_deg":0.65,"obstruction_toward_b_deg":0.65,"canyon":false,"featured":false,"notes":null,"osm_way_ids":[3138669],"bearing_bucket":"120-150","stroke":"#377eb8","stroke-width":2,"stroke-opacity":0.9}},
{"type":"Feature","geometry":{"type":"LineString","coordinates":[[11.6226,48.19122],[11.62553,48.19484]]},"properties":{"id":"sl_18055dd6","name":"Brücke (Garchinger Mühlbach downstream)","kind":"bridge","a":[48.19122,11.6226],"b":[48.19484,11.62553],"length_m":458,"max_offset_m":21.1,"bearing_ab":28.4,"bearing_ba":208.4,"obstruction_toward_a_deg":0.5,"obstruction_toward_b_deg":0.5,"canyon":false,"featured":false,"notes":null,"osm_way_ids":[39864869,1530439267],"bearing_bucket":"000-030","stroke":"#e41a1c","stroke-width":2,"stroke-opacity":0.9}},
{"type":"Feature","geometry":{"type":"LineString","coordinates":[[11.52928,48.17853],[11.53642,48.17918]]},"properties":{"id":"sl_182355ef","name":"Gneisenaustraße","kind":"street","a":[48.17853,11.52928],"b":[48.17918,11.53642],"length_m":536,"max_offset_m":6.6,"bearing_ab":82.2,"bearing_ba":262.2,"obstruction_toward_a_deg":0.72,"obstruction_toward_b_deg":1.23,"canyon":false,"featured":false,"notes":null,"osm_way_ids":[4948678,30909677,392862083],"bearing_bucket":"060-090","stroke":"#ffd92f","stroke-width":2,"stroke-opacity":0.9}},
{"type":"Feature","geometry":{"type":"LineString","coordinates":[[11.44172,48.17954],[11.43747,48.18369]]},"properties":{"id":"sl_186aa43a","name":"Goteboldstraße","kind":"street","a":[48.17954,11.44172],"b":[48.18369,11.43747],"length_m":559,"max_offset_m":7.1,"bearing_ab":325.5,"bearing_ba":145.5,"obstruction_toward_a_deg":1.87,"obstruction_toward_b_deg":1.87,"canyon":false,"featured":false,"notes":null,"osm_way_ids":[4055694,823575411],"bearing_bucket":"120-150","stroke":"#377eb8","stroke-width":2,"stroke-opacity":0.9}},
{"type":"Feature","geometry":{"type":"LineString","coordinates":[[11.63359,48.11021],[11.63358,48.10646]]},"properties":{"id":"sl_186fcac1","name":"Adolf-Baeyer-Damm","kind":"street","a":[48.11021,11.63359],"b":[48.10646,11.63358],"length_m":417,"max_offset_m":0.1,"bearing_ab":180.1,"bearing_ba":0.1,"obstruction_toward_a_deg":1.8,"obstruction_toward_b_deg":3.99,"canyon":false,"featured":false,"notes":null,"osm_way_ids":[144328216,1367612055],"bearing_bucket":"000-030","stroke":"#e41a1c","stroke-width":2,"stroke-opacity":0.9}},
{"type":"Feature","geometry":{"type":"LineString","coordinates":[[11.60493,48.08879],[11.60429,48.09316]]},"properties":{"id":"sl_1877930f","name":"Marklandstraße","kind":"street","a":[48.08879,11.60493],"b":[48.09316,11.60429],"length_m":488,"max_offset_m":6.4,"bearing_ab":354.4,"bearing_ba":174.4,"obstruction_toward_a_deg":0.79,"obstruction_toward_b_deg":0.41,"canyon":false,"featured":false,"notes":null,"osm_way_ids":[4948412,381931986,1254217955],"bearing_bucket":"150-180","stroke":"#984ea3","stroke-width":2,"stroke-opacity":0.9}},
{"type":"Feature","geometry":{"type":"LineString","coordinates":[[11.49075,48.17662],[11.49655,48.17658]]},"properties":{"id":"sl_18d61188","name":"Haldenbergerstraße","kind":"street","a":[48.17662,11.49075],"b":[48.17658,11.49655],"length_m":431,"max_offset_m":7.1,"bearing_ab":90.5,"bearing_ba":270.5,"obstruction_toward_a_deg":2.43,"obstruction_toward_b_deg":2.43,"canyon":true,"featured":false,"notes":null,"osm_way_ids":[23609831],"bearing_bucket":"090-120","stroke":"#4daf4a","stroke-width":2,"stroke-opacity":0.9}},
{"type":"Feature","geometry":{"type":"LineString","coordinates":[[11.53757,48.15658],[11.53798,48.1624]]},"properties":{"id":"sl_18db5858","name":null,"kind":"street","a":[48.15658,11.53757],"b":[48.1624,11.53798],"length_m":648,"max_offset_m":6.7,"bearing_ab":2.7,"bearing_ba":182.7,"obstruction_toward_a_deg":1.16,"obstruction_toward_b_deg":1.44,"canyon":false,"featured":false,"notes":null,"osm_way_ids":[319518359],"bearing_bucket":"000-030","stroke":"#e41a1c","stroke-width":2,"stroke-opacity":0.9}},
{"type":"Feature","geometry":{"type":"LineString","coordinates":[[11.57998,48.15266],[11.5756,48.14581]]},"properties":{"id":"sl_1932a3df","name":"Amalienstraße","kind":"street","a":[48.15266,11.57998],"b":[48.14581,11.5756],"length_m":829,"max_offset_m":5.4,"bearing_ab":203.2,"bearing_ba":23.2,"obstruction_toward_a_deg":1.13,"obstruction_toward_b_deg":1.35,"canyon":true,"featured":false,"notes":null,"osm_way_ids":[89840545,93192027,152118091,154470139,456746069],"bearing_bucket":"000-030","stroke":"#e41a1c","stroke-width":2,"stroke-opacity":0.9}},
{"type":"Feature","geometry":{"type":"LineString","coordinates":[[11.57619,48.12784],[11.57152,48.13136]]},"properties":{"id":"sl_195c0dd2","name":"Fraunhoferstraße","kind":"street","a":[48.12784,11.57619],"b":[48.13136,11.57152],"length_m":523,"max_offset_m":3.1,"bearing_ab":318.4,"bearing_ba":138.4,"obstruction_toward_a_deg":1.78,"obstruction_toward_b_deg":1.78,"canyon":true,"featured":false,"notes":null,"osm_way_ids":[46870053,134123085,147939172,155572666,155572668,202461067,202461068,357202038,366231811,366231813,1120577167],"bearing_bucket":"120-150","stroke":"#377eb8","stroke-width":2,"stroke-opacity":0.9}},
{"type":"Feature","geometry":{"type":"LineString","coordinates":[[11.50702,48.16373],[11.51011,48.16806]]},"properties":{"id":"sl_195c8178","name":"Wintrichring","kind":"street","a":[48.16373,11.50702],"b":[48.16806,11.51011],"length_m":533,"max_offset_m":6.9,"bearing_ab":25.5,"bearing_ba":205.5,"obstruction_toward_a_deg":1.06,"obstruction_toward_b_deg":1.96,"canyon":false,"featured":false,"notes":null,"osm_way_ids":[4020282,30909539,37262991,37262994,146722395,270678970,1215459592,1215459613,1276592505],"bearing_bucket":"000-030","stroke":"#e41a1c","stroke-width":2,"stroke-opacity":0.9}},
{"type":"Feature","geometry":{"type":"LineString","coordinates":[[11.46968,48.16475],[11.4823,48.16403]]},"properties":{"id":"sl_19b965b3","name":"Verdistraße","kind":"street","a":[48.16475,11.46968],"b":[48.16403,11.4823],"length_m":943,"max_offset_m":7.3,"bearing_ab":94.9,"bearing_ba":274.9,"obstruction_toward_a_deg":0.31,"obstruction_toward_b_deg":1.11,"canyon":true,"featured":false,"notes":null,"osm_way_ids":[26398311,27351846,27351847,30616217,30616218,30616219,30616221,30616222,30616224,1265891358,1425250958,1425250959],"bearing_bucket":"090-120","stroke":"#4daf4a","stroke-width":2,"stroke-opacity":0.9}},
{"type":"Feature","geometry":{"type":"LineString","coordinates":[[11.71108,48.11121],[11.70187,48.11305]]},"properties":{"id":"sl_19fb3d19","name":"Wasserburger Landstraße","kind":"street","a":[48.11121,11.71108],"b":[48.11305,11.70187],"length_m":716,"max_offset_m":7.9,"bearing_ab":286.6,"bearing_ba":106.6,"obstruction_toward_a_deg":0.54,"obstruction_toward_b_deg":0.54,"canyon":false,"featured":false,"notes":null,"osm_way_ids":[9054259,75058242,113129688,210377044,210377047,210377051,210377054,210377055,210377056,210377057,210377058,304580002,304580003,772547679,772547680,772547681],"bearing_bucket":"090-120","stroke":"#4daf4a","stroke-width":2,"stroke-opacity":0.9}},
{"type":"Feature","geometry":{"type":"LineString","coordinates":[[11.66991,48.10135],[11.6772,48.09938]]},"properties":{"id":"sl_1a14f6f1","name":"Hippelstraße","kind":"street","a":[48.10135,11.66991],"b":[48.09938,11.6772],"length_m":585,"max_offset_m":7.0,"bearing_ab":112.0,"bearing_ba":292.0,"obstruction_toward_a_deg":0.66,"obstruction_toward_b_deg":0.66,"canyon":true,"featured":false,"notes":null,"osm_way_ids":[33633168],"bearing_bucket":"090-120","stroke":"#4daf4a","stroke-width":2,"stroke-opacity":0.9}},
{"type":"Feature","geometry":{"type":"LineString","coordinates":[[11.49502,48.19336],[11.50099,48.19261]]},"properties":{"id":"sl_1a4e810e","name":"Am Neubruch","kind":"street","a":[48.19336,11.49502],"b":[48.19261,11.50099],"length_m":452,"max_offset_m":5.9,"bearing_ab":100.7,"bearing_ba":280.7,"obstruction_toward_a_deg":2.32,"obstruction_toward_b_deg":0.44,"canyon":false,"featured":false,"notes":null,"osm_way_ids":[19071847,1276235770,1276235771],"bearing_bucket":"090-120","stroke":"#4daf4a","stroke-width":2,"stroke-opacity":0.9}},
{"type":"Feature","geometry":{"type":"LineString","coordinates":[[11.45487,48.14706],[11.4431,48.14556]]},"properties":{"id":"sl_1a53dca1","name":"Bodenseestraße","kind":"street","a":[48.14706,11.45487],"b":[48.14556,11.4431],"length_m":892,"max_offset_m":6.3,"bearing_ab":259.2,"bearing_ba":79.2,"obstruction_toward_a_deg":1.05,"obstruction_toward_b_deg":0.28,"canyon":false,"featured":false,"notes":null,"osm_way_ids":[30212899,30599348,173105062,193663857,208866289,261762550,341648796,341824940,341824945,341824948,341900019,341900020],"bearing_bucket":"060-090","stroke":"#ffd92f","stroke-width":2,"stroke-opacity":0.9}},
{"type":"Feature","geometry":{"type":"LineString","coordinates":[[11.54684,48.11577],[11.54641,48.11197]]},"properties":{"id":"sl_1a5c4039","name":"Esswurmstraße","kind":"street","a":[48.11577,11.54684],"b":[48.11197,11.54641],"length_m":424,"max_offset_m":7.5,"bearing_ab":184.3,"bearing_ba":4.3,"obstruction_toward_a_deg":2.2,"obstruction_toward_b_deg":2.2,"canyon":true,"featured":false,"notes":null,"osm_way_ids":[4660895,1495873211,1495873213],"bearing_bucket":"000-030","stroke":"#e41a1c","stroke-width":2,"stroke-opacity":0.9}},
{"type":"Feature","geometry":{"type":"LineString","coordinates":[[11.51361,48.18147],[11.51268,48.18507]]},"properties":{"id":"sl_1a9832aa","name":"Hirschstraße","kind":"street","a":[48.18147,11.51361],"b":[48.18507,11.51268],"length_m":407,"max_offset_m":6.4,"bearing_ab":350.2,"bearing_ba":170.2,"obstruction_toward_a_deg":1.39,"obstruction_toward_b_deg":0.94,"canyon":true,"featured":false,"notes":null,"osm_way_ids":[30478805,88044609,1162972648],"bearing_bucket":"150-180","stroke":"#984ea3","stroke-width":2,"stroke-opacity":0.9}},
{"type":"Feature","geometry":{"type":"LineString","coordinates":[[11.53754,48.15969],[11.54626,48.15958]]},"properties":{"id":"sl_1ac35b55","name":"Dom-Pedro-Straße","kind":"street","a":[48.15969,11.53754],"b":[48.15958,11.54626],"length_m":649,"max_offset_m":6.1,"bearing_ab":91.2,"bearing_ba":271.2,"obstruction_toward_a_deg":1.44,"obstruction_toward_b_deg":1.16,"canyon":true,"featured":false,"notes":null,"osm_way_ids":[4651501,4790506,322861114,371175393],"bearing_bucket":"090-120","stroke":"#4daf4a","stroke-width":2,"stroke-opacity":0.9}},
{"type":"Feature","geometry":{"type":"LineString","coordinates":[[11.48482,48.21261],[11.47692,48.21971]]},"properties":{"id":"sl_1ac5acb7","name":"Dachauer Straße","kind":"street","a":[48.21261,11.48482],"b":[48.21971,11.47692],"length_m":984,"max_offset_m":6.2,"bearing_ab":323.4,"bearing_ba":143.4,"obstruction_toward_a_deg":1.07,"obstruction_toward_b_deg":1.07,"canyon":false,"featured":false,"notes":null,"osm_way_ids":[10949106,24048579,32848595,102489840,121875477,144691955,144691956,179605343,179605345,179605351,263058887,263058890,263058892,267576355,269170228,507594305,984721569,1189373077,1189373078,1189373079,1189373080,1189373081],"bearing_bucket":"120-150","stroke":"#377eb8","stroke-width":2,"stroke-opacity":0.9}},
{"type":"Feature","geometry":{"type":"LineString","coordinates":[[11.49755,48.18495],[11.49838,48.17973]]},"properties":{"id":"sl_1ae2079b","name":"Simrockstraße","kind":"street","a":[48.18495,11.49755],"b":[48.17973,11.49838],"length_m":584,"max_offset_m":8.0,"bearing_ab":174.0,"bearing_ba":354.0,"obstruction_toward_a_deg":0.66,"obstruction_toward_b_deg":0.66,"canyon":true,"featured":false,"notes":null,"osm_way_ids":[18831318,1219030405,1219030406],"bearing_bucket":"150-180","stroke":"#984ea3","stroke-width":2,"stroke-opacity":0.9}},
{"type":"Feature","geometry":{"type":"LineString","coordinates":[[11.46329,48.18609],[11.46856,48.18696]]},"properties":{"id":"sl_1b506d08","name":"Hintermeierstraße","kind":"street","a":[48.18609,11.46329],"b":[48.18696,11.46856],"length_m":404,"max_offset_m":7.6,"bearing_ab":76.1,"bearing_ba":256.1,"obstruction_toward_a_deg":1.41,"obstruction_toward_b_deg":1.63,"canyon":false,"featured":false,"notes":null,"osm_way_ids":[9702757,438594005,448674198,448674199],"bearing_bucket":"060-090","stroke":"#ffd92f","stroke-width":2,"stroke-opacity":0.9}},
{"type":"Feature","geometry":{"type":"LineString","coordinates":[[11.64661,48.16839],[11.6479,48.16236]]},"properties":{"id":"sl_1b51b720","name":"Musenbergstraße","kind":"street","a":[48.16839,11.64661],"b":[48.16236,11.6479],"length_m":678,"max_offset_m":4.5,"bearing_ab":171.8,"bearing_ba":351.8,"obstruction_toward_a_deg":0.57,"obstruction_toward_b_deg":1.55,"canyon":false,"featured":false,"notes":null,"osm_way_ids":[26824005,32736659],"bearing_bucket":"150-180","stroke":"#984ea3","stroke-width":2,"stroke-opacity":0.9}},
{"type":"Feature","geometry":{"type":"LineString","coordinates":[[11.52295,48.1687],[11.51655,48.16772]]},"properties":{"id":"sl_1b742ee7","name":"Baldurstraße","kind":"street","a":[48.1687,11.52295],"b":[48.16772,11.51655],"length_m":489,"max_offset_m":4.0,"bearing_ab":257.1,"bearing_ba":77.1,"obstruction_toward_a_deg":2.14,"obstruction_toward_b_deg":0.79,"canyon":false,"featured":false,"notes":null,"osm_way_ids":[27828600,270467180,1105551164,1454072574],"bearing_bucket":"060-090","stroke":"#ffd92f","stroke-width":2,"stroke-opacity":0.9}},
{"type":"Feature","geometry":{"type":"LineString","coordinates":[[11.65661,48.11106],[11.66064,48.11548]]},"properties":{"id":"sl_1bb86bd4","name":"Bergerwaldstraße","kind":"street","a":[48.11106,11.65661],"b":[48.11548,11.66064],"length_m":576,"max_offset_m":1.6,"bearing_ab":31.4,"bearing_ba":211.4,"obstruction_toward_a_deg":0.67,"obstruction_toward_b_deg":0.67,"canyon":true,"featured":false,"notes":null,"osm_way_ids":[4005488],"bearing_bucket":"030-060","stroke":"#ff7f00","stroke-width":2,"stroke-opacity":0.9}},
{"type":"Feature","geometry":{"type":"LineString","coordinates":[[11.6376,48.15444],[11.63633,48.14849]]},"properties":{"id":"sl_1c091780","name":"Westpreußenstraße","kind":"street","a":[48.15444,11.6376],"b":[48.14849,11.63633],"length_m":668,"max_offset_m":4.7,"bearing_ab":188.1,"bearing_ba":8.1,"obstruction_toward_a_deg":0.58,"obstruction_toward_b_deg":0.58,"canyon":true,"featured":false,"notes":null,"osm_way_ids":[6003509],"bearing_bucket":"000-030","stroke":"#e41a1c","stroke-width":2,"stroke-opacity":0.9}},
{"type":"Feature","geometry":{"type":"LineString","coordinates":[[11.41113,48.19858],[11.4067,48.20163]]},"properties":{"id":"sl_1c6843a7","name":"Eschenrieder Straße","kind":"street","a":[48.19858,11.41113],"b":[48.20163,11.4067],"length_m":474,"max_offset_m":6.3,"bearing_ab":315.8,"bearing_ba":135.8,"obstruction_toward_a_deg":2.21,"obstruction_toward_b_deg":2.21,"canyon":false,"featured":false,"notes":null,"osm_way_ids":[90064706,199152350,199152351,199152352],"bearing_bucket":"120-150","stroke":"#377eb8","stroke-width":2,"stroke-opacity":0.9}},
{"type":"Feature","geometry":{"type":"LineString","coordinates":[[11.58056,48.14898],[11.55826,48.15528]]},"properties":{"id":"sl_1c73e5a8","name":"Schellingstraße","kind":"street","a":[48.14898,11.58056],"b":[48.15528,11.55826],"length_m":1801,"max_offset_m":7.4,"bearing_ab":292.9,"bearing_ba":112.9,"obstruction_toward_a_deg":0.31,"obstruction_toward_b_deg":0.52,"canyon":true,"featured":false,"notes":null,"osm_way_ids":[4262232,4520029,34130308,39321855,58807376,89840554,89840558,392069508,392088973,392088974,392088975,392103889,392103890,392103891,456746083,679007428,1294707327],"bearing_bucket":"090-120","stroke":"#4daf4a","stroke-width":2,"stroke-opacity":0.9}},
{"type":"Feature","geometry":{"type":"LineString","coordinates":[[11.70002,48.1291],[11.69996,48.13351]]},"properties":{"id":"sl_1c9d5e32","name":"Heinrich-Böll-Straße","kind":"street","a":[48.1291,11.70002],"b":[48.13351,11.69996],"length_m":490,"max_offset_m":0.9,"bearing_ab":359.5,"bearing_ba":179.5,"obstruction_toward_a_deg":0.78,"obstruction_toward_b_deg":2.28,"canyon":true,"featured":false,"notes":null,"osm_way_ids":[152642997,190818756,206420496],"bearing_bucket":"150-180","stroke":"#984ea3","stroke-width":2,"stroke-opacity":0.9}},
{"type":"Feature","geometry":{"type":"LineString","coordinates":[[11.49895,48.09855],[11.50691,48.09859]]},"properties":{"id":"sl_1cc9b9c3","name":"Possenhofener Straße","kind":"street","a":[48.09855,11.49895],"b":[48.09859,11.50691],"length_m":593,"max_offset_m":7.1,"bearing_ab":89.6,"bearing_ba":269.6,"obstruction_toward_a_deg":0.65,"obstruction_toward_b_deg":0.96,"canyon":true,"featured":false,"notes":null,"osm_way_ids":[154381889,154381890,866359667,1424824075],"bearing_bucket":"060-090","stroke":"#ffd92f","stroke-width":2,"stroke-opacity":0.9}},
{"type":"Feature","geometry":{"type":"LineString","coordinates":[[11.66889,48.08802],[11.67424,48.08585]]},"properties":{"id":"sl_1cf1a9ee","name":"Putzbrunner Straße","kind":"street","a":[48.08802,11.66889],"b":[48.08585,11.67424],"length_m":466,"max_offset_m":7.9,"bearing_ab":121.2,"bearing_ba":301.2,"obstruction_toward_a_deg":0.82,"obstruction_toward_b_deg":0.82,"canyon":false,"featured":false,"notes":null,"osm_way_ids":[7380410],"bearing_bucket":"120-150","stroke":"#377eb8","stroke-width":2,"stroke-opacity":0.9}},
{"type":"Feature","geometry":{"type":"LineString","coordinates":[[11.58651,48.16515],[11.5855,48.17746]]},"properties":{"id":"sl_1cf54481","name":"Leopoldstraße","kind":"street","a":[48.16515,11.58651],"b":[48.17746,11.5855],"length_m":1371,"max_offset_m":7.5,"bearing_ab":356.9,"bearing_ba":176.8,"obstruction_toward_a_deg":0.81,"obstruction_toward_b_deg":0.55,"canyon":false,"featured":false,"notes":null,"osm_way_ids":[25402988,36580429,47634429,49605509,50220179,127977584,165770527,203861267,213883298,265416844,265416847,309789062,311644249,312059531,315224428,315224429,315224430,315224431,315225203,334897462,343277912,552105041,552105042,1206081741,1420661329],"bearing_bucket":"150-180","stroke":"#984ea3","stroke-width":2,"stroke-opacity":0.9}},
{"type":"Feature","geometry":{"type":"LineString","coordinates":[[11.53764,48.09614],[11.53825,48.1007]]},"properties":{"id":"sl_1cf8642a","name":"Tölzer Straße","kind":"street","a":[48.09614,11.53764],"b":[48.1007,11.53825],"length_m":509,"max_offset_m":7.6,"bearing_ab":5.1,"bearing_ba":185.1,"obstruction_toward_a_deg":1.11,"obstruction_toward_b_deg":1.11,"canyon":false,"featured":false,"notes":null,"osm_way_ids":[24454065,259245813,259245814,327307793,392415446,1425223841],"bearing_bucket":"000-030","stroke":"#e41a1c","stroke-width":2,"stroke-opacity":0.9}},
{"type":"Feature","geometry":{"type":"LineString","coordinates":[[11.49604,48.13986],[11.49532,48.13501]]},"properties":{"id":"sl_1d136216","name":"Von-der-Pfordten-Straße","kind":"street","a":[48.13986,11.49604],"b":[48.13501,11.49532],"length_m":542,"max_offset_m":7.6,"bearing_ab":185.7,"bearing_ba":5.7,"obstruction_toward_a_deg":1.05,"obstruction_toward_b_deg":2.74,"canyon":false,"featured":false,"notes":null,"osm_way_ids":[4218706,293467275,977123948],"bearing_bucket":"000-030","stroke":"#e41a1c","stroke-width":2,"stroke-opacity":0.9}},
{"type":"Feature","geometry":{"type":"LineString","coordinates":[[11.52601,48.11643],[11.52608,48.11279]]},"properties":{"id":"sl_1d48b4a4","name":"Sachsenkamstraße","kind":"street","a":[48.11643,11.52601],"b":[48.11279,11.52608],"length_m":404,"max_offset_m":4.5,"bearing_ab":179.2,"bearing_ba":359.2,"obstruction_toward_a_deg":1.86,"obstruction_toward_b_deg":1.86,"canyon":true,"featured":false,"notes":null,"osm_way_ids":[34967757,34967761,252359172,252729689,1423525066],"bearing_bucket":"150-180","stroke":"#984ea3","stroke-width":2,"stroke-opacity":0.9}},
{"type":"Feature","geometry":{"type":"LineString","coordinates":[[11.63731,48.10911],[11.65001,48.10917]]},"properties":{"id":"sl_1d8548b2","name":"Quiddestraße","kind":"street","a":[48.10911,11.63731],"b":[48.10917,11.65001],"length_m":946,"max_offset_m":7.1,"bearing_ab":89.6,"bearing_ba":269.6,"obstruction_toward_a_deg":0.79,"obstruction_toward_b_deg":0.21,"canyon":false,"featured":false,"notes":null,"osm_way_ids":[35043027,35043033,35043034,35043035,35043036,143731758,152962050,172496578,258932764,258932765,686496142,1235878229,1424949173,1424949174,1424949175,1424949176,1424949177,1424949178],"bearing_bucket":"060-090","stroke":"#ffd92f","stroke-width":2,"stroke-opacity":0.9}},
{"type":"Feature","geometry":{"type":"LineString","coordinates":[[11.48084,48.16704],[11.48677,48.16627]]},"properties":{"id":"sl_1d881606","name":"Suessenguthstraße","kind":"street","a":[48.16704,11.48084],"b":[48.16627,11.48677],"length_m":449,"max_offset_m":2.3,"bearing_ab":101.0,"bearing_ba":281.0,"obstruction_toward_a_deg":2.33,"obstruction_toward_b_deg":0.85,"canyon":true,"featured":false,"notes":null,"osm_way_ids":[18807917],"bearing_bucket":"090-120","stroke":"#4daf4a","stroke-width":2,"stroke-opacity":0.9}},
{"type":"Feature","geometry":{"type":"LineString","coordinates":[[11.47084,48.17036],[11.46209,48.1702]]},"properties":{"id":"sl_1e49bdf6","name":"Pläntschweg","kind":"street","a":[48.17036,11.47084],"b":[48.1702,11.46209],"length_m":651,"max_offset_m":7.9,"bearing_ab":268.5,"bearing_ba":88.5,"obstruction_toward_a_deg":1.61,"obstruction_toward_b_deg":1.61,"canyon":true,"featured":false,"notes":null,"osm_way_ids":[16567046],"bearing_bucket":"060-090","stroke":"#ffd92f","stroke-width":2,"stroke-opacity":0.9}},
{"type":"Feature","geometry":{"type":"LineString","coordinates":[[11.61377,48.16078],[11.60749,48.15431]]},"properties":{"id":"sl_1e7f69a5","name":"Mauerkircherstraße","kind":"street","a":[48.16078,11.61377],"b":[48.15431,11.60749],"length_m":857,"max_offset_m":6.2,"bearing_ab":213.0,"bearing_ba":33.0,"obstruction_toward_a_deg":0.45,"obstruction_toward_b_deg":0.45,"canyon":false,"featured":false,"notes":null,"osm_way_ids":[49798615,49798616,228449209,592769807,983236340],"bearing_bucket":"030-060","stroke":"#ff7f00","stroke-width":2,"stroke-opacity":0.9}},
{"type":"Feature","geometry":{"type":"LineString","coordinates":[[11.52687,48.2193],[11.52534,48.22326]]},"properties":{"id":"sl_1ea712b4","name":"Untermühlanger","kind":"street","a":[48.2193,11.52687],"b":[48.22326,11.52534],"length_m":455,"max_offset_m":7.0,"bearing_ab":345.5,"bearing_ba":165.5,"obstruction_toward_a_deg":2.3,"obstruction_toward_b_deg":0.6,"canyon":false,"featured":false,"notes":null,"osm_way_ids":[8024423,24042106,24042110],"bearing_bucket":"150-180","stroke":"#984ea3","stroke-width":2,"stroke-opacity":0.9}},
{"type":"Feature","geometry":{"type":"LineString","coordinates":[[11.44368,48.16303],[11.4491,48.16369]]},"properties":{"id":"sl_1ef69887","name":"Korfiz-Holm-Straße","kind":"street","a":[48.16303,11.44368],"b":[48.16369,11.4491],"length_m":410,"max_offset_m":3.8,"bearing_ab":79.7,"bearing_ba":259.7,"obstruction_toward_a_deg":2.55,"obstruction_toward_b_deg":0.94,"canyon":true,"featured":false,"notes":null,"osm_way_ids":[18828310],"bearing_bucket":"060-090","stroke":"#ffd92f","stroke-width":2,"stroke-opacity":0.9}},
{"type":"Feature","geometry":{"type":"LineString","coordinates":[[11.63928,48.09829],[11.6318,48.09974]]},"properties":{"id":"sl_1f216c41","name":"Putzbrunner Straße","kind":"street","a":[48.09829,11.63928],"b":[48.09974,11.6318],"length_m":580,"max_offset_m":7.4,"bearing_ab":286.1,"bearing_ba":106.1,"obstruction_toward_a_deg":0.66,"obstruction_toward_b_deg":0.66,"canyon":false,"featured":false,"notes":null,"osm_way_ids":[32853221,32853223,53178982,67408434,122688707,295931062,295931063,1259136474],"bearing_bucket":"090-120","stroke":"#4daf4a","stroke-width":2,"stroke-opacity":0.9}},
{"type":"Feature","geometry":{"type":"LineString","coordinates":[[11.51515,48.03956],[11.51078,48.03693]]},"properties":{"id":"sl_1f3814a6","name":"Isar","kind":"river","a":[48.03956,11.51515],"b":[48.03693,11.51078],"length_m":438,"max_offset_m":7.8,"bearing_ab":228.0,"bearing_ba":48.0,"obstruction_toward_a_deg":2.39,"obstruction_toward_b_deg":2.39,"canyon":false,"featured":false,"notes":null,"osm_way_ids":[171381873],"bearing_bucket":"030-060","stroke":"#ff7f00","stroke-width":2,"stroke-opacity":0.9}},
{"type":"Feature","geometry":{"type":"LineString","coordinates":[[11.66095,48.15926],[11.65876,48.15367]]},"properties":{"id":"sl_1f5e48ef","name":"Glücksburger Straße","kind":"street","a":[48.15926,11.66095],"b":[48.15367,11.65876],"length_m":642,"max_offset_m":4.7,"bearing_ab":194.7,"bearing_ba":14.7,"obstruction_toward_a_deg":1.63,"obstruction_toward_b_deg":1.63,"canyon":false,"featured":false,"notes":null,"osm_way_ids":[4982457],"bearing_bucket":"000-030","stroke":"#e41a1c","stroke-width":2,"stroke-opacity":0.9}},
{"type":"Feature","geometry":{"type":"LineString","coordinates":[[11.61491,48.14897],[11.62061,48.14875]]},"properties":{"id":"sl_1fad6e16","name":"Denninger Straße","kind":"street","a":[48.14897,11.61491],"b":[48.14875,11.62061],"length_m":425,"max_offset_m":5.5,"bearing_ab":93.2,"bearing_ba":273.2,"obstruction_toward_a_deg":1.77,"obstruction_toward_b_deg":3.49,"canyon":false,"featured":false,"notes":null,"osm_way_ids":[90215335,149788627,341931161,341931164,341931167,1124817845],"bearing_bucket":"090-120","stroke":"#4daf4a","stroke-width":2,"stroke-opacity":0.9}},
{"type":"Feature","geometry":{"type":"LineString","coordinates":[[11.44569,48.13884],[11.45272,48.14399]]},"properties":{"id":"sl_1fe0c559","name":"Maria-Eich-Straße","kind":"street","a":[48.13884,11.44569],"b":[48.14399,11.45272],"length_m":776,"max_offset_m":7.9,"bearing_ab":42.4,"bearing_ba":222.4,"obstruction_toward_a_deg":0.49,"obstruction_toward_b_deg":0.49,"canyon":false,"featured":false,"notes":null,"osm_way_ids":[28017775,173642653,173642655,341900074,341900077,441630200,1150987395,1211838682,1211880267],"bearing_bucket":"030-060","stroke":"#ff7f00","stroke-width":2,"stroke-opacity":0.9}},
{"type":"Feature","geometry":{"type":"LineString","coordinates":[[11.60937,48.14083],[11.61455,48.14249]]},"properties":{"id":"sl_20dd5b13","name":"Mühlbaurstraße","kind":"street","a":[48.14083,11.60937],"b":[48.14249,11.61455],"length_m":427,"max_offset_m":7.0,"bearing_ab":64.4,"bearing_ba":244.4,"obstruction_toward_a_deg":2.45,"obstruction_toward_b_deg":1.76,"canyon":false,"featured":false,"notes":null,"osm_way_ids":[178703469,1558113597,1558113598,1558113728,1558113737],"bearing_bucket":"060-090","stroke":"#ffd92f","stroke-width":2,"stroke-opacity":0.9}},
{"type":"Feature","geometry":{"type":"LineString","coordinates":[[11.56244,48.0897],[11.55597,48.08704]]},"properties":{"id":"sl_20e71340","name":"Seybothstraße","kind":"street","a":[48.0897,11.56244],"b":[48.08704,11.55597],"length_m":565,"max_offset_m":7.7,"bearing_ab":238.4,"bearing_ba":58.4,"obstruction_toward_a_deg":0.68,"obstruction_toward_b_deg":0.68,"canyon":true,"featured":false,"notes":null,"osm_way_ids":[74916343,151737110,151820133,1435311912,1435311914,1435311918,1435311919],"bearing_bucket":"030-060","stroke":"#ff7f00","stroke-width":2,"stroke-opacity":0.9}},
{"type":"Feature","geometry":{"type":"LineString","coordinates":[[11.55846,48.12979],[11.55865,48.13933]]},"properties":{"id":"sl_20f86686","name":"Goethestraße","kind":"street","a":[48.12979,11.55846],"b":[48.13933,11.55865],"length_m":1060,"max_offset_m":3.6,"bearing_ab":0.8,"bearing_ba":180.8,"obstruction_toward_a_deg":0.88,"obstruction_toward_b_deg":0.93,"canyon":true,"featured":false,"notes":null,"osm_way_ids":[30195554,33129638,62090916,149402025,373538965,379964134,379964135,379964136,379964137],"bearing_bucket":"000-030","stroke":"#e41a1c","stroke-width":2,"stroke-opacity":0.9}},
{"type":"Feature","geometry":{"type":"LineString","coordinates":[[11.52665,48.1951],[11.53454,48.1948]]},"properties":{"id":"sl_216b78c7","name":"Himmelschlüsselstraße","kind":"street","a":[48.1951,11.52665],"b":[48.1948,11.53454],"length_m":588,"max_offset_m":7.2,"bearing_ab":93.3,"bearing_ba":273.3,"obstruction_toward_a_deg":0.65,"obstruction_toward_b_deg":0.65,"canyon":true,"featured":false,"notes":null,"osm_way_ids":[4975335],"bearing_bucket":"090-120","stroke":"#4daf4a","stroke-width":2,"stroke-opacity":0.9}},
{"type":"Feature","geometry":{"type":"LineString","coordinates":[[11.62423,48.09585],[11.61816,48.09264]]},"properties":{"id":"sl_21a15c86","name":"Fasangartenstraße","kind":"street","a":[48.09585,11.62423],"b":[48.09264,11.61816],"length_m":576,"max_offset_m":7.6,"bearing_ab":231.7,"bearing_ba":51.7,"obstruction_toward_a_deg":0.35,"obstruction_toward_b_deg":0.35,"canyon":false,"featured":false,"notes":null,"osm_way_ids":[30323346,30323347,184190500],"bearing_bucket":"030-060","stroke":"#ff7f00","stroke-width":2,"stroke-opacity":0.9}},
{"type":"Feature","geometry":{"type":"LineString","coordinates":[[11.58096,48.17054],[11.58124,48.1663]]},"properties":{"id":"sl_222f2036","name":"Mainzer Straße","kind":"street","a":[48.17054,11.58096],"b":[48.1663,11.58124],"length_m":472,"max_offset_m":6.7,"bearing_ab":177.4,"bearing_ba":357.4,"obstruction_toward_a_deg":1.2,"obstruction_toward_b_deg":1.2,"canyon":true,"featured":false,"notes":null,"osm_way_ids":[38626612],"bearing_bucket":"150-180","stroke":"#984ea3","stroke-width":2,"stroke-opacity":0.9}},
{"type":"Feature","geometry":{"type":"LineString","coordinates":[[11.43698,48.17652],[11.44115,48.17936]]},"properties":{"id":"sl_22323489","name":"Hanfgartenstraße","kind":"street","a":[48.17652,11.43698],"b":[48.17936,11.44115],"length_m":443,"max_offset_m":7.6,"bearing_ab":44.4,"bearing_ba":224.4,"obstruction_toward_a_deg":2.37,"obstruction_toward_b_deg":2.37,"canyon":false,"featured":false,"notes":null,"osm_way_ids":[19803014,19803015,376479881,1527670988],"bearing_bucket":"030-060","stroke":"#ff7f00","stroke-width":2,"stroke-opacity":0.9}},
{"type":"Feature","geometry":{"type":"LineString","coordinates":[[11.56433,48.20127],[11.55892,48.20114]]},"properties":{"id":"sl_22335302","name":"Augustin-Rösch-Straße","kind":"street","a":[48.20127,11.56433],"b":[48.20114,11.55892],"length_m":402,"max_offset_m":3.9,"bearing_ab":267.9,"bearing_ba":87.9,"obstruction_toward_a_deg":0.95,"obstruction_toward_b_deg":0.95,"canyon":false,"featured":false,"notes":null,"osm_way_ids":[4425047,32961530,32961531,1420092674],"bearing_bucket":"060-090","stroke":"#ffd92f","stroke-width":2,"stroke-opacity":0.9}},
{"type":"Feature","geometry":{"type":"LineString","coordinates":[[11.5075,48.20001],[11.51652,48.19809]]},"properties":{"id":"sl_225b2d55","name":"Schneeglöckchenstraße","kind":"street","a":[48.20001,11.5075],"b":[48.19809,11.51652],"length_m":703,"max_offset_m":7.8,"bearing_ab":107.6,"bearing_ba":287.6,"obstruction_toward_a_deg":0.55,"obstruction_toward_b_deg":1.49,"canyon":true,"featured":false,"notes":null,"osm_way_ids":[712627068,712630242,712631020],"bearing_bucket":"090-120","stroke":"#4daf4a","stroke-width":2,"stroke-opacity":0.9}},
{"type":"Feature","geometry":{"type":"LineString","coordinates":[[11.57382,48.12215],[11.57089,48.11876]]},"properties":{"id":"sl_2266d98b","name":"Sommerstraße","kind":"street","a":[48.12215,11.57382],"b":[48.11876,11.57089],"length_m":436,"max_offset_m":5.8,"bearing_ab":210.0,"bearing_ba":30.0,"obstruction_toward_a_deg":1.72,"obstruction_toward_b_deg":1.3,"canyon":true,"featured":false,"notes":null,"osm_way_ids":[4645269,4645292,70876472,172939720,516184872,1276190916,1437119991],"bearing_bucket":"030-060","stroke":"#ff7f00","stroke-width":2,"stroke-opacity":0.9}},
{"type":"Feature","geometry":{"type":"LineString","coordinates":[[11.44397,48.13737],[11.44817,48.13492]]},"properties":{"id":"sl_22718ff7","name":"Pfeivestlstraße","kind":"street","a":[48.13737,11.44397],"b":[48.13492,11.44817],"length_m":414,"max_offset_m":6.8,"bearing_ab":131.0,"bearing_ba":311.1,"obstruction_toward_a_deg":1.37,"obstruction_toward_b_deg":0.93,"canyon":true,"featured":false,"notes":null,"osm_way_ids":[278445325],"bearing_bucket":"120-150","stroke":"#377eb8","stroke-width":2,"stroke-opacity":0.9}},
{"type":"Feature","geometry":{"type":"LineString","coordinates":[[11.56692,48.15525],[11.55979,48.14425]]},"properties":{"id":"sl_229e7580","name":"Augustenstraße","kind":"street","a":[48.15525,11.56692],"b":[48.14425,11.55979],"length_m":1333,"max_offset_m":2.8,"bearing_ab":203.4,"bearing_ba":23.4,"obstruction_toward_a_deg":0.77,"obstruction_toward_b_deg":0.84,"canyon":true,"featured":false,"notes":null,"osm_way_ids":[16786175,39321856,39322008,49800591,93195119,113849530,296704223,313577316,313577317,313577318,427190844,450597752,456746070,706310289,1192460836],"bearing_bucket":"000-030","stroke":"#e41a1c","stroke-width":2,"stroke-opacity":0.9}},
{"type":"Feature","geometry":{"type":"LineString","coordinates":[[11.42426,48.18283],[11.43073,48.18743]]},"properties":{"id":"sl_22b38a36","name":"Müllerstadelstraße","kind":"street","a":[48.18283,11.42426],"b":[48.18743,11.43073],"length_m":702,"max_offset_m":7.9,"bearing_ab":43.2,"bearing_ba":223.2,"obstruction_toward_a_deg":0.55,"obstruction_toward_b_deg":1.49,"canyon":false,"featured":false,"notes":null,"osm_way_ids":[9661390,19210058,59426908,149392137,438414000,438414001],"bearing_bucket":"030-060","stroke":"#ff7f00","stroke-width":2,"stroke-opacity":0.9}},
{"type":"Feature","geometry":{"type":"LineString","coordinates":[[11.58306,48.15975],[11.57397,48.16046]]},"properties":{"id":"sl_23ae6155","name":"Hohenzollernstraße","kind":"street","a":[48.15975,11.58306],"b":[48.16046,11.57397],"length_m":681,"max_offset_m":5.1,"bearing_ab":276.6,"bearing_ba":96.6,"obstruction_toward_a_deg":1.1,"obstruction_toward_b_deg":1.37,"canyon":true,"featured":false,"notes":null,"osm_way_ids":[30816874,30816875,86414065,158901369,392104943,1420377549],"bearing_bucket":"090-120","stroke":"#4daf4a","stroke-width":2,"stroke-opacity":0.9}},
{"type":"Feature","geometry":{"type":"LineString","coordinates":[[11.62973,48.18391],[11.61663,48.16895]]},"properties":{"id":"sl_23b35445","name":"Leinthalerstraße (Isar upstream)","kind":"bridge","a":[48.18391,11.62973],"b":[48.16895,11.61663],"length_m":1927,"max_offset_m":9.1,"bearing_ab":210.4,"bearing_ba":30.4,"obstruction_toward_a_deg":0.5,"obstruction_toward_b_deg":0.5,"canyon":false,"featured":false,"notes":null,"osm_way_ids":[4462711,41734235,107504975],"bearing_bucket":"030-060","stroke":"#ff7f00","stroke-width":2,"stroke-opacity":0.9}},
{"type":"Feature","geometry":{"type":"LineString","coordinates":[[11.47837,48.169],[11.48416,48.16896]]},"properties":{"id":"sl_240b5620","name":"Reginbaldstraße","kind":"street","a":[48.169,11.47837],"b":[48.16896,11.48416],"length_m":431,"max_offset_m":3.8,"bearing_ab":90.6,"bearing_ba":270.6,"obstruction_toward_a_deg":2.43,"obstruction_toward_b_deg":2.43,"canyon":true,"featured":false,"notes":null,"osm_way_ids":[18807559],"bearing_bucket":"090-120","stroke":"#4daf4a","stroke-width":2,"stroke-opacity":0.9}},
{"type":"Feature","geometry":{"type":"LineString","coordinates":[[11.66673,48.13522],[11.66156,48.13395]]},"properties":{"id":"sl_241b9e0d","name":"Schatzbogen","kind":"street","a":[48.13522,11.66673],"b":[48.13395,11.66156],"length_m":410,"max_offset_m":6.8,"bearing_ab":249.8,"bearing_ba":69.8,"obstruction_toward_a_deg":1.83,"obstruction_toward_b_deg":0.49,"canyon":false,"featured":false,"notes":null,"osm_way_ids":[4297598,56680705],"bearing_bucket":"060-090","stroke":"#ffd92f","stroke-width":2,"stroke-opacity":0.9}},
{"type":"Feature","geometry":{"type":"LineString","coordinates":[[11.6463,48.09548],[11.65318,48.09341]]},"properties":{"id":"sl_2427df87","name":"Iblherstraße","kind":"street","a":[48.09548,11.6463],"b":[48.09341,11.65318],"length_m":562,"max_offset_m":5.4,"bearing_ab":114.2,"bearing_ba":294.2,"obstruction_toward_a_deg":1.99,"obstruction_toward_b_deg":0.52,"canyon":true,"featured":false,"notes":null,"osm_way_ids":[3301998],"bearing_bucket":"090-120","stroke":"#4daf4a","stroke-width":2,"stroke-opacity":0.9}},
{"type":"Feature","geometry":{"type":"LineString","coordinates":[[11.53705,48.15404],[11.54733,48.15951]]},"properties":{"id":"sl_2457b661","name":"Leonrodstraße","kind":"street","a":[48.15404,11.53705],"b":[48.15951,11.54733],"length_m":977,"max_offset_m":7.9,"bearing_ab":51.5,"bearing_ba":231.5,"obstruction_toward_a_deg":1.14,"obstruction_toward_b_deg":0.39,"canyon":false,"featured":false,"notes":null,"osm_way_ids":[4288229,30816699,126760939,151636221,160610746,192283556,310821943,316052842,316052843,394489295,394489296,1119418293],"bearing_bucket":"030-060","stroke":"#ff7f00","stroke-width":2,"stroke-opacity":0.9}},
{"type":"Feature","geometry":{"type":"LineString","coordinates":[[11.6223,48.2106],[11.62694,48.21905]]},"properties":{"id":"sl_24da9b91","name":"Werner-Heisenberg-Allee","kind":"street","a":[48.2106,11.6223],"b":[48.21905,11.62694],"length_m":1001,"max_offset_m":7.6,"bearing_ab":20.1,"bearing_ba":200.1,"obstruction_toward_a_deg":1.05,"obstruction_toward_b_deg":1.63,"canyon":false,"featured":false,"notes":null,"osm_way_ids":[27145135,30800720,30800721,406998851,406998852,406998853,408118464,408118465,408127503,408127505],"bearing_bucket":"000-030","stroke":"#e41a1c","stroke-width":2,"stroke-opacity":0.9}},
{"type":"Feature","geometry":{"type":"LineString","coordinates":[[11.57795,48.16676],[11.56502,48.16788]]},"properties":{"id":"sl_250bd6c3","name":"Karl-Theodor-Straße","kind":"street","a":[48.16676,11.57795],"b":[48.16788,11.56502],"length_m":970,"max_offset_m":7.0,"bearing_ab":277.3,"bearing_ba":97.3,"obstruction_toward_a_deg":0.96,"obstruction_toward_b_deg":0.96,"canyon":false,"featured":false,"notes":null,"osm_way_ids":[27807193,38862722,38862724,42446214,42446215,71143056,88714905,88714906,376107908,449594861,1419152078,1420377548],"bearing_bucket":"090-120","stroke":"#4daf4a","stroke-width":2,"stroke-opacity":0.9}},
{"type":"Feature","geometry":{"type":"LineString","coordinates":[[11.46887,48.15416],[11.4686,48.14916]]},"properties":{"id":"sl_250d49e8","name":"Mendelssohnstraße","kind":"street","a":[48.15416,11.46887],"b":[48.14916,11.4686],"length_m":556,"max_offset_m":1.6,"bearing_ab":182.1,"bearing_ba":2.1,"obstruction_toward_a_deg":0.69,"obstruction_toward_b_deg":1.02,"canyon":true,"featured":false,"notes":null,"osm_way_ids":[16553289],"bearing_bucket":"000-030","stroke":"#e41a1c","stroke-width":2,"stroke-opacity":0.9}},
{"type":"Feature","geometry":{"type":"LineString","coordinates":[[11.58394,48.19379],[11.58764,48.21399]]},"properties":{"id":"sl_256615ad","name":"Ingolstädter Straße","kind":"street","a":[48.19379,11.58394],"b":[48.21399,11.58764],"length_m":2262,"max_offset_m":7.4,"bearing_ab":7.0,"bearing_ba":187.0,"obstruction_toward_a_deg":0.25,"obstruction_toward_b_deg":0.46,"canyon":false,"featured":false,"notes":null,"osm_way_ids":[4011782,36555059,36555061,36555067,36555071,36555076,208681212,292610414,292792379,316423477,316423478,353005973,353005974,353005975,353005976,353005977,353005978,353005979,353005980,353005981,353005982,353005983,353005984,353005985,353005986,353005987,353005988,353005989,353005990,353005991,353005992,353005994,362700075,362700076,415114835,415114836,415114837,415206086,415206087,415206088,415206089,415206090,541710610,541710611,541710616,929777090,929777091,929777092,929777094,929777095,929777096,929777098,929777099,929777100,1251756254,1420297523],"bearing_bucket":"000-030","stroke":"#e41a1c","stroke-width":2,"stroke-opacity":0.9}},
{"type":"Feature","geometry":{"type":"LineString","coordinates":[[11.58978,48.10499],[11.59503,48.10641]]},"properties":{"id":"sl_25b15d6f","name":"Chiemgaustraße","kind":"street","a":[48.10499,11.58978],"b":[48.10641,11.59503],"length_m":422,"max_offset_m":7.9,"bearing_ab":68.0,"bearing_ba":248.0,"obstruction_toward_a_deg":1.78,"obstruction_toward_b_deg":1.34,"canyon":false,"featured":false,"notes":null,"osm_way_ids":[40108147,53289485,56307428,59422877,59571453,113853349,340978589,340978590,340978591],"bearing_bucket":"060-090","stroke":"#ffd92f","stroke-width":2,"stroke-opacity":0.9}},
{"type":"Feature","geometry":{"type":"LineString","coordinates":[[11.67764,48.07904],[11.68416,48.07815]]},"properties":{"id":"sl_25b959e0","name":"Dornröschenstraße","kind":"street","a":[48.07904,11.67764],"b":[48.07815,11.68416],"length_m":496,"max_offset_m":7.0,"bearing_ab":101.6,"bearing_ba":281.6,"obstruction_toward_a_deg":0.4,"obstruction_toward_b_deg":0.77,"canyon":true,"featured":false,"notes":null,"osm_way_ids":[16386713],"bearing_bucket":"090-120","stroke":"#4daf4a","stroke-width":2,"stroke-opacity":0.9}},
{"type":"Feature","geometry":{"type":"LineString","coordinates":[[11.57373,48.20076],[11.58094,48.20015]]},"properties":{"id":"sl_25dc86fd","name":null,"kind":"street","a":[48.20076,11.57373],"b":[48.20015,11.58094],"length_m":540,"max_offset_m":0.6,"bearing_ab":97.2,"bearing_ba":277.2,"obstruction_toward_a_deg":0.37,"obstruction_toward_b_deg":1.94,"canyon":true,"featured":false,"notes":null,"osm_way_ids":[120283406],"bearing_bucket":"090-120","stroke":"#4daf4a","stroke-width":2,"stroke-opacity":0.9}},
{"type":"Feature","geometry":{"type":"LineString","coordinates":[[11.53962,48.11835],[11.54832,48.11836]]},"properties":{"id":"sl_261f9971","name":"Lindenschmitstraße","kind":"street","a":[48.11835,11.53962],"b":[48.11836,11.54832],"length_m":648,"max_offset_m":6.3,"bearing_ab":89.9,"bearing_ba":269.9,"obstruction_toward_a_deg":1.16,"obstruction_toward_b_deg":1.72,"canyon":true,"featured":false,"notes":null,"osm_way_ids":[4019979,40108388,158425895,439424581,477942370,1133381660,1133381661,1495898352,1495898353,1495898355,1495898356,1495898357,1495898358,1495898359,1495898360,1497689142],"bearing_bucket":"060-090","stroke":"#ffd92f","stroke-width":2,"stroke-opacity":0.9}},
{"type":"Feature","geometry":{"type":"LineString","coordinates":[[11.58363,48.12805],[11.58764,48.13123]]},"properties":{"id":"sl_263bdfd3","name":"Zeppelinstraße","kind":"street","a":[48.12805,11.58363],"b":[48.13123,11.58764],"length_m":463,"max_offset_m":7.2,"bearing_ab":40.1,"bearing_ba":220.1,"obstruction_toward_a_deg":1.62,"obstruction_toward_b_deg":1.42,"canyon":false,"featured":false,"notes":null,"osm_way_ids":[146504816,1444731896,1444731897,1444731900,1444731903,1444731905,1444731907,1446735350,1446735351],"bearing_bucket":"030-060","stroke":"#ff7f00","stroke-width":2,"stroke-opacity":0.9}},
{"type":"Feature","geometry":{"type":"LineString","coordinates":[[11.54204,48.11958],[11.54928,48.11935]]},"properties":{"id":"sl_2641f4e4","name":"Oberländerstraße","kind":"street","a":[48.11958,11.54204],"b":[48.11935,11.54928],"length_m":539,"max_offset_m":6.2,"bearing_ab":92.7,"bearing_ba":272.7,"obstruction_toward_a_deg":1.39,"obstruction_toward_b_deg":1.73,"canyon":true,"featured":false,"notes":null,"osm_way_ids":[4020029,4673725,4673726,39380682,310926943,310926944,1495895992,1495895995,1496181535],"bearing_bucket":"090-120","stroke":"#4daf4a","stroke-width":2,"stroke-opacity":0.9}},
{"type":"Feature","geometry":{"type":"LineString","coordinates":[[11.49994,48.18725],[11.49503,48.18537]]},"properties":{"id":"sl_26d609cc","name":"Saarlouiser Straße","kind":"street","a":[48.18725,11.49994],"b":[48.18537,11.49503],"length_m":421,"max_offset_m":8.0,"bearing_ab":240.2,"bearing_ba":60.2,"obstruction_toward_a_deg":0.91,"obstruction_toward_b_deg":0.91,"canyon":false,"featured":false,"notes":null,"osm_way_ids":[160600789,1276235776,1383821545],"bearing_bucket":"060-090","stroke":"#ffd92f","stroke-width":2,"stroke-opacity":0.9}},
{"type":"Feature","geometry":{"type":"LineString","coordinates":[[11.54149,48.19466],[11.54732,48.19403]]},"properties":{"id":"sl_26f80f09","name":"Bocksdornstraße","kind":"street","a":[48.19466,11.54149],"b":[48.19403,11.54732],"length_m":440,"max_offset_m":3.3,"bearing_ab":99.2,"bearing_ba":279.2,"obstruction_toward_a_deg":0.87,"obstruction_toward_b_deg":0.87,"canyon":true,"featured":false,"notes":null,"osm_way_ids":[7380031],"bearing_bucket":"090-120","stroke":"#4daf4a","stroke-width":2,"stroke-opacity":0.9}},
{"type":"Feature","geometry":{"type":"LineString","coordinates":[[11.62887,48.12881],[11.61201,48.13168]]},"properties":{"id":"sl_278b6e53","name":"Berg-am-Laim-Straße","kind":"street","a":[48.12881,11.62887],"b":[48.13168,11.61201],"length_m":1294,"max_offset_m":7.0,"bearing_ab":284.3,"bearing_ba":104.3,"obstruction_toward_a_deg":0.72,"obstruction_toward_b_deg":1.35,"canyon":false,"featured":false,"notes":null,"osm_way_ids":[4062194,41108870,182664848,231456463,231456467,291785531,291785532,311747331,311747333,360936776,360936777,461097067,461097068,461097069,461097071,461097074,461097075,1420688740,1420688741,1428963974,1428964062,1428964972,1428965071,1428965398,1534959594,1557804543,1557804682,1557804686,1557805068],"bearing_bucket":"090-120","stroke":"#4daf4a","stroke-width":2,"stroke-opacity":0.9}},
{"type":"Feature","geometry":{"type":"LineString","coordinates":[[11.67267,48.11733],[11.67519,48.11377]]},"properties":{"id":"sl_27bdd3d1","name":"Königsseestraße","kind":"street","a":[48.11733,11.67267],"b":[48.11377,11.67519],"length_m":438,"max_offset_m":6.3,"bearing_ab":154.7,"bearing_ba":334.7,"obstruction_toward_a_deg":2.39,"obstruction_toward_b_deg":0.88,"canyon":true,"featured":false,"notes":null,"osm_way_ids":[3994239],"bearing_bucket":"150-180","stroke":"#984ea3","stroke-width":2,"stroke-opacity":0.9}},
{"type":"Feature","geometry":{"type":"LineString","coordinates":[[11.70294,48.1358],[11.69416,48.13569]]},"properties":{"id":"sl_27f0737d","name":null,"kind":"street","a":[48.1358,11.70294],"b":[48.13569,11.69416],"length_m":654,"max_offset_m":7.7,"bearing_ab":268.9,"bearing_ba":88.8,"obstruction_toward_a_deg":1.17,"obstruction_toward_b_deg":0.74,"canyon":true,"featured":false,"notes":null,"osm_way_ids":[53102873,349881358],"bearing_bucket":"060-090","stroke":"#ffd92f","stroke-width":2,"stroke-opacity":0.9}},
{"type":"Feature","geometry":{"type":"LineString","coordinates":[[11.52831,48.1987],[11.53551,48.20368]]},"properties":{"id":"sl_286d0987","name":"Toni-Pfülf-Straße","kind":"street","a":[48.1987,11.52831],"b":[48.20368,11.53551],"length_m":770,"max_offset_m":5.1,"bearing_ab":44.0,"bearing_ba":224.0,"obstruction_toward_a_deg":0.5,"obstruction_toward_b_deg":0.5,"canyon":false,"featured":false,"notes":null,"osm_way_ids":[7991706,27655354,723388600,989245948],"bearing_bucket":"030-060","stroke":"#ff7f00","stroke-width":2,"stroke-opacity":0.9}},
{"type":"Feature","geometry":{"type":"LineString","coordinates":[[11.55315,48.13516],[11.56143,48.13422]]},"properties":{"id":"sl_286f1be4","name":"Pettenkoferstraße","kind":"street","a":[48.13516,11.55315],"b":[48.13422,11.56143],"length_m":624,"max_offset_m":7.4,"bearing_ab":99.6,"bearing_ba":279.6,"obstruction_toward_a_deg":1.2,"obstruction_toward_b_deg":1.06,"canyon":true,"featured":false,"notes":null,"osm_way_ids":[37665693,37665694,155039624,223668632],"bearing_bucket":"090-120","stroke":"#4daf4a","stroke-width":2,"stroke-opacity":0.9}},
{"type":"Feature","geometry":{"type":"LineString","coordinates":[[11.54507,48.15118],[11.53842,48.1565]]},"properties":{"id":"sl_287c5745","name":"Albrechtstraße","kind":"street","a":[48.15118,11.54507],"b":[48.1565,11.53842],"length_m":772,"max_offset_m":3.7,"bearing_ab":320.1,"bearing_ba":140.1,"obstruction_toward_a_deg":0.85,"obstruction_toward_b_deg":0.97,"canyon":false,"featured":false,"notes":null,"osm_way_ids":[152524919,152524921,156961967,702126561,851167783,1083456742],"bearing_bucket":"120-150","stroke":"#377eb8","stroke-width":2,"stroke-opacity":0.9}},
{"type":"Feature","geometry":{"type":"LineString","coordinates":[[11.65876,48.15367],[11.64948,48.1559]]},"properties":{"id":"sl_288f85d6","name":"Brodersenstraße","kind":"street","a":[48.15367,11.65876],"b":[48.1559,11.64948],"length_m":734,"max_offset_m":7.3,"bearing_ab":289.8,"bearing_ba":109.7,"obstruction_toward_a_deg":1.43,"obstruction_toward_b_deg":1.43,"canyon":false,"featured":false,"notes":null,"osm_way_ids":[5488205,118739283],"bearing_bucket":"090-120","stroke":"#4daf4a","stroke-width":2,"stroke-opacity":0.9}},
{"type":"Feature","geometry":{"type":"LineString","coordinates":[[11.5941,48.08646],[11.59937,48.08763]]},"properties":{"id":"sl_2891890f","name":"Kiefernstraße","kind":"street","a":[48.08646,11.5941],"b":[48.08763,11.59937],"length_m":414,"max_offset_m":0.0,"bearing_ab":71.6,"bearing_ba":251.6,"obstruction_toward_a_deg":2.53,"obstruction_toward_b_deg":0.93,"canyon":true,"featured":false,"notes":null,"osm_way_ids":[4391191],"bearing_bucket":"060-090","stroke":"#ffd92f","stroke-width":2,"stroke-opacity":0.9}},
{"type":"Feature","geometry":{"type":"LineString","coordinates":[[11.5476,48.07193],[11.55583,48.08889]]},"properties":{"id":"sl_28ac5532","name":"Geiselgasteigstraße","kind":"street","a":[48.07193,11.5476],"b":[48.08889,11.55583],"length_m":1983,"max_offset_m":6.6,"bearing_ab":18.0,"bearing_ba":198.0,"obstruction_toward_a_deg":0.19,"obstruction_toward_b_deg":0.24,"canyon":false,"featured":false,"notes":null,"osm_way_ids":[4873822,33275600,33275603,243446299,285576367,285576371,341943349,393369119,484423741,932748060,932748061,1222715788,1379898231,1434865750,1434865751],"bearing_bucket":"000-030","stroke":"#e41a1c","stroke-width":2,"stroke-opacity":0.9}},
{"type":"Feature","geometry":{"type":"LineString","coordinates":[[11.48902,48.10745],[11.48967,48.11126]]},"properties":{"id":"sl_294adb4e","name":"Pelargonienweg","kind":"street","a":[48.10745,11.48902],"b":[48.11126,11.48967],"length_m":426,"max_offset_m":7.2,"bearing_ab":6.5,"bearing_ba":186.5,"obstruction_toward_a_deg":0.9,"obstruction_toward_b_deg":0.9,"canyon":true,"featured":false,"notes":null,"osm_way_ids":[1446014882,1446014883],"bearing_bucket":"000-030","stroke":"#e41a1c","stroke-width":2,"stroke-opacity":0.9}},
{"type":"Feature","geometry":{"type":"LineString","coordinates":[[11.54983,48.10082],[11.55029,48.09289]]},"properties":{"id":"sl_29b430de","name":"Brücke (Isar upstream)","kind":"bridge","a":[48.10082,11.54983],"b":[48.09289,11.55029],"length_m":883,"max_offset_m":10.1,"bearing_ab":177.7,"bearing_ba":357.7,"obstruction_toward_a_deg":0.5,"obstruction_toward_b_deg":0.5,"canyon":false,"featured":false,"notes":null,"osm_way_ids":[10143281,35937871,35937880,41480156],"bearing_bucket":"150-180","stroke":"#984ea3","stroke-width":2,"stroke-opacity":0.9}},
{"type":"Feature","geometry":{"type":"LineString","coordinates":[[11.56219,48.18229],[11.55587,48.18234]]},"properties":{"id":"sl_29b793aa","name":null,"kind":"street","a":[48.18229,11.56219],"b":[48.18234,11.55587],"length_m":470,"max_offset_m":6.5,"bearing_ab":270.6,"bearing_ba":90.6,"obstruction_toward_a_deg":0.89,"obstruction_toward_b_deg":0.4,"canyon":true,"featured":false,"notes":null,"osm_way_ids":[331428238],"bearing_bucket":"090-120","stroke":"#4daf4a","stroke-width":2,"stroke-opacity":0.9}},
{"type":"Feature","geometry":{"type":"LineString","coordinates":[[11.48129,48.18406],[11.47561,48.18408]]},"properties":{"id":"sl_2a3f8dac","name":"Peter-Winter-Straße","kind":"street","a":[48.18406,11.48129],"b":[48.18408,11.47561],"length_m":422,"max_offset_m":6.9,"bearing_ab":270.3,"bearing_ba":90.3,"obstruction_toward_a_deg":1.34,"obstruction_toward_b_deg":1.34,"canyon":true,"featured":false,"notes":null,"osm_way_ids":[9082847,22555152],"bearing_bucket":"090-120","stroke":"#4daf4a","stroke-width":2,"stroke-opacity":0.9}},
{"type":"Feature","geometry":{"type":"LineString","coordinates":[[11.54841,48.12085],[11.54236,48.12113]]},"properties":{"id":"sl_2a7f3b60","name":"Alramstraße","kind":"street","a":[48.12085,11.54841],"b":[48.12113,11.54236],"length_m":451,"max_offset_m":0.5,"bearing_ab":274.0,"bearing_ba":94.0,"obstruction_toward_a_deg":1.87,"obstruction_toward_b_deg":1.66,"canyon":true,"featured":false,"notes":null,"osm_way_ids":[158425732,921369718,1495895994,1495895996,1495895997,1495895998],"bearing_bucket":"090-120","stroke":"#4daf4a","stroke-width":2,"stroke-opacity":0.9}},
{"type":"Feature","geometry":{"type":"LineString","coordinates":[[11.54325,48.20043],[11.55031,48.18911]]},"properties":{"id":"sl_2a9074b4","name":"Lerchenauer Straße","kind":"street","a":[48.20043,11.54325],"b":[48.18911,11.55031],"length_m":1364,"max_offset_m":6.7,"bearing_ab":157.3,"bearing_ba":337.3,"obstruction_toward_a_deg":0.28,"obstruction_toward_b_deg":0.35,"canyon":true,"featured":false,"notes":null,"osm_way_ids":[30852587,31343385,31343392,31343393,31351676,605690812,605690813,775774944,1424817081],"bearing_bucket":"150-180","stroke":"#984ea3","stroke-width":2,"stroke-opacity":0.9}},
{"type":"Feature","geometry":{"type":"LineString","coordinates":[[11.5025,48.24515],[11.5121,48.2424]]},"properties":{"id":"sl_2acf8722","name":"Regattaweg","kind":"street","a":[48.24515,11.5025],"b":[48.2424,11.5121],"length_m":776,"max_offset_m":7.9,"bearing_ab":113.2,"bearing_ba":293.2,"obstruction_toward_a_deg":1.35,"obstruction_toward_b_deg":1.35,"canyon":false,"featured":false,"notes":null,"osm_way_ids":[285866137],"bearing_bucket":"090-120","stroke":"#4daf4a","stroke-width":2,"stroke-opacity":0.9}},
{"type":"Feature","geometry":{"type":"LineString","coordinates":[[11.53447,48.20695],[11.53813,48.20429]]},"properties":{"id":"sl_2b298665","name":"Lerchenauer Straße","kind":"street","a":[48.20695,11.53447],"b":[48.20429,11.53813],"length_m":402,"max_offset_m":6.7,"bearing_ab":137.3,"bearing_ba":317.3,"obstruction_toward_a_deg":2.61,"obstruction_toward_b_deg":0.5,"canyon":false,"featured":false,"notes":null,"osm_way_ids":[55806924,371750135],"bearing_bucket":"120-150","stroke":"#377eb8","stroke-width":2,"stroke-opacity":0.9}},
{"type":"Feature","geometry":{"type":"LineString","coordinates":[[11.52613,48.14051],[11.51797,48.14137]]},"properties":{"id":"sl_2b3d70f6","name":"Landsberger Straße","kind":"street","a":[48.14051,11.52613],"b":[48.14137,11.51797],"length_m":615,"max_offset_m":7.4,"bearing_ab":279.0,"bearing_ba":99.0,"obstruction_toward_a_deg":1.22,"obstruction_toward_b_deg":1.52,"canyon":false,"featured":false,"notes":null,"osm_way_ids":[71360466,95588661,290397694,316110479,316110482,411636745],"bearing_bucket":"090-120","stroke":"#4daf4a","stroke-width":2,"stroke-opacity":0.9}},
{"type":"Feature","geometry":{"type":"LineString","coordinates":[[11.69708,48.13229],[11.70277,48.13232]]},"properties":{"id":"sl_2b4cd95a","name":"Elisabeth-Mann-Borgese-Straße","kind":"street","a":[48.13229,11.69708],"b":[48.13232,11.70277],"length_m":424,"max_offset_m":1.2,"bearing_ab":89.6,"bearing_ba":269.6,"obstruction_toward_a_deg":3.07,"obstruction_toward_b_deg":2.42,"canyon":true,"featured":false,"notes":null,"osm_way_ids":[4499655],"bearing_bucket":"060-090","stroke":"#ffd92f","stroke-width":2,"stroke-opacity":0.9}},
{"type":"Feature","geometry":{"type":"LineString","coordinates":[[11.55115,48.18706],[11.55815,48.17672]]},"properties":{"id":"sl_2b9a506c","name":"Lerchenauer Straße","kind":"street","a":[48.18706,11.55115],"b":[48.17672,11.55815],"length_m":1262,"max_offset_m":7.5,"bearing_ab":155.6,"bearing_ba":335.6,"obstruction_toward_a_deg":0.16,"obstruction_toward_b_deg":0.83,"canyon":false,"featured":false,"notes":null,"osm_way_ids":[31351681,47453910,209452708,256987058,256987059,256987060,256987062,269716431,276604358,276604359,276604360,276604361,276604363,276604364,276604365,276604366,276604367,276604368,276604369,276604370,276604371,291794248,291794249,291794250,335380282,335380283,468992255,468992256,468999132,478460017,1076186578,1076186579,1120836495,1120836497],"bearing_bucket":"150-180","stroke":"#984ea3","stroke-width":2,"stroke-opacity":0.9}},
{"type":"Feature","geometry":{"type":"LineString","coordinates":[[11.3828,48.17173],[11.384,48.17624]]},"properties":{"id":"sl_2bb77f45","name":"Krähenweg","kind":"street","a":[48.17173,11.3828],"b":[48.17624,11.384],"length_m":510,"max_offset_m":4.6,"bearing_ab":10.0,"bearing_ba":190.0,"obstruction_toward_a_deg":0.39,"obstruction_toward_b_deg":2.06,"canyon":false,"featured":false,"notes":null,"osm_way_ids":[4325266],"bearing_bucket":"000-030","stroke":"#e41a1c","stroke-width":2,"stroke-opacity":0.9}},
{"type":"Feature","geometry":{"type":"LineString","coordinates":[[11.47919,48.15732],[11.47485,48.15044]]},"properties":{"id":"sl_2be1a118","name":"Paul-Gerhardt-Allee","kind":"street","a":[48.15732,11.47919],"b":[48.15044,11.47485],"length_m":831,"max_offset_m":3.5,"bearing_ab":202.9,"bearing_ba":22.9,"obstruction_toward_a_deg":0.46,"obstruction_toward_b_deg":0.68,"canyon":true,"featured":false,"notes":null,"osm_way_ids":[15724416,27351434,31962741,89229941,340783841,699506336,699506338,746145230],"bearing_bucket":"000-030","stroke":"#e41a1c","stroke-width":2,"stroke-opacity":0.9}},
{"type":"Feature","geometry":{"type":"LineString","coordinates":[[11.52226,48.17088],[11.52796,48.1711]]},"properties":{"id":"sl_2c0fd527","name":null,"kind":"street","a":[48.17088,11.52226],"b":[48.1711,11.52796],"length_m":425,"max_offset_m":2.3,"bearing_ab":86.8,"bearing_ba":266.8,"obstruction_toward_a_deg":2.47,"obstruction_toward_b_deg":0.47,"canyon":false,"featured":false,"notes":null,"osm_way_ids":[15694510],"bearing_bucket":"060-090","stroke":"#ffd92f","stroke-width":2,"stroke-opacity":0.9}},
{"type":"Feature","geometry":{"type":"LineString","coordinates":[[11.48341,48.08359],[11.48012,48.07937]]},"properties":{"id":"sl_2c1df8e0","name":"Vinzenz-Schüpfer-Straße","kind":"street","a":[48.08359,11.48341],"b":[48.07937,11.48012],"length_m":529,"max_offset_m":2.5,"bearing_ab":207.6,"bearing_ba":27.6,"obstruction_toward_a_deg":0.72,"obstruction_toward_b_deg":0.72,"canyon":false,"featured":false,"notes":null,"osm_way_ids":[157921195],"bearing_bucket":"000-030","stroke":"#e41a1c","stroke-width":2,"stroke-opacity":0.9}},
{"type":"Feature","geometry":{"type":"LineString","coordinates":[[11.67867,48.15103],[11.67772,48.1457]]},"properties":{"id":"sl_2c21b95f","name":null,"kind":"street","a":[48.15103,11.67867],"b":[48.1457,11.67772],"length_m":597,"max_offset_m":3.7,"bearing_ab":186.8,"bearing_ba":6.8,"obstruction_toward_a_deg":1.75,"obstruction_toward_b_deg":1.75,"canyon":false,"featured":false,"notes":null,"osm_way_ids":[951237461],"bearing_bucket":"000-030","stroke":"#e41a1c","stroke-width":2,"stroke-opacity":0.9}},
{"type":"Feature","geometry":{"type":"LineString","coordinates":[[11.49419,48.16929],[11.49895,48.17276]]},"properties":{"id":"sl_2c5da14a","name":null,"kind":"street","a":[48.16929,11.49419],"b":[48.17276,11.49895],"length_m":523,"max_offset_m":6.3,"bearing_ab":42.5,"bearing_ba":222.5,"obstruction_toward_a_deg":2.0,"obstruction_toward_b_deg":2.0,"canyon":false,"featured":false,"notes":null,"osm_way_ids":[146726111],"bearing_bucket":"030-060","stroke":"#ff7f00","stroke-width":2,"stroke-opacity":0.9}},
{"type":"Feature","geometry":{"type":"LineString","coordinates":[[11.51719,48.11919],[11.51176,48.11853]]},"properties":{"id":"sl_2cb219b7","name":"Krüner Straße","kind":"street","a":[48.11919,11.51719],"b":[48.11853,11.51176],"length_m":411,"max_offset_m":6.9,"bearing_ab":259.8,"bearing_ba":79.8,"obstruction_toward_a_deg":1.83,"obstruction_toward_b_deg":2.55,"canyon":false,"featured":false,"notes":null,"osm_way_ids":[1195037353,1488613532,1488613535,1488613536,1488613537,1488613538,1488615291,1488615292],"bearing_bucket":"060-090","stroke":"#ffd92f","stroke-width":2,"stroke-opacity":0.9}},
{"type":"Feature","geometry":{"type":"LineString","coordinates":[[11.61874,48.18733],[11.62091,48.19077]]},"properties":{"id":"sl_2d191715","name":"Libellenstraße","kind":"street","a":[48.18733,11.61874],"b":[48.19077,11.62091],"length_m":415,"max_offset_m":0.7,"bearing_ab":22.8,"bearing_ba":202.8,"obstruction_toward_a_deg":1.37,"obstruction_toward_b_deg":0.48,"canyon":false,"featured":false,"notes":null,"osm_way_ids":[5409135,82488544],"bearing_bucket":"000-030","stroke":"#e41a1c","stroke-width":2,"stroke-opacity":0.9}},
{"type":"Feature","geometry":{"type":"LineString","coordinates":[[11.57705,48.15812],[11.5776,48.16228]]},"properties":{"id":"sl_2d33ccf6","name":"Römerstraße","kind":"street","a":[48.15812,11.57705],"b":[48.16228,11.5776],"length_m":465,"max_offset_m":7.5,"bearing_ab":5.0,"bearing_ba":185.0,"obstruction_toward_a_deg":2.4,"obstruction_toward_b_deg":2.01,"canyon":true,"featured":false,"notes":null,"osm_way_ids":[4649342,53267457],"bearing_bucket":"000-030","stroke":"#e41a1c","stroke-width":2,"stroke-opacity":0.9}},
{"type":"Feature","geometry":{"type":"LineString","coordinates":[[11.70507,48.12754],[11.69556,48.12749]]},"properties":{"id":"sl_2db64d4f","name":null,"kind":"street","a":[48.12754,11.70507],"b":[48.12749,11.69556],"length_m":708,"max_offset_m":0.7,"bearing_ab":269.6,"bearing_ba":89.6,"obstruction_toward_a_deg":1.48,"obstruction_toward_b_deg":0.54,"canyon":false,"featured":false,"notes":null,"osm_way_ids":[24412782],"bearing_bucket":"060-090","stroke":"#ffd92f","stroke-width":2,"stroke-opacity":0.9}},
{"type":"Feature","geometry":{"type":"LineString","coordinates":[[11.50511,48.08993],[11.50772,48.09435]]},"properties":{"id":"sl_2dc1dc0b","name":"Meglingerstraße","kind":"street","a":[48.08993,11.50511],"b":[48.09435,11.50772],"length_m":528,"max_offset_m":6.4,"bearing_ab":21.6,"bearing_ba":201.6,"obstruction_toward_a_deg":0.73,"obstruction_toward_b_deg":0.9,"canyon":false,"featured":false,"notes":null,"osm_way_ids":[158316206,653173960],"bearing_bucket":"000-030","stroke":"#e41a1c","stroke-width":2,"stroke-opacity":0.9}},
{"type":"Feature","geometry":{"type":"LineString","coordinates":[[11.55925,48.20204],[11.55349,48.2018]]},"properties":{"id":"sl_2de2ea82","name":"Pulverturmstraße","kind":"street","a":[48.20204,11.55925],"b":[48.2018,11.55349],"length_m":429,"max_offset_m":7.5,"bearing_ab":266.5,"bearing_ba":86.5,"obstruction_toward_a_deg":0.9,"obstruction_toward_b_deg":0.9,"canyon":false,"featured":false,"notes":null,"osm_way_ids":[22414451,28028269],"bearing_bucket":"060-090","stroke":"#ffd92f","stroke-width":2,"stroke-opacity":0.9}},
{"type":"Feature","geometry":{"type":"LineString","coordinates":[[11.63884,48.14014],[11.64811,48.13985]]},"properties":{"id":"sl_2e215cee","name":"Eggenfeldener Straße","kind":"street","a":[48.14014,11.63884],"b":[48.13985,11.64811],"length_m":691,"max_offset_m":6.8,"bearing_ab":92.7,"bearing_ba":272.8,"obstruction_toward_a_deg":1.52,"obstruction_toward_b_deg":1.52,"canyon":false,"featured":false,"notes":null,"osm_way_ids":[90983847,163552467,163552468,942924439,1004199922,1374540541,1374540542],"bearing_bucket":"090-120","stroke":"#4daf4a","stroke-width":2,"stroke-opacity":0.9}},
{"type":"Feature","geometry":{"type":"LineString","coordinates":[[11.39599,48.16034],[11.40239,48.16027]]},"properties":{"id":"sl_2e2368db","name":"Eichenauer Straße","kind":"street","a":[48.16034,11.39599],"b":[48.16027,11.40239],"length_m":476,"max_offset_m":7.5,"bearing_ab":90.9,"bearing_ba":270.9,"obstruction_toward_a_deg":2.2,"obstruction_toward_b_deg":0.42,"canyon":false,"featured":false,"notes":null,"osm_way_ids":[40587484,603124407,1247783959],"bearing_bucket":"090-120","stroke":"#4daf4a","stroke-width":2,"stroke-opacity":0.9}},
{"type":"Feature","geometry":{"type":"LineString","coordinates":[[11.54836,48.09918],[11.54849,48.09181]]},"properties":{"id":"sl_2e4c4195","name":"Isarwerkkanal","kind":"canal","a":[48.09918,11.54836],"b":[48.09181,11.54849],"length_m":819,"max_offset_m":7.1,"bearing_ab":179.3,"bearing_ba":359.3,"obstruction_toward_a_deg":0.24,"obstruction_toward_b_deg":0.24,"canyon":false,"featured":false,"notes":null,"osm_way_ids":[1088128093,1088128094],"bearing_bucket":"150-180","stroke":"#984ea3","stroke-width":2,"stroke-opacity":0.9}},
{"type":"Feature","geometry":{"type":"LineString","coordinates":[[11.63059,48.11888],[11.62445,48.12007]]},"properties":{"id":"sl_2e63dcb4","name":"Bad-Schachener-Straße","kind":"street","a":[48.11888,11.63059],"b":[48.12007,11.62445],"length_m":476,"max_offset_m":7.8,"bearing_ab":286.1,"bearing_ba":106.1,"obstruction_toward_a_deg":0.9,"obstruction_toward_b_deg":1.38,"canyon":false,"featured":false,"notes":null,"osm_way_ids":[144435600,1113421808],"bearing_bucket":"090-120","stroke":"#4daf4a","stroke-width":2,"stroke-opacity":0.9}},
{"type":"Feature","geometry":{"type":"LineString","coordinates":[[11.47589,48.16712],[11.46838,48.16717]]},"properties":{"id":"sl_2e68a1cd","name":"Betzenweg","kind":"street","a":[48.16712,11.47589],"b":[48.16717,11.46838],"length_m":559,"max_offset_m":4.1,"bearing_ab":270.6,"bearing_ba":90.6,"obstruction_toward_a_deg":0.69,"obstruction_toward_b_deg":1.88,"canyon":true,"featured":false,"notes":null,"osm_way_ids":[30883542],"bearing_bucket":"090-120","stroke":"#4daf4a","stroke-width":2,"stroke-opacity":0.9}},
{"type":"Feature","geometry":{"type":"LineString","coordinates":[[11.59936,48.10816],[11.59877,48.11505]]},"properties":{"id":"sl_2ed6a656","name":"Pfälzer-Wald-Straße","kind":"street","a":[48.10816,11.59936],"b":[48.11505,11.59877],"length_m":768,"max_offset_m":7.1,"bearing_ab":356.7,"bearing_ba":176.7,"obstruction_toward_a_deg":0.74,"obstruction_toward_b_deg":0.98,"canyon":true,"featured":false,"notes":null,"osm_way_ids":[149817438,150129488,414477160],"bearing_bucket":"150-180","stroke":"#984ea3","stroke-width":2,"stroke-opacity":0.9}},
{"type":"Feature","geometry":{"type":"LineString","coordinates":[[11.60913,48.1364],[11.62014,48.1375]]},"properties":{"id":"sl_2ee29d83","name":"Einsteinstraße","kind":"street","a":[48.1364,11.60913],"b":[48.1375,11.62014],"length_m":828,"max_offset_m":7.9,"bearing_ab":81.5,"bearing_ba":261.5,"obstruction_toward_a_deg":1.13,"obstruction_toward_b_deg":1.27,"canyon":false,"featured":false,"notes":null,"osm_way_ids":[22561213,31175347,149415537,149415539,165643522,289927158,289927468,289927470,292953660,308271860,311592230,312644221,312644223,341931170,389872497,739522132,1147633969,1459092363,1459092366,1459092367,1459095246,1459095249,1459097729,1459097730,1459097731,1459097733,1501001555],"bearing_bucket":"060-090","stroke":"#ffd92f","stroke-width":2,"stroke-opacity":0.9}},
{"type":"Feature","geometry":{"type":"LineString","coordinates":[[11.44185,48.16371],[11.45375,48.16517]]},"properties":{"id":"sl_2f0c6e12","name":"Bergsonstraße","kind":"street","a":[48.16371,11.44185],"b":[48.16517,11.45375],"length_m":900,"max_offset_m":7.9,"bearing_ab":79.6,"bearing_ba":259.6,"obstruction_toward_a_deg":0.63,"obstruction_toward_b_deg":1.16,"canyon":false,"featured":false,"notes":null,"osm_way_ids":[31565724,239068374],"bearing_bucket":"060-090","stroke":"#ffd92f","stroke-width":2,"stroke-opacity":0.9}},
{"type":"Feature","geometry":{"type":"LineString","coordinates":[[11.61889,48.18636],[11.62416,48.19342]]},"properties":{"id":"sl_2f1babe1","name":"Garchinger Mühlbach","kind":"river","a":[48.18636,11.61889],"b":[48.19342,11.62416],"length_m":878,"max_offset_m":7.1,"bearing_ab":26.5,"bearing_ba":206.5,"obstruction_toward_a_deg":1.19,"obstruction_toward_b_deg":1.19,"canyon":false,"featured":false,"notes":null,"osm_way_ids":[39864869],"bearing_bucket":"000-030","stroke":"#e41a1c","stroke-width":2,"stroke-opacity":0.9}},
{"type":"Feature","geometry":{"type":"LineString","coordinates":[[11.59058,48.19178],[11.5964,48.19183]]},"properties":{"id":"sl_2f22f721","name":null,"kind":"street","a":[48.19178,11.59058],"b":[48.19183,11.5964],"length_m":433,"max_offset_m":6.0,"bearing_ab":89.3,"bearing_ba":269.3,"obstruction_toward_a_deg":0.89,"obstruction_toward_b_deg":0.46,"canyon":false,"featured":false,"notes":null,"osm_way_ids":[1435203914],"bearing_bucket":"060-090","stroke":"#ffd92f","stroke-width":2,"stroke-opacity":0.9}},
{"type":"Feature","geometry":{"type":"LineString","coordinates":[[11.56684,48.15992],[11.56572,48.15595]]},"properties":{"id":"sl_2f2eeac9","name":"Hiltenspergerstraße","kind":"street","a":[48.15992,11.56684],"b":[48.15595,11.56572],"length_m":449,"max_offset_m":7.2,"bearing_ab":190.7,"bearing_ba":10.7,"obstruction_toward_a_deg":2.49,"obstruction_toward_b_deg":2.49,"canyon":true,"featured":false,"notes":null,"osm_way_ids":[155603766,1093404774],"bearing_bucket":"000-030","stroke":"#e41a1c","stroke-width":2,"stroke-opacity":0.9}},
{"type":"Feature","geometry":{"type":"LineString","coordinates":[[11.63076,48.15896],[11.63633,48.15796]]},"properties":{"id":"sl_2f4b54b6","name":"Meistersingerstraße","kind":"street","a":[48.15896,11.63076],"b":[48.15796,11.63633],"length_m":429,"max_offset_m":7.0,"bearing_ab":105.0,"bearing_ba":285.0,"obstruction_toward_a_deg":1.32,"obstruction_toward_b_deg":0.89,"canyon":true,"featured":false,"notes":null,"osm_way_ids":[162609187],"bearing_bucket":"090-120","stroke":"#4daf4a","stroke-width":2,"stroke-opacity":0.9}},
{"type":"Feature","geometry":{"type":"LineString","coordinates":[[11.54421,48.08006],[11.55092,48.07864]]},"properties":{"id":"sl_2f6b0a76","name":"Meichelbeckstraße","kind":"street","a":[48.08006,11.54421],"b":[48.07864,11.55092],"length_m":524,"max_offset_m":1.5,"bearing_ab":107.5,"bearing_ba":287.5,"obstruction_toward_a_deg":0.56,"obstruction_toward_b_deg":0.73,"canyon":true,"featured":false,"notes":null,"osm_way_ids":[4982811,1083289883,1083289885,1434873264],"bearing_bucket":"090-120","stroke":"#4daf4a","stroke-width":2,"stroke-opacity":0.9}},
{"type":"Feature","geometry":{"type":"LineString","coordinates":[[11.69423,48.13346],[11.69417,48.1285]]},"properties":{"id":"sl_2fa57196","name":"Lehrer-Wirth-Straße","kind":"street","a":[48.13346,11.69423],"b":[48.1285,11.69417],"length_m":552,"max_offset_m":7.6,"bearing_ab":180.5,"bearing_ba":0.5,"obstruction_toward_a_deg":1.19,"obstruction_toward_b_deg":1.03,"canyon":true,"featured":false,"notes":null,"osm_way_ids":[4427104,8252564,82528689,1529743155],"bearing_bucket":"000-030","stroke":"#e41a1c","stroke-width":2,"stroke-opacity":0.9}},
{"type":"Feature","geometry":{"type":"LineString","coordinates":[[11.59027,48.19655],[11.59033,48.19273]]},"properties":{"id":"sl_2fbc9881","name":"Helene-Wessel-Bogen","kind":"street","a":[48.19655,11.59027],"b":[48.19273,11.59033],"length_m":425,"max_offset_m":6.7,"bearing_ab":179.5,"bearing_ba":359.5,"obstruction_toward_a_deg":1.12,"obstruction_toward_b_deg":0.9,"canyon":false,"featured":false,"notes":null,"osm_way_ids":[6138505],"bearing_bucket":"150-180","stroke":"#984ea3","stroke-width":2,"stroke-opacity":0.9}},
{"type":"Feature","geometry":{"type":"LineString","coordinates":[[11.58158,48.18775],[11.58746,48.18789]]},"properties":{"id":"sl_2ff21c4e","name":"Frankfurter Ring","kind":"street","a":[48.18775,11.58158],"b":[48.18789,11.58746],"length_m":438,"max_offset_m":2.2,"bearing_ab":88.0,"bearing_ba":268.0,"obstruction_toward_a_deg":2.13,"obstruction_toward_b_deg":1.71,"canyon":false,"featured":false,"notes":null,"osm_way_ids":[4918957,47634467,292792376,334897455,366051005,883500645,1117656725],"bearing_bucket":"060-090","stroke":"#ffd92f","stroke-width":2,"stroke-opacity":0.9}},
{"type":"Feature","geometry":{"type":"LineString","coordinates":[[11.59361,48.09654],[11.59955,48.09807]]},"properties":{"id":"sl_2ffe4368","name":null,"kind":"street","a":[48.09654,11.59361],"b":[48.09807,11.59955],"length_m":474,"max_offset_m":1.6,"bearing_ab":69.0,"bearing_ba":249.0,"obstruction_toward_a_deg":2.21,"obstruction_toward_b_deg":1.2,"canyon":false,"featured":false,"notes":null,"osm_way_ids":[103441929],"bearing_bucket":"060-090","stroke":"#ffd92f","stroke-width":2,"stroke-opacity":0.9}},
{"type":"Feature","geometry":{"type":"LineString","coordinates":[[11.58265,48.15312],[11.58665,48.16169]]},"properties":{"id":"sl_302cf079","name":"Leopoldstraße","kind":"street","a":[48.15312,11.58265],"b":[48.16169,11.58665],"length_m":999,"max_offset_m":2.8,"bearing_ab":17.4,"bearing_ba":197.4,"obstruction_toward_a_deg":0.75,"obstruction_toward_b_deg":0.75,"canyon":false,"featured":false,"notes":null,"osm_way_ids":[31344436,33487024,33487025,34397762,36914644,40147288,60363514,135588109,151263118,151542344,192485140,192485141,214785685,287514644,288092849,365762133,371746586,482117456,482117464,551303736,551303740,1197601395,1305313360,1305313361,1305314138,1305314139,1305314140,1305314141,1305314142,1305314143,1305999401,1305999402,1420377550,1420661327,1425572150,1425572152],"bearing_bucket":"000-030","stroke":"#e41a1c","stroke-width":2,"stroke-opacity":0.9}},
{"type":"Feature","geometry":{"type":"LineString","coordinates":[[11.64726,48.1188],[11.64476,48.11509]]},"properties":{"id":"sl_307a76fc","name":"Kranzhornstraße","kind":"street","a":[48.1188,11.64726],"b":[48.11509,11.64476],"length_m":453,"max_offset_m":4.1,"bearing_ab":204.3,"bearing_ba":24.3,"obstruction_toward_a_deg":2.31,"obstruction_toward_b_deg":0.85,"canyon":true,"featured":false,"notes":null,"osm_way_ids":[3322008],"bearing_bucket":"000-030","stroke":"#e41a1c","stroke-width":2,"stroke-opacity":0.9}},
{"type":"Feature","geometry":{"type":"LineString","coordinates":[[11.48325,48.12399],[11.48869,48.12408]]},"properties":{"id":"sl_308bbd6e","name":"Langbehnstraße","kind":"street","a":[48.12399,11.48325],"b":[48.12408,11.48869],"length_m":406,"max_offset_m":7.7,"bearing_ab":88.6,"bearing_ba":268.6,"obstruction_toward_a_deg":2.58,"obstruction_toward_b_deg":0.95,"canyon":false,"featured":false,"notes":null,"osm_way_ids":[13970196],"bearing_bucket":"060-090","stroke":"#ffd92f","stroke-width":2,"stroke-opacity":0.9}},
{"type":"Feature","geometry":{"type":"LineString","coordinates":[[11.524,48.19739],[11.5248,48.20118]]},"properties":{"id":"sl_309f6ade","name":"Feldmochinger Straße","kind":"street","a":[48.19739,11.524],"b":[48.20118,11.5248],"length_m":425,"max_offset_m":7.7,"bearing_ab":8.0,"bearing_ba":188.0,"obstruction_toward_a_deg":0.69,"obstruction_toward_b_deg":0.9,"canyon":false,"featured":false,"notes":null,"osm_way_ids":[27717143,52922036,714391639,1162853614],"bearing_bucket":"000-030","stroke":"#e41a1c","stroke-width":2,"stroke-opacity":0.9}},
{"type":"Feature","geometry":{"type":"LineString","coordinates":[[11.53958,48.20972],[11.5344,48.21472]]},"properties":{"id":"sl_30a53388","name":"Lerchenstraße","kind":"street","a":[48.20972,11.53958],"b":[48.21472,11.5344],"length_m":676,"max_offset_m":6.3,"bearing_ab":325.3,"bearing_ba":145.3,"obstruction_toward_a_deg":0.57,"obstruction_toward_b_deg":0.57,"canyon":false,"featured":false,"notes":null,"osm_way_ids":[30844293,111222757],"bearing_bucket":"120-150","stroke":"#377eb8","stroke-width":2,"stroke-opacity":0.9}},
{"type":"Feature","geometry":{"type":"LineString","coordinates":[[11.39247,48.17308],[11.38696,48.17481]]},"properties":{"id":"sl_30b5f1b4","name":"Eichelhäherstraße","kind":"street","a":[48.17308,11.39247],"b":[48.17481,11.38696],"length_m":453,"max_offset_m":5.5,"bearing_ab":295.1,"bearing_ba":115.1,"obstruction_toward_a_deg":2.31,"obstruction_toward_b_deg":0.85,"canyon":true,"featured":false,"notes":null,"osm_way_ids":[11527681,27176094,30818815,1102437831,1102437832],"bearing_bucket":"090-120","stroke":"#4daf4a","stroke-width":2,"stroke-opacity":0.9}},
{"type":"Feature","geometry":{"type":"LineString","coordinates":[[11.52798,48.15888],[11.50897,48.15819]]},"properties":{"id":"sl_31206593","name":"Südliche Auffahrtsallee","kind":"street","a":[48.15888,11.52798],"b":[48.15819,11.50897],"length_m":1416,"max_offset_m":6.3,"bearing_ab":266.9,"bearing_ba":86.9,"obstruction_toward_a_deg":0.74,"obstruction_toward_b_deg":0.27,"canyon":false,"featured":false,"notes":null,"osm_way_ids":[4020280,27828590,37262327,55189282,81964385,324020674,958559874,1420335402,1420335404,1422981966,1422982214,1530406289],"bearing_bucket":"060-090","stroke":"#ffd92f","stroke-width":2,"stroke-opacity":0.9}},
{"type":"Feature","geometry":{"type":"LineString","coordinates":[[11.52896,48.18044],[11.5357,48.18096]]},"properties":{"id":"sl_3127b412","name":"Dessauerstraße","kind":"street","a":[48.18044,11.52896],"b":[48.18096,11.5357],"length_m":505,"max_offset_m":7.5,"bearing_ab":83.5,"bearing_ba":263.5,"obstruction_toward_a_deg":1.12,"obstruction_toward_b_deg":1.85,"canyon":false,"featured":false,"notes":null,"osm_way_ids":[4074080,36564532,269170229,498503656],"bearing_bucket":"060-090","stroke":"#ffd92f","stroke-width":2,"stroke-opacity":0.9}},
{"type":"Feature","geometry":{"type":"LineString","coordinates":[[11.53199,48.10672],[11.52602,48.10705]]},"properties":{"id":"sl_31607c41","name":"Hirsch-Gereuth-Straße","kind":"street","a":[48.10672,11.53199],"b":[48.10705,11.52602],"length_m":446,"max_offset_m":7.5,"bearing_ab":274.7,"bearing_ba":94.7,"obstruction_toward_a_deg":0.86,"obstruction_toward_b_deg":0.86,"canyon":false,"featured":false,"notes":null,"osm_way_ids":[60752189,158652675,158652688],"bearing_bucket":"090-120","stroke":"#4daf4a","stroke-width":2,"stroke-opacity":0.9}},
{"type":"Feature","geometry":{"type":"LineString","coordinates":[[11.58739,48.12835],[11.58899,48.13217]]},"properties":{"id":"sl_321d09fb","name":"Auer Mühlbach","kind":"canal","a":[48.12835,11.58739],"b":[48.13217,11.58899],"length_m":441,"max_offset_m":5.5,"bearing_ab":15.6,"bearing_ba":195.6,"obstruction_toward_a_deg":1.7,"obstruction_toward_b_deg":0.62,"canyon":false,"featured":false,"notes":null,"osm_way_ids":[23039912,156451395,156451397],"bearing_bucket":"000-030","stroke":"#e41a1c","stroke-width":2,"stroke-opacity":0.9}},
{"type":"Feature","geometry":{"type":"LineString","coordinates":[[11.63167,48.20745],[11.63517,48.21315]]},"properties":{"id":"sl_326cfbe4","name":"Isar-Schleißheimer Kanal","kind":"canal","a":[48.20745,11.63167],"b":[48.21315,11.63517],"length_m":685,"max_offset_m":6.0,"bearing_ab":22.3,"bearing_ba":202.3,"obstruction_toward_a_deg":0.11,"obstruction_toward_b_deg":1.53,"canyon":false,"featured":false,"notes":null,"osm_way_ids":[14174557],"bearing_bucket":"000-030","stroke":"#e41a1c","stroke-width":2,"stroke-opacity":0.9}},
{"type":"Feature","geometry":{"type":"LineString","coordinates":[[11.6824,48.11036],[11.6779,48.11386]]},"properties":{"id":"sl_327eeb18","name":"Ottilienstraße","kind":"street","a":[48.11036,11.6824],"b":[48.11386,11.6779],"length_m":514,"max_offset_m":4.9,"bearing_ab":319.3,"bearing_ba":139.3,"obstruction_toward_a_deg":0.57,"obstruction_toward_b_deg":1.1,"canyon":true,"featured":false,"notes":null,"osm_way_ids":[3551810,1187586140,1534919204],"bearing_bucket":"120-150","stroke":"#377eb8","stroke-width":2,"stroke-opacity":0.9}},
{"type":"Feature","geometry":{"type":"LineString","coordinates":[[11.57024,48.10517],[11.56462,48.09833]]},"properties":{"id":"sl_3284fea4","name":"Grünwalder Straße","kind":"street","a":[48.10517,11.57024],"b":[48.09833,11.56462],"length_m":868,"max_offset_m":7.2,"bearing_ab":208.8,"bearing_ba":28.8,"obstruction_toward_a_deg":0.86,"obstruction_toward_b_deg":0.44,"canyon":false,"featured":false,"notes":null,"osm_way_ids":[1436220360,1436220362,1436220363,1436222043,1436222044,1436222045,1436222046,1436222047,1436222048,1436222049,1436222050,1436222051,1436224205,1436224206,1436224208],"bearing_bucket":"000-030","stroke":"#e41a1c","stroke-width":2,"stroke-opacity":0.9}},
{"type":"Feature","geometry":{"type":"LineString","coordinates":[[11.62722,48.21887],[11.62264,48.2105]]},"properties":{"id":"sl_3323b953","name":"Werner-Heisenberg-Allee","kind":"street","a":[48.21887,11.62722],"b":[48.2105,11.62264],"length_m":991,"max_offset_m":7.8,"bearing_ab":200.1,"bearing_ba":20.1,"obstruction_toward_a_deg":0.39,"obstruction_toward_b_deg":1.06,"canyon":false,"featured":false,"notes":null,"osm_way_ids":[27145134,30800722,30800723,253349341,253349791,406998850,408802026,408802027,408802028,408802030,408802031,408802032,408802033,408802034],"bearing_bucket":"000-030","stroke":"#e41a1c","stroke-width":2,"stroke-opacity":0.9}},
{"type":"Feature","geometry":{"type":"LineString","coordinates":[[11.49288,48.14016],[11.48455,48.1415]]},"properties":{"id":"sl_3354efaa","name":"Agnes-Bernauer-Straße","kind":"street","a":[48.14016,11.49288],"b":[48.1415,11.48455],"length_m":638,"max_offset_m":7.0,"bearing_ab":283.5,"bearing_ba":103.5,"obstruction_toward_a_deg":0.6,"obstruction_toward_b_deg":0.89,"canyon":false,"featured":false,"notes":null,"osm_way_ids":[30578265,343008956,1213289078],"bearing_bucket":"090-120","stroke":"#4daf4a","stroke-width":2,"stroke-opacity":0.9}},
{"type":"Feature","geometry":{"type":"LineString","coordinates":[[11.55796,48.20834],[11.55842,48.20439]]},"properties":{"id":"sl_33672f1e","name":"Hardenstraße","kind":"street","a":[48.20834,11.55796],"b":[48.20439,11.55842],"length_m":440,"max_offset_m":5.5,"bearing_ab":175.5,"bearing_ba":355.5,"obstruction_toward_a_deg":0.46,"obstruction_toward_b_deg":2.38,"canyon":true,"featured":false,"notes":null,"osm_way_ids":[4960415],"bearing_bucket":"150-180","stroke":"#984ea3","stroke-width":2,"stroke-opacity":0.9}},
{"type":"Feature","geometry":{"type":"LineString","coordinates":[[11.47835,48.11555],[11.49523,48.11212]]},"properties":{"id":"sl_33a7ca45","name":"Würmtalstraße","kind":"street","a":[48.11555,11.47835],"b":[48.11212,11.49523],"length_m":1314,"max_offset_m":5.7,"bearing_ab":106.9,"bearing_ba":286.9,"obstruction_toward_a_deg":0.43,"obstruction_toward_b_deg":0.29,"canyon":false,"featured":false,"notes":null,"osm_way_ids":[4386523,7769290,24990572,61130035,172966756,365508938,365508939,365508943,1416291958,1445961314,1445963612,1445963613,1445963614,1445963615,1445963616,1445963617,1445963618],"bearing_bucket":"090-120","stroke":"#4daf4a","stroke-width":2,"stroke-opacity":0.9}},
{"type":"Feature","geometry":{"type":"LineString","coordinates":[[11.61851,48.19824],[11.62264,48.19577]]},"properties":{"id":"sl_34335700","name":"Heidemannstraße","kind":"street","a":[48.19824,11.61851],"b":[48.19577,11.62264],"length_m":412,"max_offset_m":6.5,"bearing_ab":131.9,"bearing_ba":311.9,"obstruction_toward_a_deg":2.54,"obstruction_toward_b_deg":2.54,"canyon":false,"featured":false,"notes":null,"osm_way_ids":[4673904,4673907,206888889,206888890,292610410],"bearing_bucket":"120-150","stroke":"#377eb8","stroke-width":2,"stroke-opacity":0.9}},
{"type":"Feature","geometry":{"type":"LineString","coordinates":[[11.65921,48.13844],[11.65355,48.13828]]},"properties":{"id":"sl_34725f7e","name":"Grasbrunner Straße","kind":"street","a":[48.13844,11.65921],"b":[48.13828,11.65355],"length_m":421,"max_offset_m":5.7,"bearing_ab":267.6,"bearing_ba":87.6,"obstruction_toward_a_deg":2.49,"obstruction_toward_b_deg":1.13,"canyon":false,"featured":false,"notes":null,"osm_way_ids":[27414199,255221606,255406961,255406965,942897783],"bearing_bucket":"060-090","stroke":"#ffd92f","stroke-width":2,"stroke-opacity":0.9}},
{"type":"Feature","geometry":{"type":"LineString","coordinates":[[11.52972,48.16053],[11.52229,48.16023]]},"properties":{"id":"sl_34815fe9","name":"Malsenstraße","kind":"street","a":[48.16053,11.52972],"b":[48.16023,11.52229],"length_m":554,"max_offset_m":1.8,"bearing_ab":266.6,"bearing_ba":86.6,"obstruction_toward_a_deg":1.02,"obstruction_toward_b_deg":0.69,"canyon":true,"featured":false,"notes":null,"osm_way_ids":[5192007,106772290,1342077029,1342077030],"bearing_bucket":"060-090","stroke":"#ffd92f","stroke-width":2,"stroke-opacity":0.9}},
{"type":"Feature","geometry":{"type":"LineString","coordinates":[[11.53568,48.1471],[11.53467,48.15094]]},"properties":{"id":"sl_34a6801e","name":"Schulstraße","kind":"street","a":[48.1471,11.53568],"b":[48.15094,11.53467],"length_m":434,"max_offset_m":7.9,"bearing_ab":350.0,"bearing_ba":170.0,"obstruction_toward_a_deg":1.73,"obstruction_toward_b_deg":1.31,"canyon":true,"featured":false,"notes":null,"osm_way_ids":[4081171,686312323],"bearing_bucket":"150-180","stroke":"#984ea3","stroke-width":2,"stroke-opacity":0.9}},
{"type":"Feature","geometry":{"type":"LineString","coordinates":[[11.54802,48.1929],[11.55501,48.1949]]},"properties":{"id":"sl_34b52575","name":"Dahlienstraße","kind":"street","a":[48.1929,11.54802],"b":[48.1949,11.55501],"length_m":565,"max_offset_m":5.6,"bearing_ab":66.8,"bearing_ba":246.8,"obstruction_toward_a_deg":0.68,"obstruction_toward_b_deg":0.35,"canyon":true,"featured":false,"notes":null,"osm_way_ids":[5572041,28155467,277969153],"bearing_bucket":"060-090","stroke":"#ffd92f","stroke-width":2,"stroke-opacity":0.9}},
{"type":"Feature","geometry":{"type":"LineString","coordinates":[[11.56072,48.15804],[11.54933,48.15175]]},"properties":{"id":"sl_34f39a83","name":"Lothstraße","kind":"street","a":[48.15804,11.56072],"b":[48.15175,11.54933],"length_m":1099,"max_offset_m":6.2,"bearing_ab":230.5,"bearing_ba":50.5,"obstruction_toward_a_deg":0.68,"obstruction_toward_b_deg":0.68,"canyon":false,"featured":false,"notes":null,"osm_way_ids":[4060426,4060427,37280969,38349617,39322226,163989143,221042288,278513971,292630184,851177627,1393204543,1418923415,1460554918],"bearing_bucket":"030-060","stroke":"#ff7f00","stroke-width":2,"stroke-opacity":0.9}},
{"type":"Feature","geometry":{"type":"LineString","coordinates":[[11.61287,48.14856],[11.60583,48.14842]]},"properties":{"id":"sl_3595c9f9","name":"Wehrlestraße","kind":"street","a":[48.14856,11.61287],"b":[48.14842,11.60583],"length_m":524,"max_offset_m":7.9,"bearing_ab":268.3,"bearing_ba":88.3,"obstruction_toward_a_deg":0.73,"obstruction_toward_b_deg":1.78,"canyon":false,"featured":false,"notes":null,"osm_way_ids":[4799046,991483095,1185759776,1185759777],"bearing_bucket":"060-090","stroke":"#ffd92f","stroke-width":2,"stroke-opacity":0.9}},
{"type":"Feature","geometry":{"type":"LineString","coordinates":[[11.64021,48.08946],[11.64426,48.09703]]},"properties":{"id":"sl_35a00b30","name":"Therese-Giehse-Allee","kind":"street","a":[48.08946,11.64021],"b":[48.09703,11.64426],"length_m":894,"max_offset_m":7.4,"bearing_ab":19.7,"bearing_ba":199.7,"obstruction_toward_a_deg":1.25,"obstruction_toward_b_deg":1.25,"canyon":false,"featured":false,"notes":null,"osm_way_ids":[11610482,23394794,92917956,92917962,136441320,1175023584],"bearing_bucket":"000-030","stroke":"#e41a1c","stroke-width":2,"stroke-opacity":0.9}},
{"type":"Feature","geometry":{"type":"LineString","coordinates":[[11.50762,48.1916],[11.51031,48.18557]]},"properties":{"id":"sl_35d4d373","name":"Abensbergstraße","kind":"street","a":[48.1916,11.50762],"b":[48.18557,11.51031],"length_m":700,"max_offset_m":1.7,"bearing_ab":163.4,"bearing_ba":343.4,"obstruction_toward_a_deg":0.55,"obstruction_toward_b_deg":0.55,"canyon":true,"featured":false,"notes":null,"osm_way_ids":[4858972,160600765],"bearing_bucket":"150-180","stroke":"#984ea3","stroke-width":2,"stroke-opacity":0.9}},
{"type":"Feature","geometry":{"type":"LineString","coordinates":[[11.56441,48.17086],[11.56621,48.17556]]},"properties":{"id":"sl_35d8bb44","name":"Schleißheimer Straße","kind":"street","a":[48.17086,11.56441],"b":[48.17556,11.56621],"length_m":539,"max_offset_m":7.7,"bearing_ab":14.4,"bearing_ba":194.4,"obstruction_toward_a_deg":1.73,"obstruction_toward_b_deg":0.37,"canyon":false,"featured":false,"notes":null,"osm_way_ids":[32795431,51095967,311337460,335244088],"bearing_bucket":"000-030","stroke":"#e41a1c","stroke-width":2,"stroke-opacity":0.9}},
{"type":"Feature","geometry":{"type":"LineString","coordinates":[[11.68528,48.12604],[11.69081,48.12727]]},"properties":{"id":"sl_36246cde","name":null,"kind":"street","a":[48.12604,11.68528],"b":[48.12727,11.69081],"length_m":434,"max_offset_m":3.6,"bearing_ab":71.6,"bearing_ba":251.6,"obstruction_toward_a_deg":2.42,"obstruction_toward_b_deg":2.42,"canyon":false,"featured":false,"notes":null,"osm_way_ids":[24412981],"bearing_bucket":"060-090","stroke":"#ffd92f","stroke-width":2,"stroke-opacity":0.9}},
{"type":"Feature","geometry":{"type":"LineString","coordinates":[[11.61477,48.15316],[11.62429,48.16336]]},"properties":{"id":"sl_3659d7e6","name":"Effnerstraße","kind":"street","a":[48.15316,11.61477],"b":[48.16336,11.62429],"length_m":1337,"max_offset_m":6.4,"bearing_ab":32.0,"bearing_ba":212.0,"obstruction_toward_a_deg":0.22,"obstruction_toward_b_deg":0.49,"canyon":false,"featured":false,"notes":null,"osm_way_ids":[4073959,26798628,38926857,38926860,51536920,100945239,100945240,149019852,149019857,311893363,311893365,341931168,341931169,467655363,467655364,467655365],"bearing_bucket":"030-060","stroke":"#ff7f00","stroke-width":2,"stroke-opacity":0.9}},
{"type":"Feature","geometry":{"type":"LineString","coordinates":[[11.4414,48.15423],[11.43655,48.15659]]},"properties":{"id":"sl_369733a8","name":null,"kind":"street","a":[48.15423,11.4414],"b":[48.15659,11.43655],"length_m":447,"max_offset_m":4.0,"bearing_ab":306.1,"bearing_ba":126.1,"obstruction_toward_a_deg":2.35,"obstruction_toward_b_deg":2.35,"canyon":false,"featured":false,"notes":null,"osm_way_ids":[355576816],"bearing_bucket":"120-150","stroke":"#377eb8","stroke-width":2,"stroke-opacity":0.9}},
{"type":"Feature","geometry":{"type":"LineString","coordinates":[[11.5131,48.16111],[11.52067,48.16331]]},"properties":{"id":"sl_36a43438","name":"Kuglmüllerstraße","kind":"street","a":[48.16111,11.5131],"b":[48.16331,11.52067],"length_m":614,"max_offset_m":3.5,"bearing_ab":66.5,"bearing_ba":246.5,"obstruction_toward_a_deg":1.71,"obstruction_toward_b_deg":0.92,"canyon":false,"featured":false,"notes":null,"osm_way_ids":[18287692,89360849],"bearing_bucket":"060-090","stroke":"#ffd92f","stroke-width":2,"stroke-opacity":0.9}},
{"type":"Feature","geometry":{"type":"LineString","coordinates":[[11.68724,48.12264],[11.69261,48.12002]]},"properties":{"id":"sl_36d290d3","name":"Rappenweg","kind":"street","a":[48.12264,11.68724],"b":[48.12002,11.69261],"length_m":494,"max_offset_m":6.0,"bearing_ab":126.0,"bearing_ba":306.0,"obstruction_toward_a_deg":2.12,"obstruction_toward_b_deg":2.12,"canyon":false,"featured":false,"notes":null,"osm_way_ids":[4426294,90104680,240616787],"bearing_bucket":"120-150","stroke":"#377eb8","stroke-width":2,"stroke-opacity":0.9}},
{"type":"Feature","geometry":{"type":"LineString","coordinates":[[11.54204,48.20764],[11.54315,48.21242]]},"properties":{"id":"sl_36ecab7a","name":"Ratoldstraße","kind":"street","a":[48.20764,11.54204],"b":[48.21242,11.54315],"length_m":538,"max_offset_m":6.7,"bearing_ab":8.8,"bearing_ba":188.8,"obstruction_toward_a_deg":0.71,"obstruction_toward_b_deg":0.37,"canyon":false,"featured":false,"notes":null,"osm_way_ids":[32624111,730151000],"bearing_bucket":"000-030","stroke":"#e41a1c","stroke-width":2,"stroke-opacity":0.9}},
{"type":"Feature","geometry":{"type":"LineString","coordinates":[[11.47578,48.10789],[11.47005,48.10737]]},"properties":{"id":"sl_3727b89c","name":"Prälat-Wellenhofer-Straße","kind":"street","a":[48.10789,11.47578],"b":[48.10737,11.47005],"length_m":430,"max_offset_m":1.6,"bearing_ab":262.3,"bearing_ba":82.3,"obstruction_toward_a_deg":3.23,"obstruction_toward_b_deg":2.38,"canyon":true,"featured":false,"notes":null,"osm_way_ids":[159110166,1444288476,1444288479,1444288481,1444288482],"bearing_bucket":"060-090","stroke":"#ffd92f","stroke-width":2,"stroke-opacity":0.9}},
{"type":"Feature","geometry":{"type":"LineString","coordinates":[[11.50451,48.09433],[11.5196,48.09462]]},"properties":{"id":"sl_37290f52","name":"Kistlerhofstraße","kind":"street","a":[48.09433,11.50451],"b":[48.09462,11.5196],"length_m":1125,"max_offset_m":7.4,"bearing_ab":88.3,"bearing_ba":268.4,"obstruction_toward_a_deg":0.5,"obstruction_toward_b_deg":0.34,"canyon":true,"featured":false,"notes":null,"osm_way_ids":[37428976,155720245,295881543,396613066],"bearing_bucket":"060-090","stroke":"#ffd92f","stroke-width":2,"stroke-opacity":0.9}},
{"type":"Feature","geometry":{"type":"LineString","coordinates":[[11.48011,48.11849],[11.47419,48.11872]]},"properties":{"id":"sl_373adf4b","name":"Eichenstraße","kind":"street","a":[48.11849,11.48011],"b":[48.11872,11.47419],"length_m":441,"max_offset_m":3.7,"bearing_ab":273.4,"bearing_ba":93.4,"obstruction_toward_a_deg":2.38,"obstruction_toward_b_deg":2.38,"canyon":true,"featured":false,"notes":null,"osm_way_ids":[17907737,155738338,155738341],"bearing_bucket":"090-120","stroke":"#4daf4a","stroke-width":2,"stroke-opacity":0.9}},
{"type":"Feature","geometry":{"type":"LineString","coordinates":[[11.55442,48.12304],[11.54965,48.12509]]},"properties":{"id":"sl_375471ca","name":"Ruppertstraße","kind":"street","a":[48.12304,11.55442],"b":[48.12509,11.54965],"length_m":422,"max_offset_m":3.8,"bearing_ab":302.7,"bearing_ba":122.7,"obstruction_toward_a_deg":0.91,"obstruction_toward_b_deg":2.21,"canyon":true,"featured":false,"notes":null,"osm_way_ids":[155286727,1112880487,1420903078,1496204834,1496206756,1496206757,1496206758,1496206759,1496206760],"bearing_bucket":"120-150","stroke":"#377eb8","stroke-width":2,"stroke-opacity":0.9}},
{"type":"Feature","geometry":{"type":"LineString","coordinates":[[11.57958,48.0917],[11.58789,48.09478]]},"properties":{"id":"sl_3773bcab","name":"Münchner-Kindl-Weg","kind":"street","a":[48.0917,11.57958],"b":[48.09478,11.58789],"length_m":707,"max_offset_m":7.3,"bearing_ab":61.1,"bearing_ba":241.1,"obstruction_toward_a_deg":0.54,"obstruction_toward_b_deg":0.67,"canyon":false,"featured":false,"notes":null,"osm_way_ids":[147546342,1223724814],"bearing_bucket":"060-090","stroke":"#ffd92f","stroke-width":2,"stroke-opacity":0.9}},
{"type":"Feature","geometry":{"type":"LineString","coordinates":[[11.62209,48.12795],[11.61601,48.12876]]},"properties":{"id":"sl_37b8102b","name":"Isareckstraße","kind":"street","a":[48.12795,11.62209],"b":[48.12876,11.61601],"length_m":462,"max_offset_m":5.7,"bearing_ab":281.2,"bearing_ba":101.2,"obstruction_toward_a_deg":1.63,"obstruction_toward_b_deg":0.83,"canyon":false,"featured":false,"notes":null,"osm_way_ids":[4062180,137684033,137684035,674647419,1269277334,1473331818,1473333045],"bearing_bucket":"090-120","stroke":"#4daf4a","stroke-width":2,"stroke-opacity":0.9}},
{"type":"Feature","geometry":{"type":"LineString","coordinates":[[11.64907,48.11148],[11.64193,48.11602]]},"properties":{"id":"sl_37c7d73a","name":"Heinrich-Wieland-Straße","kind":"street","a":[48.11148,11.64907],"b":[48.11602,11.64193],"length_m":733,"max_offset_m":7.0,"bearing_ab":313.6,"bearing_ba":133.5,"obstruction_toward_a_deg":1.43,"obstruction_toward_b_deg":1.43,"canyon":false,"featured":false,"notes":null,"osm_way_ids":[3576882,4061623,258932739,258932740,258932749,292757180,337993105,337993106],"bearing_bucket":"120-150","stroke":"#377eb8","stroke-width":2,"stroke-opacity":0.9}},
{"type":"Feature","geometry":{"type":"LineString","coordinates":[[11.58737,48.16427],[11.58826,48.16796]]},"properties":{"id":"sl_383b84d0","name":"Germaniastraße","kind":"street","a":[48.16427,11.58737],"b":[48.16796,11.58826],"length_m":415,"max_offset_m":7.3,"bearing_ab":9.1,"bearing_ba":189.1,"obstruction_toward_a_deg":1.81,"obstruction_toward_b_deg":2.25,"canyon":true,"featured":false,"notes":null,"osm_way_ids":[7386776,74549432],"bearing_bucket":"000-030","stroke":"#e41a1c","stroke-width":2,"stroke-opacity":0.9}},
{"type":"Feature","geometry":{"type":"LineString","coordinates":[[11.54931,48.11297],[11.55192,48.11624]]},"properties":{"id":"sl_38406eda","name":"Thalkirchner Straße","kind":"street","a":[48.11297,11.54931],"b":[48.11624,11.55192],"length_m":412,"max_offset_m":6.3,"bearing_ab":28.2,"bearing_ba":208.2,"obstruction_toward_a_deg":2.26,"obstruction_toward_b_deg":1.82,"canyon":false,"featured":false,"notes":null,"osm_way_ids":[4019989,114869124,681151893,681154230,681154232,1496139244,1496139245,1496139246,1496139247,1496153169],"bearing_bucket":"000-030","stroke":"#e41a1c","stroke-width":2,"stroke-opacity":0.9}},
{"type":"Feature","geometry":{"type":"LineString","coordinates":[[11.51409,48.0912],[11.51917,48.09251]]},"properties":{"id":"sl_385eb516","name":"Feldafinger Straße","kind":"street","a":[48.0912,11.51409],"b":[48.09251,11.51917],"length_m":406,"max_offset_m":7.4,"bearing_ab":68.9,"bearing_ba":248.9,"obstruction_toward_a_deg":0.49,"obstruction_toward_b_deg":0.95,"canyon":true,"featured":false,"notes":null,"osm_way_ids":[158372218],"bearing_bucket":"060-090","stroke":"#ffd92f","stroke-width":2,"stroke-opacity":0.9}},
{"type":"Feature","geometry":{"type":"LineString","coordinates":[[11.58426,48.13184],[11.57625,48.12787]]},"properties":{"id":"sl_387fb7e3","name":"Erhardtstraße","kind":"street","a":[48.13184,11.58426],"b":[48.12787,11.57625],"length_m":742,"max_offset_m":5.7,"bearing_ab":233.5,"bearing_ba":53.5,"obstruction_toward_a_deg":2.98,"obstruction_toward_b_deg":1.26,"canyon":false,"featured":false,"notes":null,"osm_way_ids":[35147152,171272228,241052498,350873888,370739441,1420896608,1498514176,1498514177,1498514178],"bearing_bucket":"030-060","stroke":"#ff7f00","stroke-width":2,"stroke-opacity":0.9}},
{"type":"Feature","geometry":{"type":"LineString","coordinates":[[11.58167,48.09866],[11.58211,48.10343]]},"properties":{"id":"sl_39491418","name":"Soyerhofstraße","kind":"street","a":[48.09866,11.58167],"b":[48.10343,11.58211],"length_m":531,"max_offset_m":5.6,"bearing_ab":3.5,"bearing_ba":183.5,"obstruction_toward_a_deg":1.41,"obstruction_toward_b_deg":0.72,"canyon":true,"featured":false,"notes":null,"osm_way_ids":[119661119,119661120,143420583,1436723259,1436723260,1436723261],"bearing_bucket":"000-030","stroke":"#e41a1c","stroke-width":2,"stroke-opacity":0.9}},
{"type":"Feature","geometry":{"type":"LineString","coordinates":[[11.51625,48.17329],[11.52225,48.17346]]},"properties":{"id":"sl_39ab6193","name":null,"kind":"street","a":[48.17329,11.51625],"b":[48.17346,11.52225],"length_m":447,"max_offset_m":0.9,"bearing_ab":87.6,"bearing_ba":267.6,"obstruction_toward_a_deg":2.35,"obstruction_toward_b_deg":0.45,"canyon":false,"featured":false,"notes":null,"osm_way_ids":[15686863],"bearing_bucket":"060-090","stroke":"#ffd92f","stroke-width":2,"stroke-opacity":0.9}},
{"type":"Feature","geometry":{"type":"LineString","coordinates":[[11.57414,48.12737],[11.56588,48.12307]]},"properties":{"id":"sl_39d45671","name":"Auenstraße","kind":"street","a":[48.12737,11.57414],"b":[48.12307,11.56588],"length_m":779,"max_offset_m":7.8,"bearing_ab":232.1,"bearing_ba":52.1,"obstruction_toward_a_deg":1.2,"obstruction_toward_b_deg":0.96,"canyon":true,"featured":false,"notes":null,"osm_way_ids":[4593209,56198813,315825101,315825102,976352413,1498519599,1498519602,1498519603,1498519605,1498519609],"bearing_bucket":"030-060","stroke":"#ff7f00","stroke-width":2,"stroke-opacity":0.9}},
{"type":"Feature","geometry":{"type":"LineString","coordinates":[[11.42536,48.14917],[11.42721,48.14546]]},"properties":{"id":"sl_39e94c39","name":"Wertheimer Straße","kind":"street","a":[48.14917,11.42536],"b":[48.14546,11.42721],"length_m":435,"max_offset_m":7.4,"bearing_ab":161.6,"bearing_ba":341.6,"obstruction_toward_a_deg":0.88,"obstruction_toward_b_deg":2.41,"canyon":true,"featured":false,"notes":null,"osm_way_ids":[18778949],"bearing_bucket":"150-180","stroke":"#984ea3","stroke-width":2,"stroke-opacity":0.9}},
{"type":"Feature","geometry":{"type":"LineString","coordinates":[[11.63191,48.12803],[11.63847,48.12671]]},"properties":{"id":"sl_3a15a36d","name":"Kreillerstraße","kind":"street","a":[48.12803,11.63191],"b":[48.12671,11.63847],"length_m":510,"max_offset_m":7.7,"bearing_ab":106.6,"bearing_ba":286.6,"obstruction_toward_a_deg":1.47,"obstruction_toward_b_deg":0.75,"canyon":false,"featured":false,"notes":null,"osm_way_ids":[37666176,37666180,132236432,185168819,420680105,420680106,420686895,1557801017,1557801055,1557801096,1557801097,1557802033,1557802370,1557802727],"bearing_bucket":"090-120","stroke":"#4daf4a","stroke-width":2,"stroke-opacity":0.9}},
{"type":"Feature","geometry":{"type":"LineString","coordinates":[[11.48471,48.18013],[11.47778,48.18087]]},"properties":{"id":"sl_3a2ec809","name":"Allacher Straße","kind":"street","a":[48.18013,11.48471],"b":[48.18087,11.47778],"length_m":522,"max_offset_m":7.7,"bearing_ab":279.1,"bearing_ba":99.0,"obstruction_toward_a_deg":0.73,"obstruction_toward_b_deg":2.01,"canyon":true,"featured":false,"notes":null,"osm_way_ids":[27351852],"bearing_bucket":"090-120","stroke":"#4daf4a","stroke-width":2,"stroke-opacity":0.9}},
{"type":"Feature","geometry":{"type":"LineString","coordinates":[[11.41036,48.15661],[11.41601,48.15605]]},"properties":{"id":"sl_3a93bc71","name":"Georg-Böhmer-Straße","kind":"street","a":[48.15661,11.41036],"b":[48.15605,11.41601],"length_m":425,"max_offset_m":7.4,"bearing_ab":98.5,"bearing_ba":278.5,"obstruction_toward_a_deg":0.47,"obstruction_toward_b_deg":0.72,"canyon":false,"featured":false,"notes":null,"osm_way_ids":[170986634,372390113,372390116],"bearing_bucket":"090-120","stroke":"#4daf4a","stroke-width":2,"stroke-opacity":0.9}},
{"type":"Feature","geometry":{"type":"LineString","coordinates":[[11.48658,48.1345],[11.48656,48.13012]]},"properties":{"id":"sl_3aca0fc1","name":"Junkerstraße","kind":"street","a":[48.1345,11.48658],"b":[48.13012,11.48656],"length_m":487,"max_offset_m":5.5,"bearing_ab":180.2,"bearing_ba":0.2,"obstruction_toward_a_deg":0.79,"obstruction_toward_b_deg":0.6,"canyon":true,"featured":false,"notes":null,"osm_way_ids":[16943285],"bearing_bucket":"000-030","stroke":"#e41a1c","stroke-width":2,"stroke-opacity":0.9}},
{"type":"Feature","geometry":{"type":"LineString","coordinates":[[11.4576,48.15785],[11.45031,48.15747]]},"properties":{"id":"sl_3b1baa7d","name":"Bassermannstraße","kind":"street","a":[48.15785,11.4576],"b":[48.15747,11.45031],"length_m":544,"max_offset_m":7.4,"bearing_ab":265.5,"bearing_ba":85.5,"obstruction_toward_a_deg":0.71,"obstruction_toward_b_deg":0.71,"canyon":false,"featured":false,"notes":null,"osm_way_ids":[10058237,1330435467,1330435468],"bearing_bucket":"060-090","stroke":"#ffd92f","stroke-width":2,"stroke-opacity":0.9}},
{"type":"Feature","geometry":{"type":"LineString","coordinates":[[11.61631,48.14889],[11.62169,48.14856]]},"properties":{"id":"sl_3be27144","name":"Denninger Straße","kind":"street","a":[48.14889,11.61631],"b":[48.14856,11.62169],"length_m":402,"max_offset_m":7.1,"bearing_ab":95.2,"bearing_ba":275.2,"obstruction_toward_a_deg":1.87,"obstruction_toward_b_deg":3.68,"canyon":false,"featured":false,"notes":null,"osm_way_ids":[90215328],"bearing_bucket":"090-120","stroke":"#4daf4a","stroke-width":2,"stroke-opacity":0.9}},
{"type":"Feature","geometry":{"type":"LineString","coordinates":[[11.56179,48.10401],[11.56719,48.11027]]},"properties":{"id":"sl_3bf4253a","name":"Schönstraße","kind":"street","a":[48.10401,11.56179],"b":[48.11027,11.56719],"length_m":804,"max_offset_m":6.8,"bearing_ab":30.0,"bearing_ba":210.0,"obstruction_toward_a_deg":0.71,"obstruction_toward_b_deg":0.93,"canyon":false,"featured":false,"notes":null,"osm_way_ids":[591919992,593037374,593041480,593042047,1435935063,1435935067,1435935070,1435942118,1435942121,1435942122],"bearing_bucket":"030-060","stroke":"#ff7f00","stroke-width":2,"stroke-opacity":0.9}},
{"type":"Feature","geometry":{"type":"LineString","coordinates":[[11.5235,48.10541],[11.51981,48.10956]]},"properties":{"id":"sl_3c239124","name":"Murnauer Straße","kind":"street","a":[48.10541,11.5235],"b":[48.10956,11.51981],"length_m":538,"max_offset_m":7.2,"bearing_ab":329.2,"bearing_ba":149.2,"obstruction_toward_a_deg":0.71,"obstruction_toward_b_deg":0.71,"canyon":false,"featured":false,"notes":null,"osm_way_ids":[4333414,4340052,290571554,290571555,303086138,924575455,931753517,931753518],"bearing_bucket":"120-150","stroke":"#377eb8","stroke-width":2,"stroke-opacity":0.9}},
{"type":"Feature","geometry":{"type":"LineString","coordinates":[[11.48596,48.07456],[11.48313,48.07138]]},"properties":{"id":"sl_3c2be762","name":"Forstenrieder Allee","kind":"street","a":[48.07456,11.48596],"b":[48.07138,11.48313],"length_m":412,"max_offset_m":7.9,"bearing_ab":210.9,"bearing_ba":30.9,"obstruction_toward_a_deg":0.49,"obstruction_toward_b_deg":2.54,"canyon":false,"featured":false,"notes":null,"osm_way_ids":[296773235],"bearing_bucket":"030-060","stroke":"#ff7f00","stroke-width":2,"stroke-opacity":0.9}},
{"type":"Feature","geometry":{"type":"LineString","coordinates":[[11.54287,48.09579],[11.54577,48.09903]]},"properties":{"id":"sl_3c5c1985","name":"Maria-Einsiedel-Straße","kind":"street","a":[48.09579,11.54287],"b":[48.09903,11.54577],"length_m":421,"max_offset_m":6.9,"bearing_ab":30.9,"bearing_ba":210.9,"obstruction_toward_a_deg":0.91,"obstruction_toward_b_deg":1.78,"canyon":false,"featured":false,"notes":null,"osm_way_ids":[33228195,338159136,1080289304,1103200730,1430648085,1430648087,1430650000,1430650001,1430656043,1430656044],"bearing_bucket":"030-060","stroke":"#ff7f00","stroke-width":2,"stroke-opacity":0.9}},
{"type":"Feature","geometry":{"type":"LineString","coordinates":[[11.57372,48.15173],[11.56421,48.15445]]},"properties":{"id":"sl_3c62cbbd","name":"Zieblandstraße","kind":"street","a":[48.15173,11.57372],"b":[48.15445,11.56421],"length_m":770,"max_offset_m":1.4,"bearing_ab":293.1,"bearing_ba":113.1,"obstruction_toward_a_deg":1.21,"obstruction_toward_b_deg":1.21,"canyon":true,"featured":false,"notes":null,"osm_way_ids":[53530907,53530910,155041002],"bearing_bucket":"090-120","stroke":"#4daf4a","stroke-width":2,"stroke-opacity":0.9}},
{"type":"Feature","geometry":{"type":"LineString","coordinates":[[11.69638,48.14039],[11.70304,48.13905]]},"properties":{"id":"sl_3c9c4e62","name":"Paul-Henri-Spaak-Straße","kind":"street","a":[48.14039,11.69638],"b":[48.13905,11.70304],"length_m":518,"max_offset_m":5.8,"bearing_ab":106.7,"bearing_ba":286.7,"obstruction_toward_a_deg":0.39,"obstruction_toward_b_deg":1.47,"canyon":false,"featured":false,"notes":null,"osm_way_ids":[51783986,88903863,908543883],"bearing_bucket":"090-120","stroke":"#4daf4a","stroke-width":2,"stroke-opacity":0.9}},
{"type":"Feature","geometry":{"type":"LineString","coordinates":[[11.5106,48.22744],[11.51875,48.22329]]},"properties":{"id":"sl_3cc226ba","name":"Schwarzhölzlstraße","kind":"street","a":[48.22744,11.5106],"b":[48.22329,11.51875],"length_m":761,"max_offset_m":5.5,"bearing_ab":127.3,"bearing_ba":307.3,"obstruction_toward_a_deg":1.38,"obstruction_toward_b_deg":1.38,"canyon":false,"featured":false,"notes":null,"osm_way_ids":[23453278,24734741,28001128,28001130],"bearing_bucket":"120-150","stroke":"#377eb8","stroke-width":2,"stroke-opacity":0.9}},
{"type":"Feature","geometry":{"type":"LineString","coordinates":[[11.61546,48.14247],[11.61627,48.14688]]},"properties":{"id":"sl_3ceedc73","name":null,"kind":"street","a":[48.14247,11.61546],"b":[48.14688,11.61627],"length_m":494,"max_offset_m":7.5,"bearing_ab":7.0,"bearing_ba":187.0,"obstruction_toward_a_deg":1.89,"obstruction_toward_b_deg":1.52,"canyon":false,"featured":false,"notes":null,"osm_way_ids":[341931200],"bearing_bucket":"000-030","stroke":"#e41a1c","stroke-width":2,"stroke-opacity":0.9}},
{"type":"Feature","geometry":{"type":"LineString","coordinates":[[11.50845,48.13097],[11.50126,48.13106]]},"properties":{"id":"sl_3d1f6e60","name":"Aindorferstraße","kind":"street","a":[48.13097,11.50845],"b":[48.13106,11.50126],"length_m":535,"max_offset_m":4.9,"bearing_ab":271.0,"bearing_ba":91.0,"obstruction_toward_a_deg":1.4,"obstruction_toward_b_deg":1.06,"canyon":true,"featured":false,"notes":null,"osm_way_ids":[4585970,4585971,5079717,5081024,63094057],"bearing_bucket":"090-120","stroke":"#4daf4a","stroke-width":2,"stroke-opacity":0.9}},
{"type":"Feature","geometry":{"type":"LineString","coordinates":[[11.55344,48.09055],[11.55622,48.09405]]},"properties":{"id":"sl_3d4fb0d1","name":"Lindenstraße","kind":"street","a":[48.09055,11.55344],"b":[48.09405,11.55622],"length_m":442,"max_offset_m":5.7,"bearing_ab":28.0,"bearing_ba":208.0,"obstruction_toward_a_deg":0.87,"obstruction_toward_b_deg":0.87,"canyon":true,"featured":false,"notes":null,"osm_way_ids":[1434876090,1434876094,1434881547,1434883658,1434883660,1434883662],"bearing_bucket":"000-030","stroke":"#e41a1c","stroke-width":2,"stroke-opacity":0.9}},
{"type":"Feature","geometry":{"type":"LineString","coordinates":[[11.64173,48.09338],[11.64382,48.09707]]},"properties":{"id":"sl_3d80e32e","name":null,"kind":"street","a":[48.09338,11.64173],"b":[48.09707,11.64382],"length_m":439,"max_offset_m":3.7,"bearing_ab":20.8,"bearing_ba":200.8,"obstruction_toward_a_deg":2.54,"obstruction_toward_b_deg":2.33,"canyon":false,"featured":false,"notes":null,"osm_way_ids":[118727392],"bearing_bucket":"000-030","stroke":"#e41a1c","stroke-width":2,"stroke-opacity":0.9}},
{"type":"Feature","geometry":{"type":"LineString","coordinates":[[11.5854,48.19754],[11.58476,48.19351]]},"properties":{"id":"sl_3d9cd236","name":"Wachterstraße","kind":"street","a":[48.19754,11.5854],"b":[48.19351,11.58476],"length_m":451,"max_offset_m":6.9,"bearing_ab":186.1,"bearing_ba":6.1,"obstruction_toward_a_deg":2.33,"obstruction_toward_b_deg":0.85,"canyon":true,"featured":false,"notes":null,"osm_way_ids":[6236498],"bearing_bucket":"000-030","stroke":"#e41a1c","stroke-width":2,"stroke-opacity":0.9}},
{"type":"Feature","geometry":{"type":"LineString","coordinates":[[11.56262,48.15405],[11.56523,48.1603]]},"properties":{"id":"sl_3e068e52","name":"Zentnerstraße","kind":"street","a":[48.15405,11.56262],"b":[48.1603,11.56523],"length_m":722,"max_offset_m":7.7,"bearing_ab":15.6,"bearing_ba":195.6,"obstruction_toward_a_deg":1.04,"obstruction_toward_b_deg":1.55,"canyon":true,"featured":false,"notes":null,"osm_way_ids":[4519978,4645397,30199131,352894104,678898004],"bearing_bucket":"000-030","stroke":"#e41a1c","stroke-width":2,"stroke-opacity":0.9}},
{"type":"Feature","geometry":{"type":"LineString","coordinates":[[11.64704,48.13039],[11.64368,48.124]]},"properties":{"id":"sl_3e16fa4a","name":"Sankt-Veit-Straße","kind":"street","a":[48.13039,11.64704],"b":[48.124,11.64368],"length_m":754,"max_offset_m":5.3,"bearing_ab":199.4,"bearing_ba":19.4,"obstruction_toward_a_deg":0.75,"obstruction_toward_b_deg":0.51,"canyon":false,"featured":false,"notes":null,"osm_way_ids":[3615971,4076574,808077976,929846899,1285855319,1354205576],"bearing_bucket":"000-030","stroke":"#e41a1c","stroke-width":2,"stroke-opacity":0.9}},
{"type":"Feature","geometry":{"type":"LineString","coordinates":[[11.5115,48.18233],[11.51833,48.1834]]},"properties":{"id":"sl_3e64d62a","name":"Siegmund-Schacky-Straße","kind":"street","a":[48.18233,11.5115],"b":[48.1834,11.51833],"length_m":522,"max_offset_m":3.5,"bearing_ab":76.9,"bearing_ba":256.9,"obstruction_toward_a_deg":0.74,"obstruction_toward_b_deg":0.74,"canyon":true,"featured":false,"notes":null,"osm_way_ids":[4055725,1536844256,1536844258],"bearing_bucket":"060-090","stroke":"#ffd92f","stroke-width":2,"stroke-opacity":0.9}},
{"type":"Feature","geometry":{"type":"LineString","coordinates":[[11.45652,48.19811],[11.45553,48.20352]]},"properties":{"id":"sl_3e6abc0d","name":"Würm","kind":"river","a":[48.19811,11.45652],"b":[48.20352,11.45553],"length_m":606,"max_offset_m":5.3,"bearing_ab":353.1,"bearing_ba":173.1,"obstruction_toward_a_deg":1.73,"obstruction_toward_b_deg":1.73,"canyon":false,"featured":false,"notes":null,"osm_way_ids":[26961471],"bearing_bucket":"150-180","stroke":"#984ea3","stroke-width":2,"stroke-opacity":0.9}},
{"type":"Feature","geometry":{"type":"LineString","coordinates":[[11.55293,48.11144],[11.55833,48.11854]]},"properties":{"id":"sl_3e7d24e9","name":"Schäftlarnstraße","kind":"street","a":[48.11144,11.55293],"b":[48.11854,11.55833],"length_m":886,"max_offset_m":6.6,"bearing_ab":27.0,"bearing_ba":207.0,"obstruction_toward_a_deg":1.05,"obstruction_toward_b_deg":0.41,"canyon":false,"featured":false,"notes":null,"osm_way_ids":[25207038,324849171,324849172,366721052,366721054,506242264,851143530,1430940405,1496189423,1496189424,1496189425,1496191017],"bearing_bucket":"000-030","stroke":"#e41a1c","stroke-width":2,"stroke-opacity":0.9}},
{"type":"Feature","geometry":{"type":"LineString","coordinates":[[11.53242,48.1618],[11.5304,48.16573]]},"properties":{"id":"sl_3e81a04f","name":"Taxisstraße","kind":"street","a":[48.1618,11.53242],"b":[48.16573,11.5304],"length_m":462,"max_offset_m":7.9,"bearing_ab":341.0,"bearing_ba":161.0,"obstruction_toward_a_deg":0.83,"obstruction_toward_b_deg":0.83,"canyon":true,"featured":false,"notes":null,"osm_way_ids":[4075465,4790468,28799105,703228639,703228641,703228642,1494748148,1494748150],"bearing_bucket":"150-180","stroke":"#984ea3","stroke-width":2,"stroke-opacity":0.9}},
{"type":"Feature","geometry":{"type":"LineString","coordinates":[[11.56113,48.13927],[11.56068,48.13406]]},"properties":{"id":"sl_3eb150b6","name":"Schillerstraße","kind":"street","a":[48.13927,11.56113],"b":[48.13406,11.56068],"length_m":581,"max_offset_m":6.6,"bearing_ab":183.3,"bearing_ba":3.3,"obstruction_toward_a_deg":1.45,"obstruction_toward_b_deg":0.98,"canyon":true,"featured":false,"notes":null,"osm_way_ids":[52804407,109359107,154938154,1088796599,1233479449,1272578369,1430041214],"bearing_bucket":"000-030","stroke":"#e41a1c","stroke-width":2,"stroke-opacity":0.9}},
{"type":"Feature","geometry":{"type":"LineString","coordinates":[[11.4738,48.08267],[11.47949,48.08857]]},"properties":{"id":"sl_3ed3bced","name":"Maxhofstraße","kind":"street","a":[48.08267,11.4738],"b":[48.08857,11.47949],"length_m":781,"max_offset_m":2.4,"bearing_ab":32.9,"bearing_ba":212.9,"obstruction_toward_a_deg":0.49,"obstruction_toward_b_deg":0.49,"canyon":true,"featured":false,"notes":null,"osm_way_ids":[157808638,273348438,385967847,1060201337,1060201338,1100891118,1285757074,1315459413,1315459414,1315459907,1315459908,1315459909,1315459910,1442912725],"bearing_bucket":"030-060","stroke":"#ff7f00","stroke-width":2,"stroke-opacity":0.9}},
{"type":"Feature","geometry":{"type":"LineString","coordinates":[[11.68991,48.1379],[11.69059,48.1334]]},"properties":{"id":"sl_3ee9c547","name":"Olof-Palme-Straße","kind":"street","a":[48.1379,11.68991],"b":[48.1334,11.69059],"length_m":503,"max_offset_m":2.2,"bearing_ab":174.2,"bearing_ba":354.2,"obstruction_toward_a_deg":1.49,"obstruction_toward_b_deg":1.49,"canyon":false,"featured":false,"notes":null,"osm_way_ids":[4427110,28786676,51785793,853633804,854255005,854255006,854255009,1366178019,1425431438],"bearing_bucket":"150-180","stroke":"#984ea3","stroke-width":2,"stroke-opacity":0.9}},
{"type":"Feature","geometry":{"type":"LineString","coordinates":[[11.5592,48.10665],[11.55243,48.10241]]},"properties":{"id":"sl_3fb30e30","name":null,"kind":"street","a":[48.10665,11.5592],"b":[48.10241,11.55243],"length_m":690,"max_offset_m":1.9,"bearing_ab":226.9,"bearing_ba":46.9,"obstruction_toward_a_deg":1.52,"obstruction_toward_b_deg":1.52,"canyon":false,"featured":false,"notes":null,"osm_way_ids":[51372979],"bearing_bucket":"030-060","stroke":"#ff7f00","stroke-width":2,"stroke-opacity":0.9}},
{"type":"Feature","geometry":{"type":"LineString","coordinates":[[11.61753,48.20459],[11.61547,48.2012]]},"properties":{"id":"sl_3fb74858","name":null,"kind":"street","a":[48.20459,11.61753],"b":[48.2012,11.61547],"length_m":406,"max_offset_m":7.6,"bearing_ab":202.1,"bearing_ba":22.1,"obstruction_toward_a_deg":1.62,"obstruction_toward_b_deg":4.1,"canyon":false,"featured":false,"notes":null,"osm_way_ids":[189215951],"bearing_bucket":"000-030","stroke":"#e41a1c","stroke-width":2,"stroke-opacity":0.9}},
{"type":"Feature","geometry":{"type":"LineString","coordinates":[[11.63406,48.18982],[11.63883,48.1982]]},"properties":{"id":"sl_3fb79452","name":"Isar","kind":"river","a":[48.18982,11.63406],"b":[48.1982,11.63883],"length_m":997,"max_offset_m":3.3,"bearing_ab":20.9,"bearing_ba":200.9,"obstruction_toward_a_deg":1.05,"obstruction_toward_b_deg":1.05,"canyon":false,"featured":false,"notes":null,"osm_way_ids":[41734235],"bearing_bucket":"000-030","stroke":"#e41a1c","stroke-width":2,"stroke-opacity":0.9}},
{"type":"Feature","geometry":{"type":"LineString","coordinates":[[11.56539,48.17618],[11.56323,48.18122]]},"properties":{"id":"sl_3fe241b1","name":"Riesenfeldstraße","kind":"street","a":[48.17618,11.56539],"b":[48.18122,11.56323],"length_m":583,"max_offset_m":7.6,"bearing_ab":344.0,"bearing_ba":164.0,"obstruction_toward_a_deg":1.6,"obstruction_toward_b_deg":1.6,"canyon":false,"featured":false,"notes":null,"osm_way_ids":[90236816,339700552,339700561,339700565,1079276725],"bearing_bucket":"150-180","stroke":"#984ea3","stroke-width":2,"stroke-opacity":0.9}},
{"type":"Feature","geometry":{"type":"LineString","coordinates":[[11.51035,48.13847],[11.5046,48.13903]]},"properties":{"id":"sl_40239221","name":"Schrottstraße","kind":"street","a":[48.13847,11.51035],"b":[48.13903,11.5046],"length_m":432,"max_offset_m":7.0,"bearing_ab":278.3,"bearing_ba":98.3,"obstruction_toward_a_deg":2.16,"obstruction_toward_b_deg":0.89,"canyon":true,"featured":false,"notes":null,"osm_way_ids":[159179348,1150778232],"bearing_bucket":"090-120","stroke":"#4daf4a","stroke-width":2,"stroke-opacity":0.9}},
{"type":"Feature","geometry":{"type":"LineString","coordinates":[[11.6733,48.10177],[11.67858,48.09997]]},"properties":{"id":"sl_404db8ac","name":"Fauststraße","kind":"street","a":[48.10177,11.6733],"b":[48.09997,11.67858],"length_m":442,"max_offset_m":6.6,"bearing_ab":117.0,"bearing_ba":297.0,"obstruction_toward_a_deg":0.45,"obstruction_toward_b_deg":2.37,"canyon":false,"featured":false,"notes":null,"osm_way_ids":[24522025,835292273,1288641269],"bearing_bucket":"090-120","stroke":"#4daf4a","stroke-width":2,"stroke-opacity":0.9}},
{"type":"Feature","geometry":{"type":"LineString","coordinates":[[11.65118,48.12028],[11.64318,48.12316]]},"properties":{"id":"sl_407b72bc","name":"Blombergstraße","kind":"street","a":[48.12028,11.65118],"b":[48.12316,11.64318],"length_m":677,"max_offset_m":6.1,"bearing_ab":298.2,"bearing_ba":118.2,"obstruction_toward_a_deg":0.57,"obstruction_toward_b_deg":0.57,"canyon":true,"featured":false,"notes":null,"osm_way_ids":[3322135,3322286,1116981482],"bearing_bucket":"090-120","stroke":"#4daf4a","stroke-width":2,"stroke-opacity":0.9}},
{"type":"Feature","geometry":{"type":"LineString","coordinates":[[11.50658,48.07712],[11.50051,48.07714]]},"properties":{"id":"sl_40a54dc8","name":"Littmannstraße","kind":"street","a":[48.07712,11.50658],"b":[48.07714,11.50051],"length_m":452,"max_offset_m":1.4,"bearing_ab":270.4,"bearing_ba":90.4,"obstruction_toward_a_deg":0.85,"obstruction_toward_b_deg":0.85,"canyon":true,"featured":false,"notes":null,"osm_way_ids":[154769656,1427137654],"bearing_bucket":"090-120","stroke":"#4daf4a","stroke-width":2,"stroke-opacity":0.9}},
{"type":"Feature","geometry":{"type":"LineString","coordinates":[[11.65291,48.10917],[11.65299,48.10474]]},"properties":{"id":"sl_40b8d632","name":"Kurt-Eisner-Straße","kind":"street","a":[48.10917,11.65291],"b":[48.10474,11.65299],"length_m":493,"max_offset_m":6.5,"bearing_ab":179.4,"bearing_ba":359.4,"obstruction_toward_a_deg":3.01,"obstruction_toward_b_deg":1.71,"canyon":false,"featured":false,"notes":null,"osm_way_ids":[4080241,152577519],"bearing_bucket":"150-180","stroke":"#984ea3","stroke-width":2,"stroke-opacity":0.9}},
{"type":"Feature","geometry":{"type":"LineString","coordinates":[[11.48668,48.08634],[11.47926,48.08861]]},"properties":{"id":"sl_40bb0986","name":"Neurieder Straße","kind":"street","a":[48.08634,11.48668],"b":[48.08861,11.47926],"length_m":608,"max_offset_m":7.1,"bearing_ab":294.5,"bearing_ba":114.5,"obstruction_toward_a_deg":2.74,"obstruction_toward_b_deg":0.63,"canyon":false,"featured":false,"notes":null,"osm_way_ids":[30600011,58421937,142289478,307433592,383846815,673616475],"bearing_bucket":"090-120","stroke":"#4daf4a","stroke-width":2,"stroke-opacity":0.9}},
{"type":"Feature","geometry":{"type":"LineString","coordinates":[[11.60657,48.10045],[11.60526,48.10443]]},"properties":{"id":"sl_4103148d","name":"Balanstraße","kind":"street","a":[48.10045,11.60657],"b":[48.10443,11.60526],"length_m":453,"max_offset_m":7.3,"bearing_ab":347.5,"bearing_ba":167.5,"obstruction_toward_a_deg":1.25,"obstruction_toward_b_deg":1.66,"canyon":true,"featured":false,"notes":null,"osm_way_ids":[4231198,32958392,260510503,260510511,311181481,1031379294,1147633971],"bearing_bucket":"150-180","stroke":"#984ea3","stroke-width":2,"stroke-opacity":0.9}},
{"type":"Feature","geometry":{"type":"LineString","coordinates":[[11.52225,48.17223],[11.51627,48.17203]]},"properties":{"id":"sl_4133d1d0","name":null,"kind":"street","a":[48.17223,11.52225],"b":[48.17203,11.51627],"length_m":445,"max_offset_m":1.2,"bearing_ab":267.2,"bearing_ba":87.2,"obstruction_toward_a_deg":2.35,"obstruction_toward_b_deg":2.35,"canyon":false,"featured":false,"notes":null,"osm_way_ids":[31360485],"bearing_bucket":"060-090","stroke":"#ffd92f","stroke-width":2,"stroke-opacity":0.9}},
{"type":"Feature","geometry":{"type":"LineString","coordinates":[[11.58325,48.10317],[11.58685,48.09731]]},"properties":{"id":"sl_4141106c","name":"Tegernseer Landstraße","kind":"street","a":[48.10317,11.58325],"b":[48.09731,11.58685],"length_m":704,"max_offset_m":3.3,"bearing_ab":157.6,"bearing_ba":337.6,"obstruction_toward_a_deg":1.08,"obstruction_toward_b_deg":1.07,"canyon":false,"featured":false,"notes":null,"osm_way_ids":[11536962,11671110,52475481,154916180,1033419836,1436718585],"bearing_bucket":"150-180","stroke":"#984ea3","stroke-width":2,"stroke-opacity":0.9}},
{"type":"Feature","geometry":{"type":"LineString","coordinates":[[11.56097,48.15851],[11.57364,48.15687]]},"properties":{"id":"sl_4143d534","name":"Agnesstraße","kind":"street","a":[48.15851,11.56097],"b":[48.15687,11.57364],"length_m":960,"max_offset_m":4.7,"bearing_ab":100.9,"bearing_ba":281.0,"obstruction_toward_a_deg":0.78,"obstruction_toward_b_deg":0.21,"canyon":true,"featured":false,"notes":null,"osm_way_ids":[4519929,50758317,114256582,114256586,352894103,352895425,851115543,851139055,1263432767],"bearing_bucket":"090-120","stroke":"#4daf4a","stroke-width":2,"stroke-opacity":0.9}},
{"type":"Feature","geometry":{"type":"LineString","coordinates":[[11.6001,48.14071],[11.59793,48.13606]]},"properties":{"id":"sl_414c81bc","name":"Ismaninger Straße","kind":"street","a":[48.14071,11.6001],"b":[48.13606,11.59793],"length_m":542,"max_offset_m":7.8,"bearing_ab":197.3,"bearing_ba":17.3,"obstruction_toward_a_deg":1.38,"obstruction_toward_b_deg":1.72,"canyon":true,"featured":false,"notes":null,"osm_way_ids":[51776621,116625003,147856213,147856344,147857361,367257147,445350800,847235966,1420705734,1457822326,1457822327,1457823248,1457826602,1457826603,1457826604,1457826605,1457826606,1476248288],"bearing_bucket":"000-030","stroke":"#e41a1c","stroke-width":2,"stroke-opacity":0.9}},
{"type":"Feature","geometry":{"type":"LineString","coordinates":[[11.5406,48.1052],[11.54198,48.10874]]},"properties":{"id":"sl_41888f7e","name":"Alois-Johannes-Lippl-Weg","kind":"street","a":[48.1052,11.5406],"b":[48.10874,11.54198],"length_m":407,"max_offset_m":6.5,"bearing_ab":14.6,"bearing_ba":194.6,"obstruction_toward_a_deg":0.94,"obstruction_toward_b_deg":2.57,"canyon":false,"featured":false,"notes":null,"osm_way_ids":[54407308],"bearing_bucket":"000-030","stroke":"#e41a1c","stroke-width":2,"stroke-opacity":0.9}},
{"type":"Feature","geometry":{"type":"LineString","coordinates":[[11.49439,48.09395],[11.49018,48.09026]]},"properties":{"id":"sl_41b09835","name":"Züricher Straße","kind":"street","a":[48.09395,11.49439],"b":[48.09026,11.49018],"length_m":517,"max_offset_m":4.7,"bearing_ab":217.4,"bearing_ba":37.4,"obstruction_toward_a_deg":0.74,"obstruction_toward_b_deg":0.74,"canyon":false,"featured":false,"notes":null,"osm_way_ids":[149962028,1425350928,1425350929,1425350931],"bearing_bucket":"030-060","stroke":"#ff7f00","stroke-width":2,"stroke-opacity":0.9}},
{"type":"Feature","geometry":{"type":"LineString","coordinates":[[11.59266,48.09747],[11.59927,48.0992]]},"properties":{"id":"sl_41e022b4","name":null,"kind":"street","a":[48.09747,11.59266],"b":[48.0992,11.59927],"length_m":529,"max_offset_m":4.4,"bearing_ab":68.7,"bearing_ba":248.7,"obstruction_toward_a_deg":1.07,"obstruction_toward_b_deg":1.98,"canyon":false,"featured":false,"notes":null,"osm_way_ids":[23993831],"bearing_bucket":"060-090","stroke":"#ffd92f","stroke-width":2,"stroke-opacity":0.9}},
{"type":"Feature","geometry":{"type":"LineString","coordinates":[[11.65465,48.11172],[11.65797,48.11503]]},"properties":{"id":"sl_428fd8e5","name":"Wiesbachhornstraße","kind":"street","a":[48.11172,11.65465],"b":[48.11503,11.65797],"length_m":443,"max_offset_m":0.7,"bearing_ab":33.9,"bearing_ba":214.0,"obstruction_toward_a_deg":0.87,"obstruction_toward_b_deg":0.87,"canyon":true,"featured":false,"notes":null,"osm_way_ids":[4005487],"bearing_bucket":"030-060","stroke":"#ff7f00","stroke-width":2,"stroke-opacity":0.9}},
{"type":"Feature","geometry":{"type":"LineString","coordinates":[[11.65769,48.0833],[11.66346,48.08145]]},"properties":{"id":"sl_42c858b5","name":"Vulpiusstraße","kind":"street","a":[48.0833,11.65769],"b":[48.08145,11.66346],"length_m":477,"max_offset_m":1.4,"bearing_ab":115.6,"bearing_ba":295.6,"obstruction_toward_a_deg":2.2,"obstruction_toward_b_deg":0.8,"canyon":true,"featured":false,"notes":null,"osm_way_ids":[4300496,1173245043],"bearing_bucket":"090-120","stroke":"#4daf4a","stroke-width":2,"stroke-opacity":0.9}},
{"type":"Feature","geometry":{"type":"LineString","coordinates":[[11.55781,48.17574],[11.54812,48.17592]]},"properties":{"id":"sl_434eb212","name":"Spiridon-Louis-Ring","kind":"street","a":[48.17574,11.55781],"b":[48.17592,11.54812],"length_m":721,"max_offset_m":7.7,"bearing_ab":271.6,"bearing_ba":91.6,"obstruction_toward_a_deg":0.56,"obstruction_toward_b_deg":-0.02,"canyon":false,"featured":false,"notes":null,"osm_way_ids":[209452713,283871248,305316829,1279888068,1394084380],"bearing_bucket":"090-120","stroke":"#4daf4a","stroke-width":2,"stroke-opacity":0.9}},
{"type":"Feature","geometry":{"type":"LineString","coordinates":[[11.66105,48.11566],[11.66406,48.12012]]},"properties":{"id":"sl_43530c98","name":"Samlandstraße","kind":"street","a":[48.11566,11.66105],"b":[48.12012,11.66406],"length_m":544,"max_offset_m":0.4,"bearing_ab":24.4,"bearing_ba":204.4,"obstruction_toward_a_deg":0.7,"obstruction_toward_b_deg":0.7,"canyon":true,"featured":false,"notes":null,"osm_way_ids":[3960694],"bearing_bucket":"000-030","stroke":"#e41a1c","stroke-width":2,"stroke-opacity":0.9}},
{"type":"Feature","geometry":{"type":"LineString","coordinates":[[11.70319,48.11274],[11.70472,48.1163]]},"properties":{"id":"sl_437ab6b7","name":"Wachtelweg","kind":"street","a":[48.11274,11.70319],"b":[48.1163,11.70472],"length_m":412,"max_offset_m":0.9,"bearing_ab":16.1,"bearing_ba":196.1,"obstruction_toward_a_deg":0.93,"obstruction_toward_b_deg":2.54,"canyon":true,"featured":false,"notes":null,"osm_way_ids":[4000001,1512582730,1512582732],"bearing_bucket":"000-030","stroke":"#e41a1c","stroke-width":2,"stroke-opacity":0.9}},
{"type":"Feature","geometry":{"type":"LineString","coordinates":[[11.69742,48.12771],[11.69065,48.12464]]},"properties":{"id":"sl_43dc175c","name":null,"kind":"street","a":[48.12771,11.69742],"b":[48.12464,11.69065],"length_m":608,"max_offset_m":1.2,"bearing_ab":235.9,"bearing_ba":55.9,"obstruction_toward_a_deg":1.72,"obstruction_toward_b_deg":1.72,"canyon":false,"featured":false,"notes":null,"osm_way_ids":[24412737],"bearing_bucket":"030-060","stroke":"#ff7f00","stroke-width":2,"stroke-opacity":0.9}},
{"type":"Feature","geometry":{"type":"LineString","coordinates":[[11.59462,48.16456],[11.59703,48.16873]]},"properties":{"id":"sl_44608c30","name":"Biedersteiner Straße","kind":"street","a":[48.16456,11.59462],"b":[48.16873,11.59703],"length_m":498,"max_offset_m":7.7,"bearing_ab":21.2,"bearing_ba":201.2,"obstruction_toward_a_deg":1.14,"obstruction_toward_b_deg":1.14,"canyon":false,"featured":false,"notes":null,"osm_way_ids":[8163015,133729491,133729492,133729493,172709302],"bearing_bucket":"000-030","stroke":"#e41a1c","stroke-width":2,"stroke-opacity":0.9}},
{"type":"Feature","geometry":{"type":"LineString","coordinates":[[11.45891,48.15023],[11.47028,48.14676]]},"properties":{"id":"sl_4479b547","name":"Josef-Felder-Straße","kind":"street","a":[48.15023,11.45891],"b":[48.14676,11.47028],"length_m":930,"max_offset_m":7.7,"bearing_ab":114.5,"bearing_ba":294.5,"obstruction_toward_a_deg":1.13,"obstruction_toward_b_deg":1.4,"canyon":false,"featured":false,"notes":null,"osm_way_ids":[38846840,56081362,56081364,56081370,99610365,99610366,208866291,208866292,242247285,284751710,295659006,341824975,341824979,885124597,1224531598],"bearing_bucket":"090-120","stroke":"#4daf4a","stroke-width":2,"stroke-opacity":0.9}},
{"type":"Feature","geometry":{"type":"LineString","coordinates":[[11.6811,48.11671],[11.67679,48.11915]]},"properties":{"id":"sl_44887b5f","name":"Helenenstraße","kind":"street","a":[48.11671,11.6811],"b":[48.11915,11.67679],"length_m":419,"max_offset_m":3.5,"bearing_ab":310.2,"bearing_ba":130.2,"obstruction_toward_a_deg":0.92,"obstruction_toward_b_deg":0.92,"canyon":true,"featured":false,"notes":null,"osm_way_ids":[3655021,5061540,639190831,836116464],"bearing_bucket":"120-150","stroke":"#377eb8","stroke-width":2,"stroke-opacity":0.9}},
{"type":"Feature","geometry":{"type":"LineString","coordinates":[[11.53931,48.11385],[11.54024,48.1045]]},"properties":{"id":"sl_448d8fa7","name":"Plinganserstraße","kind":"street","a":[48.11385,11.53931],"b":[48.1045,11.54024],"length_m":1043,"max_offset_m":7.9,"bearing_ab":176.2,"bearing_ba":356.2,"obstruction_toward_a_deg":0.54,"obstruction_toward_b_deg":1.07,"canyon":false,"featured":false,"notes":null,"osm_way_ids":[22930380,22930381,22930382,22972324,22972325,25164015,25164017,25288456,25288457,33196914,33196984,54407342,126189653,157653354,252422599,252729686,252729687,261314507,366721043,366721044,366721047,1015041488,1106843609,1434546397,1434546398,1491026733,1491026734],"bearing_bucket":"150-180","stroke":"#984ea3","stroke-width":2,"stroke-opacity":0.9}},
{"type":"Feature","geometry":{"type":"LineString","coordinates":[[11.59499,48.20951],[11.59339,48.20167]]},"properties":{"id":"sl_4538d7b7","name":"Grusonstraße","kind":"street","a":[48.20951,11.59499],"b":[48.20167,11.59339],"length_m":879,"max_offset_m":2.8,"bearing_ab":187.8,"bearing_ba":7.8,"obstruction_toward_a_deg":1.19,"obstruction_toward_b_deg":0.44,"canyon":false,"featured":false,"notes":null,"osm_way_ids":[36546659,151928058,189192547,202296347,392256066,415132132],"bearing_bucket":"000-030","stroke":"#e41a1c","stroke-width":2,"stroke-opacity":0.9}},
{"type":"Feature","geometry":{"type":"LineString","coordinates":[[11.58627,48.16101],[11.58653,48.16477]]},"properties":{"id":"sl_453c72bc","name":"Leopoldstraße","kind":"street","a":[48.16101,11.58627],"b":[48.16477,11.58653],"length_m":419,"max_offset_m":5.9,"bearing_ab":2.7,"bearing_ba":182.7,"obstruction_toward_a_deg":1.79,"obstruction_toward_b_deg":2.67,"canyon":false,"featured":false,"notes":null,"osm_way_ids":[27135800,133729494,151624978,157964861,332176200,332176203,351235033,1420661328],"bearing_bucket":"000-030","stroke":"#e41a1c","stroke-width":2,"stroke-opacity":0.9}},
{"type":"Feature","geometry":{"type":"LineString","coordinates":[[11.53634,48.14735],[11.53688,48.15386]]},"properties":{"id":"sl_457750b8","name":"Landshuter Allee","kind":"street","a":[48.14735,11.53634],"b":[48.15386,11.53688],"length_m":725,"max_offset_m":7.4,"bearing_ab":3.2,"bearing_ba":183.2,"obstruction_toward_a_deg":1.04,"obstruction_toward_b_deg":1.54,"canyon":false,"featured":false,"notes":null,"osm_way_ids":[30171678,31001360,126760937,134171424,134171448,146007626,548356883,1180137692,1298841637,1523942101],"bearing_bucket":"000-030","stroke":"#e41a1c","stroke-width":2,"stroke-opacity":0.9}},
{"type":"Feature","geometry":{"type":"LineString","coordinates":[[11.46992,48.15994],[11.47583,48.1591]]},"properties":{"id":"sl_45aaca43","name":"Schrämelstraße","kind":"street","a":[48.15994,11.46992],"b":[48.1591,11.47583],"length_m":450,"max_offset_m":7.6,"bearing_ab":101.9,"bearing_ba":281.9,"obstruction_toward_a_deg":0.85,"obstruction_toward_b_deg":0.85,"canyon":true,"featured":false,"notes":null,"osm_way_ids":[24001241],"bearing_bucket":"090-120","stroke":"#4daf4a","stroke-width":2,"stroke-opacity":0.9}},
{"type":"Feature","geometry":{"type":"LineString","coordinates":[[11.64919,48.09563],[11.63928,48.09829]]},"properties":{"id":"sl_45ba39ff","name":"Putzbrunner Straße","kind":"street","a":[48.09563,11.64919],"b":[48.09829,11.63928],"length_m":795,"max_offset_m":7.9,"bearing_ab":291.9,"bearing_ba":111.9,"obstruction_toward_a_deg":0.48,"obstruction_toward_b_deg":0.48,"canyon":false,"featured":false,"notes":null,"osm_way_ids":[30602940,30604408,30604409,292748634,295931062,1175023585],"bearing_bucket":"090-120","stroke":"#4daf4a","stroke-width":2,"stroke-opacity":0.9}},
{"type":"Feature","geometry":{"type":"LineString","coordinates":[[11.59019,48.19659],[11.59009,48.19284]]},"properties":{"id":"sl_45f3753f","name":null,"kind":"street","a":[48.19659,11.59019],"b":[48.19284,11.59009],"length_m":416,"max_offset_m":7.2,"bearing_ab":181.1,"bearing_ba":1.1,"obstruction_toward_a_deg":1.14,"obstruction_toward_b_deg":0.92,"canyon":false,"featured":false,"notes":null,"osm_way_ids":[190997877],"bearing_bucket":"000-030","stroke":"#e41a1c","stroke-width":2,"stroke-opacity":0.9}},
{"type":"Feature","geometry":{"type":"LineString","coordinates":[[11.68894,48.13335],[11.689,48.12846]]},"properties":{"id":"sl_4652a38c","name":"Helsinkistraße","kind":"street","a":[48.13335,11.68894],"b":[48.12846,11.689],"length_m":544,"max_offset_m":3.0,"bearing_ab":179.5,"bearing_ba":359.5,"obstruction_toward_a_deg":1.38,"obstruction_toward_b_deg":1.04,"canyon":true,"featured":false,"notes":null,"osm_way_ids":[4426324,33063358,56685905,379970489,1099321223],"bearing_bucket":"150-180","stroke":"#984ea3","stroke-width":2,"stroke-opacity":0.9}},
{"type":"Feature","geometry":{"type":"LineString","coordinates":[[11.68791,48.13823],[11.68114,48.13705]]},"properties":{"id":"sl_46abca0b","name":"Am Hüllgraben","kind":"street","a":[48.13823,11.68791],"b":[48.13705,11.68114],"length_m":521,"max_offset_m":7.4,"bearing_ab":255.5,"bearing_ba":75.5,"obstruction_toward_a_deg":1.44,"obstruction_toward_b_deg":2.01,"canyon":false,"featured":false,"notes":null,"osm_way_ids":[33063355,51783985,942821165,942821166,942821168],"bearing_bucket":"060-090","stroke":"#ffd92f","stroke-width":2,"stroke-opacity":0.9}},
{"type":"Feature","geometry":{"type":"LineString","coordinates":[[11.41495,48.14899],[11.42059,48.14988]]},"properties":{"id":"sl_46c68932","name":"Plankenfelser Straße","kind":"street","a":[48.14899,11.41495],"b":[48.14988,11.42059],"length_m":431,"max_offset_m":2.1,"bearing_ab":76.8,"bearing_ba":256.8,"obstruction_toward_a_deg":1.32,"obstruction_toward_b_deg":1.74,"canyon":true,"featured":false,"notes":null,"osm_way_ids":[170984736],"bearing_bucket":"060-090","stroke":"#ffd92f","stroke-width":2,"stroke-opacity":0.9}},
{"type":"Feature","geometry":{"type":"LineString","coordinates":[[11.60344,48.13564],[11.5979,48.13563]]},"properties":{"id":"sl_46da9b6b","name":"Einsteinstraße","kind":"street","a":[48.13564,11.60344],"b":[48.13563,11.5979],"length_m":413,"max_offset_m":7.4,"bearing_ab":269.8,"bearing_ba":89.8,"obstruction_toward_a_deg":1.82,"obstruction_toward_b_deg":2.26,"canyon":false,"featured":false,"notes":null,"osm_way_ids":[3819283,252376273,462668220,473966449,1105728298,1457801143,1457801145,1457802754],"bearing_bucket":"060-090","stroke":"#ffd92f","stroke-width":2,"stroke-opacity":0.9}},
{"type":"Feature","geometry":{"type":"LineString","coordinates":[[11.58094,48.1842],[11.56962,48.1845]]},"properties":{"id":"sl_46e17117","name":"Milbertshofener Straße","kind":"street","a":[48.1842,11.58094],"b":[48.1845,11.56962],"length_m":842,"max_offset_m":7.7,"bearing_ab":272.3,"bearing_ba":92.3,"obstruction_toward_a_deg":0.89,"obstruction_toward_b_deg":0.89,"canyon":false,"featured":false,"notes":null,"osm_way_ids":[26824549,153583723,1070398228,1070398230],"bearing_bucket":"090-120","stroke":"#4daf4a","stroke-width":2,"stroke-opacity":0.9}},
{"type":"Feature","geometry":{"type":"LineString","coordinates":[[11.52557,48.15933],[11.52292,48.16281]]},"properties":{"id":"sl_46edf5ed","name":"Gerner Straße","kind":"street","a":[48.15933,11.52557],"b":[48.16281,11.52292],"length_m":434,"max_offset_m":1.3,"bearing_ab":333.0,"bearing_ba":153.0,"obstruction_toward_a_deg":2.41,"obstruction_toward_b_deg":2.41,"canyon":true,"featured":false,"notes":null,"osm_way_ids":[4075460,1381648976,1381648977],"bearing_bucket":"150-180","stroke":"#984ea3","stroke-width":2,"stroke-opacity":0.9}},
{"type":"Feature","geometry":{"type":"LineString","coordinates":[[11.48879,48.10385],[11.49101,48.10781]]},"properties":{"id":"sl_46ee4830","name":null,"kind":"street","a":[48.10385,11.48879],"b":[48.10781,11.49101],"length_m":470,"max_offset_m":6.9,"bearing_ab":20.6,"bearing_ba":200.6,"obstruction_toward_a_deg":2.23,"obstruction_toward_b_deg":0.82,"canyon":false,"featured":false,"notes":null,"osm_way_ids":[1334970444],"bearing_bucket":"000-030","stroke":"#e41a1c","stroke-width":2,"stroke-opacity":0.9}},
{"type":"Feature","geometry":{"type":"LineString","coordinates":[[11.50878,48.13209],[11.50983,48.13748]]},"properties":{"id":"sl_46fdf0f5","name":"Friedenheimer Straße","kind":"street","a":[48.13209,11.50878],"b":[48.13748,11.50983],"length_m":604,"max_offset_m":7.1,"bearing_ab":7.4,"bearing_ba":187.4,"obstruction_toward_a_deg":1.09,"obstruction_toward_b_deg":1.24,"canyon":true,"featured":false,"notes":null,"osm_way_ids":[56197311,152276372,152276374],"bearing_bucket":"000-030","stroke":"#e41a1c","stroke-width":2,"stroke-opacity":0.9}},
{"type":"Feature","geometry":{"type":"LineString","coordinates":[[11.44066,48.14046],[11.4489,48.1356]]},"properties":{"id":"sl_47467859","name":"Dachstraße","kind":"street","a":[48.14046,11.44066],"b":[48.1356,11.4489],"length_m":817,"max_offset_m":6.2,"bearing_ab":131.4,"bearing_ba":311.4,"obstruction_toward_a_deg":1.28,"obstruction_toward_b_deg":0.47,"canyon":true,"featured":false,"notes":null,"osm_way_ids":[18778147,1436946445,1436946467],"bearing_bucket":"120-150","stroke":"#377eb8","stroke-width":2,"stroke-opacity":0.9}},
{"type":"Feature","geometry":{"type":"LineString","coordinates":[[11.5698,48.12247],[11.57737,48.12651]]},"properties":{"id":"sl_47a2dbdb","name":null,"kind":"street","a":[48.12247,11.5698],"b":[48.12651,11.57737],"length_m":721,"max_offset_m":1.6,"bearing_ab":51.4,"bearing_ba":231.4,"obstruction_toward_a_deg":0.28,"obstruction_toward_b_deg":1.3,"canyon":false,"featured":false,"notes":null,"osm_way_ids":[51537119,263733112],"bearing_bucket":"030-060","stroke":"#ff7f00","stroke-width":2,"stroke-opacity":0.9}},
{"type":"Feature","geometry":{"type":"LineString","coordinates":[[11.66684,48.08325],[11.67425,48.08173]]},"properties":{"id":"sl_47a7a0b9","name":"Salzmannstraße","kind":"street","a":[48.08325,11.66684],"b":[48.08173,11.67425],"length_m":578,"max_offset_m":4.8,"bearing_ab":107.1,"bearing_ba":287.1,"obstruction_toward_a_deg":0.35,"obstruction_toward_b_deg":0.51,"canyon":true,"featured":false,"notes":null,"osm_way_ids":[6278186,33525636,33525642,75021658],"bearing_bucket":"090-120","stroke":"#4daf4a","stroke-width":2,"stroke-opacity":0.9}},
{"type":"Feature","geometry":{"type":"LineString","coordinates":[[11.57671,48.12758],[11.56437,48.12093]]},"properties":{"id":"sl_47af92b6","name":"Reichenbachbrücke (Isar upstream)","kind":"bridge","a":[48.12758,11.57671],"b":[48.12093,11.56437],"length_m":1179,"max_offset_m":3.0,"bearing_ab":231.2,"bearing_ba":51.2,"obstruction_toward_a_deg":0.5,"obstruction_toward_b_deg":0.5,"canyon":false,"featured":false,"notes":null,"osm_way_ids":[26766970,51537935,155572669,366231826],"bearing_bucket":"030-060","stroke":"#ff7f00","stroke-width":2,"stroke-opacity":0.9}},
{"type":"Feature","geometry":{"type":"LineString","coordinates":[[11.46164,48.1916],[11.46391,48.18751]]},"properties":{"id":"sl_47bc735f","name":"Nikolaus-Rüdinger-Straße","kind":"street","a":[48.1916,11.46164],"b":[48.18751,11.46391],"length_m":485,"max_offset_m":4.7,"bearing_ab":159.6,"bearing_ba":339.6,"obstruction_toward_a_deg":2.16,"obstruction_toward_b_deg":2.16,"canyon":true,"featured":false,"notes":null,"osm_way_ids":[18832358],"bearing_bucket":"150-180","stroke":"#984ea3","stroke-width":2,"stroke-opacity":0.9}},
{"type":"Feature","geometry":{"type":"LineString","coordinates":[[11.69017,48.11777],[11.68271,48.11864]]},"properties":{"id":"sl_47d48dfc","name":"Wasserburger Landstraße","kind":"street","a":[48.11777,11.69017],"b":[48.11864,11.68271],"length_m":564,"max_offset_m":6.5,"bearing_ab":279.9,"bearing_ba":99.9,"obstruction_toward_a_deg":0.68,"obstruction_toward_b_deg":0.68,"canyon":false,"featured":false,"notes":null,"osm_way_ids":[35262508,86029036,90104679,772547693,772547696,772547699,772547700,772547701],"bearing_bucket":"090-120","stroke":"#4daf4a","stroke-width":2,"stroke-opacity":0.9}},
{"type":"Feature","geometry":{"type":"LineString","coordinates":[[11.64393,48.0972],[11.63674,48.09892]]},"properties":{"id":"sl_484993b0","name":"Putzbrunner Straße","kind":"street","a":[48.0972,11.64393],"b":[48.09892,11.63674],"length_m":568,"max_offset_m":7.6,"bearing_ab":289.6,"bearing_ba":109.6,"obstruction_toward_a_deg":1.64,"obstruction_toward_b_deg":0.68,"canyon":false,"featured":false,"notes":null,"osm_way_ids":[1497676205],"bearing_bucket":"090-120","stroke":"#4daf4a","stroke-width":2,"stroke-opacity":0.9}},
{"type":"Feature","geometry":{"type":"LineString","coordinates":[[11.57428,48.08936],[11.56296,48.08526]]},"properties":{"id":"sl_484e0718","name":"Am Perlacher Forst","kind":"street","a":[48.08936,11.57428],"b":[48.08526,11.56296],"length_m":959,"max_offset_m":6.5,"bearing_ab":241.6,"bearing_ba":61.6,"obstruction_toward_a_deg":0.4,"obstruction_toward_b_deg":0.4,"canyon":false,"featured":false,"notes":null,"osm_way_ids":[131644571,1435666478,1435666480],"bearing_bucket":"060-090","stroke":"#ffd92f","stroke-width":2,"stroke-opacity":0.9}},
{"type":"Feature","geometry":{"type":"LineString","coordinates":[[11.47191,48.16537],[11.47219,48.17093]]},"properties":{"id":"sl_488475f9","name":"Thaddäus-Eck-Straße","kind":"street","a":[48.16537,11.47191],"b":[48.17093,11.47219],"length_m":619,"max_offset_m":7.3,"bearing_ab":1.9,"bearing_ba":181.9,"obstruction_toward_a_deg":0.31,"obstruction_toward_b_deg":0.62,"canyon":true,"featured":false,"notes":null,"osm_way_ids":[30616220],"bearing_bucket":"000-030","stroke":"#e41a1c","stroke-width":2,"stroke-opacity":0.9}},
{"type":"Feature","geometry":{"type":"LineString","coordinates":[[11.50636,48.16407],[11.49549,48.1654]]},"properties":{"id":"sl_4897ad55","name":"Menzinger Straße","kind":"street","a":[48.16407,11.50636],"b":[48.1654,11.49549],"length_m":822,"max_offset_m":6.2,"bearing_ab":280.4,"bearing_ba":100.4,"obstruction_toward_a_deg":1.28,"obstruction_toward_b_deg":1.28,"canyon":false,"featured":false,"notes":null,"osm_way_ids":[120190002,270678966,1210568580],"bearing_bucket":"090-120","stroke":"#4daf4a","stroke-width":2,"stroke-opacity":0.9}},
{"type":"Feature","geometry":{"type":"LineString","coordinates":[[11.5876,48.11283],[11.58297,48.10706]]},"properties":{"id":"sl_48a8cf98","name":"Untersbergstraße","kind":"street","a":[48.11283,11.5876],"b":[48.10706,11.58297],"length_m":728,"max_offset_m":7.9,"bearing_ab":208.3,"bearing_ba":28.3,"obstruction_toward_a_deg":1.03,"obstruction_toward_b_deg":1.44,"canyon":false,"featured":false,"notes":null,"osm_way_ids":[24758389,26778721,26778724,82511981,82511984,262486737,262486738,354089815,1083522485,1443746231,1443746238,1443746239],"bearing_bucket":"000-030","stroke":"#e41a1c","stroke-width":2,"stroke-opacity":0.9}},
{"type":"Feature","geometry":{"type":"LineString","coordinates":[[11.60575,48.1209],[11.61188,48.11671]]},"properties":{"id":"sl_48d4480f","name":"Rosenheimer Straße","kind":"street","a":[48.1209,11.60575],"b":[48.11671,11.61188],"length_m":652,"max_offset_m":7.1,"bearing_ab":135.6,"bearing_ba":315.6,"obstruction_toward_a_deg":1.71,"obstruction_toward_b_deg":1.15,"canyon":false,"featured":false,"notes":null,"osm_way_ids":[33288054,50222131,290582410,290582413,311181490,311743098],"bearing_bucket":"120-150","stroke":"#377eb8","stroke-width":2,"stroke-opacity":0.9}},
{"type":"Feature","geometry":{"type":"LineString","coordinates":[[11.56247,48.13941],[11.55534,48.13916]]},"properties":{"id":"sl_48fc258c","name":"Bayerstraße","kind":"street","a":[48.13941,11.56247],"b":[48.13916,11.55534],"length_m":532,"max_offset_m":8.0,"bearing_ab":267.0,"bearing_ba":87.0,"obstruction_toward_a_deg":2.1,"obstruction_toward_b_deg":1.76,"canyon":false,"featured":false,"notes":null,"osm_way_ids":[49707125,94741640,96951693,124701357,149401687,149401688,382744648,382744649,929268375,1420917832,1421494359],"bearing_bucket":"060-090","stroke":"#ffd92f","stroke-width":2,"stroke-opacity":0.9}},
{"type":"Feature","geometry":{"type":"LineString","coordinates":[[11.64611,48.16988],[11.64591,48.17351]]},"properties":{"id":"sl_492015b2","name":"Musenbergstraße","kind":"street","a":[48.16988,11.64611],"b":[48.17351,11.64591],"length_m":403,"max_offset_m":7.0,"bearing_ab":357.9,"bearing_ba":177.9,"obstruction_toward_a_deg":1.86,"obstruction_toward_b_deg":2.6,"canyon":true,"featured":false,"notes":null,"osm_way_ids":[26824019],"bearing_bucket":"150-180","stroke":"#984ea3","stroke-width":2,"stroke-opacity":0.9}},
{"type":"Feature","geometry":{"type":"LineString","coordinates":[[11.51414,48.08036],[11.51733,48.08363]]},"properties":{"id":"sl_496ce0fb","name":"Plattlinger Straße","kind":"street","a":[48.08036,11.51414],"b":[48.08363,11.51733],"length_m":434,"max_offset_m":7.5,"bearing_ab":33.2,"bearing_ba":213.2,"obstruction_toward_a_deg":1.31,"obstruction_toward_b_deg":0.67,"canyon":false,"featured":false,"notes":null,"osm_way_ids":[158314712,159145137,204851432],"bearing_bucket":"030-060","stroke":"#ff7f00","stroke-width":2,"stroke-opacity":0.9}},
{"type":"Feature","geometry":{"type":"LineString","coordinates":[[11.60405,48.10874],[11.60203,48.11596]]},"properties":{"id":"sl_497b84bb","name":"Balanstraße","kind":"street","a":[48.10874,11.60405],"b":[48.11596,11.60203],"length_m":817,"max_offset_m":7.3,"bearing_ab":349.4,"bearing_ba":169.4,"obstruction_toward_a_deg":0.92,"obstruction_toward_b_deg":1.14,"canyon":false,"featured":false,"notes":null,"osm_way_ids":[24330008,32958393,42150868,42150869,42150870,145178194,260345647,260510505,260510509,1459340753,1459340755],"bearing_bucket":"150-180","stroke":"#984ea3","stroke-width":2,"stroke-opacity":0.9}},
{"type":"Feature","geometry":{"type":"LineString","coordinates":[[11.47831,48.182],[11.47859,48.18579]]},"properties":{"id":"sl_4988f43c","name":"Korbinian-Beer-Straße","kind":"street","a":[48.182,11.47831],"b":[48.18579,11.47859],"length_m":422,"max_offset_m":7.4,"bearing_ab":2.8,"bearing_ba":182.8,"obstruction_toward_a_deg":1.78,"obstruction_toward_b_deg":0.47,"canyon":true,"featured":false,"notes":null,"osm_way_ids":[9871577],"bearing_bucket":"000-030","stroke":"#e41a1c","stroke-width":2,"stroke-opacity":0.9}},
{"type":"Feature","geometry":{"type":"LineString","coordinates":[[11.51225,48.18053],[11.5296,48.17174]]},"properties":{"id":"sl_4991190a","name":"Dachauer Straße","kind":"street","a":[48.18053,11.51225],"b":[48.17174,11.5296],"length_m":1619,"max_offset_m":6.0,"bearing_ab":127.1,"bearing_ba":307.2,"obstruction_toward_a_deg":0.46,"obstruction_toward_b_deg":0.65,"canyon":false,"featured":false,"notes":null,"osm_way_ids":[4009840,31787222,57690455,290579654,421514315,660279956,1303946882,1303946883,1420303670,1420336264,1423348440,1423348443,1423348444],"bearing_bucket":"120-150","stroke":"#377eb8","stroke-width":2,"stroke-opacity":0.9}},
{"type":"Feature","geometry":{"type":"LineString","coordinates":[[11.54897,48.13903],[11.56116,48.13925]]},"properties":{"id":"sl_49b89dc9","name":"Bayerstraße","kind":"street","a":[48.13903,11.54897],"b":[48.13925,11.56116],"length_m":908,"max_offset_m":6.2,"bearing_ab":88.4,"bearing_ba":268.4,"obstruction_toward_a_deg":1.03,"obstruction_toward_b_deg":0.93,"canyon":true,"featured":false,"notes":null,"osm_way_ids":[3812293,37760229,49707121,94741635,96951695,108021465,149402024,292946857,303515077,342520847,390667157,849725319,1272578368],"bearing_bucket":"060-090","stroke":"#ffd92f","stroke-width":2,"stroke-opacity":0.9}},
{"type":"Feature","geometry":{"type":"LineString","coordinates":[[11.53177,48.1153],[11.53201,48.11138]]},"properties":{"id":"sl_49c614ce","name":"Kürnbergstraße","kind":"street","a":[48.1153,11.53177],"b":[48.11138,11.53201],"length_m":436,"max_offset_m":6.5,"bearing_ab":177.7,"bearing_ba":357.7,"obstruction_toward_a_deg":1.75,"obstruction_toward_b_deg":1.72,"canyon":true,"featured":false,"notes":null,"osm_way_ids":[4742622,659568767,1491518575,1491520902,1491520903,1491522103],"bearing_bucket":"150-180","stroke":"#984ea3","stroke-width":2,"stroke-opacity":0.9}},
{"type":"Feature","geometry":{"type":"LineString","coordinates":[[11.4059,48.15462],[11.39833,48.15125]]},"properties":{"id":"sl_4a07c0f5","name":"Germeringer Weg","kind":"street","a":[48.15462,11.4059],"b":[48.15125,11.39833],"length_m":676,"max_offset_m":6.6,"bearing_ab":236.4,"bearing_ba":56.4,"obstruction_toward_a_deg":1.55,"obstruction_toward_b_deg":1.55,"canyon":false,"featured":false,"notes":null,"osm_way_ids":[23004871],"bearing_bucket":"030-060","stroke":"#ff7f00","stroke-width":2,"stroke-opacity":0.9}},
{"type":"Feature","geometry":{"type":"LineString","coordinates":[[11.5903,48.19158],[11.59655,48.19175]]},"properties":{"id":"sl_4a79a6b6","name":"Lotte-Branz-Straße","kind":"street","a":[48.19158,11.5903],"b":[48.19175,11.59655],"length_m":465,"max_offset_m":6.7,"bearing_ab":87.8,"bearing_ba":267.8,"obstruction_toward_a_deg":0.63,"obstruction_toward_b_deg":0.43,"canyon":false,"featured":false,"notes":null,"osm_way_ids":[6149192,190896739,877510390],"bearing_bucket":"060-090","stroke":"#ffd92f","stroke-width":2,"stroke-opacity":0.9}},
{"type":"Feature","geometry":{"type":"LineString","coordinates":[[11.51628,48.09413],[11.51769,48.09048]]},"properties":{"id":"sl_4a8c69ab","name":"Münsinger Straße","kind":"street","a":[48.09413,11.51628],"b":[48.09048,11.51769],"length_m":419,"max_offset_m":3.9,"bearing_ab":165.4,"bearing_ba":345.4,"obstruction_toward_a_deg":0.92,"obstruction_toward_b_deg":0.92,"canyon":true,"featured":false,"notes":null,"osm_way_ids":[157574714],"bearing_bucket":"150-180","stroke":"#984ea3","stroke-width":2,"stroke-opacity":0.9}},
{"type":"Feature","geometry":{"type":"LineString","coordinates":[[11.70834,48.1429],[11.71346,48.13899]]},"properties":{"id":"sl_4aa963f8","name":"Ottendichler Straße","kind":"street","a":[48.1429,11.70834],"b":[48.13899,11.71346],"length_m":578,"max_offset_m":7.2,"bearing_ab":138.8,"bearing_ba":318.8,"obstruction_toward_a_deg":1.81,"obstruction_toward_b_deg":1.81,"canyon":false,"featured":false,"notes":null,"osm_way_ids":[15777952,19830049,19830050,43793494,163552315,163552316,163552317,223817279,224109865,224109866,250517900,307848384,325861924],"bearing_bucket":"120-150","stroke":"#377eb8","stroke-width":2,"stroke-opacity":0.9}},
{"type":"Feature","geometry":{"type":"LineString","coordinates":[[11.55619,48.14199],[11.55889,48.14688]]},"properties":{"id":"sl_4aad668f","name":"Seidlstraße","kind":"street","a":[48.14199,11.55619],"b":[48.14688,11.55889],"length_m":580,"max_offset_m":6.3,"bearing_ab":20.3,"bearing_ba":200.3,"obstruction_toward_a_deg":1.45,"obstruction_toward_b_deg":1.61,"canyon":false,"featured":false,"notes":null,"osm_way_ids":[62140744,98436489,122926430,122926431,124767000,226979012,292767093,313579601,440980956,1281128247,1459471552],"bearing_bucket":"000-030","stroke":"#e41a1c","stroke-width":2,"stroke-opacity":0.9}},
{"type":"Feature","geometry":{"type":"LineString","coordinates":[[11.52299,48.14089],[11.50516,48.14302]]},"properties":{"id":"sl_4b005b29","name":"Landsberger Straße","kind":"street","a":[48.14089,11.52299],"b":[48.14302,11.50516],"length_m":1348,"max_offset_m":7.8,"bearing_ab":280.1,"bearing_ba":100.1,"obstruction_toward_a_deg":0.69,"obstruction_toward_b_deg":0.96,"canyon":false,"featured":false,"notes":null,"osm_way_ids":[4586025,56197310,56197312,71360463,95588662,106085113,141429261,141429264,141429265,152062776,152062777,153024187,247535596,316110475,316110476,316110488,342811198,342811200,342863164,342863165,383426476,404386582,1291655651,1291655652],"bearing_bucket":"090-120","stroke":"#4daf4a","stroke-width":2,"stroke-opacity":0.9}},
{"type":"Feature","geometry":{"type":"LineString","coordinates":[[11.50164,48.18055],[11.49571,48.17902]]},"properties":{"id":"sl_4b3589be","name":"Untermenzinger Straße","kind":"street","a":[48.18055,11.50164],"b":[48.17902,11.49571],"length_m":473,"max_offset_m":5.8,"bearing_ab":248.9,"bearing_ba":68.9,"obstruction_toward_a_deg":0.81,"obstruction_toward_b_deg":1.59,"canyon":false,"featured":false,"notes":null,"osm_way_ids":[37256438,37256439,1338402932],"bearing_bucket":"060-090","stroke":"#ffd92f","stroke-width":2,"stroke-opacity":0.9}},
{"type":"Feature","geometry":{"type":"LineString","coordinates":[[11.55901,48.16127],[11.55138,48.16133]]},"properties":{"id":"sl_4b6d3279","name":"Schwere-Reiter-Straße","kind":"street","a":[48.16127,11.55901],"b":[48.16133,11.55138],"length_m":567,"max_offset_m":7.5,"bearing_ab":270.6,"bearing_ba":90.6,"obstruction_toward_a_deg":1.85,"obstruction_toward_b_deg":1.0,"canyon":false,"featured":false,"notes":null,"osm_way_ids":[27822841,27822842,151866165,151866167,310823109,310823113,316538694,371866617,394489297,475919639,475919640,475919641,475919642,475919644,1119418549,1420375291,1429920605],"bearing_bucket":"090-120","stroke":"#4daf4a","stroke-width":2,"stroke-opacity":0.9}},
{"type":"Feature","geometry":{"type":"LineString","coordinates":[[11.49095,48.10805],[11.48874,48.10436]]},"properties":{"id":"sl_4bfc78c2","name":"Kriegerheimstraße","kind":"street","a":[48.10805,11.49095],"b":[48.10436,11.48874],"length_m":441,"max_offset_m":7.8,"bearing_ab":201.9,"bearing_ba":21.9,"obstruction_toward_a_deg":0.87,"obstruction_toward_b_deg":2.37,"canyon":false,"featured":false,"notes":null,"osm_way_ids":[1445966269,1445966270,1445966271,1445966272,1445966277,1445966279],"bearing_bucket":"000-030","stroke":"#e41a1c","stroke-width":2,"stroke-opacity":0.9}},
{"type":"Feature","geometry":{"type":"LineString","coordinates":[[11.42805,48.18767],[11.42226,48.19127]]},"properties":{"id":"sl_4c09b9e5","name":"Goteboldstraße","kind":"street","a":[48.18767,11.42805],"b":[48.19127,11.42226],"length_m":588,"max_offset_m":7.6,"bearing_ab":313.0,"bearing_ba":133.0,"obstruction_toward_a_deg":1.78,"obstruction_toward_b_deg":1.78,"canyon":false,"featured":false,"notes":null,"osm_way_ids":[22702311],"bearing_bucket":"120-150","stroke":"#377eb8","stroke-width":2,"stroke-opacity":0.9}},
{"type":"Feature","geometry":{"type":"LineString","coordinates":[[11.67363,48.13968],[11.68023,48.14045]]},"properties":{"id":"sl_4c19eee3","name":"Riemer Straße","kind":"street","a":[48.13968,11.67363],"b":[48.14045,11.68023],"length_m":498,"max_offset_m":7.8,"bearing_ab":80.2,"bearing_ba":260.2,"obstruction_toward_a_deg":2.1,"obstruction_toward_b_deg":0.77,"canyon":false,"featured":false,"notes":null,"osm_way_ids":[51784725,191567981,885703180,885703182,966402592],"bearing_bucket":"060-090","stroke":"#ffd92f","stroke-width":2,"stroke-opacity":0.9}},
{"type":"Feature","geometry":{"type":"LineString","coordinates":[[11.65971,48.12636],[11.64972,48.12975]]},"properties":{"id":"sl_4c54aa81","name":"Truderinger Straße","kind":"street","a":[48.12636,11.65971],"b":[48.12975,11.64972],"length_m":834,"max_offset_m":6.5,"bearing_ab":296.9,"bearing_ba":116.8,"obstruction_toward_a_deg":0.46,"obstruction_toward_b_deg":0.68,"canyon":false,"featured":false,"notes":null,"osm_way_ids":[3342913,27584296,113966145,813412551,813412552,1091960960,1112096116,1132969395],"bearing_bucket":"090-120","stroke":"#4daf4a","stroke-width":2,"stroke-opacity":0.9}},
{"type":"Feature","geometry":{"type":"LineString","coordinates":[[11.54562,48.16073],[11.55779,48.15088]]},"properties":{"id":"sl_4cac06f4","name":"Dachauer Straße","kind":"street","a":[48.16073,11.54562],"b":[48.15088,11.55779],"length_m":1421,"max_offset_m":8.0,"bearing_ab":140.4,"bearing_ba":320.4,"obstruction_toward_a_deg":0.53,"obstruction_toward_b_deg":0.79,"canyon":false,"featured":false,"notes":null,"osm_way_ids":[4000195,30816697,30816698,37280968,38349616,38759698,38759699,42750258,55506134,151850904,152524923,152524928,161773732,172457732,292598636,292598638,310819636,313576542,313576543,313576545,1114967668,1118923884,1119418565,1119851383,1119851404,1229492877,1421993405,1421993406],"bearing_bucket":"120-150","stroke":"#377eb8","stroke-width":2,"stroke-opacity":0.9}},
{"type":"Feature","geometry":{"type":"LineString","coordinates":[[11.60818,48.18285],[11.6047,48.17962]]},"properties":{"id":"sl_4d2f0613","name":null,"kind":"street","a":[48.18285,11.60818],"b":[48.17962,11.6047],"length_m":443,"max_offset_m":5.4,"bearing_ab":215.8,"bearing_ba":35.8,"obstruction_toward_a_deg":1.7,"obstruction_toward_b_deg":1.7,"canyon":true,"featured":false,"notes":null,"osm_way_ids":[390315567],"bearing_bucket":"030-060","stroke":"#ff7f00","stroke-width":2,"stroke-opacity":0.9}},
{"type":"Feature","geometry":{"type":"LineString","coordinates":[[11.57257,48.09425],[11.57464,48.09073]]},"properties":{"id":"sl_4dbaec8a","name":"Heigelstraße","kind":"street","a":[48.09425,11.57257],"b":[48.09073,11.57464],"length_m":421,"max_offset_m":0.9,"bearing_ab":158.5,"bearing_ba":338.5,"obstruction_toward_a_deg":0.91,"obstruction_toward_b_deg":0.91,"canyon":true,"featured":false,"notes":null,"osm_way_ids":[156989716,1435686818],"bearing_bucket":"150-180","stroke":"#984ea3","stroke-width":2,"stroke-opacity":0.9}},
{"type":"Feature","geometry":{"type":"LineString","coordinates":[[11.52805,48.15941],[11.50893,48.1587]]},"properties":{"id":"sl_4dd3194c","name":"Nördliche Auffahrtsallee","kind":"street","a":[48.15941,11.52805],"b":[48.1587,11.50893],"length_m":1424,"max_offset_m":7.9,"bearing_ab":266.9,"bearing_ba":86.8,"obstruction_toward_a_deg":0.27,"obstruction_toward_b_deg":0.27,"canyon":false,"featured":false,"notes":null,"osm_way_ids":[4020281,27828594,27828595,37262324,37262325,81964381,89360840,106745414,214701271,319817623,324010027,570289628,969820533],"bearing_bucket":"060-090","stroke":"#ffd92f","stroke-width":2,"stroke-opacity":0.9}},
{"type":"Feature","geometry":{"type":"LineString","coordinates":[[11.69413,48.13151],[11.69998,48.13154]]},"properties":{"id":"sl_4dfee00f","name":"Maria-Montessori-Straße","kind":"street","a":[48.13151,11.69413],"b":[48.13154,11.69998],"length_m":435,"max_offset_m":0.5,"bearing_ab":89.5,"bearing_ba":269.5,"obstruction_toward_a_deg":2.14,"obstruction_toward_b_deg":2.41,"canyon":true,"featured":false,"notes":null,"osm_way_ids":[4499656],"bearing_bucket":"060-090","stroke":"#ffd92f","stroke-width":2,"stroke-opacity":0.9}},
{"type":"Feature","geometry":{"type":"LineString","coordinates":[[11.55951,48.17494],[11.56454,48.16994]]},"properties":{"id":"sl_4e422412","name":"Lerchenauer Straße","kind":"street","a":[48.17494,11.55951],"b":[48.16994,11.56454],"length_m":670,"max_offset_m":4.7,"bearing_ab":146.0,"bearing_ba":326.0,"obstruction_toward_a_deg":1.67,"obstruction_toward_b_deg":1.12,"canyon":false,"featured":false,"notes":null,"osm_way_ids":[5403376,31351672,50232911,151786524,1023916092,1428931978,1428931979],"bearing_bucket":"120-150","stroke":"#377eb8","stroke-width":2,"stroke-opacity":0.9}},
{"type":"Feature","geometry":{"type":"LineString","coordinates":[[11.51758,48.16883],[11.51712,48.17331]]},"properties":{"id":"sl_4ed20201","name":null,"kind":"street","a":[48.16883,11.51758],"b":[48.17331,11.51712],"length_m":499,"max_offset_m":8.0,"bearing_ab":356.0,"bearing_ba":176.0,"obstruction_toward_a_deg":2.1,"obstruction_toward_b_deg":2.1,"canyon":false,"featured":false,"notes":null,"osm_way_ids":[15686862],"bearing_bucket":"150-180","stroke":"#984ea3","stroke-width":2,"stroke-opacity":0.9}},
{"type":"Feature","geometry":{"type":"LineString","coordinates":[[11.66092,48.1036],[11.66319,48.10757]]},"properties":{"id":"sl_4ed676ef","name":"Hugo-Lang-Bogen","kind":"street","a":[48.1036,11.66092],"b":[48.10757,11.66319],"length_m":473,"max_offset_m":7.7,"bearing_ab":21.0,"bearing_ba":201.0,"obstruction_toward_a_deg":1.2,"obstruction_toward_b_deg":0.81,"canyon":false,"featured":false,"notes":null,"osm_way_ids":[4080255,24947430],"bearing_bucket":"000-030","stroke":"#e41a1c","stroke-width":2,"stroke-opacity":0.9}},
{"type":"Feature","geometry":{"type":"LineString","coordinates":[[11.40178,48.13969],[11.39182,48.13666]]},"properties":{"id":"sl_4edeed94","name":"Bodenseestraße","kind":"street","a":[48.13969,11.40178],"b":[48.13666,11.39182],"length_m":814,"max_offset_m":7.1,"bearing_ab":245.6,"bearing_ba":65.5,"obstruction_toward_a_deg":1.29,"obstruction_toward_b_deg":1.29,"canyon":false,"featured":false,"notes":null,"osm_way_ids":[2385472,4386622,4389039,125415302,125415303,141620486,162967451,162967452,253333221,276659610,326348924,341648804,341900052,433031177],"bearing_bucket":"060-090","stroke":"#ffd92f","stroke-width":2,"stroke-opacity":0.9}},
{"type":"Feature","geometry":{"type":"LineString","coordinates":[[11.6083,48.10628],[11.60649,48.11283]]},"properties":{"id":"sl_4ef122ac","name":"Görzer Straße","kind":"street","a":[48.10628,11.6083],"b":[48.11283,11.60649],"length_m":741,"max_offset_m":7.9,"bearing_ab":349.5,"bearing_ba":169.5,"obstruction_toward_a_deg":0.77,"obstruction_toward_b_deg":0.52,"canyon":true,"featured":false,"notes":null,"osm_way_ids":[38273892,38273893,38522960,163019450,163019451,226297192,288681495],"bearing_bucket":"150-180","stroke":"#984ea3","stroke-width":2,"stroke-opacity":0.9}},
{"type":"Feature","geometry":{"type":"LineString","coordinates":[[11.5502,48.20019],[11.55379,48.19451]]},"properties":{"id":"sl_4f8097fb","name":"Glyzinenstraße","kind":"street","a":[48.20019,11.5502],"b":[48.19451,11.55379],"length_m":686,"max_offset_m":7.4,"bearing_ab":157.1,"bearing_ba":337.1,"obstruction_toward_a_deg":0.43,"obstruction_toward_b_deg":0.56,"canyon":true,"featured":false,"notes":null,"osm_way_ids":[4960507,725371048],"bearing_bucket":"150-180","stroke":"#984ea3","stroke-width":2,"stroke-opacity":0.9}},
{"type":"Feature","geometry":{"type":"LineString","coordinates":[[11.69714,48.12852],[11.69705,48.13349]]},"properties":{"id":"sl_501badb0","name":"Georg-Kerschensteiner-Straße","kind":"street","a":[48.12852,11.69714],"b":[48.13349,11.69705],"length_m":553,"max_offset_m":1.2,"bearing_ab":359.3,"bearing_ba":179.3,"obstruction_toward_a_deg":1.03,"obstruction_toward_b_deg":2.02,"canyon":true,"featured":false,"notes":null,"osm_way_ids":[4426414,82528706,152642996],"bearing_bucket":"150-180","stroke":"#984ea3","stroke-width":2,"stroke-opacity":0.9}},
{"type":"Feature","geometry":{"type":"LineString","coordinates":[[11.53361,48.18216],[11.52019,48.18187]]},"properties":{"id":"sl_5063a87f","name":"Pelkovenstraße","kind":"street","a":[48.18216,11.53361],"b":[48.18187,11.52019],"length_m":999,"max_offset_m":7.2,"bearing_ab":268.1,"bearing_ba":88.1,"obstruction_toward_a_deg":0.29,"obstruction_toward_b_deg":0.75,"canyon":true,"featured":false,"notes":null,"osm_way_ids":[26824900,32963806,32963810,36564533,152110769,385509170,392862090,543408498,1031360757,1420303676],"bearing_bucket":"060-090","stroke":"#ffd92f","stroke-width":2,"stroke-opacity":0.9}},
{"type":"Feature","geometry":{"type":"LineString","coordinates":[[11.61104,48.15627],[11.6164,48.16222]]},"properties":{"id":"sl_5069a333","name":"Flemingstraße","kind":"street","a":[48.15627,11.61104],"b":[48.16222,11.6164],"length_m":772,"max_offset_m":7.0,"bearing_ab":31.1,"bearing_ba":211.1,"obstruction_toward_a_deg":0.5,"obstruction_toward_b_deg":0.5,"canyon":true,"featured":false,"notes":null,"osm_way_ids":[4827269,991229783,991483228,992517649,992517650,1101194309,1101194312,1101194314,1101194315,1101194316],"bearing_bucket":"030-060","stroke":"#ff7f00","stroke-width":2,"stroke-opacity":0.9}},
{"type":"Feature","geometry":{"type":"LineString","coordinates":[[11.63427,48.18809],[11.63094,48.18358]]},"properties":{"id":"sl_506bb54a","name":"Mittlere-Isar-Kanal","kind":"canal","a":[48.18809,11.63427],"b":[48.18358,11.63094],"length_m":559,"max_offset_m":7.4,"bearing_ab":206.3,"bearing_ba":26.3,"obstruction_toward_a_deg":1.87,"obstruction_toward_b_deg":1.87,"canyon":false,"featured":false,"notes":null,"osm_way_ids":[3811740],"bearing_bucket":"000-030","stroke":"#e41a1c","stroke-width":2,"stroke-opacity":0.9}},
{"type":"Feature","geometry":{"type":"LineString","coordinates":[[11.47707,48.21978],[11.53041,48.23182]]},"properties":{"id":"sl_506d49be","name":"Würmkanal","kind":"canal","a":[48.21978,11.47707],"b":[48.23182,11.53041],"length_m":4183,"max_offset_m":6.6,"bearing_ab":71.3,"bearing_ba":251.4,"obstruction_toward_a_deg":0.25,"obstruction_toward_b_deg":0.25,"canyon":false,"featured":false,"notes":null,"osm_way_ids":[24048569,28724838,28724839],"bearing_bucket":"060-090","stroke":"#ffd92f","stroke-width":2,"stroke-opacity":0.9}},
{"type":"Feature","geometry":{"type":"LineString","coordinates":[[11.47668,48.17023],[11.4746,48.17568]]},"properties":{"id":"sl_50c502eb","name":"Freseniusstraße","kind":"street","a":[48.17023,11.47668],"b":[48.17568,11.4746],"length_m":625,"max_offset_m":7.0,"bearing_ab":345.6,"bearing_ba":165.6,"obstruction_toward_a_deg":1.68,"obstruction_toward_b_deg":1.68,"canyon":true,"featured":false,"notes":null,"osm_way_ids":[27351850,1232144895],"bearing_bucket":"150-180","stroke":"#984ea3","stroke-width":2,"stroke-opacity":0.9}},
{"type":"Feature","geometry":{"type":"LineString","coordinates":[[11.58364,48.09806],[11.58611,48.09419]]},"properties":{"id":"sl_515ba43d","name":"Kastenseestraße","kind":"street","a":[48.09806,11.58364],"b":[48.09419,11.58611],"length_m":468,"max_offset_m":7.2,"bearing_ab":156.8,"bearing_ba":336.8,"obstruction_toward_a_deg":0.82,"obstruction_toward_b_deg":0.82,"canyon":true,"featured":false,"notes":null,"osm_way_ids":[4933083],"bearing_bucket":"150-180","stroke":"#984ea3","stroke-width":2,"stroke-opacity":0.9}},
{"type":"Feature","geometry":{"type":"LineString","coordinates":[[11.53661,48.17304],[11.53076,48.17323]]},"properties":{"id":"sl_515fc9ca","name":"Agnes-Pockels-Bogen","kind":"street","a":[48.17304,11.53661],"b":[48.17323,11.53076],"length_m":436,"max_offset_m":0.1,"bearing_ab":272.8,"bearing_ba":92.8,"obstruction_toward_a_deg":2.14,"obstruction_toward_b_deg":0.88,"canyon":false,"featured":false,"notes":null,"osm_way_ids":[27329591,1194862497],"bearing_bucket":"090-120","stroke":"#4daf4a","stroke-width":2,"stroke-opacity":0.9}},
{"type":"Feature","geometry":{"type":"LineString","coordinates":[[11.54159,48.19498],[11.54324,48.19963]]},"properties":{"id":"sl_51cc12bf","name":"Berberitzenstraße","kind":"street","a":[48.19498,11.54159],"b":[48.19963,11.54324],"length_m":531,"max_offset_m":6.5,"bearing_ab":13.4,"bearing_ba":193.4,"obstruction_toward_a_deg":0.72,"obstruction_toward_b_deg":1.07,"canyon":true,"featured":false,"notes":null,"osm_way_ids":[19083093,725287210,725287211],"bearing_bucket":"000-030","stroke":"#e41a1c","stroke-width":2,"stroke-opacity":0.9}},
{"type":"Feature","geometry":{"type":"LineString","coordinates":[[11.46369,48.19026],[11.46155,48.19458]]},"properties":{"id":"sl_51d49d7e","name":"Franz-Nißl-Straße","kind":"street","a":[48.19026,11.46369],"b":[48.19458,11.46155],"length_m":506,"max_offset_m":5.3,"bearing_ab":341.7,"bearing_ba":161.7,"obstruction_toward_a_deg":2.07,"obstruction_toward_b_deg":0.37,"canyon":true,"featured":false,"notes":null,"osm_way_ids":[32623950,70861429,109862720,109862722,398731642,521448719,1445361476],"bearing_bucket":"150-180","stroke":"#984ea3","stroke-width":2,"stroke-opacity":0.9}},
{"type":"Feature","geometry":{"type":"LineString","coordinates":[[11.64015,48.22112],[11.64851,48.23451]]},"properties":{"id":"sl_52067621","name":null,"kind":"street","a":[48.22112,11.64015],"b":[48.23451,11.64851],"length_m":1614,"max_offset_m":7.1,"bearing_ab":22.6,"bearing_ba":202.6,"obstruction_toward_a_deg":0.65,"obstruction_toward_b_deg":0.65,"canyon":false,"featured":false,"notes":null,"osm_way_ids":[20846331],"bearing_bucket":"000-030","stroke":"#e41a1c","stroke-width":2,"stroke-opacity":0.9}},
{"type":"Feature","geometry":{"type":"LineString","coordinates":[[11.49553,48.18412],[11.49595,48.17992]]},"properties":{"id":"sl_52691d36","name":"Lauinger Straße","kind":"street","a":[48.18412,11.49553],"b":[48.17992,11.49595],"length_m":468,"max_offset_m":6.6,"bearing_ab":176.2,"bearing_ba":356.2,"obstruction_toward_a_deg":1.21,"obstruction_toward_b_deg":1.6,"canyon":true,"featured":false,"notes":null,"osm_way_ids":[28691870],"bearing_bucket":"150-180","stroke":"#984ea3","stroke-width":2,"stroke-opacity":0.9}},
{"type":"Feature","geometry":{"type":"LineString","coordinates":[[11.70157,48.10709],[11.70643,48.10919]]},"properties":{"id":"sl_5279fab1","name":"Hererostraße","kind":"street","a":[48.10709,11.70157],"b":[48.10919,11.70643],"length_m":431,"max_offset_m":6.8,"bearing_ab":57.3,"bearing_ba":237.3,"obstruction_toward_a_deg":0.89,"obstruction_toward_b_deg":0.89,"canyon":true,"featured":false,"notes":null,"osm_way_ids":[3709253],"bearing_bucket":"030-060","stroke":"#ff7f00","stroke-width":2,"stroke-opacity":0.9}},
{"type":"Feature","geometry":{"type":"LineString","coordinates":[[11.64573,48.09485],[11.65278,48.09288]]},"properties":{"id":"sl_52a9e825","name":"Dr.-Walther-von-Miller-Straße","kind":"street","a":[48.09485,11.64573],"b":[48.09288,11.65278],"length_m":569,"max_offset_m":5.4,"bearing_ab":112.6,"bearing_ba":292.6,"obstruction_toward_a_deg":1.84,"obstruction_toward_b_deg":0.67,"canyon":true,"featured":false,"notes":null,"osm_way_ids":[3301995],"bearing_bucket":"090-120","stroke":"#4daf4a","stroke-width":2,"stroke-opacity":0.9}},
{"type":"Feature","geometry":{"type":"LineString","coordinates":[[11.4816,48.10883],[11.48275,48.10361]]},"properties":{"id":"sl_52c3d3d4","name":"Waldgartenstraße","kind":"street","a":[48.10883,11.4816],"b":[48.10361,11.48275],"length_m":587,"max_offset_m":6.1,"bearing_ab":171.6,"bearing_ba":351.6,"obstruction_toward_a_deg":0.65,"obstruction_toward_b_deg":1.79,"canyon":false,"featured":false,"notes":null,"osm_way_ids":[1354945957,1354946270,1445968045,1445968046],"bearing_bucket":"150-180","stroke":"#984ea3","stroke-width":2,"stroke-opacity":0.9}},
{"type":"Feature","geometry":{"type":"LineString","coordinates":[[11.66605,48.08172],[11.67407,48.08011]]},"properties":{"id":"sl_52c87e5e","name":"Rübezahlstraße","kind":"street","a":[48.08172,11.66605],"b":[48.08011,11.67407],"length_m":624,"max_offset_m":6.9,"bearing_ab":106.7,"bearing_ba":286.7,"obstruction_toward_a_deg":0.61,"obstruction_toward_b_deg":0.61,"canyon":true,"featured":false,"notes":null,"osm_way_ids":[5069270],"bearing_bucket":"090-120","stroke":"#4daf4a","stroke-width":2,"stroke-opacity":0.9}},
{"type":"Feature","geometry":{"type":"LineString","coordinates":[[11.4987,48.15841],[11.48773,48.15803]]},"properties":{"id":"sl_52ca638b","name":"Nördliche Hochallee","kind":"street","a":[48.15841,11.4987],"b":[48.15803,11.48773],"length_m":817,"max_offset_m":5.6,"bearing_ab":267.0,"bearing_ba":87.0,"obstruction_toward_a_deg":1.28,"obstruction_toward_b_deg":1.28,"canyon":false,"featured":false,"notes":null,"osm_way_ids":[8584896],"bearing_bucket":"060-090","stroke":"#ffd92f","stroke-width":2,"stroke-opacity":0.9}},
{"type":"Feature","geometry":{"type":"LineString","coordinates":[[11.67231,48.13207],[11.67745,48.13001]]},"properties":{"id":"sl_5316e2b0","name":"Kirtaweg","kind":"street","a":[48.13207,11.67231],"b":[48.13001,11.67745],"length_m":446,"max_offset_m":4.7,"bearing_ab":120.9,"bearing_ba":300.9,"obstruction_toward_a_deg":0.45,"obstruction_toward_b_deg":0.45,"canyon":true,"featured":false,"notes":null,"osm_way_ids":[4016962],"bearing_bucket":"120-150","stroke":"#377eb8","stroke-width":2,"stroke-opacity":0.9}},
{"type":"Feature","geometry":{"type":"LineString","coordinates":[[11.57697,48.11875],[11.57054,48.12136]]},"properties":{"id":"sl_5346ff63","name":"Humboldtstraße","kind":"street","a":[48.11875,11.57697],"b":[48.12136,11.57054],"length_m":560,"max_offset_m":7.6,"bearing_ab":301.2,"bearing_ba":121.2,"obstruction_toward_a_deg":1.34,"obstruction_toward_b_deg":1.87,"canyon":true,"featured":false,"notes":null,"osm_way_ids":[33130041,35133764,37665415,37665416,37665502,37665503,70876470,315825107,1004514161,1004514162,1365012276,1365012277,1436200769,1436200770,1436200771,1436200772,1436201492,1436201890,1436475436,1436475437],"bearing_bucket":"120-150","stroke":"#377eb8","stroke-width":2,"stroke-opacity":0.9}},
{"type":"Feature","geometry":{"type":"LineString","coordinates":[[11.57574,48.13154],[11.57044,48.12831]]},"properties":{"id":"sl_53b1b3ea","name":"Klenzestraße","kind":"street","a":[48.13154,11.57574],"b":[48.12831,11.57044],"length_m":533,"max_offset_m":6.5,"bearing_ab":227.7,"bearing_ba":47.7,"obstruction_toward_a_deg":1.92,"obstruction_toward_b_deg":1.41,"canyon":true,"featured":false,"notes":null,"osm_way_ids":[147939179,153212407,1102905255,1102905256,1102905257,1102905685,1102906094,1102906159,1102906866,1102907419,1102907647,1102908311,1102908423,1102908545],"bearing_bucket":"030-060","stroke":"#ff7f00","stroke-width":2,"stroke-opacity":0.9}},
{"type":"Feature","geometry":{"type":"LineString","coordinates":[[11.7101,48.1149],[11.70075,48.11738]]},"properties":{"id":"sl_53bcf711","name":"Großfriedrichsburger Straße","kind":"street","a":[48.1149,11.7101],"b":[48.11738,11.70075],"length_m":749,"max_offset_m":5.3,"bearing_ab":291.6,"bearing_ba":111.6,"obstruction_toward_a_deg":1.4,"obstruction_toward_b_deg":0.51,"canyon":true,"featured":false,"notes":null,"osm_way_ids":[3189088,850778971],"bearing_bucket":"090-120","stroke":"#4daf4a","stroke-width":2,"stroke-opacity":0.9}},
{"type":"Feature","geometry":{"type":"LineString","coordinates":[[11.5212,48.07637],[11.51418,48.07616]]},"properties":{"id":"sl_53c39776","name":"Herterichstraße","kind":"street","a":[48.07637,11.5212],"b":[48.07616,11.51418],"length_m":523,"max_offset_m":6.5,"bearing_ab":267.5,"bearing_ba":87.5,"obstruction_toward_a_deg":0.73,"obstruction_toward_b_deg":0.73,"canyon":true,"featured":false,"notes":null,"osm_way_ids":[125826786,371537628,371537629],"bearing_bucket":"060-090","stroke":"#ffd92f","stroke-width":2,"stroke-opacity":0.9}},
{"type":"Feature","geometry":{"type":"LineString","coordinates":[[11.64645,48.11446],[11.64976,48.11957]]},"properties":{"id":"sl_53cf8386","name":"Rofanstraße","kind":"street","a":[48.11446,11.64645],"b":[48.11957,11.64976],"length_m":619,"max_offset_m":7.6,"bearing_ab":23.4,"bearing_ba":203.4,"obstruction_toward_a_deg":0.62,"obstruction_toward_b_deg":0.62,"canyon":true,"featured":false,"notes":null,"osm_way_ids":[3322011,87730347],"bearing_bucket":"000-030","stroke":"#e41a1c","stroke-width":2,"stroke-opacity":0.9}},
{"type":"Feature","geometry":{"type":"LineString","coordinates":[[11.55083,48.09418],[11.55096,48.10042]]},"properties":{"id":"sl_53f13c7e","name":null,"kind":"street","a":[48.09418,11.55083],"b":[48.10042,11.55096],"length_m":694,"max_offset_m":6.3,"bearing_ab":0.8,"bearing_ba":180.8,"obstruction_toward_a_deg":0.42,"obstruction_toward_b_deg":0.29,"canyon":false,"featured":false,"notes":null,"osm_way_ids":[33647724,35545859],"bearing_bucket":"000-030","stroke":"#e41a1c","stroke-width":2,"stroke-opacity":0.9}},
{"type":"Feature","geometry":{"type":"LineString","coordinates":[[11.48996,48.12428],[11.48951,48.12894]]},"properties":{"id":"sl_541a8771","name":"Alpenveilchenstraße","kind":"street","a":[48.12428,11.48996],"b":[48.12894,11.48951],"length_m":520,"max_offset_m":5.4,"bearing_ab":356.3,"bearing_ba":176.3,"obstruction_toward_a_deg":0.74,"obstruction_toward_b_deg":0.74,"canyon":true,"featured":false,"notes":null,"osm_way_ids":[35095323,392774660],"bearing_bucket":"150-180","stroke":"#984ea3","stroke-width":2,"stroke-opacity":0.9}},
{"type":"Feature","geometry":{"type":"LineString","coordinates":[[11.61734,48.15433],[11.62033,48.15753]]},"properties":{"id":"sl_543bdb0e","name":"Asgardstraße","kind":"street","a":[48.15433,11.61734],"b":[48.15753,11.62033],"length_m":419,"max_offset_m":2.7,"bearing_ab":32.0,"bearing_ba":212.0,"obstruction_toward_a_deg":0.92,"obstruction_toward_b_deg":0.92,"canyon":true,"featured":false,"notes":null,"osm_way_ids":[4834014,23737457,316836405],"bearing_bucket":"030-060","stroke":"#ff7f00","stroke-width":2,"stroke-opacity":0.9}},
{"type":"Feature","geometry":{"type":"LineString","coordinates":[[11.65876,48.15367],[11.65772,48.14993]]},"properties":{"id":"sl_54481a2f","name":"Kunihohstraße","kind":"street","a":[48.15367,11.65876],"b":[48.14993,11.65772],"length_m":424,"max_offset_m":7.7,"bearing_ab":190.5,"bearing_ba":10.5,"obstruction_toward_a_deg":2.47,"obstruction_toward_b_deg":0.91,"canyon":false,"featured":false,"notes":null,"osm_way_ids":[4982458],"bearing_bucket":"000-030","stroke":"#e41a1c","stroke-width":2,"stroke-opacity":0.9}},
{"type":"Feature","geometry":{"type":"LineString","coordinates":[[11.53507,48.16706],[11.52834,48.16516]]},"properties":{"id":"sl_5472abe1","name":"Hohenlohestraße","kind":"street","a":[48.16706,11.53507],"b":[48.16516,11.52834],"length_m":544,"max_offset_m":2.1,"bearing_ab":247.1,"bearing_ba":67.1,"obstruction_toward_a_deg":1.38,"obstruction_toward_b_deg":0.87,"canyon":false,"featured":false,"notes":null,"osm_way_ids":[4003052,4075463,81962499,1426024665],"bearing_bucket":"060-090","stroke":"#ffd92f","stroke-width":2,"stroke-opacity":0.9}},
{"type":"Feature","geometry":{"type":"LineString","coordinates":[[11.66608,48.10331],[11.67368,48.10171]]},"properties":{"id":"sl_54db2824","name":"Günderodestraße","kind":"street","a":[48.10331,11.66608],"b":[48.10171,11.67368],"length_m":593,"max_offset_m":3.8,"bearing_ab":107.4,"bearing_ba":287.4,"obstruction_toward_a_deg":0.65,"obstruction_toward_b_deg":0.49,"canyon":true,"featured":false,"notes":null,"osm_way_ids":[147571850,459355158],"bearing_bucket":"090-120","stroke":"#4daf4a","stroke-width":2,"stroke-opacity":0.9}},
{"type":"Feature","geometry":{"type":"LineString","coordinates":[[11.4609,48.15142],[11.46143,48.15589]]},"properties":{"id":"sl_54e3263b","name":"Oselstraße","kind":"street","a":[48.15142,11.4609],"b":[48.15589,11.46143],"length_m":498,"max_offset_m":2.2,"bearing_ab":4.6,"bearing_ba":184.6,"obstruction_toward_a_deg":0.77,"obstruction_toward_b_deg":0.77,"canyon":true,"featured":false,"notes":null,"osm_way_ids":[124270142,162718461,1196068761,1196068884,1267713567,1267713568,1267713679,1267713786],"bearing_bucket":"000-030","stroke":"#e41a1c","stroke-width":2,"stroke-opacity":0.9}},
{"type":"Feature","geometry":{"type":"LineString","coordinates":[[11.48212,48.17816],[11.48767,48.17939]]},"properties":{"id":"sl_54f41e89","name":"Von-Kahr-Straße","kind":"street","a":[48.17816,11.48212],"b":[48.17939,11.48767],"length_m":435,"max_offset_m":6.1,"bearing_ab":71.6,"bearing_ba":251.7,"obstruction_toward_a_deg":2.41,"obstruction_toward_b_deg":2.41,"canyon":false,"featured":false,"notes":null,"osm_way_ids":[4902080,150515313,292601722,498212395],"bearing_bucket":"060-090","stroke":"#ffd92f","stroke-width":2,"stroke-opacity":0.9}},
{"type":"Feature","geometry":{"type":"LineString","coordinates":[[11.60253,48.1975],[11.59155,48.19891]]},"properties":{"id":"sl_551a2bdd","name":"Friederike-Nadig-Allee","kind":"street","a":[48.1975,11.60253],"b":[48.19891,11.59155],"length_m":831,"max_offset_m":4.7,"bearing_ab":280.8,"bearing_ba":100.8,"obstruction_toward_a_deg":1.26,"obstruction_toward_b_deg":1.26,"canyon":false,"featured":false,"notes":null,"osm_way_ids":[1018236086,1272409989,1315505330,1315505331,1317352926],"bearing_bucket":"090-120","stroke":"#4daf4a","stroke-width":2,"stroke-opacity":0.9}},
{"type":"Feature","geometry":{"type":"LineString","coordinates":[[11.46586,48.11226],[11.46666,48.10853]]},"properties":{"id":"sl_55259916","name":"Elisabeth-Stoeber-Straße","kind":"street","a":[48.11226,11.46586],"b":[48.10853,11.46666],"length_m":419,"max_offset_m":0.8,"bearing_ab":171.9,"bearing_ba":351.9,"obstruction_toward_a_deg":2.23,"obstruction_toward_b_deg":2.5,"canyon":false,"featured":false,"notes":null,"osm_way_ids":[401298485,874001203],"bearing_bucket":"150-180","stroke":"#984ea3","stroke-width":2,"stroke-opacity":0.9}},
{"type":"Feature","geometry":{"type":"LineString","coordinates":[[11.51145,48.15433],[11.51122,48.1504]]},"properties":{"id":"sl_5529be8b","name":"Guntherstraße","kind":"street","a":[48.15433,11.51145],"b":[48.1504,11.51122],"length_m":438,"max_offset_m":6.4,"bearing_ab":182.2,"bearing_ba":2.2,"obstruction_toward_a_deg":1.71,"obstruction_toward_b_deg":1.3,"canyon":true,"featured":false,"notes":null,"osm_way_ids":[158900199,1300636865,1391209194,1391209195],"bearing_bucket":"000-030","stroke":"#e41a1c","stroke-width":2,"stroke-opacity":0.9}},
{"type":"Feature","geometry":{"type":"LineString","coordinates":[[11.56106,48.20447],[11.56022,48.21026]]},"properties":{"id":"sl_55aa24b6","name":"Hasenberglstraße","kind":"street","a":[48.20447,11.56106],"b":[48.21026,11.56022],"length_m":646,"max_offset_m":2.4,"bearing_ab":354.4,"bearing_ba":174.4,"obstruction_toward_a_deg":1.62,"obstruction_toward_b_deg":1.62,"canyon":true,"featured":false,"notes":null,"osm_way_ids":[4960412,734161425,734167138],"bearing_bucket":"150-180","stroke":"#984ea3","stroke-width":2,"stroke-opacity":0.9}},
{"type":"Feature","geometry":{"type":"LineString","coordinates":[[11.48689,48.16059],[11.49007,48.16397]]},"properties":{"id":"sl_55dfbd34","name":"Königswegerl","kind":"street","a":[48.16059,11.48689],"b":[48.16397,11.49007],"length_m":444,"max_offset_m":0.4,"bearing_ab":32.2,"bearing_ba":212.2,"obstruction_toward_a_deg":2.36,"obstruction_toward_b_deg":0.45,"canyon":false,"featured":false,"notes":null,"osm_way_ids":[55189276],"bearing_bucket":"030-060","stroke":"#ff7f00","stroke-width":2,"stroke-opacity":0.9}},
{"type":"Feature","geometry":{"type":"LineString","coordinates":[[11.5976,48.14976],[11.60186,48.15492]]},"properties":{"id":"sl_560b074d","name":"Ifflandstraße","kind":"street","a":[48.14976,11.5976],"b":[48.15492,11.60186],"length_m":656,"max_offset_m":8.0,"bearing_ab":29.0,"bearing_ba":209.0,"obstruction_toward_a_deg":1.42,"obstruction_toward_b_deg":1.6,"canyon":false,"featured":false,"notes":null,"osm_way_ids":[19438408,19440094,38057575,51570609,150582536,157653351,298829443,1420663992,1501038527],"bearing_bucket":"000-030","stroke":"#e41a1c","stroke-width":2,"stroke-opacity":0.9}},
{"type":"Feature","geometry":{"type":"LineString","coordinates":[[11.61017,48.13237],[11.59871,48.12486]]},"properties":{"id":"sl_5670f08f","name":"Orleansstraße","kind":"street","a":[48.13237,11.61017],"b":[48.12486,11.59871],"length_m":1193,"max_offset_m":7.7,"bearing_ab":225.6,"bearing_ba":45.6,"obstruction_toward_a_deg":0.94,"obstruction_toward_b_deg":0.94,"canyon":false,"featured":false,"notes":null,"osm_way_ids":[30602630,30896165,31793560,59283986,63107695,77746928,113490129,114275402,189183930,189183931,343150187,395397960,396424244,1017223901,1446922842,1446923751,1526435051],"bearing_bucket":"030-060","stroke":"#ff7f00","stroke-width":2,"stroke-opacity":0.9}},
{"type":"Feature","geometry":{"type":"LineString","coordinates":[[11.64178,48.12462],[11.65315,48.12063]]},"properties":{"id":"sl_56b47810","name":"Josephsburgstraße","kind":"street","a":[48.12462,11.64178],"b":[48.12063,11.65315],"length_m":956,"max_offset_m":7.4,"bearing_ab":117.6,"bearing_ba":297.6,"obstruction_toward_a_deg":0.79,"obstruction_toward_b_deg":0.4,"canyon":true,"featured":false,"notes":null,"osm_way_ids":[3322139,3616774],"bearing_bucket":"090-120","stroke":"#4daf4a","stroke-width":2,"stroke-opacity":0.9}},
{"type":"Feature","geometry":{"type":"LineString","coordinates":[[11.52739,48.11728],[11.53122,48.12083]]},"properties":{"id":"sl_56de01c7","name":"Zillertalstraße","kind":"street","a":[48.11728,11.52739],"b":[48.12083,11.53122],"length_m":487,"max_offset_m":5.7,"bearing_ab":35.8,"bearing_ba":215.8,"obstruction_toward_a_deg":1.92,"obstruction_toward_b_deg":1.56,"canyon":false,"featured":false,"notes":null,"osm_way_ids":[158301590,368992149,1497717434,1497717435,1497717436,1497717439,1497718871],"bearing_bucket":"030-060","stroke":"#ff7f00","stroke-width":2,"stroke-opacity":0.9}},
{"type":"Feature","geometry":{"type":"LineString","coordinates":[[11.4884,48.15223],[11.48385,48.15422]]},"properties":{"id":"sl_56e497a5","name":null,"kind":"street","a":[48.15223,11.4884],"b":[48.15422,11.48385],"length_m":404,"max_offset_m":7.5,"bearing_ab":303.1,"bearing_ba":123.1,"obstruction_toward_a_deg":2.59,"obstruction_toward_b_deg":2.59,"canyon":false,"featured":false,"notes":null,"osm_way_ids":[158453924],"bearing_bucket":"120-150","stroke":"#377eb8","stroke-width":2,"stroke-opacity":0.9}},
{"type":"Feature","geometry":{"type":"LineString","coordinates":[[11.51104,48.16176],[11.50667,48.16396]]},"properties":{"id":"sl_57348b2b","name":"Menzinger Straße","kind":"street","a":[48.16176,11.51104],"b":[48.16396,11.50667],"length_m":406,"max_offset_m":7.7,"bearing_ab":307.0,"bearing_ba":127.0,"obstruction_toward_a_deg":1.17,"obstruction_toward_b_deg":1.4,"canyon":true,"featured":false,"notes":null,"osm_way_ids":[30909540,89360835,152409358,152409359,316126796,398429727],"bearing_bucket":"120-150","stroke":"#377eb8","stroke-width":2,"stroke-opacity":0.9}},
{"type":"Feature","geometry":{"type":"LineString","coordinates":[[11.51698,48.19574],[11.51118,48.19717]]},"properties":{"id":"sl_57762af0","name":"Trollblumenstraße","kind":"street","a":[48.19574,11.51698],"b":[48.19717,11.51118],"length_m":460,"max_offset_m":6.3,"bearing_ab":290.3,"bearing_ba":110.3,"obstruction_toward_a_deg":0.83,"obstruction_toward_b_deg":2.28,"canyon":true,"featured":false,"notes":null,"osm_way_ids":[712645934],"bearing_bucket":"090-120","stroke":"#4daf4a","stroke-width":2,"stroke-opacity":0.9}},
{"type":"Feature","geometry":{"type":"LineString","coordinates":[[11.56871,48.13456],[11.57332,48.13646]]},"properties":{"id":"sl_57c2a20c","name":"Sendlinger Straße","kind":"street","a":[48.13456,11.56871],"b":[48.13646,11.57332],"length_m":402,"max_offset_m":6.6,"bearing_ab":58.5,"bearing_ba":238.5,"obstruction_toward_a_deg":2.32,"obstruction_toward_b_deg":2.09,"canyon":true,"featured":false,"notes":null,"osm_way_ids":[3793492,159515144,159515145,858566687],"bearing_bucket":"030-060","stroke":"#ff7f00","stroke-width":2,"stroke-opacity":0.9}},
{"type":"Feature","geometry":{"type":"LineString","coordinates":[[11.62213,48.10271],[11.61486,48.10311]]},"properties":{"id":"sl_581c473f","name":"Adolf-Hackenberg-Straße","kind":"street","a":[48.10271,11.62213],"b":[48.10311,11.61486],"length_m":543,"max_offset_m":6.2,"bearing_ab":274.7,"bearing_ba":94.7,"obstruction_toward_a_deg":1.38,"obstruction_toward_b_deg":1.38,"canyon":true,"featured":false,"notes":null,"osm_way_ids":[496156855,496156858,839414389,839414400,839414401,839414402,839414435,839414436,839414437,839414438,839414458,839414459,839414460,839414461,839414478,839414479,841788517],"bearing_bucket":"090-120","stroke":"#4daf4a","stroke-width":2,"stroke-opacity":0.9}},
{"type":"Feature","geometry":{"type":"LineString","coordinates":[[11.48294,48.13243],[11.4851,48.13677]]},"properties":{"id":"sl_5820bb5f","name":"Willibaldstraße","kind":"street","a":[48.13243,11.48294],"b":[48.13677,11.4851],"length_m":509,"max_offset_m":7.8,"bearing_ab":18.4,"bearing_ba":198.4,"obstruction_toward_a_deg":0.75,"obstruction_toward_b_deg":1.11,"canyon":false,"featured":false,"notes":null,"osm_way_ids":[34554615,1210101029],"bearing_bucket":"000-030","stroke":"#e41a1c","stroke-width":2,"stroke-opacity":0.9}},
{"type":"Feature","geometry":{"type":"LineString","coordinates":[[11.55779,48.15088],[11.55461,48.14653]]},"properties":{"id":"sl_583b0d6f","name":"Sandstraße","kind":"street","a":[48.15088,11.55779],"b":[48.14653,11.55461],"length_m":539,"max_offset_m":5.3,"bearing_ab":206.0,"bearing_ba":26.0,"obstruction_toward_a_deg":2.07,"obstruction_toward_b_deg":1.56,"canyon":true,"featured":false,"notes":null,"osm_way_ids":[4000188,71001814,155039625,271889001,456746081,456746082,1418922359,1420375290],"bearing_bucket":"000-030","stroke":"#e41a1c","stroke-width":2,"stroke-opacity":0.9}},
{"type":"Feature","geometry":{"type":"LineString","coordinates":[[11.52628,48.1575],[11.51324,48.15705]]},"properties":{"id":"sl_589caf7c","name":"Prinzenstraße","kind":"street","a":[48.1575,11.52628],"b":[48.15705,11.51324],"length_m":971,"max_offset_m":0.8,"bearing_ab":267.1,"bearing_ba":87.0,"obstruction_toward_a_deg":0.77,"obstruction_toward_b_deg":1.08,"canyon":true,"featured":false,"notes":null,"osm_way_ids":[81965546,153369900,153369901,626396948,958559871],"bearing_bucket":"060-090","stroke":"#ffd92f","stroke-width":2,"stroke-opacity":0.9}},
{"type":"Feature","geometry":{"type":"LineString","coordinates":[[11.52784,48.15188],[11.52013,48.15097]]},"properties":{"id":"sl_590e8b9f","name":"Wendl-Dietrich-Straße","kind":"street","a":[48.15188,11.52784],"b":[48.15097,11.52013],"length_m":583,"max_offset_m":6.4,"bearing_ab":260.0,"bearing_ba":80.0,"obstruction_toward_a_deg":1.29,"obstruction_toward_b_deg":1.8,"canyon":true,"featured":false,"notes":null,"osm_way_ids":[193876092,195321831,340783854],"bearing_bucket":"060-090","stroke":"#ffd92f","stroke-width":2,"stroke-opacity":0.9}},
{"type":"Feature","geometry":{"type":"LineString","coordinates":[[11.56055,48.14239],[11.56636,48.14052]]},"properties":{"id":"sl_59626cd8","name":"Elisenstraße","kind":"street","a":[48.14239,11.56055],"b":[48.14052,11.56636],"length_m":480,"max_offset_m":7.2,"bearing_ab":115.6,"bearing_ba":295.6,"obstruction_toward_a_deg":2.32,"obstruction_toward_b_deg":1.94,"canyon":false,"featured":false,"notes":null,"osm_way_ids":[95667929,146913739,146913740,292950398,292950401,313579582,313579585,316009878,351388317,382744651,575067078,1415834717],"bearing_bucket":"090-120","stroke":"#4daf4a","stroke-width":2,"stroke-opacity":0.9}},
{"type":"Feature","geometry":{"type":"LineString","coordinates":[[11.45325,48.14691],[11.45571,48.15043]]},"properties":{"id":"sl_597a1ff7","name":"Lortzingstraße","kind":"street","a":[48.14691,11.45325],"b":[48.15043,11.45571],"length_m":432,"max_offset_m":8.0,"bearing_ab":25.0,"bearing_ba":205.0,"obstruction_toward_a_deg":2.37,"obstruction_toward_b_deg":2.16,"canyon":false,"featured":false,"notes":null,"osm_way_ids":[9247275,30599303,199787045,199787046],"bearing_bucket":"000-030","stroke":"#e41a1c","stroke-width":2,"stroke-opacity":0.9}},
{"type":"Feature","geometry":{"type":"LineString","coordinates":[[11.47871,48.11405],[11.47743,48.11036]]},"properties":{"id":"sl_59cc5316","name":"Heiglhofstraße","kind":"street","a":[48.11405,11.47871],"b":[48.11036,11.47743],"length_m":422,"max_offset_m":7.5,"bearing_ab":193.1,"bearing_ba":13.1,"obstruction_toward_a_deg":0.91,"obstruction_toward_b_deg":1.13,"canyon":true,"featured":false,"notes":null,"osm_way_ids":[1241359459,1392125595,1445969645,1445969646,1445969649,1445971516],"bearing_bucket":"000-030","stroke":"#e41a1c","stroke-width":2,"stroke-opacity":0.9}},
{"type":"Feature","geometry":{"type":"LineString","coordinates":[[11.53037,48.09987],[11.52229,48.09954]]},"properties":{"id":"sl_59f35990","name":"Boschetsrieder Straße","kind":"street","a":[48.09987,11.53037],"b":[48.09954,11.52229],"length_m":603,"max_offset_m":8.0,"bearing_ab":266.5,"bearing_ba":86.5,"obstruction_toward_a_deg":1.55,"obstruction_toward_b_deg":0.98,"canyon":false,"featured":false,"notes":null,"osm_way_ids":[63603586,70909736,70909737,142292423,185524469,185525034,185596164,185596170,381751041],"bearing_bucket":"060-090","stroke":"#ffd92f","stroke-width":2,"stroke-opacity":0.9}},
{"type":"Feature","geometry":{"type":"LineString","coordinates":[[11.48742,48.09555],[11.50038,48.10199]]},"properties":{"id":"sl_59fc9431","name":"Forst-Kasten-Allee","kind":"street","a":[48.09555,11.48742],"b":[48.10199,11.50038],"length_m":1202,"max_offset_m":6.9,"bearing_ab":53.4,"bearing_ba":233.4,"obstruction_toward_a_deg":0.87,"obstruction_toward_b_deg":0.87,"canyon":false,"featured":false,"notes":null,"osm_way_ids":[9188390],"bearing_bucket":"030-060","stroke":"#ff7f00","stroke-width":2,"stroke-opacity":0.9}},
{"type":"Feature","geometry":{"type":"LineString","coordinates":[[11.59482,48.14178],[11.58459,48.14387]]},"properties":{"id":"sl_5a3bf7bb","name":"Prinzregentenstraße","kind":"street","a":[48.14178,11.59482],"b":[48.14387,11.58459],"length_m":796,"max_offset_m":2.0,"bearing_ab":287.0,"bearing_ba":107.0,"obstruction_toward_a_deg":1.4,"obstruction_toward_b_deg":1.17,"canyon":false,"featured":false,"notes":null,"osm_way_ids":[18959384,31159465,31159467,31159471,32735993,145431468,145431469,146234214,444992652,444992653,1420705737,1420705738,1534202954],"bearing_bucket":"090-120","stroke":"#4daf4a","stroke-width":2,"stroke-opacity":0.9}},
{"type":"Feature","geometry":{"type":"LineString","coordinates":[[11.56974,48.15663],[11.56379,48.15694]]},"properties":{"id":"sl_5a4863fc","name":"Georgenstraße","kind":"street","a":[48.15663,11.56974],"b":[48.15694,11.56379],"length_m":444,"max_offset_m":5.7,"bearing_ab":274.5,"bearing_ba":94.5,"obstruction_toward_a_deg":1.69,"obstruction_toward_b_deg":2.1,"canyon":true,"featured":false,"notes":null,"osm_way_ids":[851113023,851113024,851113025],"bearing_bucket":"090-120","stroke":"#4daf4a","stroke-width":2,"stroke-opacity":0.9}},
{"type":"Feature","geometry":{"type":"LineString","coordinates":[[11.5169,48.11738],[11.5183,48.12095]]},"properties":{"id":"sl_5a71c4ba","name":"Garmischer Straße","kind":"street","a":[48.11738,11.5169],"b":[48.12095,11.5183],"length_m":411,"max_offset_m":5.2,"bearing_ab":14.7,"bearing_ba":194.7,"obstruction_toward_a_deg":2.27,"obstruction_toward_b_deg":1.38,"canyon":false,"featured":false,"notes":null,"osm_way_ids":[49075311,55461530,121104942,1488575583,1488575590,1488577498,1488577501,1488577502],"bearing_bucket":"000-030","stroke":"#e41a1c","stroke-width":2,"stroke-opacity":0.9}},
{"type":"Feature","geometry":{"type":"LineString","coordinates":[[11.59673,48.10513],[11.59452,48.11083]]},"properties":{"id":"sl_5aaa36d4","name":"Schwanseestraße","kind":"street","a":[48.10513,11.59673],"b":[48.11083,11.59452],"length_m":655,"max_offset_m":7.8,"bearing_ab":345.5,"bearing_ba":165.5,"obstruction_toward_a_deg":1.14,"obstruction_toward_b_deg":1.42,"canyon":false,"featured":false,"notes":null,"osm_way_ids":[32854653,32854656,38926861,63526292,143120475,147668927,260756030,260756031,260756032,260756033,260756034,260756035,260756036,260756037,804864667,804864668,1441634528,1441634531,1441639098,1441639099,1441639100,1441639101],"bearing_bucket":"150-180","stroke":"#984ea3","stroke-width":2,"stroke-opacity":0.9}},
{"type":"Feature","geometry":{"type":"LineString","coordinates":[[11.556,48.20932],[11.55629,48.21325]]},"properties":{"id":"sl_5add6b69","name":"Ittlingerstraße","kind":"street","a":[48.20932,11.556],"b":[48.21325,11.55629],"length_m":438,"max_offset_m":3.9,"bearing_ab":2.9,"bearing_ba":182.9,"obstruction_toward_a_deg":2.39,"obstruction_toward_b_deg":1.3,"canyon":true,"featured":false,"notes":null,"osm_way_ids":[32935902,256558049,744084270],"bearing_bucket":"000-030","stroke":"#e41a1c","stroke-width":2,"stroke-opacity":0.9}},
{"type":"Feature","geometry":{"type":"LineString","coordinates":[[11.59024,48.17683],[11.59456,48.18144]]},"properties":{"id":"sl_5aefcdf1","name":"Lyonel-Feininger-Straße","kind":"street","a":[48.17683,11.59024],"b":[48.18144,11.59456],"length_m":606,"max_offset_m":6.5,"bearing_ab":32.1,"bearing_ba":212.1,"obstruction_toward_a_deg":1.54,"obstruction_toward_b_deg":1.54,"canyon":false,"featured":false,"notes":null,"osm_way_ids":[5215845,13386388,68579866,114528483,263209614,392260127],"bearing_bucket":"030-060","stroke":"#ff7f00","stroke-width":2,"stroke-opacity":0.9}},
{"type":"Feature","geometry":{"type":"LineString","coordinates":[[11.52589,48.15882],[11.52772,48.15303]]},"properties":{"id":"sl_5b4dc92c","name":"Renatastraße","kind":"street","a":[48.15882,11.52589],"b":[48.15303,11.52772],"length_m":657,"max_offset_m":1.6,"bearing_ab":168.0,"bearing_ba":348.0,"obstruction_toward_a_deg":1.59,"obstruction_toward_b_deg":1.14,"canyon":false,"featured":false,"notes":null,"osm_way_ids":[81965555,114443012,152093787,1186534421,1186534542,1301328157],"bearing_bucket":"150-180","stroke":"#984ea3","stroke-width":2,"stroke-opacity":0.9}},
{"type":"Feature","geometry":{"type":"LineString","coordinates":[[11.50189,48.13543],[11.50939,48.13516]]},"properties":{"id":"sl_5b62f8dd","name":"Gotthardstraße","kind":"street","a":[48.13543,11.50189],"b":[48.13516,11.50939],"length_m":559,"max_offset_m":3.8,"bearing_ab":93.1,"bearing_ba":273.1,"obstruction_toward_a_deg":1.34,"obstruction_toward_b_deg":1.34,"canyon":true,"featured":false,"notes":null,"osm_way_ids":[4585941,4886833,153184477,220851264,1421510646,1421510647,1531683961],"bearing_bucket":"090-120","stroke":"#4daf4a","stroke-width":2,"stroke-opacity":0.9}},
{"type":"Feature","geometry":{"type":"LineString","coordinates":[[11.63396,48.1384],[11.62617,48.13818]]},"properties":{"id":"sl_5bbb7f14","name":"Zamdorfer Straße","kind":"street","a":[48.1384,11.63396],"b":[48.13818,11.62617],"length_m":580,"max_offset_m":6.9,"bearing_ab":267.6,"bearing_ba":87.6,"obstruction_toward_a_deg":1.81,"obstruction_toward_b_deg":0.66,"canyon":false,"featured":false,"notes":null,"osm_way_ids":[51442541,317414936,964898739],"bearing_bucket":"060-090","stroke":"#ffd92f","stroke-width":2,"stroke-opacity":0.9}},
{"type":"Feature","geometry":{"type":"LineString","coordinates":[[11.41029,48.1685],[11.41353,48.16379]]},"properties":{"id":"sl_5c1218d6","name":"Altostraße","kind":"street","a":[48.1685,11.41029],"b":[48.16379,11.41353],"length_m":577,"max_offset_m":7.9,"bearing_ab":155.3,"bearing_ba":335.3,"obstruction_toward_a_deg":0.67,"obstruction_toward_b_deg":0.67,"canyon":true,"featured":false,"notes":null,"osm_way_ids":[96214532,96214533,1139111195],"bearing_bucket":"150-180","stroke":"#984ea3","stroke-width":2,"stroke-opacity":0.9}},
{"type":"Feature","geometry":{"type":"LineString","coordinates":[[11.50372,48.1509],[11.50918,48.1503]]},"properties":{"id":"sl_5c2b26ec","name":"Walhallastraße","kind":"street","a":[48.1509,11.50372],"b":[48.1503,11.50918],"length_m":411,"max_offset_m":5.1,"bearing_ab":99.3,"bearing_ba":279.3,"obstruction_toward_a_deg":1.82,"obstruction_toward_b_deg":0.93,"canyon":true,"featured":false,"notes":null,"osm_way_ids":[4058997],"bearing_bucket":"090-120","stroke":"#4daf4a","stroke-width":2,"stroke-opacity":0.9}},
{"type":"Feature","geometry":{"type":"LineString","coordinates":[[11.55152,48.09072],[11.54726,48.08601]]},"properties":{"id":"sl_5c390f0a","name":"Hochleite","kind":"street","a":[48.09072,11.55152],"b":[48.08601,11.54726],"length_m":613,"max_offset_m":7.5,"bearing_ab":211.2,"bearing_ba":31.2,"obstruction_toward_a_deg":0.63,"obstruction_toward_b_deg":0.93,"canyon":false,"featured":false,"notes":null,"osm_way_ids":[303373684],"bearing_bucket":"030-060","stroke":"#ff7f00","stroke-width":2,"stroke-opacity":0.9}},
{"type":"Feature","geometry":{"type":"LineString","coordinates":[[11.56792,48.10059],[11.56539,48.09728]]},"properties":{"id":"sl_5c7a81b3","name":"Klobensteiner Straße","kind":"street","a":[48.10059,11.56792],"b":[48.09728,11.56539],"length_m":414,"max_offset_m":6.5,"bearing_ab":207.0,"bearing_ba":27.0,"obstruction_toward_a_deg":1.37,"obstruction_toward_b_deg":2.53,"canyon":true,"featured":false,"notes":null,"osm_way_ids":[4979206],"bearing_bucket":"000-030","stroke":"#e41a1c","stroke-width":2,"stroke-opacity":0.9}},
{"type":"Feature","geometry":{"type":"LineString","coordinates":[[11.43912,48.14501],[11.40694,48.14043]]},"properties":{"id":"sl_5ca808b8","name":"Bodenseestraße","kind":"street","a":[48.14501,11.43912],"b":[48.14043,11.40694],"length_m":2448,"max_offset_m":5.5,"bearing_ab":258.0,"bearing_ba":78.0,"obstruction_toward_a_deg":0.08,"obstruction_toward_b_deg":0.26,"canyon":false,"featured":false,"notes":null,"osm_way_ids":[4389030,30212893,30248935,56222688,193663858,341611912,341611920,341611925,341611929,341611932,341611936,341611942,341648785,341648786,341648787,341648788,341648789,341648792,341648793,341648795,341824942,341900021,814323847,814323848,908841001,1024679358,1024680918,1314918350],"bearing_bucket":"060-090","stroke":"#ffd92f","stroke-width":2,"stroke-opacity":0.9}},
{"type":"Feature","geometry":{"type":"LineString","coordinates":[[11.64876,48.12998],[11.64134,48.13197]]},"properties":{"id":"sl_5d227134","name":"Truderinger Straße","kind":"street","a":[48.12998,11.64876],"b":[48.13197,11.64134],"length_m":595,"max_offset_m":5.5,"bearing_ab":291.9,"bearing_ba":111.8,"obstruction_toward_a_deg":0.64,"obstruction_toward_b_deg":0.95,"canyon":false,"featured":false,"notes":null,"osm_way_ids":[89144228,163601527,168731755,495861671,495861678,495861689,495861695,1112096020,1112096021],"bearing_bucket":"090-120","stroke":"#4daf4a","stroke-width":2,"stroke-opacity":0.9}},
{"type":"Feature","geometry":{"type":"LineString","coordinates":[[11.633,48.11026],[11.63911,48.11014]]},"properties":{"id":"sl_5dcfdc15","name":"Staudingerstraße","kind":"street","a":[48.11026,11.633],"b":[48.11014,11.63911],"length_m":455,"max_offset_m":6.7,"bearing_ab":91.6,"bearing_ba":271.6,"obstruction_toward_a_deg":2.46,"obstruction_toward_b_deg":1.65,"canyon":false,"featured":false,"notes":null,"osm_way_ids":[23394535,23394536,144328219],"bearing_bucket":"090-120","stroke":"#4daf4a","stroke-width":2,"stroke-opacity":0.9}},
{"type":"Feature","geometry":{"type":"LineString","coordinates":[[11.47569,48.15746],[11.46978,48.15714]]},"properties":{"id":"sl_5e4e5055","name":null,"kind":"street","a":[48.15746,11.47569],"b":[48.15714,11.46978],"length_m":441,"max_offset_m":5.9,"bearing_ab":265.3,"bearing_ba":85.3,"obstruction_toward_a_deg":0.87,"obstruction_toward_b_deg":0.66,"canyon":false,"featured":false,"notes":null,"osm_way_ids":[47441063],"bearing_bucket":"060-090","stroke":"#ffd92f","stroke-width":2,"stroke-opacity":0.9}},
{"type":"Feature","geometry":{"type":"LineString","coordinates":[[11.58254,48.19268],[11.57635,48.19248]]},"properties":{"id":"sl_5eb9a120","name":"Hufelandstraße","kind":"street","a":[48.19268,11.58254],"b":[48.19248,11.57635],"length_m":461,"max_offset_m":5.9,"bearing_ab":267.3,"bearing_ba":87.3,"obstruction_toward_a_deg":0.83,"obstruction_toward_b_deg":1.03,"canyon":true,"featured":false,"notes":null,"osm_way_ids":[424185795,424185799,424185802,480532126],"bearing_bucket":"060-090","stroke":"#ffd92f","stroke-width":2,"stroke-opacity":0.9}},
{"type":"Feature","geometry":{"type":"LineString","coordinates":[[11.59787,48.20459],[11.59871,48.20895]]},"properties":{"id":"sl_5eefa4d5","name":"Am Wiesrain","kind":"street","a":[48.20459,11.59787],"b":[48.20895,11.59871],"length_m":488,"max_offset_m":1.4,"bearing_ab":7.4,"bearing_ba":187.4,"obstruction_toward_a_deg":0.79,"obstruction_toward_b_deg":2.15,"canyon":true,"featured":false,"notes":null,"osm_way_ids":[151928009],"bearing_bucket":"000-030","stroke":"#e41a1c","stroke-width":2,"stroke-opacity":0.9}},
{"type":"Feature","geometry":{"type":"LineString","coordinates":[[11.61187,48.20769],[11.61023,48.20346]]},"properties":{"id":"sl_5fb368ec","name":"Schlößlanger","kind":"street","a":[48.20769,11.61187],"b":[48.20346,11.61023],"length_m":486,"max_offset_m":2.5,"bearing_ab":194.5,"bearing_ba":14.5,"obstruction_toward_a_deg":2.16,"obstruction_toward_b_deg":2.16,"canyon":true,"featured":false,"notes":null,"osm_way_ids":[8154478],"bearing_bucket":"000-030","stroke":"#e41a1c","stroke-width":2,"stroke-opacity":0.9}},
{"type":"Feature","geometry":{"type":"LineString","coordinates":[[11.63801,48.2176],[11.64864,48.23453]]},"properties":{"id":"sl_5fbd77e4","name":"Isar-Schleißheimer Kanal","kind":"canal","a":[48.2176,11.63801],"b":[48.23453,11.64864],"length_m":2041,"max_offset_m":6.1,"bearing_ab":22.8,"bearing_ba":202.8,"obstruction_toward_a_deg":0.51,"obstruction_toward_b_deg":0.51,"canyon":false,"featured":false,"notes":null,"osm_way_ids":[14174557],"bearing_bucket":"000-030","stroke":"#e41a1c","stroke-width":2,"stroke-opacity":0.9}},
{"type":"Feature","geometry":{"type":"LineString","coordinates":[[11.61701,48.1142],[11.6203,48.12104]]},"properties":{"id":"sl_5fbdb063","name":"Innsbrucker Ring","kind":"street","a":[48.1142,11.61701],"b":[48.12104,11.6203],"length_m":799,"max_offset_m":7.6,"bearing_ab":17.9,"bearing_ba":197.9,"obstruction_toward_a_deg":0.25,"obstruction_toward_b_deg":1.17,"canyon":false,"featured":false,"notes":null,"osm_way_ids":[35039838,37665283,37665284,37666017,37666021,37798735,49915865,53298715,230251451,230251452,230251453,230251454,230251455,230359739,311181487,929661878],"bearing_bucket":"000-030","stroke":"#e41a1c","stroke-width":2,"stroke-opacity":0.9}},
{"type":"Feature","geometry":{"type":"LineString","coordinates":[[11.49519,48.08567],[11.49368,48.08182]]},"properties":{"id":"sl_5ff34293","name":"Forstenrieder Allee","kind":"street","a":[48.08567,11.49519],"b":[48.08182,11.49368],"length_m":444,"max_offset_m":7.8,"bearing_ab":194.7,"bearing_ba":14.7,"obstruction_toward_a_deg":0.87,"obstruction_toward_b_deg":0.87,"canyon":true,"featured":false,"notes":null,"osm_way_ids":[56249000,147558369,154959141,277526125,475545833,1387946677,1426861292,1426874412,1426874413],"bearing_bucket":"000-030","stroke":"#e41a1c","stroke-width":2,"stroke-opacity":0.9}},
{"type":"Feature","geometry":{"type":"LineString","coordinates":[[11.48937,48.11605],[11.48397,48.11611]]},"properties":{"id":"sl_6000c8f6","name":"Kruckenburgstraße","kind":"street","a":[48.11605,11.48937],"b":[48.11611,11.48397],"length_m":402,"max_offset_m":1.9,"bearing_ab":270.9,"bearing_ba":90.9,"obstruction_toward_a_deg":2.61,"obstruction_toward_b_deg":0.95,"canyon":true,"featured":false,"notes":null,"osm_way_ids":[17703809,1457148264],"bearing_bucket":"090-120","stroke":"#4daf4a","stroke-width":2,"stroke-opacity":0.9}},
{"type":"Feature","geometry":{"type":"LineString","coordinates":[[11.5613,48.16007],[11.56921,48.15887]]},"properties":{"id":"sl_60230ee7","name":"Elisabethstraße","kind":"street","a":[48.16007,11.5613],"b":[48.15887,11.56921],"length_m":603,"max_offset_m":7.9,"bearing_ab":102.7,"bearing_ba":282.7,"obstruction_toward_a_deg":1.24,"obstruction_toward_b_deg":1.7,"canyon":false,"featured":false,"notes":null,"osm_way_ids":[39322227,39322228,95854518,179690061,310719822,851166559,1420375294],"bearing_bucket":"090-120","stroke":"#4daf4a","stroke-width":2,"stroke-opacity":0.9}},
{"type":"Feature","geometry":{"type":"LineString","coordinates":[[11.44558,48.18209],[11.45363,48.18424]]},"properties":{"id":"sl_60345479","name":"Theodor-Fischer-Straße","kind":"street","a":[48.18209,11.44558],"b":[48.18424,11.45363],"length_m":645,"max_offset_m":6.5,"bearing_ab":68.2,"bearing_ba":248.2,"obstruction_toward_a_deg":1.63,"obstruction_toward_b_deg":0.45,"canyon":true,"featured":false,"notes":null,"osm_way_ids":[18835248,1456325237],"bearing_bucket":"060-090","stroke":"#ffd92f","stroke-width":2,"stroke-opacity":0.9}},
{"type":"Feature","geometry":{"type":"LineString","coordinates":[[11.67441,48.15688],[11.67894,48.16102]]},"properties":{"id":"sl_6038e747","name":"Dornacher Weg","kind":"street","a":[48.15688,11.67441],"b":[48.16102,11.67894],"length_m":571,"max_offset_m":7.5,"bearing_ab":36.2,"bearing_ba":216.2,"obstruction_toward_a_deg":1.84,"obstruction_toward_b_deg":1.84,"canyon":false,"featured":false,"notes":null,"osm_way_ids":[8468713,8468717,1078848302],"bearing_bucket":"030-060","stroke":"#ff7f00","stroke-width":2,"stroke-opacity":0.9}},
{"type":"Feature","geometry":{"type":"LineString","coordinates":[[11.49554,48.13782],[11.48948,48.13819]]},"properties":{"id":"sl_60481498","name":"Valpichlerstraße","kind":"street","a":[48.13782,11.49554],"b":[48.13819,11.48948],"length_m":453,"max_offset_m":7.9,"bearing_ab":275.2,"bearing_ba":95.2,"obstruction_toward_a_deg":1.25,"obstruction_toward_b_deg":0.85,"canyon":true,"featured":false,"notes":null,"osm_way_ids":[4218705,262201842],"bearing_bucket":"090-120","stroke":"#4daf4a","stroke-width":2,"stroke-opacity":0.9}},
{"type":"Feature","geometry":{"type":"LineString","coordinates":[[11.65366,48.13969],[11.65921,48.14059]]},"properties":{"id":"sl_60635bad","name":"Riemer Straße","kind":"street","a":[48.13969,11.65366],"b":[48.14059,11.65921],"length_m":426,"max_offset_m":7.8,"bearing_ab":76.4,"bearing_ba":256.4,"obstruction_toward_a_deg":2.46,"obstruction_toward_b_deg":2.46,"canyon":false,"featured":false,"notes":null,"osm_way_ids":[10441259,86327470,943588758,943588759,943588760,943588761,943588762,943588763],"bearing_bucket":"060-090","stroke":"#ffd92f","stroke-width":2,"stroke-opacity":0.9}},
{"type":"Feature","geometry":{"type":"LineString","coordinates":[[11.59208,48.18788],[11.58291,48.18785]]},"properties":{"id":"sl_606901f4","name":"Frankfurter Ring","kind":"street","a":[48.18788,11.59208],"b":[48.18785,11.58291],"length_m":682,"max_offset_m":8.0,"bearing_ab":269.7,"bearing_ba":89.7,"obstruction_toward_a_deg":1.91,"obstruction_toward_b_deg":1.37,"canyon":false,"featured":false,"notes":null,"osm_way_ids":[10319303,10319304,36945842,36945843,1106174414,1106174415,1106174416,1106174417,1106174418],"bearing_bucket":"060-090","stroke":"#ffd92f","stroke-width":2,"stroke-opacity":0.9}},
{"type":"Feature","geometry":{"type":"LineString","coordinates":[[11.57589,48.12822],[11.58154,48.13343]]},"properties":{"id":"sl_609c344a","name":"Baaderstraße","kind":"street","a":[48.12822,11.57589],"b":[48.13343,11.58154],"length_m":716,"max_offset_m":4.0,"bearing_ab":35.9,"bearing_ba":215.9,"obstruction_toward_a_deg":1.05,"obstruction_toward_b_deg":1.43,"canyon":true,"featured":false,"notes":null,"osm_way_ids":[4662374,30923287,331340037,1191544258,1191544259],"bearing_bucket":"030-060","stroke":"#ff7f00","stroke-width":2,"stroke-opacity":0.9}},
{"type":"Feature","geometry":{"type":"LineString","coordinates":[[11.49221,48.11686],[11.48583,48.11694]]},"properties":{"id":"sl_616c9e1c","name":"Gräfelfinger Straße","kind":"street","a":[48.11686,11.49221],"b":[48.11694,11.48583],"length_m":475,"max_offset_m":7.7,"bearing_ab":271.1,"bearing_ba":91.1,"obstruction_toward_a_deg":1.58,"obstruction_toward_b_deg":0.81,"canyon":true,"featured":false,"notes":null,"osm_way_ids":[243491868,1457133638,1457133639,1457133640,1457133641,1457133642,1457133645,1457133646,1457133647,1457133648,1457133649,1457133651,1457133652,1457133653],"bearing_bucket":"090-120","stroke":"#4daf4a","stroke-width":2,"stroke-opacity":0.9}},
{"type":"Feature","geometry":{"type":"LineString","coordinates":[[11.42414,48.15352],[11.42633,48.14994]]},"properties":{"id":"sl_616f519c","name":"Hagenbacher Straße","kind":"street","a":[48.15352,11.42414],"b":[48.14994,11.42633],"length_m":430,"max_offset_m":6.3,"bearing_ab":157.7,"bearing_ba":337.7,"obstruction_toward_a_deg":0.89,"obstruction_toward_b_deg":0.89,"canyon":true,"featured":false,"notes":null,"osm_way_ids":[2413525,27233369],"bearing_bucket":"150-180","stroke":"#984ea3","stroke-width":2,"stroke-opacity":0.9}},
{"type":"Feature","geometry":{"type":"LineString","coordinates":[[11.58798,48.0948],[11.59246,48.08652]]},"properties":{"id":"sl_61802a59","name":"Tegernseer Landstraße","kind":"street","a":[48.0948,11.58798],"b":[48.08652,11.59246],"length_m":979,"max_offset_m":4.9,"bearing_ab":160.1,"bearing_ba":340.1,"obstruction_toward_a_deg":0.39,"obstruction_toward_b_deg":1.07,"canyon":false,"featured":false,"notes":null,"osm_way_ids":[11543324,11543326,43331018,366051012,1016944808],"bearing_bucket":"150-180","stroke":"#984ea3","stroke-width":2,"stroke-opacity":0.9}},
{"type":"Feature","geometry":{"type":"LineString","coordinates":[[11.42858,48.13528],[11.43108,48.13108]]},"properties":{"id":"sl_61ea1042","name":null,"kind":"street","a":[48.13528,11.42858],"b":[48.13108,11.43108],"length_m":503,"max_offset_m":7.9,"bearing_ab":158.4,"bearing_ba":338.4,"obstruction_toward_a_deg":2.08,"obstruction_toward_b_deg":2.08,"canyon":false,"featured":false,"notes":null,"osm_way_ids":[1498880227,1498880241],"bearing_bucket":"150-180","stroke":"#984ea3","stroke-width":2,"stroke-opacity":0.9}},
{"type":"Feature","geometry":{"type":"LineString","coordinates":[[11.40471,48.14901],[11.40787,48.15517]]},"properties":{"id":"sl_61f08e47","name":"Aubinger Allee","kind":"street","a":[48.14901,11.40471],"b":[48.15517,11.40787],"length_m":724,"max_offset_m":8.0,"bearing_ab":18.9,"bearing_ba":198.9,"obstruction_toward_a_deg":1.29,"obstruction_toward_b_deg":1.45,"canyon":false,"featured":false,"notes":null,"osm_way_ids":[465242210,996616869,1315568359,1315568360,1391138014],"bearing_bucket":"000-030","stroke":"#e41a1c","stroke-width":2,"stroke-opacity":0.9}},
{"type":"Feature","geometry":{"type":"LineString","coordinates":[[11.5922,48.1778],[11.59699,48.18279]]},"properties":{"id":"sl_620c111f","name":null,"kind":"street","a":[48.1778,11.5922],"b":[48.18279,11.59699],"length_m":659,"max_offset_m":1.0,"bearing_ab":32.7,"bearing_ba":212.7,"obstruction_toward_a_deg":1.56,"obstruction_toward_b_deg":0.53,"canyon":false,"featured":false,"notes":null,"osm_way_ids":[5215914],"bearing_bucket":"030-060","stroke":"#ff7f00","stroke-width":2,"stroke-opacity":0.9}},
{"type":"Feature","geometry":{"type":"LineString","coordinates":[[11.54734,48.13927],[11.52299,48.14089]]},"properties":{"id":"sl_620ca713","name":"Landsberger Straße","kind":"street","a":[48.13927,11.54734],"b":[48.14089,11.52299],"length_m":1821,"max_offset_m":7.2,"bearing_ab":275.7,"bearing_ba":95.7,"obstruction_toward_a_deg":0.51,"obstruction_toward_b_deg":0.51,"canyon":false,"featured":false,"notes":null,"osm_way_ids":[10100891,33487057,47056807,69810212,133184448,151847531,290397695,300081440,300081443,310827995,316068183,316068184,316110474,316110477,316110478,316110480,316110488,342525305,1421494354,1421494355,1421494356,1421494357],"bearing_bucket":"090-120","stroke":"#4daf4a","stroke-width":2,"stroke-opacity":0.9}},
{"type":"Feature","geometry":{"type":"LineString","coordinates":[[11.62249,48.14849],[11.63329,48.14659]]},"properties":{"id":"sl_6281511b","name":"Denninger Straße","kind":"street","a":[48.14849,11.62249],"b":[48.14659,11.63329],"length_m":830,"max_offset_m":6.2,"bearing_ab":104.7,"bearing_ba":284.7,"obstruction_toward_a_deg":1.79,"obstruction_toward_b_deg":1.26,"canyon":false,"featured":false,"notes":null,"osm_way_ids":[3960471,63108718,132237166,1420663997,1420664000,1420664001],"bearing_bucket":"090-120","stroke":"#4daf4a","stroke-width":2,"stroke-opacity":0.9}},
{"type":"Feature","geometry":{"type":"LineString","coordinates":[[11.52494,48.08573],[11.51883,48.08583]]},"properties":{"id":"sl_629cf83a","name":"Becker-Gundahl-Straße","kind":"street","a":[48.08573,11.52494],"b":[48.08583,11.51883],"length_m":456,"max_offset_m":7.8,"bearing_ab":271.4,"bearing_ba":91.4,"obstruction_toward_a_deg":0.84,"obstruction_toward_b_deg":0.84,"canyon":true,"featured":false,"notes":null,"osm_way_ids":[35681817,1234574727,1430337921,1430337922],"bearing_bucket":"090-120","stroke":"#4daf4a","stroke-width":2,"stroke-opacity":0.9}},
{"type":"Feature","geometry":{"type":"LineString","coordinates":[[11.51621,48.17266],[11.52258,48.17277]]},"properties":{"id":"sl_62a8a452","name":null,"kind":"street","a":[48.17266,11.51621],"b":[48.17277,11.52258],"length_m":474,"max_offset_m":6.7,"bearing_ab":88.5,"bearing_ba":268.5,"obstruction_toward_a_deg":2.21,"obstruction_toward_b_deg":2.21,"canyon":false,"featured":false,"notes":null,"osm_way_ids":[15687747],"bearing_bucket":"060-090","stroke":"#ffd92f","stroke-width":2,"stroke-opacity":0.9}},
{"type":"Feature","geometry":{"type":"LineString","coordinates":[[11.60976,48.16611],[11.60236,48.16018]]},"properties":{"id":"sl_63089901","name":"Gyßlingstraße","kind":"street","a":[48.16611,11.60976],"b":[48.16018,11.60236],"length_m":859,"max_offset_m":7.6,"bearing_ab":219.9,"bearing_ba":39.9,"obstruction_toward_a_deg":0.45,"obstruction_toward_b_deg":1.22,"canyon":false,"featured":false,"notes":null,"osm_way_ids":[34240118],"bearing_bucket":"030-060","stroke":"#ff7f00","stroke-width":2,"stroke-opacity":0.9}},
{"type":"Feature","geometry":{"type":"LineString","coordinates":[[11.5041,48.09425],[11.49795,48.09498]]},"properties":{"id":"sl_633f6a5c","name":"Züricher Straße","kind":"street","a":[48.09425,11.5041],"b":[48.09498,11.49795],"length_m":465,"max_offset_m":6.6,"bearing_ab":280.0,"bearing_ba":100.0,"obstruction_toward_a_deg":1.02,"obstruction_toward_b_deg":0.82,"canyon":false,"featured":false,"notes":null,"osm_way_ids":[56254761,56254764,56428442,63965195,145038751,145038752,149962027,149962029,155720256,295881547,297892685,1425350933,1426240511,1426241977,1426244266,1426244267,1426244268],"bearing_bucket":"090-120","stroke":"#4daf4a","stroke-width":2,"stroke-opacity":0.9}},
{"type":"Feature","geometry":{"type":"LineString","coordinates":[[11.69416,48.13533],[11.70295,48.13541]]},"properties":{"id":"sl_636807a9","name":null,"kind":"street","a":[48.13533,11.69416],"b":[48.13541,11.70295],"length_m":654,"max_offset_m":3.8,"bearing_ab":89.2,"bearing_ba":269.2,"obstruction_toward_a_deg":0.74,"obstruction_toward_b_deg":1.17,"canyon":true,"featured":false,"notes":null,"osm_way_ids":[349881358],"bearing_bucket":"060-090","stroke":"#ffd92f","stroke-width":2,"stroke-opacity":0.9}},
{"type":"Feature","geometry":{"type":"LineString","coordinates":[[11.45445,48.20507],[11.44433,48.20467]]},"properties":{"id":"sl_63703c72","name":"Lippweg","kind":"street","a":[48.20507,11.45445],"b":[48.20467,11.44433],"length_m":753,"max_offset_m":5.2,"bearing_ab":266.6,"bearing_ba":86.6,"obstruction_toward_a_deg":1.39,"obstruction_toward_b_deg":1.39,"canyon":false,"featured":false,"notes":null,"osm_way_ids":[32444618,159239677],"bearing_bucket":"060-090","stroke":"#ffd92f","stroke-width":2,"stroke-opacity":0.9}},
{"type":"Feature","geometry":{"type":"LineString","coordinates":[[11.51139,48.13697],[11.50312,48.13744]]},"properties":{"id":"sl_639a8dd7","name":"Valpichlerstraße","kind":"street","a":[48.13697,11.51139],"b":[48.13744,11.50312],"length_m":618,"max_offset_m":7.2,"bearing_ab":274.8,"bearing_ba":94.8,"obstruction_toward_a_deg":0.92,"obstruction_toward_b_deg":1.51,"canyon":true,"featured":false,"notes":null,"osm_way_ids":[4515611,237418956,237421404],"bearing_bucket":"090-120","stroke":"#4daf4a","stroke-width":2,"stroke-opacity":0.9}},
{"type":"Feature","geometry":{"type":"LineString","coordinates":[[11.4106,48.1744],[11.40936,48.17031]]},"properties":{"id":"sl_63ca882a","name":"Am Loferfeld","kind":"street","a":[48.1744,11.4106],"b":[48.17031,11.40936],"length_m":464,"max_offset_m":0.9,"bearing_ab":191.4,"bearing_ba":11.4,"obstruction_toward_a_deg":0.83,"obstruction_toward_b_deg":0.43,"canyon":true,"featured":false,"notes":null,"osm_way_ids":[176147567],"bearing_bucket":"000-030","stroke":"#e41a1c","stroke-width":2,"stroke-opacity":0.9}},
{"type":"Feature","geometry":{"type":"LineString","coordinates":[[11.64181,48.15667],[11.64069,48.15054]]},"properties":{"id":"sl_63d537d8","name":"Ostpreußenstraße","kind":"street","a":[48.15667,11.64181],"b":[48.15054,11.64069],"length_m":686,"max_offset_m":8.0,"bearing_ab":187.0,"bearing_ba":7.0,"obstruction_toward_a_deg":0.96,"obstruction_toward_b_deg":0.56,"canyon":true,"featured":false,"notes":null,"osm_way_ids":[8133921,26697528,380399938],"bearing_bucket":"000-030","stroke":"#e41a1c","stroke-width":2,"stroke-opacity":0.9}},
{"type":"Feature","geometry":{"type":"LineString","coordinates":[[11.49413,48.18645],[11.49929,48.18817]]},"properties":{"id":"sl_6414be96","name":"Moosanger","kind":"street","a":[48.18645,11.49413],"b":[48.18817,11.49929],"length_m":428,"max_offset_m":3.4,"bearing_ab":63.5,"bearing_ba":243.5,"obstruction_toward_a_deg":0.47,"obstruction_toward_b_deg":2.45,"canyon":false,"featured":false,"notes":null,"osm_way_ids":[30697116,391351228,1276235774],"bearing_bucket":"060-090","stroke":"#ffd92f","stroke-width":2,"stroke-opacity":0.9}},
{"type":"Feature","geometry":{"type":"LineString","coordinates":[[11.67384,48.12304],[11.67913,48.12043]]},"properties":{"id":"sl_64254974","name":"Ickelsamerstraße","kind":"street","a":[48.12304,11.67384],"b":[48.12043,11.67913],"length_m":489,"max_offset_m":4.0,"bearing_ab":126.3,"bearing_ba":306.3,"obstruction_toward_a_deg":2.14,"obstruction_toward_b_deg":0.78,"canyon":true,"featured":false,"notes":null,"osm_way_ids":[3979003],"bearing_bucket":"120-150","stroke":"#377eb8","stroke-width":2,"stroke-opacity":0.9}},
{"type":"Feature","geometry":{"type":"LineString","coordinates":[[11.53477,48.14643],[11.53299,48.15227]]},"properties":{"id":"sl_6425cfed","name":"Donnersbergerstraße","kind":"street","a":[48.14643,11.53477],"b":[48.15227,11.53299],"length_m":662,"max_offset_m":7.7,"bearing_ab":348.4,"bearing_ba":168.4,"obstruction_toward_a_deg":1.13,"obstruction_toward_b_deg":1.13,"canyon":true,"featured":false,"notes":null,"osm_way_ids":[4081172,475151742,1421479978,1421479980],"bearing_bucket":"150-180","stroke":"#984ea3","stroke-width":2,"stroke-opacity":0.9}},
{"type":"Feature","geometry":{"type":"LineString","coordinates":[[11.56318,48.18222],[11.56203,48.18849]]},"properties":{"id":"sl_6445c73a","name":"Riesenfeldstraße","kind":"street","a":[48.18222,11.56318],"b":[48.18849,11.56203],"length_m":702,"max_offset_m":7.3,"bearing_ab":353.0,"bearing_ba":173.0,"obstruction_toward_a_deg":1.33,"obstruction_toward_b_deg":1.07,"canyon":false,"featured":false,"notes":null,"osm_way_ids":[4482478,33954499,49912707,90236829,276642032,276642033,448713877,1068794938,1428933220],"bearing_bucket":"150-180","stroke":"#984ea3","stroke-width":2,"stroke-opacity":0.9}},
{"type":"Feature","geometry":{"type":"LineString","coordinates":[[11.59361,48.09575],[11.60027,48.09745]]},"properties":{"id":"sl_644d0dc9","name":null,"kind":"street","a":[48.09575,11.59361],"b":[48.09745,11.60027],"length_m":531,"max_offset_m":1.0,"bearing_ab":69.1,"bearing_ba":249.1,"obstruction_toward_a_deg":1.07,"obstruction_toward_b_deg":1.98,"canyon":false,"featured":false,"notes":null,"osm_way_ids":[103441923],"bearing_bucket":"060-090","stroke":"#ffd92f","stroke-width":2,"stroke-opacity":0.9}},
{"type":"Feature","geometry":{"type":"LineString","coordinates":[[11.45777,48.18968],[11.4555,48.1945]]},"properties":{"id":"sl_6464cda8","name":"Franz-Albert-Straße","kind":"street","a":[48.18968,11.45777],"b":[48.1945,11.4555],"length_m":561,"max_offset_m":5.8,"bearing_ab":342.5,"bearing_ba":162.4,"obstruction_toward_a_deg":1.87,"obstruction_toward_b_deg":0.68,"canyon":true,"featured":false,"notes":null,"osm_way_ids":[9662092],"bearing_bucket":"150-180","stroke":"#984ea3","stroke-width":2,"stroke-opacity":0.9}},
{"type":"Feature","geometry":{"type":"LineString","coordinates":[[11.62297,48.15688],[11.61614,48.15856]]},"properties":{"id":"sl_6479008b","name":"Odinstraße","kind":"street","a":[48.15688,11.62297],"b":[48.15856,11.61614],"length_m":541,"max_offset_m":1.4,"bearing_ab":290.2,"bearing_ba":110.2,"obstruction_toward_a_deg":0.71,"obstruction_toward_b_deg":0.54,"canyon":true,"featured":false,"notes":null,"osm_way_ids":[23083313,278204189,382950404],"bearing_bucket":"090-120","stroke":"#4daf4a","stroke-width":2,"stroke-opacity":0.9}},
{"type":"Feature","geometry":{"type":"LineString","coordinates":[[11.6944,48.13746],[11.70267,48.13751]]},"properties":{"id":"sl_648dcc60","name":null,"kind":"street","a":[48.13746,11.6944],"b":[48.13751,11.70267],"length_m":616,"max_offset_m":0.1,"bearing_ab":89.5,"bearing_ba":269.5,"obstruction_toward_a_deg":1.14,"obstruction_toward_b_deg":1.14,"canyon":true,"featured":false,"notes":null,"osm_way_ids":[53102864],"bearing_bucket":"060-090","stroke":"#ffd92f","stroke-width":2,"stroke-opacity":0.9}},
{"type":"Feature","geometry":{"type":"LineString","coordinates":[[11.65123,48.12583],[11.65664,48.12615]]},"properties":{"id":"sl_64acf928","name":"Halfinger Straße","kind":"street","a":[48.12583,11.65123],"b":[48.12615,11.65664],"length_m":404,"max_offset_m":7.7,"bearing_ab":84.8,"bearing_ba":264.8,"obstruction_toward_a_deg":0.95,"obstruction_toward_b_deg":0.5,"canyon":true,"featured":false,"notes":null,"osm_way_ids":[3615979,56680704,159490641],"bearing_bucket":"060-090","stroke":"#ffd92f","stroke-width":2,"stroke-opacity":0.9}},
{"type":"Feature","geometry":{"type":"LineString","coordinates":[[11.60239,48.15339],[11.61928,48.17187]]},"properties":{"id":"sl_64d0424a","name":"Isar","kind":"river","a":[48.15339,11.60239],"b":[48.17187,11.61928],"length_m":2408,"max_offset_m":5.9,"bearing_ab":31.4,"bearing_ba":211.4,"obstruction_toward_a_deg":0.44,"obstruction_toward_b_deg":0.44,"canyon":false,"featured":false,"notes":null,"osm_way_ids":[25554657,41734234,41734235],"bearing_bucket":"030-060","stroke":"#ff7f00","stroke-width":2,"stroke-opacity":0.9}},
{"type":"Feature","geometry":{"type":"LineString","coordinates":[[11.5526,48.15533],[11.54504,48.15111]]},"properties":{"id":"sl_64d92860","name":"Lazarettstraße","kind":"street","a":[48.15533,11.5526],"b":[48.15111,11.54504],"length_m":733,"max_offset_m":4.6,"bearing_ab":230.2,"bearing_ba":50.2,"obstruction_toward_a_deg":1.15,"obstruction_toward_b_deg":1.02,"canyon":false,"featured":false,"notes":null,"osm_way_ids":[58312556,303513099,501462498,501462499,560341945,1105553618,1105553662],"bearing_bucket":"030-060","stroke":"#ff7f00","stroke-width":2,"stroke-opacity":0.9}},
{"type":"Feature","geometry":{"type":"LineString","coordinates":[[11.59695,48.10697],[11.60365,48.1085]]},"properties":{"id":"sl_64ea8d18","name":"Chiemgaustraße","kind":"street","a":[48.10697,11.59695],"b":[48.1085,11.60365],"length_m":527,"max_offset_m":7.6,"bearing_ab":71.2,"bearing_ba":251.2,"obstruction_toward_a_deg":1.77,"obstruction_toward_b_deg":1.42,"canyon":false,"featured":false,"notes":null,"osm_way_ids":[42694477,260756021,260756022,804864662,804864663,804864664,804864669,804864670,804864672],"bearing_bucket":"060-090","stroke":"#ffd92f","stroke-width":2,"stroke-opacity":0.9}},
{"type":"Feature","geometry":{"type":"LineString","coordinates":[[11.4548,48.18245],[11.46042,48.18348]]},"properties":{"id":"sl_64ef2c65","name":"Auenbruggerstraße","kind":"street","a":[48.18245,11.4548],"b":[48.18348,11.46042],"length_m":434,"max_offset_m":3.9,"bearing_ab":74.6,"bearing_ba":254.6,"obstruction_toward_a_deg":2.42,"obstruction_toward_b_deg":2.42,"canyon":false,"featured":false,"notes":null,"osm_way_ids":[32821317,36719147,36719148],"bearing_bucket":"060-090","stroke":"#ffd92f","stroke-width":2,"stroke-opacity":0.9}},
{"type":"Feature","geometry":{"type":"LineString","coordinates":[[11.57472,48.10934],[11.57046,48.10538]]},"properties":{"id":"sl_652507c3","name":"Grünwalder Straße","kind":"street","a":[48.10934,11.57472],"b":[48.10538,11.57046],"length_m":543,"max_offset_m":8.0,"bearing_ab":215.7,"bearing_ba":35.7,"obstruction_toward_a_deg":1.04,"obstruction_toward_b_deg":1.38,"canyon":false,"featured":false,"notes":null,"osm_way_ids":[314501982,314501984,341311820,341311821,1436217727,1436217728,1436217729,1436219278,1436220361],"bearing_bucket":"030-060","stroke":"#ff7f00","stroke-width":2,"stroke-opacity":0.9}},
{"type":"Feature","geometry":{"type":"LineString","coordinates":[[11.56758,48.18127],[11.57149,48.17857]]},"properties":{"id":"sl_6553fe7b","name":"Nietzschestraße","kind":"street","a":[48.18127,11.56758],"b":[48.17857,11.57149],"length_m":418,"max_offset_m":5.4,"bearing_ab":136.0,"bearing_ba":316.0,"obstruction_toward_a_deg":1.8,"obstruction_toward_b_deg":1.36,"canyon":true,"featured":false,"notes":null,"osm_way_ids":[27998197,122553737,1392679013],"bearing_bucket":"120-150","stroke":"#377eb8","stroke-width":2,"stroke-opacity":0.9}},
{"type":"Feature","geometry":{"type":"LineString","coordinates":[[11.48045,48.09666],[11.47648,48.10336]]},"properties":{"id":"sl_658beb8b","name":"Tischlerstraße","kind":"street","a":[48.09666,11.48045],"b":[48.10336,11.47648],"length_m":802,"max_offset_m":6.6,"bearing_ab":338.4,"bearing_ba":158.4,"obstruction_toward_a_deg":0.25,"obstruction_toward_b_deg":1.31,"canyon":false,"featured":false,"notes":null,"osm_way_ids":[14187414,53106692,1425250942],"bearing_bucket":"150-180","stroke":"#984ea3","stroke-width":2,"stroke-opacity":0.9}},
{"type":"Feature","geometry":{"type":"LineString","coordinates":[[11.59654,48.08806],[11.60313,48.08936]]},"properties":{"id":"sl_65a23000","name":"Pennstraße","kind":"street","a":[48.08806,11.59654],"b":[48.08936,11.60313],"length_m":512,"max_offset_m":7.7,"bearing_ab":73.6,"bearing_ba":253.6,"obstruction_toward_a_deg":1.11,"obstruction_toward_b_deg":0.75,"canyon":true,"featured":false,"notes":null,"osm_way_ids":[154916174],"bearing_bucket":"060-090","stroke":"#ffd92f","stroke-width":2,"stroke-opacity":0.9}},
{"type":"Feature","geometry":{"type":"LineString","coordinates":[[11.58444,48.20174],[11.58523,48.20575]]},"properties":{"id":"sl_65df4d39","name":"Starenweg","kind":"street","a":[48.20174,11.58444],"b":[48.20575,11.58523],"length_m":450,"max_offset_m":3.5,"bearing_ab":7.5,"bearing_ba":187.5,"obstruction_toward_a_deg":0.45,"obstruction_toward_b_deg":0.45,"canyon":true,"featured":false,"notes":null,"osm_way_ids":[7382867],"bearing_bucket":"000-030","stroke":"#e41a1c","stroke-width":2,"stroke-opacity":0.9}},
{"type":"Feature","geometry":{"type":"LineString","coordinates":[[11.51183,48.15559],[11.52301,48.1561]]},"properties":{"id":"sl_65fbf5ce","name":"Romanstraße","kind":"street","a":[48.15559,11.51183],"b":[48.1561,11.52301],"length_m":833,"max_offset_m":7.9,"bearing_ab":86.1,"bearing_ba":266.1,"obstruction_toward_a_deg":0.79,"obstruction_toward_b_deg":0.46,"canyon":true,"featured":false,"notes":null,"osm_way_ids":[120208454,218872582,1176949329],"bearing_bucket":"060-090","stroke":"#ffd92f","stroke-width":2,"stroke-opacity":0.9}},
{"type":"Feature","geometry":{"type":"LineString","coordinates":[[11.48929,48.08652],[11.49294,48.09026]]},"properties":{"id":"sl_66262e7b","name":"Karl-Valentin-Straße","kind":"street","a":[48.08652,11.48929],"b":[48.09026,11.49294],"length_m":497,"max_offset_m":1.9,"bearing_ab":33.1,"bearing_ba":213.2,"obstruction_toward_a_deg":0.77,"obstruction_toward_b_deg":0.77,"canyon":true,"featured":false,"notes":null,"osm_way_ids":[158254934,1180201946,1426869188,1426869189,1426869192],"bearing_bucket":"030-060","stroke":"#ff7f00","stroke-width":2,"stroke-opacity":0.9}},
{"type":"Feature","geometry":{"type":"LineString","coordinates":[[11.52699,48.08118],[11.52883,48.08582]]},"properties":{"id":"sl_6670a523","name":null,"kind":"street","a":[48.08118,11.52699],"b":[48.08582,11.52883],"length_m":534,"max_offset_m":5.2,"bearing_ab":14.9,"bearing_ba":194.9,"obstruction_toward_a_deg":0.72,"obstruction_toward_b_deg":0.38,"canyon":true,"featured":false,"notes":null,"osm_way_ids":[158329875],"bearing_bucket":"000-030","stroke":"#e41a1c","stroke-width":2,"stroke-opacity":0.9}},
{"type":"Feature","geometry":{"type":"LineString","coordinates":[[11.63473,48.09089],[11.64026,48.08966]]},"properties":{"id":"sl_6699ebfb","name":"Rudolf-Zorn-Straße","kind":"street","a":[48.09089,11.63473],"b":[48.08966,11.64026],"length_m":434,"max_offset_m":6.5,"bearing_ab":108.4,"bearing_ba":288.4,"obstruction_toward_a_deg":1.73,"obstruction_toward_b_deg":2.57,"canyon":false,"featured":false,"notes":null,"osm_way_ids":[4083295,28606952,282753026,1073733970,1271094345],"bearing_bucket":"090-120","stroke":"#4daf4a","stroke-width":2,"stroke-opacity":0.9}},
{"type":"Feature","geometry":{"type":"LineString","coordinates":[[11.57727,48.20523],[11.57718,48.2012]]},"properties":{"id":"sl_67353723","name":"Dientzenhoferstraße","kind":"street","a":[48.20523,11.57727],"b":[48.2012,11.57718],"length_m":448,"max_offset_m":6.5,"bearing_ab":180.8,"bearing_ba":0.8,"obstruction_toward_a_deg":1.68,"obstruction_toward_b_deg":1.68,"canyon":true,"featured":false,"notes":null,"osm_way_ids":[4887121,760042045],"bearing_bucket":"000-030","stroke":"#e41a1c","stroke-width":2,"stroke-opacity":0.9}},
{"type":"Feature","geometry":{"type":"LineString","coordinates":[[11.49982,48.1314],[11.49807,48.12799]]},"properties":{"id":"sl_6762c34a","name":"Joergstraße","kind":"street","a":[48.1314,11.49982],"b":[48.12799,11.49807],"length_m":400,"max_offset_m":5.6,"bearing_ab":199.0,"bearing_ba":19.0,"obstruction_toward_a_deg":2.62,"obstruction_toward_b_deg":0.96,"canyon":true,"featured":false,"notes":null,"osm_way_ids":[5079650,538867433],"bearing_bucket":"000-030","stroke":"#e41a1c","stroke-width":2,"stroke-opacity":0.9}},
{"type":"Feature","geometry":{"type":"LineString","coordinates":[[11.47787,48.15689],[11.47031,48.15665]]},"properties":{"id":"sl_677764e4","name":"Herzog-Johann-Straße","kind":"street","a":[48.15689,11.47787],"b":[48.15665,11.47031],"length_m":563,"max_offset_m":0.3,"bearing_ab":267.3,"bearing_ba":87.3,"obstruction_toward_a_deg":0.68,"obstruction_toward_b_deg":0.68,"canyon":true,"featured":false,"notes":null,"osm_way_ids":[16552073,22688918],"bearing_bucket":"060-090","stroke":"#ffd92f","stroke-width":2,"stroke-opacity":0.9}},
{"type":"Feature","geometry":{"type":"LineString","coordinates":[[11.57557,48.19229],[11.57575,48.1886]]},"properties":{"id":"sl_678f31fc","name":"Oberhofer Weg","kind":"street","a":[48.19229,11.57557],"b":[48.1886,11.57575],"length_m":410,"max_offset_m":5.4,"bearing_ab":178.1,"bearing_ba":358.1,"obstruction_toward_a_deg":1.38,"obstruction_toward_b_deg":1.16,"canyon":false,"featured":false,"notes":null,"osm_way_ids":[24680019,31360696,495561895],"bearing_bucket":"150-180","stroke":"#984ea3","stroke-width":2,"stroke-opacity":0.9}},
{"type":"Feature","geometry":{"type":"LineString","coordinates":[[11.53451,48.09057],[11.52111,48.09049]]},"properties":{"id":"sl_67a36ba6","name":"Siemensallee","kind":"street","a":[48.09057,11.53451],"b":[48.09049,11.52111],"length_m":998,"max_offset_m":6.4,"bearing_ab":269.5,"bearing_ba":89.5,"obstruction_toward_a_deg":0.82,"obstruction_toward_b_deg":0.38,"canyon":false,"featured":false,"notes":null,"osm_way_ids":[28605202,56200259,171519573,261475923,275351758,278108987,1425223826,1425223827,1430317151,1430317152,1430317153,1430317154,1430317155,1430317156],"bearing_bucket":"060-090","stroke":"#ffd92f","stroke-width":2,"stroke-opacity":0.9}},
{"type":"Feature","geometry":{"type":"LineString","coordinates":[[11.53114,48.08027],[11.53006,48.07599]]},"properties":{"id":"sl_67ed26a1","name":"Irmgardstraße","kind":"street","a":[48.08027,11.53114],"b":[48.07599,11.53006],"length_m":482,"max_offset_m":6.8,"bearing_ab":189.5,"bearing_ba":9.5,"obstruction_toward_a_deg":0.8,"obstruction_toward_b_deg":0.8,"canyon":true,"featured":false,"notes":null,"osm_way_ids":[143383696,143685109,1430896886,1430896888],"bearing_bucket":"000-030","stroke":"#e41a1c","stroke-width":2,"stroke-opacity":0.9}},
{"type":"Feature","geometry":{"type":"LineString","coordinates":[[11.60445,48.11532],[11.6131,48.11539]]},"properties":{"id":"sl_68145164","name":"Wilramstraße","kind":"street","a":[48.11532,11.60445],"b":[48.11539,11.6131],"length_m":644,"max_offset_m":3.2,"bearing_ab":89.2,"bearing_ba":269.3,"obstruction_toward_a_deg":1.02,"obstruction_toward_b_deg":1.45,"canyon":false,"featured":false,"notes":null,"osm_way_ids":[31000984,90378682,262486741],"bearing_bucket":"060-090","stroke":"#ffd92f","stroke-width":2,"stroke-opacity":0.9}},
{"type":"Feature","geometry":{"type":"LineString","coordinates":[[11.57087,48.13192],[11.57562,48.13469]]},"properties":{"id":"sl_6838e0c2","name":"Blumenstraße","kind":"street","a":[48.13192,11.57087],"b":[48.13469,11.57562],"length_m":469,"max_offset_m":6.7,"bearing_ab":49.0,"bearing_ba":229.0,"obstruction_toward_a_deg":1.99,"obstruction_toward_b_deg":0.43,"canyon":true,"featured":false,"notes":null,"osm_way_ids":[33131466,51109540,144061668,365018746,365018747,984435670],"bearing_bucket":"030-060","stroke":"#ff7f00","stroke-width":2,"stroke-opacity":0.9}},
{"type":"Feature","geometry":{"type":"LineString","coordinates":[[11.46248,48.18742],[11.46071,48.1914]]},"properties":{"id":"sl_688cc0a0","name":"Untere Mühlstraße","kind":"street","a":[48.18742,11.46248],"b":[48.1914,11.46071],"length_m":462,"max_offset_m":3.1,"bearing_ab":343.4,"bearing_ba":163.4,"obstruction_toward_a_deg":2.27,"obstruction_toward_b_deg":0.83,"canyon":true,"featured":false,"notes":null,"osm_way_ids":[18832382,303057111],"bearing_bucket":"150-180","stroke":"#984ea3","stroke-width":2,"stroke-opacity":0.9}},
{"type":"Feature","geometry":{"type":"LineString","coordinates":[[11.54428,48.16989],[11.50755,48.15944]]},"properties":{"id":"sl_68a3bd21","name":"Nymphenburg-Biedersteiner Kanal","kind":"canal","a":[48.16989,11.54428],"b":[48.15944,11.50755],"length_m":2969,"max_offset_m":5.5,"bearing_ab":247.0,"bearing_ba":66.9,"obstruction_toward_a_deg":0.35,"obstruction_toward_b_deg":0.35,"canyon":false,"featured":false,"notes":null,"osm_way_ids":[22554530,22554533,32975911,40680173,40680767,462192697,462192698,1085150309,1085150310],"bearing_bucket":"060-090","stroke":"#ffd92f","stroke-width":2,"stroke-opacity":0.9}},
{"type":"Feature","geometry":{"type":"LineString","coordinates":[[11.62356,48.1113],[11.62429,48.11527]]},"properties":{"id":"sl_68b2c21f","name":"Auflegerstraße","kind":"street","a":[48.1113,11.62356],"b":[48.11527,11.62429],"length_m":444,"max_offset_m":5.8,"bearing_ab":7.0,"bearing_ba":187.0,"obstruction_toward_a_deg":0.86,"obstruction_toward_b_deg":0.86,"canyon":true,"featured":false,"notes":null,"osm_way_ids":[4435394],"bearing_bucket":"000-030","stroke":"#e41a1c","stroke-width":2,"stroke-opacity":0.9}},
{"type":"Feature","geometry":{"type":"LineString","coordinates":[[11.68578,48.14249],[11.68917,48.13874]]},"properties":{"id":"sl_68ff5bc6","name":"An der Point","kind":"street","a":[48.14249,11.68578],"b":[48.13874,11.68917],"length_m":487,"max_offset_m":3.5,"bearing_ab":148.7,"bearing_ba":328.7,"obstruction_toward_a_deg":0.41,"obstruction_toward_b_deg":1.16,"canyon":false,"featured":false,"notes":null,"osm_way_ids":[4769548,4874455,4874456,27484564,51785791,51790183,291785530,291786969,308788810,400039794,400039795,400039796,400039797,400039804],"bearing_bucket":"120-150","stroke":"#377eb8","stroke-width":2,"stroke-opacity":0.9}},
{"type":"Feature","geometry":{"type":"LineString","coordinates":[[11.52782,48.08512],[11.52595,48.07997]]},"properties":{"id":"sl_69004fc9","name":"Sollner Straße","kind":"street","a":[48.08512,11.52782],"b":[48.07997,11.52595],"length_m":589,"max_offset_m":6.7,"bearing_ab":193.7,"bearing_ba":13.7,"obstruction_toward_a_deg":0.65,"obstruction_toward_b_deg":0.65,"canyon":true,"featured":false,"notes":null,"osm_way_ids":[158328902,1430329252,1430329253,1430329254],"bearing_bucket":"000-030","stroke":"#e41a1c","stroke-width":2,"stroke-opacity":0.9}},
{"type":"Feature","geometry":{"type":"LineString","coordinates":[[11.6728,48.11878],[11.67642,48.11348]]},"properties":{"id":"sl_69194246","name":"Ingeborgstraße","kind":"street","a":[48.11878,11.6728],"b":[48.11348,11.67642],"length_m":648,"max_offset_m":2.2,"bearing_ab":155.5,"bearing_ba":335.5,"obstruction_toward_a_deg":0.31,"obstruction_toward_b_deg":0.59,"canyon":true,"featured":false,"notes":null,"osm_way_ids":[3994246],"bearing_bucket":"150-180","stroke":"#984ea3","stroke-width":2,"stroke-opacity":0.9}},
{"type":"Feature","geometry":{"type":"LineString","coordinates":[[11.54723,48.07559],[11.5496,48.08076]]},"properties":{"id":"sl_69237f16","name":"Rabenkopfstraße","kind":"street","a":[48.07559,11.54723],"b":[48.08076,11.5496],"length_m":601,"max_offset_m":7.3,"bearing_ab":17.1,"bearing_ba":197.1,"obstruction_toward_a_deg":0.79,"obstruction_toward_b_deg":0.64,"canyon":false,"featured":false,"notes":null,"osm_way_ids":[4983146,1082063925],"bearing_bucket":"000-030","stroke":"#e41a1c","stroke-width":2,"stroke-opacity":0.9}},
{"type":"Feature","geometry":{"type":"LineString","coordinates":[[11.54148,48.08753],[11.5438,48.09087]]},"properties":{"id":"sl_694f57a7","name":null,"kind":"street","a":[48.08753,11.54148],"b":[48.09087,11.5438],"length_m":410,"max_offset_m":6.6,"bearing_ab":25.0,"bearing_ba":205.0,"obstruction_toward_a_deg":2.56,"obstruction_toward_b_deg":2.56,"canyon":false,"featured":false,"notes":null,"osm_way_ids":[53620983],"bearing_bucket":"000-030","stroke":"#e41a1c","stroke-width":2,"stroke-opacity":0.9}},
{"type":"Feature","geometry":{"type":"LineString","coordinates":[[11.64789,48.09849],[11.64252,48.09946]]},"properties":{"id":"sl_6983b2cc","name":"Von-Knoeringen-Straße","kind":"street","a":[48.09849,11.64789],"b":[48.09946,11.64252],"length_m":415,"max_offset_m":5.6,"bearing_ab":285.0,"bearing_ba":105.0,"obstruction_toward_a_deg":3.13,"obstruction_toward_b_deg":1.81,"canyon":false,"featured":false,"notes":null,"osm_way_ids":[4082066,10633006,49863576,366137238,366137239,1175023587,1175023591,1175023592],"bearing_bucket":"090-120","stroke":"#4daf4a","stroke-width":2,"stroke-opacity":0.9}},
{"type":"Feature","geometry":{"type":"LineString","coordinates":[[11.49535,48.14373],[11.49453,48.14008]]},"properties":{"id":"sl_69cb35bd","name":"Stöberlstraße","kind":"street","a":[48.14373,11.49535],"b":[48.14008,11.49453],"length_m":410,"max_offset_m":0.8,"bearing_ab":188.6,"bearing_ba":8.6,"obstruction_toward_a_deg":2.05,"obstruction_toward_b_deg":0.94,"canyon":true,"featured":false,"notes":null,"osm_way_ids":[81081318,159179366],"bearing_bucket":"000-030","stroke":"#e41a1c","stroke-width":2,"stroke-opacity":0.9}},
{"type":"Feature","geometry":{"type":"LineString","coordinates":[[11.54654,48.20055],[11.55021,48.19475]]},"properties":{"id":"sl_6a2c015a","name":"Waldmeisterstraße","kind":"street","a":[48.20055,11.54654],"b":[48.19475,11.55021],"length_m":700,"max_offset_m":5.2,"bearing_ab":157.1,"bearing_ba":337.1,"obstruction_toward_a_deg":0.55,"obstruction_toward_b_deg":1.5,"canyon":true,"featured":false,"notes":null,"osm_way_ids":[4960367,23544182,277969155,725337574,1036034164,1169687548,1169687561],"bearing_bucket":"150-180","stroke":"#984ea3","stroke-width":2,"stroke-opacity":0.9}},
{"type":"Feature","geometry":{"type":"LineString","coordinates":[[11.56043,48.15218],[11.57956,48.14683]]},"properties":{"id":"sl_6a30d50e","name":"Theresienstraße","kind":"street","a":[48.15218,11.56043],"b":[48.14683,11.57956],"length_m":1543,"max_offset_m":2.3,"bearing_ab":112.7,"bearing_ba":292.7,"obstruction_toward_a_deg":0.61,"obstruction_toward_b_deg":0.49,"canyon":true,"featured":false,"notes":null,"osm_way_ids":[58561798,58561799,58561800,58561801,58807374,147557400,147557401,149935566,376401312,376401313,376401314,376401315,376401316,392103893,392103894,456746085,456746086,943542795,943542796],"bearing_bucket":"090-120","stroke":"#4daf4a","stroke-width":2,"stroke-opacity":0.9}},
{"type":"Feature","geometry":{"type":"LineString","coordinates":[[11.53119,48.16426],[11.53638,48.16555]]},"properties":{"id":"sl_6a3964e6","name":"Klugstraße","kind":"street","a":[48.16426,11.53119],"b":[48.16555,11.53638],"length_m":412,"max_offset_m":5.7,"bearing_ab":69.6,"bearing_ba":249.6,"obstruction_toward_a_deg":0.93,"obstruction_toward_b_deg":1.82,"canyon":true,"featured":false,"notes":null,"osm_way_ids":[123373214,169834927,1113682638,1177916888],"bearing_bucket":"060-090","stroke":"#ffd92f","stroke-width":2,"stroke-opacity":0.9}},
{"type":"Feature","geometry":{"type":"LineString","coordinates":[[11.67172,48.07981],[11.66562,48.08113]]},"properties":{"id":"sl_6a3fc6e4","name":"Elfenstraße","kind":"street","a":[48.07981,11.67172],"b":[48.08113,11.66562],"length_m":478,"max_offset_m":3.9,"bearing_ab":287.9,"bearing_ba":107.9,"obstruction_toward_a_deg":0.8,"obstruction_toward_b_deg":0.8,"canyon":true,"featured":false,"notes":null,"osm_way_ids":[4955278],"bearing_bucket":"090-120","stroke":"#4daf4a","stroke-width":2,"stroke-opacity":0.9}},
{"type":"Feature","geometry":{"type":"LineString","coordinates":[[11.44185,48.20314],[11.44757,48.20345]]},"properties":{"id":"sl_6a61e33e","name":null,"kind":"street","a":[48.20314,11.44185],"b":[48.20345,11.44757],"length_m":427,"max_offset_m":5.5,"bearing_ab":85.4,"bearing_ba":265.4,"obstruction_toward_a_deg":2.45,"obstruction_toward_b_deg":2.45,"canyon":false,"featured":false,"notes":null,"osm_way_ids":[24774824],"bearing_bucket":"060-090","stroke":"#ffd92f","stroke-width":2,"stroke-opacity":0.9}},
{"type":"Feature","geometry":{"type":"LineString","coordinates":[[11.61247,48.1383],[11.60722,48.13908]]},"properties":{"id":"sl_6a653de2","name":"Prinzregentenstraße","kind":"street","a":[48.1383,11.61247],"b":[48.13908,11.60722],"length_m":400,"max_offset_m":6.4,"bearing_ab":282.4,"bearing_ba":102.4,"obstruction_toward_a_deg":2.62,"obstruction_toward_b_deg":1.87,"canyon":true,"featured":false,"notes":null,"osm_way_ids":[53442538,205357854,316433711,1352399727,1352399728,1459087116,1459087117,1459087118,1459087119],"bearing_bucket":"090-120","stroke":"#4daf4a","stroke-width":2,"stroke-opacity":0.9}},
{"type":"Feature","geometry":{"type":"LineString","coordinates":[[11.55332,48.21331],[11.55256,48.20831]]},"properties":{"id":"sl_6a778aa1","name":"Rainfarnstraße","kind":"street","a":[48.21331,11.55332],"b":[48.20831,11.55256],"length_m":559,"max_offset_m":7.6,"bearing_ab":185.8,"bearing_ba":5.8,"obstruction_toward_a_deg":2.16,"obstruction_toward_b_deg":1.01,"canyon":false,"featured":false,"notes":null,"osm_way_ids":[4055826],"bearing_bucket":"000-030","stroke":"#e41a1c","stroke-width":2,"stroke-opacity":0.9}},
{"type":"Feature","geometry":{"type":"LineString","coordinates":[[11.66509,48.08047],[11.67169,48.079]]},"properties":{"id":"sl_6aaa378f","name":"Frau-Holle-Straße","kind":"street","a":[48.08047,11.66509],"b":[48.079,11.67169],"length_m":518,"max_offset_m":1.9,"bearing_ab":108.4,"bearing_ba":288.4,"obstruction_toward_a_deg":0.74,"obstruction_toward_b_deg":0.74,"canyon":true,"featured":false,"notes":null,"osm_way_ids":[4955226,1061840663,1061840671],"bearing_bucket":"090-120","stroke":"#4daf4a","stroke-width":2,"stroke-opacity":0.9}},
{"type":"Feature","geometry":{"type":"LineString","coordinates":[[11.58954,48.13162],[11.59381,48.12858]]},"properties":{"id":"sl_6ae91f6a","name":"Rosenheimer Straße","kind":"street","a":[48.13162,11.58954],"b":[48.12858,11.59381],"length_m":464,"max_offset_m":7.5,"bearing_ab":136.7,"bearing_ba":316.7,"obstruction_toward_a_deg":1.62,"obstruction_toward_b_deg":2.01,"canyon":false,"featured":false,"notes":null,"osm_way_ids":[127237619,141432703,243452654,1444523571,1444719863,1444719865,1444719867,1444723557,1444723558,1444723559,1444723560],"bearing_bucket":"120-150","stroke":"#377eb8","stroke-width":2,"stroke-opacity":0.9}},
{"type":"Feature","geometry":{"type":"LineString","coordinates":[[11.55288,48.19584],[11.54713,48.19436]]},"properties":{"id":"sl_6af054fb","name":"Waldrebenstraße","kind":"street","a":[48.19584,11.55288],"b":[48.19436,11.54713],"length_m":459,"max_offset_m":5.8,"bearing_ab":248.9,"bearing_ba":68.9,"obstruction_toward_a_deg":2.29,"obstruction_toward_b_deg":2.29,"canyon":true,"featured":false,"notes":null,"osm_way_ids":[23544177,277969156,725344251],"bearing_bucket":"060-090","stroke":"#ffd92f","stroke-width":2,"stroke-opacity":0.9}},
{"type":"Feature","geometry":{"type":"LineString","coordinates":[[11.46599,48.17521],[11.47195,48.17656]]},"properties":{"id":"sl_6b312b43","name":"Weinschenkstraße","kind":"street","a":[48.17521,11.46599],"b":[48.17656,11.47195],"length_m":467,"max_offset_m":5.8,"bearing_ab":71.3,"bearing_ba":251.3,"obstruction_toward_a_deg":2.24,"obstruction_toward_b_deg":0.82,"canyon":false,"featured":false,"notes":null,"osm_way_ids":[9263549],"bearing_bucket":"060-090","stroke":"#ffd92f","stroke-width":2,"stroke-opacity":0.9}},
{"type":"Feature","geometry":{"type":"LineString","coordinates":[[11.52926,48.18142],[11.53344,48.18627]]},"properties":{"id":"sl_6b3ab79a","name":"Hanauer Straße","kind":"street","a":[48.18142,11.52926],"b":[48.18627,11.53344],"length_m":622,"max_offset_m":6.3,"bearing_ab":29.9,"bearing_ba":209.9,"obstruction_toward_a_deg":1.21,"obstruction_toward_b_deg":2.09,"canyon":false,"featured":false,"notes":null,"osm_way_ids":[32963803,32963804,32963809,36564530,36564531,44503416,44503426,120874527,156380675,270678963,316275776,392862087,432615121,642483744,642483750,642483754,1013498814,1013498815,1059030115,1276235788],"bearing_bucket":"000-030","stroke":"#e41a1c","stroke-width":2,"stroke-opacity":0.9}},
{"type":"Feature","geometry":{"type":"LineString","coordinates":[[11.5864,48.16181],[11.57991,48.16278]]},"properties":{"id":"sl_6b60b331","name":"Herzogstraße","kind":"street","a":[48.16181,11.5864],"b":[48.16278,11.57991],"length_m":495,"max_offset_m":7.4,"bearing_ab":282.6,"bearing_ba":102.6,"obstruction_toward_a_deg":1.52,"obstruction_toward_b_deg":1.52,"canyon":true,"featured":false,"notes":null,"osm_way_ids":[33487027,80737020,80737022,151624977,157964859,288092851,300326719,1425768051],"bearing_bucket":"090-120","stroke":"#4daf4a","stroke-width":2,"stroke-opacity":0.9}},
{"type":"Feature","geometry":{"type":"LineString","coordinates":[[11.52429,48.08156],[11.52394,48.08567]]},"properties":{"id":"sl_6b7ed312","name":"Schieggstraße","kind":"street","a":[48.08156,11.52429],"b":[48.08567,11.52394],"length_m":458,"max_offset_m":7.6,"bearing_ab":356.7,"bearing_ba":176.7,"obstruction_toward_a_deg":0.84,"obstruction_toward_b_deg":0.84,"canyon":true,"featured":false,"notes":null,"osm_way_ids":[158328894,1430340391],"bearing_bucket":"150-180","stroke":"#984ea3","stroke-width":2,"stroke-opacity":0.9}},
{"type":"Feature","geometry":{"type":"LineString","coordinates":[[11.70154,48.1059],[11.7079,48.10867]]},"properties":{"id":"sl_6b82ed19","name":"Von-Erckert-Straße","kind":"street","a":[48.1059,11.70154],"b":[48.10867,11.7079],"length_m":565,"max_offset_m":4.7,"bearing_ab":56.9,"bearing_ba":236.9,"obstruction_toward_a_deg":0.68,"obstruction_toward_b_deg":0.68,"canyon":true,"featured":false,"notes":null,"osm_way_ids":[3552735,82528686,280294403],"bearing_bucket":"030-060","stroke":"#ff7f00","stroke-width":2,"stroke-opacity":0.9}},
{"type":"Feature","geometry":{"type":"LineString","coordinates":[[11.48141,48.18562],[11.4812,48.18099]]},"properties":{"id":"sl_6b9a78db","name":"Hitlstraße","kind":"street","a":[48.18562,11.48141],"b":[48.18099,11.4812],"length_m":515,"max_offset_m":5.0,"bearing_ab":181.8,"bearing_ba":1.8,"obstruction_toward_a_deg":1.1,"obstruction_toward_b_deg":0.39,"canyon":false,"featured":false,"notes":null,"osm_way_ids":[18830428],"bearing_bucket":"000-030","stroke":"#e41a1c","stroke-width":2,"stroke-opacity":0.9}},
{"type":"Feature","geometry":{"type":"LineString","coordinates":[[11.55149,48.21248],[11.55021,48.20852]]},"properties":{"id":"sl_6bb13e1a","name":null,"kind":"street","a":[48.21248,11.55149],"b":[48.20852,11.55021],"length_m":451,"max_offset_m":7.9,"bearing_ab":192.3,"bearing_ba":12.3,"obstruction_toward_a_deg":2.88,"obstruction_toward_b_deg":0.85,"canyon":false,"featured":false,"notes":null,"osm_way_ids":[1531011478],"bearing_bucket":"000-030","stroke":"#e41a1c","stroke-width":2,"stroke-opacity":0.9}},
{"type":"Feature","geometry":{"type":"LineString","coordinates":[[11.58312,48.16924],[11.58163,48.17625]]},"properties":{"id":"sl_6be1cdef","name":"Isoldenstraße","kind":"street","a":[48.16924,11.58312],"b":[48.17625,11.58163],"length_m":787,"max_offset_m":5.8,"bearing_ab":351.9,"bearing_ba":171.9,"obstruction_toward_a_deg":0.49,"obstruction_toward_b_deg":1.53,"canyon":true,"featured":false,"notes":null,"osm_way_ids":[8042147,50232915,146789787,374618754,1056477335,1056477336,1056477337,1056477338,1056477339,1086274254,1214263091],"bearing_bucket":"150-180","stroke":"#984ea3","stroke-width":2,"stroke-opacity":0.9}},
{"type":"Feature","geometry":{"type":"LineString","coordinates":[[11.55825,48.12629],[11.55442,48.12306]]},"properties":{"id":"sl_6c13a68b","name":"Tumblingerstraße","kind":"street","a":[48.12629,11.55825],"b":[48.12306,11.55442],"length_m":459,"max_offset_m":7.3,"bearing_ab":218.4,"bearing_ba":38.3,"obstruction_toward_a_deg":2.04,"obstruction_toward_b_deg":0.84,"canyon":true,"featured":false,"notes":null,"osm_way_ids":[4080104,173041359,173041360,506242261,849721088,1034229473,1133381663,1304033229,1496204833],"bearing_bucket":"030-060","stroke":"#ff7f00","stroke-width":2,"stroke-opacity":0.9}},
{"type":"Feature","geometry":{"type":"LineString","coordinates":[[11.66633,48.08227],[11.66114,48.08387]]},"properties":{"id":"sl_6c3e8e98","name":"Liscowstraße","kind":"street","a":[48.08227,11.66633],"b":[48.08387,11.66114],"length_m":426,"max_offset_m":3.0,"bearing_ab":294.8,"bearing_ba":114.7,"obstruction_toward_a_deg":0.9,"obstruction_toward_b_deg":0.9,"canyon":true,"featured":false,"notes":null,"osm_way_ids":[7651319],"bearing_bucket":"090-120","stroke":"#4daf4a","stroke-width":2,"stroke-opacity":0.9}},
{"type":"Feature","geometry":{"type":"LineString","coordinates":[[11.64195,48.16798],[11.63117,48.16984]]},"properties":{"id":"sl_6c3fd557","name":"Johanneskirchner Straße","kind":"street","a":[48.16798,11.64195],"b":[48.16984,11.63117],"length_m":828,"max_offset_m":7.6,"bearing_ab":284.4,"bearing_ba":104.4,"obstruction_toward_a_deg":0.91,"obstruction_toward_b_deg":1.27,"canyon":false,"featured":false,"notes":null,"osm_way_ids":[4075202,26823136,26823222,26824141,26825752,712503318,712503319,1453301341],"bearing_bucket":"090-120","stroke":"#4daf4a","stroke-width":2,"stroke-opacity":0.9}},
{"type":"Feature","geometry":{"type":"LineString","coordinates":[[11.702,48.10672],[11.7066,48.10191]]},"properties":{"id":"sl_6c6c918e","name":"In der Heuluss","kind":"street","a":[48.10672,11.702],"b":[48.10191,11.7066],"length_m":635,"max_offset_m":4.2,"bearing_ab":147.4,"bearing_ba":327.4,"obstruction_toward_a_deg":0.6,"obstruction_toward_b_deg":0.32,"canyon":false,"featured":false,"notes":null,"osm_way_ids":[3625906,53815845],"bearing_bucket":"120-150","stroke":"#377eb8","stroke-width":2,"stroke-opacity":0.9}},
{"type":"Feature","geometry":{"type":"LineString","coordinates":[[11.52426,48.18939],[11.51384,48.19166]]},"properties":{"id":"sl_6c6f9f24","name":"Max-Born-Straße","kind":"street","a":[48.18939,11.52426],"b":[48.19166,11.51384],"length_m":815,"max_offset_m":6.2,"bearing_ab":288.0,"bearing_ba":108.0,"obstruction_toward_a_deg":1.29,"obstruction_toward_b_deg":1.29,"canyon":false,"featured":false,"notes":null,"osm_way_ids":[28972602,32344255,32687356,32687359,291798677,291798678,543408496,543408497],"bearing_bucket":"090-120","stroke":"#4daf4a","stroke-width":2,"stroke-opacity":0.9}},
{"type":"Feature","geometry":{"type":"LineString","coordinates":[[11.53018,48.21531],[11.53994,48.2139]]},"properties":{"id":"sl_6cadd798","name":"Josef-Frankl-Straße","kind":"street","a":[48.21531,11.53018],"b":[48.2139,11.53994],"length_m":742,"max_offset_m":7.9,"bearing_ab":102.1,"bearing_ba":282.1,"obstruction_toward_a_deg":0.52,"obstruction_toward_b_deg":0.76,"canyon":false,"featured":false,"notes":null,"osm_way_ids":[31351671,50891896,213197798,213197799,213197801,213197802,213202425,500167117,500167119,543640825],"bearing_bucket":"090-120","stroke":"#4daf4a","stroke-width":2,"stroke-opacity":0.9}},
{"type":"Feature","geometry":{"type":"LineString","coordinates":[[11.60801,48.14721],[11.61438,48.14565]]},"properties":{"id":"sl_6cd91b68","name":"Donaustraße","kind":"street","a":[48.14721,11.60801],"b":[48.14565,11.61438],"length_m":505,"max_offset_m":7.3,"bearing_ab":110.1,"bearing_ba":290.1,"obstruction_toward_a_deg":0.94,"obstruction_toward_b_deg":1.49,"canyon":false,"featured":false,"notes":null,"osm_way_ids":[164102006],"bearing_bucket":"090-120","stroke":"#4daf4a","stroke-width":2,"stroke-opacity":0.9}},
{"type":"Feature","geometry":{"type":"LineString","coordinates":[[11.60493,48.17896],[11.60894,48.18285]]},"properties":{"id":"sl_6ceca10a","name":"Hermann-Vogel-Straße","kind":"street","a":[48.17896,11.60493],"b":[48.18285,11.60894],"length_m":525,"max_offset_m":1.5,"bearing_ab":34.6,"bearing_ba":214.6,"obstruction_toward_a_deg":1.43,"obstruction_toward_b_deg":0.73,"canyon":true,"featured":false,"notes":null,"osm_way_ids":[159686827],"bearing_bucket":"030-060","stroke":"#ff7f00","stroke-width":2,"stroke-opacity":0.9}},
{"type":"Feature","geometry":{"type":"LineString","coordinates":[[11.66959,48.127],[11.67395,48.13227]]},"properties":{"id":"sl_6cf557c1","name":"Leonhardiweg","kind":"street","a":[48.127,11.66959],"b":[48.13227,11.67395],"length_m":669,"max_offset_m":7.0,"bearing_ab":29.0,"bearing_ba":209.0,"obstruction_toward_a_deg":0.57,"obstruction_toward_b_deg":0.57,"canyon":true,"featured":false,"notes":null,"osm_way_ids":[916387485],"bearing_bucket":"000-030","stroke":"#e41a1c","stroke-width":2,"stroke-opacity":0.9}},
{"type":"Feature","geometry":{"type":"LineString","coordinates":[[11.53442,48.12829],[11.5299,48.13181]]},"properties":{"id":"sl_6d04e8dc","name":"Hansastraße","kind":"street","a":[48.12829,11.53442],"b":[48.13181,11.5299],"length_m":516,"max_offset_m":5.0,"bearing_ab":319.4,"bearing_ba":139.4,"obstruction_toward_a_deg":0.39,"obstruction_toward_b_deg":1.72,"canyon":false,"featured":false,"notes":null,"osm_way_ids":[22931122,25024632,52822623,52822627,55794327,56198066,248561155,292944713,365075175,365075176],"bearing_bucket":"120-150","stroke":"#377eb8","stroke-width":2,"stroke-opacity":0.9}},
{"type":"Feature","geometry":{"type":"LineString","coordinates":[[11.61912,48.1209],[11.61301,48.12136]]},"properties":{"id":"sl_6d4e3e49","name":"Oedkarspitzstraße","kind":"street","a":[48.1209,11.61912],"b":[48.12136,11.61301],"length_m":457,"max_offset_m":4.8,"bearing_ab":276.4,"bearing_ba":96.4,"obstruction_toward_a_deg":1.64,"obstruction_toward_b_deg":1.64,"canyon":true,"featured":false,"notes":null,"osm_way_ids":[4920914,4953894,106103488,106103489,230139210,230139211,332577544,1299034610,1556776314],"bearing_bucket":"090-120","stroke":"#4daf4a","stroke-width":2,"stroke-opacity":0.9}},
{"type":"Feature","geometry":{"type":"LineString","coordinates":[[11.4767,48.16975],[11.4819,48.17083]]},"properties":{"id":"sl_6da13178","name":"Heerstraße","kind":"street","a":[48.16975,11.4767],"b":[48.17083,11.4819],"length_m":405,"max_offset_m":6.9,"bearing_ab":72.8,"bearing_ba":252.8,"obstruction_toward_a_deg":0.95,"obstruction_toward_b_deg":2.59,"canyon":true,"featured":false,"notes":null,"osm_way_ids":[26398224,27351851],"bearing_bucket":"060-090","stroke":"#ffd92f","stroke-width":2,"stroke-opacity":0.9}},
{"type":"Feature","geometry":{"type":"LineString","coordinates":[[11.56328,48.20869],[11.56649,48.18462]]},"properties":{"id":"sl_6df1d48f","name":"Schleißheimer Straße","kind":"street","a":[48.20869,11.56328],"b":[48.18462,11.56649],"length_m":2687,"max_offset_m":5.7,"bearing_ab":174.9,"bearing_ba":354.9,"obstruction_toward_a_deg":0.21,"obstruction_toward_b_deg":0.28,"canyon":false,"featured":false,"notes":null,"osm_way_ids":[4011786,23687650,31853827,31853828,32957713,32957714,32960501,32961532,32961533,34567687,34912948,34912949,41291468,53371546,56038575,127664123,142478464,151098150,152251068,156358008,230868264,230868265,276604374,276642034,292586216,308383711,308383712,310428638,310428639,310428640,310428641,310428642,324310867,324310868,344014592,351000542,351000543,351000544,351000545,362709398,362709410,362709415,362709417,362709423,457347937,1147607617,1420092672,1420092678,1421714616],"bearing_bucket":"150-180","stroke":"#984ea3","stroke-width":2,"stroke-opacity":0.9}},
{"type":"Feature","geometry":{"type":"LineString","coordinates":[[11.62236,48.15382],[11.6317,48.1535]]},"properties":{"id":"sl_6e65cc10","name":"Englschalkinger Straße","kind":"street","a":[48.15382,11.62236],"b":[48.1535,11.6317],"length_m":696,"max_offset_m":5.6,"bearing_ab":92.9,"bearing_ba":272.9,"obstruction_toward_a_deg":0.55,"obstruction_toward_b_deg":0.95,"canyon":false,"featured":false,"notes":null,"osm_way_ids":[26798630,58696567,58696568,71360467,299125302,304278873,305203771,305203772,350638841,498562280,547748084,904680941,905006825,1424767193,1424767194],"bearing_bucket":"090-120","stroke":"#4daf4a","stroke-width":2,"stroke-opacity":0.9}},
{"type":"Feature","geometry":{"type":"LineString","coordinates":[[11.67614,48.11326],[11.67974,48.11038]]},"properties":{"id":"sl_6e6ecbb3","name":"Hugo-Weiss-Straße","kind":"street","a":[48.11326,11.67614],"b":[48.11038,11.67974],"length_m":417,"max_offset_m":4.6,"bearing_ab":140.1,"bearing_ba":320.1,"obstruction_toward_a_deg":0.92,"obstruction_toward_b_deg":1.8,"canyon":true,"featured":false,"notes":null,"osm_way_ids":[3994250,24730765,27991592],"bearing_bucket":"120-150","stroke":"#377eb8","stroke-width":2,"stroke-opacity":0.9}},
{"type":"Feature","geometry":{"type":"LineString","coordinates":[[11.62475,48.19075],[11.61785,48.1923]]},"properties":{"id":"sl_6eba18ed","name":"Floriansmühlstraße","kind":"street","a":[48.19075,11.62475],"b":[48.1923,11.61785],"length_m":541,"max_offset_m":6.9,"bearing_ab":288.5,"bearing_ba":108.5,"obstruction_toward_a_deg":1.94,"obstruction_toward_b_deg":1.22,"canyon":false,"featured":false,"notes":null,"osm_way_ids":[20659940,20659943,35670868,35670869,81106532,81106535,82431824],"bearing_bucket":"090-120","stroke":"#4daf4a","stroke-width":2,"stroke-opacity":0.9}},
{"type":"Feature","geometry":{"type":"LineString","coordinates":[[11.50599,48.12764],[11.50579,48.13213]]},"properties":{"id":"sl_6ed6b47a","name":"Berchemstraße","kind":"street","a":[48.12764,11.50599],"b":[48.13213,11.50579],"length_m":499,"max_offset_m":8.0,"bearing_ab":358.3,"bearing_ba":178.3,"obstruction_toward_a_deg":0.77,"obstruction_toward_b_deg":2.1,"canyon":true,"featured":false,"notes":null,"osm_way_ids":[4585935],"bearing_bucket":"150-180","stroke":"#984ea3","stroke-width":2,"stroke-opacity":0.9}},
{"type":"Feature","geometry":{"type":"LineString","coordinates":[[11.55358,48.20695],[11.56218,48.20719]]},"properties":{"id":"sl_6f017f92","name":"Caracciolastraße","kind":"street","a":[48.20695,11.55358],"b":[48.20719,11.56218],"length_m":640,"max_offset_m":7.9,"bearing_ab":87.7,"bearing_ba":267.7,"obstruction_toward_a_deg":0.89,"obstruction_toward_b_deg":0.6,"canyon":true,"featured":false,"notes":null,"osm_way_ids":[32935906,147777450,1495709051],"bearing_bucket":"060-090","stroke":"#ffd92f","stroke-width":2,"stroke-opacity":0.9}},
{"type":"Feature","geometry":{"type":"LineString","coordinates":[[11.41495,48.15257],[11.41677,48.14693]]},"properties":{"id":"sl_6fa826f5","name":"Streitbergstraße","kind":"street","a":[48.15257,11.41495],"b":[48.14693,11.41677],"length_m":641,"max_offset_m":6.0,"bearing_ab":167.8,"bearing_ba":347.8,"obstruction_toward_a_deg":0.6,"obstruction_toward_b_deg":0.6,"canyon":true,"featured":false,"notes":null,"osm_way_ids":[27228680],"bearing_bucket":"150-180","stroke":"#984ea3","stroke-width":2,"stroke-opacity":0.9}},
{"type":"Feature","geometry":{"type":"LineString","coordinates":[[11.67407,48.08011],[11.68389,48.07916]]},"properties":{"id":"sl_6ff65666","name":"Rübezahlstraße","kind":"street","a":[48.08011,11.67407],"b":[48.07916,11.68389],"length_m":739,"max_offset_m":4.2,"bearing_ab":98.2,"bearing_ba":278.2,"obstruction_toward_a_deg":0.52,"obstruction_toward_b_deg":0.52,"canyon":true,"featured":false,"notes":null,"osm_way_ids":[5069270],"bearing_bucket":"090-120","stroke":"#4daf4a","stroke-width":2,"stroke-opacity":0.9}},
{"type":"Feature","geometry":{"type":"LineString","coordinates":[[11.70585,48.11599],[11.70431,48.11187]]},"properties":{"id":"sl_709122c2","name":"Jagdhornstraße","kind":"street","a":[48.11599,11.70585],"b":[48.11187,11.70431],"length_m":471,"max_offset_m":6.3,"bearing_ab":194.0,"bearing_ba":14.0,"obstruction_toward_a_deg":2.22,"obstruction_toward_b_deg":0.81,"canyon":false,"featured":false,"notes":null,"osm_way_ids":[3732854,3753329,1518484302,1518484303],"bearing_bucket":"000-030","stroke":"#e41a1c","stroke-width":2,"stroke-opacity":0.9}},
{"type":"Feature","geometry":{"type":"LineString","coordinates":[[11.66829,48.13037],[11.66174,48.13252]]},"properties":{"id":"sl_70c0bad6","name":"Am Moosfeld","kind":"street","a":[48.13037,11.66829],"b":[48.13252,11.66174],"length_m":543,"max_offset_m":2.7,"bearing_ab":296.1,"bearing_ba":116.1,"obstruction_toward_a_deg":0.71,"obstruction_toward_b_deg":0.71,"canyon":true,"featured":false,"notes":null,"osm_way_ids":[944330470,944330471,944330472,944330473,944330476,1511704876],"bearing_bucket":"090-120","stroke":"#4daf4a","stroke-width":2,"stroke-opacity":0.9}},
{"type":"Feature","geometry":{"type":"LineString","coordinates":[[11.51245,48.13909],[11.51796,48.13894]]},"properties":{"id":"sl_70c54dae","name":"Agnes-Bernauer-Straße","kind":"street","a":[48.13909,11.51245],"b":[48.13894,11.51796],"length_m":410,"max_offset_m":7.8,"bearing_ab":92.3,"bearing_ba":272.3,"obstruction_toward_a_deg":1.83,"obstruction_toward_b_deg":1.83,"canyon":true,"featured":false,"notes":null,"osm_way_ids":[56197309,56197697],"bearing_bucket":"090-120","stroke":"#4daf4a","stroke-width":2,"stroke-opacity":0.9}},
{"type":"Feature","geometry":{"type":"LineString","coordinates":[[11.45188,48.14554],[11.44141,48.14406]]},"properties":{"id":"sl_70ce7b9e","name":"Neufeldstraße","kind":"street","a":[48.14554,11.45188],"b":[48.14406,11.44141],"length_m":797,"max_offset_m":4.8,"bearing_ab":258.0,"bearing_ba":78.0,"obstruction_toward_a_deg":0.48,"obstruction_toward_b_deg":1.32,"canyon":true,"featured":false,"notes":null,"osm_way_ids":[18669508,1211887634,1227586564],"bearing_bucket":"060-090","stroke":"#ffd92f","stroke-width":2,"stroke-opacity":0.9}},
{"type":"Feature","geometry":{"type":"LineString","coordinates":[[11.44424,48.13554],[11.45087,48.14034]]},"properties":{"id":"sl_71468786","name":"Wilhelm-Hey-Straße","kind":"street","a":[48.13554,11.44424],"b":[48.14034,11.45087],"length_m":727,"max_offset_m":4.6,"bearing_ab":42.7,"bearing_ba":222.7,"obstruction_toward_a_deg":0.53,"obstruction_toward_b_deg":0.53,"canyon":true,"featured":false,"notes":null,"osm_way_ids":[18777837,1354283563,1436945762],"bearing_bucket":"030-060","stroke":"#ff7f00","stroke-width":2,"stroke-opacity":0.9}},
{"type":"Feature","geometry":{"type":"LineString","coordinates":[[11.66737,48.08503],[11.67486,48.08353]]},"properties":{"id":"sl_71e038dd","name":"Rollenhagenstraße","kind":"street","a":[48.08503,11.66737],"b":[48.08353,11.67486],"length_m":583,"max_offset_m":4.6,"bearing_ab":106.7,"bearing_ba":286.7,"obstruction_toward_a_deg":0.66,"obstruction_toward_b_deg":0.66,"canyon":true,"featured":false,"notes":null,"osm_way_ids":[6278110],"bearing_bucket":"090-120","stroke":"#4daf4a","stroke-width":2,"stroke-opacity":0.9}},
{"type":"Feature","geometry":{"type":"LineString","coordinates":[[11.68042,48.14053],[11.67201,48.14489]]},"properties":{"id":"sl_71fdbc1d","name":"Graf-Lehndorff-Straße","kind":"street","a":[48.14053,11.68042],"b":[48.14489,11.67201],"length_m":792,"max_offset_m":6.6,"bearing_ab":307.7,"bearing_ba":127.7,"obstruction_toward_a_deg":1.32,"obstruction_toward_b_deg":1.32,"canyon":false,"featured":false,"notes":null,"osm_way_ids":[10435855,44790349,56683997,152640285,1185760114],"bearing_bucket":"120-150","stroke":"#377eb8","stroke-width":2,"stroke-opacity":0.9}},
{"type":"Feature","geometry":{"type":"LineString","coordinates":[[11.50263,48.1004],[11.50282,48.09457]]},"properties":{"id":"sl_7235be6d","name":"Würmseestraße","kind":"street","a":[48.1004,11.50263],"b":[48.09457,11.50282],"length_m":649,"max_offset_m":6.5,"bearing_ab":178.7,"bearing_ba":358.7,"obstruction_toward_a_deg":0.59,"obstruction_toward_b_deg":1.16,"canyon":false,"featured":false,"notes":null,"osm_way_ids":[154381892,154381894,154381895,1388393252,1388393253],"bearing_bucket":"150-180","stroke":"#984ea3","stroke-width":2,"stroke-opacity":0.9}},
{"type":"Feature","geometry":{"type":"LineString","coordinates":[[11.51006,48.11293],[11.5097,48.11756]]},"properties":{"id":"sl_723b916e","name":"Mittenwalder Straße","kind":"street","a":[48.11293,11.51006],"b":[48.11756,11.5097],"length_m":516,"max_offset_m":1.9,"bearing_ab":357.1,"bearing_ba":177.1,"obstruction_toward_a_deg":1.1,"obstruction_toward_b_deg":2.03,"canyon":true,"featured":false,"notes":null,"osm_way_ids":[144250102,144250128,1488625772,1488625773,1488625774],"bearing_bucket":"150-180","stroke":"#984ea3","stroke-width":2,"stroke-opacity":0.9}},
{"type":"Feature","geometry":{"type":"LineString","coordinates":[[11.6244,48.14084],[11.62512,48.1445]]},"properties":{"id":"sl_723f96ae","name":"Gotthelfstraße","kind":"street","a":[48.14084,11.6244],"b":[48.1445,11.62512],"length_m":410,"max_offset_m":7.2,"bearing_ab":7.5,"bearing_ba":187.5,"obstruction_toward_a_deg":0.94,"obstruction_toward_b_deg":0.94,"canyon":true,"featured":false,"notes":null,"osm_way_ids":[164009719],"bearing_bucket":"000-030","stroke":"#e41a1c","stroke-width":2,"stroke-opacity":0.9}},
{"type":"Feature","geometry":{"type":"LineString","coordinates":[[11.48299,48.12407],[11.48341,48.12802]]},"properties":{"id":"sl_7248be2b","name":"Willibaldstraße","kind":"street","a":[48.12407,11.48299],"b":[48.12802,11.48341],"length_m":440,"max_offset_m":7.4,"bearing_ab":4.1,"bearing_ba":184.1,"obstruction_toward_a_deg":2.38,"obstruction_toward_b_deg":0.87,"canyon":false,"featured":false,"notes":null,"osm_way_ids":[13963483,423064420,423064421,438947912,1105630047],"bearing_bucket":"000-030","stroke":"#e41a1c","stroke-width":2,"stroke-opacity":0.9}},
{"type":"Feature","geometry":{"type":"LineString","coordinates":[[11.44262,48.18926],[11.43826,48.18527]]},"properties":{"id":"sl_7303587a","name":null,"kind":"street","a":[48.18926,11.44262],"b":[48.18527,11.43826],"length_m":550,"max_offset_m":7.7,"bearing_ab":216.1,"bearing_ba":36.1,"obstruction_toward_a_deg":1.91,"obstruction_toward_b_deg":1.91,"canyon":false,"featured":false,"notes":null,"osm_way_ids":[34142355],"bearing_bucket":"030-060","stroke":"#ff7f00","stroke-width":2,"stroke-opacity":0.9}},
{"type":"Feature","geometry":{"type":"LineString","coordinates":[[11.68905,48.13869],[11.68578,48.14249]]},"properties":{"id":"sl_7344f097","name":"An der Point","kind":"street","a":[48.13869,11.68905],"b":[48.14249,11.68578],"length_m":488,"max_offset_m":7.5,"bearing_ab":330.0,"bearing_ba":150.0,"obstruction_toward_a_deg":1.16,"obstruction_toward_b_deg":0.41,"canyon":false,"featured":false,"notes":null,"osm_way_ids":[4426341,4769557,15777947,33063353,51785792,190819670,291786967,291786968,400039792,400039793,400039798,400039799,400039801,400039803],"bearing_bucket":"150-180","stroke":"#984ea3","stroke-width":2,"stroke-opacity":0.9}},
{"type":"Feature","geometry":{"type":"LineString","coordinates":[[11.61947,48.16786],[11.61597,48.16348]]},"properties":{"id":"sl_73456f76","name":"Mauerkircherstraße","kind":"street","a":[48.16786,11.61947],"b":[48.16348,11.61597],"length_m":552,"max_offset_m":7.1,"bearing_ab":208.1,"bearing_ba":28.1,"obstruction_toward_a_deg":1.03,"obstruction_toward_b_deg":0.69,"canyon":false,"featured":false,"notes":null,"osm_way_ids":[23384988,49798615,311422898,592769806],"bearing_bucket":"000-030","stroke":"#e41a1c","stroke-width":2,"stroke-opacity":0.9}},
{"type":"Feature","geometry":{"type":"LineString","coordinates":[[11.48522,48.17588],[11.49075,48.17662]]},"properties":{"id":"sl_736c32ae","name":"Haldenbergerstraße","kind":"street","a":[48.17588,11.48522],"b":[48.17662,11.49075],"length_m":419,"max_offset_m":6.6,"bearing_ab":78.7,"bearing_ba":258.7,"obstruction_toward_a_deg":2.5,"obstruction_toward_b_deg":2.5,"canyon":false,"featured":false,"notes":null,"osm_way_ids":[23609831],"bearing_bucket":"060-090","stroke":"#ffd92f","stroke-width":2,"stroke-opacity":0.9}},
{"type":"Feature","geometry":{"type":"LineString","coordinates":[[11.5123,48.08021],[11.51581,48.08417]]},"properties":{"id":"sl_73dd4f19","name":"Geigenbergerstraße","kind":"street","a":[48.08021,11.5123],"b":[48.08417,11.51581],"length_m":512,"max_offset_m":5.9,"bearing_ab":30.7,"bearing_ba":210.7,"obstruction_toward_a_deg":0.75,"obstruction_toward_b_deg":0.75,"canyon":true,"featured":false,"notes":null,"osm_way_ids":[158259736,1430311947,1430311948],"bearing_bucket":"030-060","stroke":"#ff7f00","stroke-width":2,"stroke-opacity":0.9}},
{"type":"Feature","geometry":{"type":"LineString","coordinates":[[11.59258,48.09537],[11.60312,48.09706]]},"properties":{"id":"sl_7497ee86","name":"Lincolnstraße","kind":"street","a":[48.09537,11.59258],"b":[48.09706,11.60312],"length_m":807,"max_offset_m":7.3,"bearing_ab":76.5,"bearing_ba":256.5,"obstruction_toward_a_deg":0.7,"obstruction_toward_b_deg":0.25,"canyon":false,"featured":false,"notes":null,"osm_way_ids":[149473757,310780477,381937147],"bearing_bucket":"060-090","stroke":"#ffd92f","stroke-width":2,"stroke-opacity":0.9}},
{"type":"Feature","geometry":{"type":"LineString","coordinates":[[11.45213,48.18912],[11.45814,48.19031]]},"properties":{"id":"sl_750bd777","name":"Naßlstraße","kind":"street","a":[48.18912,11.45213],"b":[48.19031,11.45814],"length_m":466,"max_offset_m":6.8,"bearing_ab":73.5,"bearing_ba":253.5,"obstruction_toward_a_deg":2.25,"obstruction_toward_b_deg":2.25,"canyon":true,"featured":false,"notes":null,"osm_way_ids":[19785956],"bearing_bucket":"060-090","stroke":"#ffd92f","stroke-width":2,"stroke-opacity":0.9}},
{"type":"Feature","geometry":{"type":"LineString","coordinates":[[11.50874,48.08196],[11.51141,48.08582]]},"properties":{"id":"sl_7557438d","name":"Schusterstraße","kind":"street","a":[48.08196,11.50874],"b":[48.08582,11.51141],"length_m":473,"max_offset_m":5.7,"bearing_ab":24.9,"bearing_ba":204.9,"obstruction_toward_a_deg":0.81,"obstruction_toward_b_deg":0.81,"canyon":true,"featured":false,"notes":null,"osm_way_ids":[158260338,158353492,1430303822],"bearing_bucket":"000-030","stroke":"#e41a1c","stroke-width":2,"stroke-opacity":0.9}},
{"type":"Feature","geometry":{"type":"LineString","coordinates":[[11.52087,48.09889],[11.52676,48.09962]]},"properties":{"id":"sl_7558f278","name":"Boschetsrieder Straße","kind":"street","a":[48.09889,11.52087],"b":[48.09962,11.52676],"length_m":446,"max_offset_m":6.9,"bearing_ab":79.5,"bearing_ba":259.5,"obstruction_toward_a_deg":2.35,"obstruction_toward_b_deg":1.48,"canyon":false,"featured":false,"notes":null,"osm_way_ids":[55962712,70909738,185596168,266954745,1245658440,1425223837,1463219024],"bearing_bucket":"060-090","stroke":"#ffd92f","stroke-width":2,"stroke-opacity":0.9}},
{"type":"Feature","geometry":{"type":"LineString","coordinates":[[11.65705,48.09056],[11.65426,48.08646]]},"properties":{"id":"sl_7562a724","name":"Arnold-Sommerfeld-Straße","kind":"street","a":[48.09056,11.65705],"b":[48.08646,11.65426],"length_m":501,"max_offset_m":5.9,"bearing_ab":204.5,"bearing_ba":24.5,"obstruction_toward_a_deg":0.95,"obstruction_toward_b_deg":2.09,"canyon":false,"featured":false,"notes":null,"osm_way_ids":[145672554,145672557,165315998],"bearing_bucket":"000-030","stroke":"#e41a1c","stroke-width":2,"stroke-opacity":0.9}},
{"type":"Feature","geometry":{"type":"LineString","coordinates":[[11.65367,48.14084],[11.65493,48.14482]]},"properties":{"id":"sl_75e5698e","name":"Burgauerstraße","kind":"street","a":[48.14084,11.65367],"b":[48.14482,11.65493],"length_m":452,"max_offset_m":4.6,"bearing_ab":11.9,"bearing_ba":191.9,"obstruction_toward_a_deg":2.32,"obstruction_toward_b_deg":2.32,"canyon":false,"featured":false,"notes":null,"osm_way_ids":[86328757,86328758,807088686],"bearing_bucket":"000-030","stroke":"#e41a1c","stroke-width":2,"stroke-opacity":0.9}},
{"type":"Feature","geometry":{"type":"LineString","coordinates":[[11.52521,48.11866],[11.51743,48.11918]]},"properties":{"id":"sl_76052ea9","name":"Krüner Straße","kind":"street","a":[48.11866,11.52521],"b":[48.11918,11.51743],"length_m":582,"max_offset_m":7.8,"bearing_ab":275.7,"bearing_ba":95.7,"obstruction_toward_a_deg":1.29,"obstruction_toward_b_deg":1.29,"canyon":true,"featured":false,"notes":null,"osm_way_ids":[49075310,1195037352,1257541786,1488575588,1488575589],"bearing_bucket":"090-120","stroke":"#4daf4a","stroke-width":2,"stroke-opacity":0.9}},
{"type":"Feature","geometry":{"type":"LineString","coordinates":[[11.583,48.18541],[11.57634,48.18566]]},"properties":{"id":"sl_761c7716","name":"Vogelhartstraße","kind":"street","a":[48.18541,11.583],"b":[48.18566,11.57634],"length_m":496,"max_offset_m":0.9,"bearing_ab":273.1,"bearing_ba":93.1,"obstruction_toward_a_deg":1.51,"obstruction_toward_b_deg":1.51,"canyon":true,"featured":false,"notes":null,"osm_way_ids":[5033202,22097769],"bearing_bucket":"090-120","stroke":"#4daf4a","stroke-width":2,"stroke-opacity":0.9}},
{"type":"Feature","geometry":{"type":"LineString","coordinates":[[11.64491,48.09814],[11.64643,48.1019]]},"properties":{"id":"sl_76b1e769","name":"Thomas-Dehler-Straße","kind":"street","a":[48.09814,11.64491],"b":[48.1019,11.64643],"length_m":433,"max_offset_m":6.1,"bearing_ab":15.2,"bearing_ba":195.2,"obstruction_toward_a_deg":2.16,"obstruction_toward_b_deg":1.31,"canyon":false,"featured":false,"notes":null,"osm_way_ids":[29129864,29129869,49863569,49863575,72597393,72597397,107225109,142968334,258919938,258919940,317549328,1175023588,1175023589],"bearing_bucket":"000-030","stroke":"#e41a1c","stroke-width":2,"stroke-opacity":0.9}},
{"type":"Feature","geometry":{"type":"LineString","coordinates":[[11.55985,48.1427],[11.55052,48.14583]]},"properties":{"id":"sl_76e2b5ac","name":"Marsstraße","kind":"street","a":[48.1427,11.55985],"b":[48.14583,11.55052],"length_m":776,"max_offset_m":7.1,"bearing_ab":296.6,"bearing_ba":116.6,"obstruction_toward_a_deg":1.44,"obstruction_toward_b_deg":1.42,"canyon":true,"featured":false,"notes":null,"osm_way_ids":[4002311,93195090,100177587,150885524,292767087,292767089,313579586,313579587,313579588,313579589,313579590,923916235],"bearing_bucket":"090-120","stroke":"#4daf4a","stroke-width":2,"stroke-opacity":0.9}},
{"type":"Feature","geometry":{"type":"LineString","coordinates":[[11.64343,48.14351],[11.63447,48.14253]]},"properties":{"id":"sl_7767f12d","name":"Nettelbeckstraße","kind":"street","a":[48.14351,11.64343],"b":[48.14253,11.63447],"length_m":676,"max_offset_m":6.0,"bearing_ab":260.8,"bearing_ba":80.8,"obstruction_toward_a_deg":0.57,"obstruction_toward_b_deg":0.57,"canyon":true,"featured":false,"notes":null,"osm_way_ids":[4820382,6133429,90385945,90385949,817913091,817913093],"bearing_bucket":"060-090","stroke":"#ffd92f","stroke-width":2,"stroke-opacity":0.9}},
{"type":"Feature","geometry":{"type":"LineString","coordinates":[[11.58101,48.10558],[11.57786,48.10257]]},"properties":{"id":"sl_778475ab","name":"Gufidauner Straße","kind":"street","a":[48.10558,11.58101],"b":[48.10257,11.57786],"length_m":409,"max_offset_m":4.6,"bearing_ab":215.1,"bearing_ba":35.1,"obstruction_toward_a_deg":2.56,"obstruction_toward_b_deg":0.94,"canyon":false,"featured":false,"notes":null,"osm_way_ids":[1436900931,1436900932,1436900934],"bearing_bucket":"030-060","stroke":"#ff7f00","stroke-width":2,"stroke-opacity":0.9}},
{"type":"Feature","geometry":{"type":"LineString","coordinates":[[11.55321,48.16127],[11.55849,48.15679]]},"properties":{"id":"sl_778ae4a2","name":"Infanteriestraße","kind":"street","a":[48.16127,11.55321],"b":[48.15679,11.55849],"length_m":634,"max_offset_m":7.2,"bearing_ab":141.7,"bearing_ba":321.7,"obstruction_toward_a_deg":0.89,"obstruction_toward_b_deg":0.89,"canyon":false,"featured":false,"notes":null,"osm_way_ids":[4520027,87964579,1110882606],"bearing_bucket":"120-150","stroke":"#377eb8","stroke-width":2,"stroke-opacity":0.9}},
{"type":"Feature","geometry":{"type":"LineString","coordinates":[[11.53393,48.21532],[11.5403,48.21441]]},"properties":{"id":"sl_7807d43a","name":"Knospenstraße","kind":"street","a":[48.21532,11.53393],"b":[48.21441,11.5403],"length_m":485,"max_offset_m":6.0,"bearing_ab":102.1,"bearing_ba":282.1,"obstruction_toward_a_deg":0.79,"obstruction_toward_b_deg":0.79,"canyon":true,"featured":false,"notes":null,"osm_way_ids":[115567388],"bearing_bucket":"090-120","stroke":"#4daf4a","stroke-width":2,"stroke-opacity":0.9}},
{"type":"Feature","geometry":{"type":"LineString","coordinates":[[11.50242,48.14166],[11.49488,48.14203]]},"properties":{"id":"sl_780b9aae","name":"Perhamerstraße","kind":"street","a":[48.14166,11.50242],"b":[48.14203,11.49488],"length_m":562,"max_offset_m":4.9,"bearing_ab":274.1,"bearing_ba":94.1,"obstruction_toward_a_deg":1.33,"obstruction_toward_b_deg":1.01,"canyon":true,"featured":false,"notes":null,"osm_way_ids":[16798350,118682364,426277802,706391878],"bearing_bucket":"090-120","stroke":"#4daf4a","stroke-width":2,"stroke-opacity":0.9}},
{"type":"Feature","geometry":{"type":"LineString","coordinates":[[11.59467,48.20178],[11.6098,48.19993]]},"properties":{"id":"sl_78286ddd","name":"Heidemannstraße","kind":"street","a":[48.20178,11.59467],"b":[48.19993,11.6098],"length_m":1143,"max_offset_m":7.7,"bearing_ab":100.3,"bearing_ba":280.4,"obstruction_toward_a_deg":0.92,"obstruction_toward_b_deg":0.92,"canyon":false,"featured":false,"notes":null,"osm_way_ids":[172406980,202370600,202370603,202370606,292610409,292610411,316639204,316639206,316639207,316639208,316639210,316639211,316639212,316639215,316639216,316639218,316639219,1317556512],"bearing_bucket":"090-120","stroke":"#4daf4a","stroke-width":2,"stroke-opacity":0.9}},
{"type":"Feature","geometry":{"type":"LineString","coordinates":[[11.66036,48.10972],[11.66363,48.11421]]},"properties":{"id":"sl_783cfcf0","name":"Hans-Pfann-Straße","kind":"street","a":[48.10972,11.66036],"b":[48.11421,11.66363],"length_m":556,"max_offset_m":1.0,"bearing_ab":26.0,"bearing_ba":206.0,"obstruction_toward_a_deg":0.69,"obstruction_toward_b_deg":0.69,"canyon":true,"featured":false,"notes":null,"osm_way_ids":[4005494],"bearing_bucket":"000-030","stroke":"#e41a1c","stroke-width":2,"stroke-opacity":0.9}},
{"type":"Feature","geometry":{"type":"LineString","coordinates":[[11.57203,48.19715],[11.57325,48.17847]]},"properties":{"id":"sl_784f8d8b","name":"Knorrstraße","kind":"street","a":[48.19715,11.57203],"b":[48.17847,11.57325],"length_m":2079,"max_offset_m":7.0,"bearing_ab":177.5,"bearing_ba":357.5,"obstruction_toward_a_deg":0.18,"obstruction_toward_b_deg":0.45,"canyon":false,"featured":false,"notes":null,"osm_way_ids":[26824564,26824590,31853826,38304091,51788468,51788469,120087646,122901914,137241065,152251067,155229245,256851512,258548196,258548197,291232793,316773140,335337100,376399547,447107294,533323115,677654344,677654348,1070398227,1070398229,1169728208,1284983969,1428594329,1428594330,1428607055,1428607056,1428631595,1428631596],"bearing_bucket":"150-180","stroke":"#984ea3","stroke-width":2,"stroke-opacity":0.9}},
{"type":"Feature","geometry":{"type":"LineString","coordinates":[[11.58449,48.09843],[11.587,48.09452]]},"properties":{"id":"sl_7859db47","name":"Weyarner Straße","kind":"street","a":[48.09843,11.58449],"b":[48.09452,11.587],"length_m":472,"max_offset_m":3.5,"bearing_ab":156.7,"bearing_ba":336.7,"obstruction_toward_a_deg":1.59,"obstruction_toward_b_deg":0.81,"canyon":true,"featured":false,"notes":null,"osm_way_ids":[1435364987,1435364988,1435369582,1435369583],"bearing_bucket":"150-180","stroke":"#984ea3","stroke-width":2,"stroke-opacity":0.9}},
{"type":"Feature","geometry":{"type":"LineString","coordinates":[[11.47674,48.11337],[11.46586,48.11226]]},"properties":{"id":"sl_785ca0bb","name":"Marchioninistraße","kind":"street","a":[48.11337,11.47674],"b":[48.11226,11.46586],"length_m":819,"max_offset_m":7.9,"bearing_ab":261.4,"bearing_ba":81.4,"obstruction_toward_a_deg":0.36,"obstruction_toward_b_deg":1.14,"canyon":false,"featured":false,"notes":null,"osm_way_ids":[18901745,30909877,31093705,1444299058,1444299059,1444299060,1444299062,1444299063],"bearing_bucket":"060-090","stroke":"#ffd92f","stroke-width":2,"stroke-opacity":0.9}},
{"type":"Feature","geometry":{"type":"LineString","coordinates":[[11.56502,48.12911],[11.561,48.12409]]},"properties":{"id":"sl_786e2c8c","name":"Thalkirchner Straße","kind":"street","a":[48.12911,11.56502],"b":[48.12409,11.561],"length_m":634,"max_offset_m":6.5,"bearing_ab":208.2,"bearing_ba":28.2,"obstruction_toward_a_deg":1.33,"obstruction_toward_b_deg":1.18,"canyon":false,"featured":false,"notes":null,"osm_way_ids":[37665425,39028236,667956831,1268413712,1420903077,1427899783,1498543573,1498543579],"bearing_bucket":"000-030","stroke":"#e41a1c","stroke-width":2,"stroke-opacity":0.9}},
{"type":"Feature","geometry":{"type":"LineString","coordinates":[[11.66358,48.11424],[11.65534,48.11755]]},"properties":{"id":"sl_78705929","name":"Sankt-Augustinus-Straße","kind":"street","a":[48.11424,11.66358],"b":[48.11755,11.65534],"length_m":716,"max_offset_m":7.9,"bearing_ab":301.0,"bearing_ba":121.0,"obstruction_toward_a_deg":0.54,"obstruction_toward_b_deg":0.41,"canyon":false,"featured":false,"notes":null,"osm_way_ids":[26696144,177095166,1079997538],"bearing_bucket":"120-150","stroke":"#377eb8","stroke-width":2,"stroke-opacity":0.9}},
{"type":"Feature","geometry":{"type":"LineString","coordinates":[[11.62346,48.19441],[11.63507,48.21342]]},"properties":{"id":"sl_78ca3446","name":"Freisinger Landstraße","kind":"street","a":[48.19441,11.62346],"b":[48.21342,11.63507],"length_m":2284,"max_offset_m":7.3,"bearing_ab":22.2,"bearing_ba":202.2,"obstruction_toward_a_deg":0.46,"obstruction_toward_b_deg":0.46,"canyon":false,"featured":false,"notes":null,"osm_way_ids":[4061913,59378795,204590910,409423925,409423929,409423930,409423931,409423932,409423933,409423936,409423942,409423948,409423952,409714626,1034845668,1034845669,1205915450],"bearing_bucket":"000-030","stroke":"#e41a1c","stroke-width":2,"stroke-opacity":0.9}},
{"type":"Feature","geometry":{"type":"LineString","coordinates":[[11.65712,48.11741],[11.66476,48.12143]]},"properties":{"id":"sl_78f6a86e","name":"Bajuwarenstraße","kind":"street","a":[48.11741,11.65712],"b":[48.12143,11.66476],"length_m":724,"max_offset_m":7.2,"bearing_ab":51.9,"bearing_ba":231.9,"obstruction_toward_a_deg":0.66,"obstruction_toward_b_deg":0.28,"canyon":true,"featured":false,"notes":null,"osm_way_ids":[2884303,3302157,834766055,834766056,834766059],"bearing_bucket":"030-060","stroke":"#ff7f00","stroke-width":2,"stroke-opacity":0.9}},
{"type":"Feature","geometry":{"type":"LineString","coordinates":[[11.47733,48.11549],[11.47503,48.10396]]},"properties":{"id":"sl_791d30c1","name":"Sauerbruchstraße","kind":"street","a":[48.11549,11.47733],"b":[48.10396,11.47503],"length_m":1294,"max_offset_m":4.4,"bearing_ab":187.6,"bearing_ba":7.6,"obstruction_toward_a_deg":0.37,"obstruction_toward_b_deg":0.81,"canyon":false,"featured":false,"notes":null,"osm_way_ids":[4386526,14187276,30909864,30909879,365508924,392507123,392507124,392507127,984923077,1444278672,1444278674,1444282061,1444286109,1444286111,1444286112,1444286113,1444286114,1444286115,1444286116],"bearing_bucket":"000-030","stroke":"#e41a1c","stroke-width":2,"stroke-opacity":0.9}},
{"type":"Feature","geometry":{"type":"LineString","coordinates":[[11.63374,48.13616],[11.62466,48.1358]]},"properties":{"id":"sl_7922b6af","name":"Truderinger Straße","kind":"street","a":[48.13616,11.63374],"b":[48.1358,11.62466],"length_m":677,"max_offset_m":7.3,"bearing_ab":266.6,"bearing_ba":86.6,"obstruction_toward_a_deg":1.55,"obstruction_toward_b_deg":1.55,"canyon":false,"featured":false,"notes":null,"osm_way_ids":[115522600,380316708,964898734,1007815920],"bearing_bucket":"060-090","stroke":"#ffd92f","stroke-width":2,"stroke-opacity":0.9}},
{"type":"Feature","geometry":{"type":"LineString","coordinates":[[11.57497,48.16048],[11.57425,48.16443]]},"properties":{"id":"sl_79d740de","name":null,"kind":"street","a":[48.16048,11.57497],"b":[48.16443,11.57425],"length_m":442,"max_offset_m":5.6,"bearing_ab":353.1,"bearing_ba":173.1,"obstruction_toward_a_deg":2.11,"obstruction_toward_b_deg":2.11,"canyon":true,"featured":false,"notes":null,"osm_way_ids":[370878835],"bearing_bucket":"150-180","stroke":"#984ea3","stroke-width":2,"stroke-opacity":0.9}},
{"type":"Feature","geometry":{"type":"LineString","coordinates":[[11.54502,48.0859],[11.54282,48.08199]]},"properties":{"id":"sl_7a77ec2f","name":"Isar","kind":"river","a":[48.0859,11.54502],"b":[48.08199,11.54282],"length_m":464,"max_offset_m":1.5,"bearing_ab":200.7,"bearing_ba":20.7,"obstruction_toward_a_deg":2.26,"obstruction_toward_b_deg":2.26,"canyon":false,"featured":false,"notes":null,"osm_way_ids":[171381873],"bearing_bucket":"000-030","stroke":"#e41a1c","stroke-width":2,"stroke-opacity":0.9}},
{"type":"Feature","geometry":{"type":"LineString","coordinates":[[11.52085,48.07351],[11.51815,48.07024]]},"properties":{"id":"sl_7aa49adc","name":"Wolfratshauser Straße","kind":"street","a":[48.07351,11.52085],"b":[48.07024,11.51815],"length_m":416,"max_offset_m":6.6,"bearing_ab":208.9,"bearing_ba":28.9,"obstruction_toward_a_deg":1.36,"obstruction_toward_b_deg":0.92,"canyon":false,"featured":false,"notes":null,"osm_way_ids":[59475753,894617153,1427505867,1427528901,1427528902,1427528903,1427528904],"bearing_bucket":"000-030","stroke":"#e41a1c","stroke-width":2,"stroke-opacity":0.9}},
{"type":"Feature","geometry":{"type":"LineString","coordinates":[[11.54124,48.0836],[11.54426,48.087]]},"properties":{"id":"sl_7ad56ac6","name":null,"kind":"street","a":[48.0836,11.54124],"b":[48.087,11.54426],"length_m":440,"max_offset_m":5.6,"bearing_ab":30.8,"bearing_ba":210.8,"obstruction_toward_a_deg":2.38,"obstruction_toward_b_deg":2.38,"canyon":false,"featured":false,"notes":null,"osm_way_ids":[14329277],"bearing_bucket":"030-060","stroke":"#ff7f00","stroke-width":2,"stroke-opacity":0.9}},
{"type":"Feature","geometry":{"type":"LineString","coordinates":[[11.50023,48.13967],[11.50005,48.14328]]},"properties":{"id":"sl_7b2c610b","name":"Lutzstraße","kind":"street","a":[48.13967,11.50023],"b":[48.14328,11.50005],"length_m":402,"max_offset_m":7.2,"bearing_ab":358.1,"bearing_ba":178.1,"obstruction_toward_a_deg":1.87,"obstruction_toward_b_deg":2.32,"canyon":true,"featured":false,"notes":null,"osm_way_ids":[16799486,1222937434,1530585325],"bearing_bucket":"150-180","stroke":"#984ea3","stroke-width":2,"stroke-opacity":0.9}},
{"type":"Feature","geometry":{"type":"LineString","coordinates":[[11.67414,48.08609],[11.66493,48.08966]]},"properties":{"id":"sl_7b314c01","name":"Putzbrunner Straße","kind":"street","a":[48.08609,11.67414],"b":[48.08966,11.66493],"length_m":793,"max_offset_m":7.0,"bearing_ab":300.1,"bearing_ba":120.0,"obstruction_toward_a_deg":0.48,"obstruction_toward_b_deg":0.48,"canyon":false,"featured":false,"notes":null,"osm_way_ids":[52706906,151892581,251534699,264512866,264512869,366137227,1409492900,1422654148],"bearing_bucket":"120-150","stroke":"#377eb8","stroke-width":2,"stroke-opacity":0.9}},
{"type":"Feature","geometry":{"type":"LineString","coordinates":[[11.54845,48.09162],[11.54264,48.08477]]},"properties":{"id":"sl_7b5de169","name":"Isarwerkkanal","kind":"canal","a":[48.09162,11.54845],"b":[48.08477,11.54264],"length_m":876,"max_offset_m":5.3,"bearing_ab":209.6,"bearing_ba":29.6,"obstruction_toward_a_deg":0.23,"obstruction_toward_b_deg":1.2,"canyon":false,"featured":false,"notes":null,"osm_way_ids":[1088128094],"bearing_bucket":"000-030","stroke":"#e41a1c","stroke-width":2,"stroke-opacity":0.9}},
{"type":"Feature","geometry":{"type":"LineString","coordinates":[[11.66856,48.10612],[11.67127,48.10949]]},"properties":{"id":"sl_7b6955fe","name":null,"kind":"street","a":[48.10612,11.66856],"b":[48.10949,11.67127],"length_m":425,"max_offset_m":5.3,"bearing_ab":28.3,"bearing_ba":208.3,"obstruction_toward_a_deg":0.9,"obstruction_toward_b_deg":0.69,"canyon":false,"featured":false,"notes":null,"osm_way_ids":[1528105292],"bearing_bucket":"000-030","stroke":"#e41a1c","stroke-width":2,"stroke-opacity":0.9}},
{"type":"Feature","geometry":{"type":"LineString","coordinates":[[11.52138,48.18079],[11.5287,48.1812]]},"properties":{"id":"sl_7b99940f","name":"Scharnhorststraße","kind":"street","a":[48.18079,11.52138],"b":[48.1812,11.5287],"length_m":547,"max_offset_m":6.0,"bearing_ab":85.2,"bearing_ba":265.2,"obstruction_toward_a_deg":1.04,"obstruction_toward_b_deg":1.37,"canyon":true,"featured":false,"notes":null,"osm_way_ids":[5192277,1234573852,1234612343,1234650297,1442904487,1442904489],"bearing_bucket":"060-090","stroke":"#ffd92f","stroke-width":2,"stroke-opacity":0.9}},
{"type":"Feature","geometry":{"type":"LineString","coordinates":[[11.5139,48.08853],[11.52055,48.08952]]},"properties":{"id":"sl_7bbc748a","name":"Reismühlenstraße","kind":"street","a":[48.08853,11.5139],"b":[48.08952,11.52055],"length_m":507,"max_offset_m":4.7,"bearing_ab":77.5,"bearing_ba":257.5,"obstruction_toward_a_deg":0.76,"obstruction_toward_b_deg":1.48,"canyon":true,"featured":false,"notes":null,"osm_way_ids":[158409457,1430295042,1430300330],"bearing_bucket":"060-090","stroke":"#ffd92f","stroke-width":2,"stroke-opacity":0.9}},
{"type":"Feature","geometry":{"type":"LineString","coordinates":[[11.58972,48.13686],[11.58652,48.13349]]},"properties":{"id":"sl_7bed7cc1","name":null,"kind":"street","a":[48.13686,11.58972],"b":[48.13349,11.58652],"length_m":444,"max_offset_m":7.6,"bearing_ab":212.5,"bearing_ba":32.4,"obstruction_toward_a_deg":1.69,"obstruction_toward_b_deg":1.69,"canyon":false,"featured":false,"notes":null,"osm_way_ids":[344066416],"bearing_bucket":"030-060","stroke":"#ff7f00","stroke-width":2,"stroke-opacity":0.9}},
{"type":"Feature","geometry":{"type":"LineString","coordinates":[[11.68941,48.11644],[11.6939,48.11422]]},"properties":{"id":"sl_7c527ddf","name":"Sulzweg","kind":"street","a":[48.11644,11.68941],"b":[48.11422,11.6939],"length_m":416,"max_offset_m":0.8,"bearing_ab":126.5,"bearing_ba":306.5,"obstruction_toward_a_deg":0.92,"obstruction_toward_b_deg":0.92,"canyon":true,"featured":false,"notes":null,"osm_way_ids":[3156901],"bearing_bucket":"120-150","stroke":"#377eb8","stroke-width":2,"stroke-opacity":0.9}},
{"type":"Feature","geometry":{"type":"LineString","coordinates":[[11.50126,48.13106],[11.49404,48.13238]]},"properties":{"id":"sl_7c52fb91","name":"Aindorferstraße","kind":"street","a":[48.13106,11.50126],"b":[48.13238,11.49404],"length_m":558,"max_offset_m":7.8,"bearing_ab":285.4,"bearing_ba":105.4,"obstruction_toward_a_deg":1.02,"obstruction_toward_b_deg":0.69,"canyon":true,"featured":false,"notes":null,"osm_way_ids":[63094057,159179304],"bearing_bucket":"090-120","stroke":"#4daf4a","stroke-width":2,"stroke-opacity":0.9}},
{"type":"Feature","geometry":{"type":"LineString","coordinates":[[11.53408,48.13884],[11.52819,48.13871]]},"properties":{"id":"sl_7c751cfb","name":"Guldeinstraße","kind":"street","a":[48.13884,11.53408],"b":[48.13871,11.52819],"length_m":439,"max_offset_m":2.2,"bearing_ab":268.1,"bearing_ba":88.1,"obstruction_toward_a_deg":1.71,"obstruction_toward_b_deg":2.34,"canyon":true,"featured":false,"notes":null,"osm_way_ids":[4009455,4078860,704167776,704167777],"bearing_bucket":"060-090","stroke":"#ffd92f","stroke-width":2,"stroke-opacity":0.9}},
{"type":"Feature","geometry":{"type":"LineString","coordinates":[[11.62138,48.22386],[11.62643,48.22132]]},"properties":{"id":"sl_7c7a2902","name":"Werner-Heisenberg-Allee","kind":"street","a":[48.22386,11.62138],"b":[48.22132,11.62643],"length_m":470,"max_offset_m":5.9,"bearing_ab":126.9,"bearing_ba":306.9,"obstruction_toward_a_deg":2.23,"obstruction_toward_b_deg":2.23,"canyon":false,"featured":false,"notes":null,"osm_way_ids":[20854906,20879489,20884406,208217065,325781640,325781641,325781642],"bearing_bucket":"120-150","stroke":"#377eb8","stroke-width":2,"stroke-opacity":0.9}},
{"type":"Feature","geometry":{"type":"LineString","coordinates":[[11.53675,48.1472],[11.53731,48.15389]]},"properties":{"id":"sl_7cbeec19","name":"Landshuter Allee","kind":"street","a":[48.1472,11.53675],"b":[48.15389,11.53731],"length_m":745,"max_offset_m":5.4,"bearing_ab":3.2,"bearing_ba":183.2,"obstruction_toward_a_deg":1.25,"obstruction_toward_b_deg":1.25,"canyon":false,"featured":false,"notes":null,"osm_way_ids":[30815670,34563616,73925070,134171442,134171443,134171458,146003140,160543190,232143752,548353174,1460781833,1460781834],"bearing_bucket":"000-030","stroke":"#e41a1c","stroke-width":2,"stroke-opacity":0.9}},
{"type":"Feature","geometry":{"type":"LineString","coordinates":[[11.53042,48.09335],[11.53239,48.09677]]},"properties":{"id":"sl_7d1cae3c","name":"Baierbrunner Straße","kind":"street","a":[48.09335,11.53042],"b":[48.09677,11.53239],"length_m":408,"max_offset_m":3.4,"bearing_ab":21.1,"bearing_ba":201.1,"obstruction_toward_a_deg":1.39,"obstruction_toward_b_deg":1.84,"canyon":false,"featured":false,"notes":null,"osm_way_ids":[50534454,261475922,390624476,463765417,463765418],"bearing_bucket":"000-030","stroke":"#e41a1c","stroke-width":2,"stroke-opacity":0.9}},
{"type":"Feature","geometry":{"type":"LineString","coordinates":[[11.46726,48.19797],[11.46548,48.20148]]},"properties":{"id":"sl_7d6829f8","name":"Spiegelbergstraße","kind":"street","a":[48.19797,11.46726],"b":[48.20148,11.46548],"length_m":412,"max_offset_m":7.5,"bearing_ab":341.2,"bearing_ba":161.2,"obstruction_toward_a_deg":2.54,"obstruction_toward_b_deg":0.93,"canyon":true,"featured":false,"notes":null,"osm_way_ids":[18835934,28142678,1187857888],"bearing_bucket":"150-180","stroke":"#984ea3","stroke-width":2,"stroke-opacity":0.9}},
{"type":"Feature","geometry":{"type":"LineString","coordinates":[[11.58567,48.15528],[11.5826,48.14562]]},"properties":{"id":"sl_7dadb81b","name":"Kaulbachstraße","kind":"street","a":[48.15528,11.58567],"b":[48.14562,11.5826],"length_m":1098,"max_offset_m":5.1,"bearing_ab":192.0,"bearing_ba":12.0,"obstruction_toward_a_deg":0.68,"obstruction_toward_b_deg":0.6,"canyon":true,"featured":false,"notes":null,"osm_way_ids":[93192037,152468888,154782359,192123865,1354467422],"bearing_bucket":"000-030","stroke":"#e41a1c","stroke-width":2,"stroke-opacity":0.9}},
{"type":"Feature","geometry":{"type":"LineString","coordinates":[[11.49754,48.08267],[11.49444,48.07711]]},"properties":{"id":"sl_7dd677f0","name":"Waterloostraße","kind":"street","a":[48.08267,11.49754],"b":[48.07711,11.49444],"length_m":660,"max_offset_m":5.6,"bearing_ab":200.4,"bearing_ba":20.4,"obstruction_toward_a_deg":0.58,"obstruction_toward_b_deg":0.3,"canyon":false,"featured":false,"notes":null,"osm_way_ids":[157811064,305439464,1160740478,1410088864,1427120481,1427120482],"bearing_bucket":"000-030","stroke":"#e41a1c","stroke-width":2,"stroke-opacity":0.9}},
{"type":"Feature","geometry":{"type":"LineString","coordinates":[[11.51374,48.13912],[11.50788,48.13969]]},"properties":{"id":"sl_7e0c2b11","name":"Agnes-Bernauer-Straße","kind":"street","a":[48.13912,11.51374],"b":[48.13969,11.50788],"length_m":440,"max_offset_m":7.8,"bearing_ab":278.2,"bearing_ba":98.2,"obstruction_toward_a_deg":2.12,"obstruction_toward_b_deg":1.7,"canyon":false,"featured":false,"notes":null,"osm_way_ids":[56542044,56542063,1421510625],"bearing_bucket":"090-120","stroke":"#4daf4a","stroke-width":2,"stroke-opacity":0.9}},
{"type":"Feature","geometry":{"type":"LineString","coordinates":[[11.48275,48.13008],[11.4758,48.12866]]},"properties":{"id":"sl_7e257c89","name":"Senftenauerstraße","kind":"street","a":[48.13008,11.48275],"b":[48.12866,11.4758],"length_m":541,"max_offset_m":7.9,"bearing_ab":253.0,"bearing_ba":73.0,"obstruction_toward_a_deg":0.71,"obstruction_toward_b_deg":0.71,"canyon":false,"featured":false,"notes":null,"osm_way_ids":[106055577,115964701,115964704,293561751,392518627],"bearing_bucket":"060-090","stroke":"#ffd92f","stroke-width":2,"stroke-opacity":0.9}},
{"type":"Feature","geometry":{"type":"LineString","coordinates":[[11.46166,48.21398],[11.4675,48.21387]]},"properties":{"id":"sl_7e567ab4","name":"Vogelloh","kind":"street","a":[48.21398,11.46166],"b":[48.21387,11.4675],"length_m":435,"max_offset_m":5.0,"bearing_ab":91.6,"bearing_ba":271.6,"obstruction_toward_a_deg":0.88,"obstruction_toward_b_deg":2.57,"canyon":false,"featured":false,"notes":null,"osm_way_ids":[4364383],"bearing_bucket":"090-120","stroke":"#4daf4a","stroke-width":2,"stroke-opacity":0.9}},
{"type":"Feature","geometry":{"type":"LineString","coordinates":[[11.47963,48.12843],[11.48647,48.1294]]},"properties":{"id":"sl_7e6a1db2","name":"Veilchenstraße","kind":"street","a":[48.12843,11.47963],"b":[48.1294,11.48647],"length_m":520,"max_offset_m":7.9,"bearing_ab":78.0,"bearing_ba":258.0,"obstruction_toward_a_deg":2.01,"obstruction_toward_b_deg":0.39,"canyon":true,"featured":false,"notes":null,"osm_way_ids":[17246625,1417142956],"bearing_bucket":"060-090","stroke":"#ffd92f","stroke-width":2,"stroke-opacity":0.9}},
{"type":"Feature","geometry":{"type":"LineString","coordinates":[[11.55039,48.20843],[11.55157,48.21243]]},"properties":{"id":"sl_7eb4dfa5","name":"Riemerschmidstraße","kind":"street","a":[48.20843,11.55039],"b":[48.21243,11.55157],"length_m":453,"max_offset_m":4.5,"bearing_ab":11.2,"bearing_ba":191.2,"obstruction_toward_a_deg":0.85,"obstruction_toward_b_deg":2.87,"canyon":false,"featured":false,"notes":null,"osm_way_ids":[4055470,1531011480],"bearing_bucket":"000-030","stroke":"#e41a1c","stroke-width":2,"stroke-opacity":0.9}},
{"type":"Feature","geometry":{"type":"LineString","coordinates":[[11.58727,48.2104],[11.57818,48.21112]]},"properties":{"id":"sl_7ee9d449","name":"Neuherbergstraße","kind":"street","a":[48.2104,11.58727],"b":[48.21112,11.57818],"length_m":680,"max_offset_m":5.5,"bearing_ab":276.7,"bearing_ba":96.7,"obstruction_toward_a_deg":0.29,"obstruction_toward_b_deg":0.83,"canyon":false,"featured":false,"notes":null,"osm_way_ids":[36555069,316423479,333062250,333062252,333065989,362703952,528568857,528568858,528568859,528568860,528568861,1185676426],"bearing_bucket":"090-120","stroke":"#4daf4a","stroke-width":2,"stroke-opacity":0.9}},
{"type":"Feature","geometry":{"type":"LineString","coordinates":[[11.51198,48.15582],[11.52316,48.15618]]},"properties":{"id":"sl_7f0bc00b","name":"Romanstraße","kind":"street","a":[48.15582,11.51198],"b":[48.15618,11.52316],"length_m":833,"max_offset_m":7.4,"bearing_ab":87.2,"bearing_ba":267.3,"obstruction_toward_a_deg":0.68,"obstruction_toward_b_deg":0.46,"canyon":false,"featured":false,"notes":null,"osm_way_ids":[63944228,297341777,1176949330],"bearing_bucket":"060-090","stroke":"#ffd92f","stroke-width":2,"stroke-opacity":0.9}},
{"type":"Feature","geometry":{"type":"LineString","coordinates":[[11.60203,48.11596],[11.5991,48.12117]]},"properties":{"id":"sl_7f41d7bf","name":"Balanstraße","kind":"street","a":[48.11596,11.60203],"b":[48.12117,11.5991],"length_m":619,"max_offset_m":7.9,"bearing_ab":339.3,"bearing_ba":159.3,"obstruction_toward_a_deg":1.51,"obstruction_toward_b_deg":3.43,"canyon":false,"featured":false,"notes":null,"osm_way_ids":[41821146,41821147,42150865,52719994,109754456,260345644,260345650,714449182,714449183,920216324,1459340752,1459340754,1459340755],"bearing_bucket":"150-180","stroke":"#984ea3","stroke-width":2,"stroke-opacity":0.9}},
{"type":"Feature","geometry":{"type":"LineString","coordinates":[[11.5627,48.22324],[11.55625,48.22286]]},"properties":{"id":"sl_7f8189b3","name":null,"kind":"street","a":[48.22324,11.5627],"b":[48.22286,11.55625],"length_m":481,"max_offset_m":7.6,"bearing_ab":265.0,"bearing_ba":85.0,"obstruction_toward_a_deg":1.18,"obstruction_toward_b_deg":1.94,"canyon":false,"featured":false,"notes":null,"osm_way_ids":[28229103],"bearing_bucket":"060-090","stroke":"#ffd92f","stroke-width":2,"stroke-opacity":0.9}},
{"type":"Feature","geometry":{"type":"LineString","coordinates":[[11.53566,48.05827],[11.53031,48.05798]]},"properties":{"id":"sl_7f861654","name":"Isarwerkkanal","kind":"canal","a":[48.05827,11.53566],"b":[48.05798,11.53031],"length_m":400,"max_offset_m":6.4,"bearing_ab":265.4,"bearing_ba":85.4,"obstruction_toward_a_deg":2.62,"obstruction_toward_b_deg":2.62,"canyon":false,"featured":false,"notes":null,"osm_way_ids":[83284997],"bearing_bucket":"060-090","stroke":"#ffd92f","stroke-width":2,"stroke-opacity":0.9}},
{"type":"Feature","geometry":{"type":"LineString","coordinates":[[11.53581,48.16804],[11.52849,48.17253]]},"properties":{"id":"sl_7f979393","name":"Dachauer Straße","kind":"street","a":[48.16804,11.53581],"b":[48.17253,11.52849],"length_m":739,"max_offset_m":7.7,"bearing_ab":312.5,"bearing_ba":132.5,"obstruction_toward_a_deg":1.42,"obstruction_toward_b_deg":1.02,"canyon":false,"featured":false,"notes":null,"osm_way_ids":[34567683,34567684,37861666,310843498,310843499,310843503,310843504,421514319,543408500],"bearing_bucket":"120-150","stroke":"#377eb8","stroke-width":2,"stroke-opacity":0.9}},
{"type":"Feature","geometry":{"type":"LineString","coordinates":[[11.46569,48.19819],[11.46391,48.20258]]},"properties":{"id":"sl_7fa662bc","name":"Peter-Müller-Straße","kind":"street","a":[48.19819,11.46569],"b":[48.20258,11.46391],"length_m":506,"max_offset_m":7.8,"bearing_ab":344.8,"bearing_ba":164.8,"obstruction_toward_a_deg":2.07,"obstruction_toward_b_deg":2.07,"canyon":true,"featured":false,"notes":null,"osm_way_ids":[23712591,1224998660],"bearing_bucket":"150-180","stroke":"#984ea3","stroke-width":2,"stroke-opacity":0.9}},
{"type":"Feature","geometry":{"type":"LineString","coordinates":[[11.5663,48.16447],[11.56684,48.15992]]},"properties":{"id":"sl_7fb8869d","name":"Hiltenspergerstraße","kind":"street","a":[48.16447,11.5663],"b":[48.15992,11.56684],"length_m":508,"max_offset_m":4.6,"bearing_ab":175.5,"bearing_ba":355.5,"obstruction_toward_a_deg":1.84,"obstruction_toward_b_deg":2.2,"canyon":true,"featured":false,"notes":null,"osm_way_ids":[4651574,26632545,1093404774,1180953022],"bearing_bucket":"150-180","stroke":"#984ea3","stroke-width":2,"stroke-opacity":0.9}},
{"type":"Feature","geometry":{"type":"LineString","coordinates":[[11.4033,48.17632],[11.39584,48.17522]]},"properties":{"id":"sl_80022fb5","name":"Federseestraße","kind":"street","a":[48.17632,11.4033],"b":[48.17522,11.39584],"length_m":568,"max_offset_m":6.7,"bearing_ab":257.6,"bearing_ba":77.5,"obstruction_toward_a_deg":1.0,"obstruction_toward_b_deg":0.35,"canyon":false,"featured":false,"notes":null,"osm_way_ids":[4055850,1373505958],"bearing_bucket":"060-090","stroke":"#ffd92f","stroke-width":2,"stroke-opacity":0.9}},
{"type":"Feature","geometry":{"type":"LineString","coordinates":[[11.53878,48.1284],[11.53993,48.13473]]},"properties":{"id":"sl_80678b5a","name":"Ganghoferstraße","kind":"street","a":[48.1284,11.53878],"b":[48.13473,11.53993],"length_m":708,"max_offset_m":6.4,"bearing_ab":6.9,"bearing_ba":186.9,"obstruction_toward_a_deg":1.88,"obstruction_toward_b_deg":1.06,"canyon":false,"featured":false,"notes":null,"osm_way_ids":[4013953,4287900,4543482,4673763,435196485,435196486,435196488,435196489,435196490],"bearing_bucket":"000-030","stroke":"#e41a1c","stroke-width":2,"stroke-opacity":0.9}},
{"type":"Feature","geometry":{"type":"LineString","coordinates":[[11.47456,48.14233],[11.46216,48.14265]]},"properties":{"id":"sl_8079e40f","name":"Gräfstraße","kind":"street","a":[48.14233,11.47456],"b":[48.14265,11.46216],"length_m":923,"max_offset_m":7.2,"bearing_ab":272.2,"bearing_ba":92.2,"obstruction_toward_a_deg":0.61,"obstruction_toward_b_deg":0.81,"canyon":true,"featured":false,"notes":null,"osm_way_ids":[38862334,273339313,343069128,343069129,706143689,1195319772],"bearing_bucket":"090-120","stroke":"#4daf4a","stroke-width":2,"stroke-opacity":0.9}},
{"type":"Feature","geometry":{"type":"LineString","coordinates":[[11.5422,48.066],[11.54047,48.06155]]},"properties":{"id":"sl_80920dbc","name":"Isar","kind":"river","a":[48.066,11.5422],"b":[48.06155,11.54047],"length_m":512,"max_offset_m":0.0,"bearing_ab":194.5,"bearing_ba":14.5,"obstruction_toward_a_deg":2.05,"obstruction_toward_b_deg":2.05,"canyon":false,"featured":false,"notes":null,"osm_way_ids":[171381873],"bearing_bucket":"000-030","stroke":"#e41a1c","stroke-width":2,"stroke-opacity":0.9}},
{"type":"Feature","geometry":{"type":"LineString","coordinates":[[11.566,48.18712],[11.55156,48.18597]]},"properties":{"id":"sl_80b63515","name":"Moosacher Straße","kind":"street","a":[48.18712,11.566],"b":[48.18597,11.55156],"length_m":1082,"max_offset_m":7.8,"bearing_ab":263.2,"bearing_ba":83.2,"obstruction_toward_a_deg":0.86,"obstruction_toward_b_deg":0.97,"canyon":false,"featured":false,"notes":null,"osm_way_ids":[4404137,33954495,33954496,209452709,209452710,276604372,276604373,276642030,276642031,288501016,288501017,291794251,486233810,486233813,486233817,1068794944,1068794945,1068794954,1068794955,1068794956,1068794957,1068794958,1419154885,1462347609],"bearing_bucket":"060-090","stroke":"#ffd92f","stroke-width":2,"stroke-opacity":0.9}},
{"type":"Feature","geometry":{"type":"LineString","coordinates":[[11.47548,48.152],[11.46877,48.15213]]},"properties":{"id":"sl_811d92c8","name":"Radeckestraße","kind":"street","a":[48.152,11.47548],"b":[48.15213,11.46877],"length_m":500,"max_offset_m":7.9,"bearing_ab":271.6,"bearing_ba":91.6,"obstruction_toward_a_deg":0.77,"obstruction_toward_b_deg":0.77,"canyon":true,"featured":false,"notes":null,"osm_way_ids":[16555004,141425584],"bearing_bucket":"090-120","stroke":"#4daf4a","stroke-width":2,"stroke-opacity":0.9}},
{"type":"Feature","geometry":{"type":"LineString","coordinates":[[11.50092,48.20886],[11.50842,48.20692]]},"properties":{"id":"sl_81412875","name":"Röhrichtstraße","kind":"street","a":[48.20886,11.50092],"b":[48.20692,11.50842],"length_m":598,"max_offset_m":6.3,"bearing_ab":111.2,"bearing_ba":291.2,"obstruction_toward_a_deg":0.34,"obstruction_toward_b_deg":1.75,"canyon":false,"featured":false,"notes":null,"osm_way_ids":[4704029,108945198],"bearing_bucket":"090-120","stroke":"#4daf4a","stroke-width":2,"stroke-opacity":0.9}},
{"type":"Feature","geometry":{"type":"LineString","coordinates":[[11.50418,48.09619],[11.50404,48.10042]]},"properties":{"id":"sl_814e97b3","name":"Hatzfelder Weg","kind":"street","a":[48.09619,11.50418],"b":[48.10042,11.50404],"length_m":470,"max_offset_m":4.5,"bearing_ab":358.7,"bearing_ba":178.7,"obstruction_toward_a_deg":1.01,"obstruction_toward_b_deg":0.43,"canyon":true,"featured":false,"notes":null,"osm_way_ids":[154907002,1424834173,1424834420],"bearing_bucket":"150-180","stroke":"#984ea3","stroke-width":2,"stroke-opacity":0.9}},
{"type":"Feature","geometry":{"type":"LineString","coordinates":[[11.65983,48.20031],[11.64769,48.20111]]},"properties":{"id":"sl_8154ed6f","name":"Mittlere-Isar-Kanal","kind":"canal","a":[48.20031,11.65983],"b":[48.20111,11.64769],"length_m":907,"max_offset_m":5.4,"bearing_ab":275.6,"bearing_ba":95.6,"obstruction_toward_a_deg":1.16,"obstruction_toward_b_deg":1.16,"canyon":false,"featured":false,"notes":null,"osm_way_ids":[3811740],"bearing_bucket":"090-120","stroke":"#4daf4a","stroke-width":2,"stroke-opacity":0.9}},
{"type":"Feature","geometry":{"type":"LineString","coordinates":[[11.61081,48.1987],[11.60747,48.19253]]},"properties":{"id":"sl_8155a1e9","name":"Lilienthalallee","kind":"street","a":[48.1987,11.61081],"b":[48.19253,11.60747],"length_m":729,"max_offset_m":7.6,"bearing_ab":199.9,"bearing_ba":19.9,"obstruction_toward_a_deg":1.28,"obstruction_toward_b_deg":0.78,"canyon":false,"featured":false,"notes":null,"osm_way_ids":[51787811,292610415,468140515,938941995,1420303662],"bearing_bucket":"000-030","stroke":"#e41a1c","stroke-width":2,"stroke-opacity":0.9}},
{"type":"Feature","geometry":{"type":"LineString","coordinates":[[11.46287,48.17102],[11.46919,48.17129]]},"properties":{"id":"sl_8161a540","name":"Oneginstraße","kind":"street","a":[48.17102,11.46287],"b":[48.17129,11.46919],"length_m":471,"max_offset_m":6.9,"bearing_ab":86.4,"bearing_ba":266.4,"obstruction_toward_a_deg":2.22,"obstruction_toward_b_deg":2.22,"canyon":true,"featured":false,"notes":null,"osm_way_ids":[18784092,33244155],"bearing_bucket":"060-090","stroke":"#ffd92f","stroke-width":2,"stroke-opacity":0.9}},
{"type":"Feature","geometry":{"type":"LineString","coordinates":[[11.69143,48.10218],[11.69758,48.10442]]},"properties":{"id":"sl_81c6d508","name":"Tsingtauer Straße","kind":"street","a":[48.10218,11.69143],"b":[48.10442,11.69758],"length_m":521,"max_offset_m":7.4,"bearing_ab":61.4,"bearing_ba":241.4,"obstruction_toward_a_deg":0.74,"obstruction_toward_b_deg":0.74,"canyon":true,"featured":false,"notes":null,"osm_way_ids":[3552734,82528696],"bearing_bucket":"060-090","stroke":"#ffd92f","stroke-width":2,"stroke-opacity":0.9}},
{"type":"Feature","geometry":{"type":"LineString","coordinates":[[11.61943,48.13808],[11.61247,48.1383]]},"properties":{"id":"sl_81ec7953","name":"Prinzregentenstraße","kind":"street","a":[48.13808,11.61943],"b":[48.1383,11.61247],"length_m":518,"max_offset_m":7.8,"bearing_ab":272.6,"bearing_ba":92.6,"obstruction_toward_a_deg":2.86,"obstruction_toward_b_deg":2.02,"canyon":true,"featured":false,"notes":null,"osm_way_ids":[31175345,78036567,316433712,1352399727,1352399729,1352399730,1459734071,1500997157,1558116923,1558117035,1558117169],"bearing_bucket":"090-120","stroke":"#4daf4a","stroke-width":2,"stroke-opacity":0.9}},
{"type":"Feature","geometry":{"type":"LineString","coordinates":[[11.47332,48.11302],[11.46745,48.1125]]},"properties":{"id":"sl_81f71eb1","name":null,"kind":"street","a":[48.11302,11.47332],"b":[48.1125,11.46745],"length_m":441,"max_offset_m":2.4,"bearing_ab":262.4,"bearing_ba":82.4,"obstruction_toward_a_deg":2.32,"obstruction_toward_b_deg":2.12,"canyon":false,"featured":false,"notes":null,"osm_way_ids":[187147242],"bearing_bucket":"060-090","stroke":"#ffd92f","stroke-width":2,"stroke-opacity":0.9}},
{"type":"Feature","geometry":{"type":"LineString","coordinates":[[11.47559,48.18273],[11.48127,48.18268]]},"properties":{"id":"sl_820fcc52","name":"Josef-Führer-Straße","kind":"street","a":[48.18273,11.47559],"b":[48.18268,11.48127],"length_m":422,"max_offset_m":0.6,"bearing_ab":90.7,"bearing_ba":270.7,"obstruction_toward_a_deg":1.34,"obstruction_toward_b_deg":2.48,"canyon":true,"featured":false,"notes":null,"osm_way_ids":[9702796],"bearing_bucket":"090-120","stroke":"#4daf4a","stroke-width":2,"stroke-opacity":0.9}},
{"type":"Feature","geometry":{"type":"LineString","coordinates":[[11.53435,48.11888],[11.53578,48.12542]]},"properties":{"id":"sl_82210eb0","name":"Hansastraße","kind":"street","a":[48.11888,11.53435],"b":[48.12542,11.53578],"length_m":735,"max_offset_m":5.9,"bearing_ab":8.3,"bearing_ba":188.3,"obstruction_toward_a_deg":1.27,"obstruction_toward_b_deg":1.82,"canyon":true,"featured":false,"notes":null,"osm_way_ids":[19179218,158968300,266415536,266415538,368992144,368992145,368992146,381802254,466392842,1433911003,1433911004,1497698341,1497698343,1497698347,1497704187,1497704188,1497704191,1497704192,1497704193,1497707941,1497707942,1497707945,1497709772,1497709773],"bearing_bucket":"000-030","stroke":"#e41a1c","stroke-width":2,"stroke-opacity":0.9}},
{"type":"Feature","geometry":{"type":"LineString","coordinates":[[11.49809,48.09512],[11.49642,48.0887]]},"properties":{"id":"sl_823ffeb2","name":"Forstenrieder Allee","kind":"street","a":[48.09512,11.49809],"b":[48.0887,11.49642],"length_m":725,"max_offset_m":7.9,"bearing_ab":189.9,"bearing_ba":9.9,"obstruction_toward_a_deg":0.53,"obstruction_toward_b_deg":0.53,"canyon":false,"featured":false,"notes":null,"osm_way_ids":[149962026,155720242,238499328,351889557,450260647,953590080,964985139,1413574742,1426251924,1426251926,1426251927,1426251928,1426251930,1426251932,1426859316],"bearing_bucket":"000-030","stroke":"#e41a1c","stroke-width":2,"stroke-opacity":0.9}},
{"type":"Feature","geometry":{"type":"LineString","coordinates":[[11.57354,48.15623],[11.5666,48.14541]]},"properties":{"id":"sl_8265a2b0","name":"Arcisstraße","kind":"street","a":[48.15623,11.57354],"b":[48.14541,11.5666],"length_m":1309,"max_offset_m":3.2,"bearing_ab":203.2,"bearing_ba":23.2,"obstruction_toward_a_deg":0.57,"obstruction_toward_b_deg":0.51,"canyon":false,"featured":false,"notes":null,"osm_way_ids":[51476080,51508352,149789269,151996168,344664988,1093404773,1294707328],"bearing_bucket":"000-030","stroke":"#e41a1c","stroke-width":2,"stroke-opacity":0.9}},
{"type":"Feature","geometry":{"type":"LineString","coordinates":[[11.48584,48.20798],[11.49245,48.20033]]},"properties":{"id":"sl_82759d9d","name":"Dachauer Straße","kind":"street","a":[48.20798,11.48584],"b":[48.20033,11.49245],"length_m":982,"max_offset_m":6.7,"bearing_ab":150.0,"bearing_ba":330.0,"obstruction_toward_a_deg":1.07,"obstruction_toward_b_deg":1.07,"canyon":false,"featured":false,"notes":null,"osm_way_ids":[28289016,28289027,28289028,28289029,28289030,32848325,32848326,102489827,326372756,820118026,820118027],"bearing_bucket":"150-180","stroke":"#984ea3","stroke-width":2,"stroke-opacity":0.9}},
{"type":"Feature","geometry":{"type":"LineString","coordinates":[[11.57447,48.08943],[11.58032,48.09632]]},"properties":{"id":"sl_82ecd4ad","name":"Oberbiberger Straße","kind":"street","a":[48.08943,11.57447],"b":[48.09632,11.58032],"length_m":882,"max_offset_m":7.0,"bearing_ab":29.6,"bearing_ba":209.6,"obstruction_toward_a_deg":0.44,"obstruction_toward_b_deg":0.44,"canyon":false,"featured":false,"notes":null,"osm_way_ids":[19393714,19393715,90040838,1091914564,1353460878,1435661289,1435666477,1435666479],"bearing_bucket":"000-030","stroke":"#e41a1c","stroke-width":2,"stroke-opacity":0.9}},
{"type":"Feature","geometry":{"type":"LineString","coordinates":[[11.44495,48.19163],[11.45804,48.19515]]},"properties":{"id":"sl_82fe3365","name":"Paul-Ehrlich-Weg","kind":"street","a":[48.19163,11.44495],"b":[48.19515,11.45804],"length_m":1049,"max_offset_m":7.4,"bearing_ab":68.1,"bearing_ba":248.1,"obstruction_toward_a_deg":1.0,"obstruction_toward_b_deg":0.37,"canyon":false,"featured":false,"notes":null,"osm_way_ids":[24048812,24774778,32113735,32113738,32623954,35821231,36839073,36839074,90064704,109862347,276039882,365635443,1458330361,1458330362],"bearing_bucket":"060-090","stroke":"#ffd92f","stroke-width":2,"stroke-opacity":0.9}},
{"type":"Feature","geometry":{"type":"LineString","coordinates":[[11.50624,48.23057],[11.50394,48.23534]]},"properties":{"id":"sl_833df52f","name":"Kuppelfeldstraße","kind":"street","a":[48.23057,11.50624],"b":[48.23534,11.50394],"length_m":557,"max_offset_m":2.9,"bearing_ab":342.2,"bearing_ba":162.2,"obstruction_toward_a_deg":1.88,"obstruction_toward_b_deg":1.88,"canyon":false,"featured":false,"notes":null,"osm_way_ids":[24734745],"bearing_bucket":"150-180","stroke":"#984ea3","stroke-width":2,"stroke-opacity":0.9}},
{"type":"Feature","geometry":{"type":"LineString","coordinates":[[11.5095,48.08144],[11.51239,48.0854]]},"properties":{"id":"sl_8392be37","name":"Gilgstraße","kind":"street","a":[48.08144,11.5095],"b":[48.0854,11.51239],"length_m":490,"max_offset_m":6.9,"bearing_ab":26.1,"bearing_ba":206.1,"obstruction_toward_a_deg":0.6,"obstruction_toward_b_deg":0.78,"canyon":false,"featured":false,"notes":null,"osm_way_ids":[158319947,159086813],"bearing_bucket":"000-030","stroke":"#e41a1c","stroke-width":2,"stroke-opacity":0.9}},
{"type":"Feature","geometry":{"type":"LineString","coordinates":[[11.64883,48.08361],[11.66466,48.07869]]},"properties":{"id":"sl_83a61ae3","name":"Rotkäppchenstraße","kind":"street","a":[48.08361,11.64883],"b":[48.07869,11.66466],"length_m":1300,"max_offset_m":7.2,"bearing_ab":114.9,"bearing_ba":294.9,"obstruction_toward_a_deg":0.81,"obstruction_toward_b_deg":0.22,"canyon":false,"featured":false,"notes":null,"osm_way_ids":[4076476,42506321,42506322,103335175,1023577197,1023577198],"bearing_bucket":"090-120","stroke":"#4daf4a","stroke-width":2,"stroke-opacity":0.9}},
{"type":"Feature","geometry":{"type":"LineString","coordinates":[[11.60308,48.17989],[11.59812,48.18246]]},"properties":{"id":"sl_83a9167d","name":"Domagkstraße","kind":"street","a":[48.17989,11.60308],"b":[48.18246,11.59812],"length_m":466,"max_offset_m":6.4,"bearing_ab":307.7,"bearing_ba":127.7,"obstruction_toward_a_deg":1.22,"obstruction_toward_b_deg":0.28,"canyon":false,"featured":false,"notes":null,"osm_way_ids":[4698892,13879589,55463399,235391192,481407076,1430903682,1518222270],"bearing_bucket":"120-150","stroke":"#377eb8","stroke-width":2,"stroke-opacity":0.9}},
{"type":"Feature","geometry":{"type":"LineString","coordinates":[[11.54733,48.21469],[11.55629,48.21325]]},"properties":{"id":"sl_83f2911b","name":"Dülferstraße","kind":"street","a":[48.21469,11.54733],"b":[48.21325,11.55629],"length_m":686,"max_offset_m":7.9,"bearing_ab":103.5,"bearing_ba":283.5,"obstruction_toward_a_deg":0.56,"obstruction_toward_b_deg":0.83,"canyon":false,"featured":false,"notes":null,"osm_way_ids":[28480644,88599147,1271828581,1383947256],"bearing_bucket":"090-120","stroke":"#4daf4a","stroke-width":2,"stroke-opacity":0.9}},
{"type":"Feature","geometry":{"type":"LineString","coordinates":[[11.62547,48.17505],[11.62007,48.16955]]},"properties":{"id":"sl_84372856","name":"Mittlere-Isar-Kanal","kind":"canal","a":[48.17505,11.62547],"b":[48.16955,11.62007],"length_m":732,"max_offset_m":7.8,"bearing_ab":213.3,"bearing_ba":33.3,"obstruction_toward_a_deg":1.43,"obstruction_toward_b_deg":1.43,"canyon":false,"featured":false,"notes":null,"osm_way_ids":[158399748],"bearing_bucket":"030-060","stroke":"#ff7f00","stroke-width":2,"stroke-opacity":0.9}},
{"type":"Feature","geometry":{"type":"LineString","coordinates":[[11.532,48.16272],[11.52596,48.16177]]},"properties":{"id":"sl_84678041","name":"Tizianstraße","kind":"street","a":[48.16272,11.532],"b":[48.16177,11.52596],"length_m":461,"max_offset_m":5.9,"bearing_ab":256.8,"bearing_ba":76.8,"obstruction_toward_a_deg":0.83,"obstruction_toward_b_deg":0.83,"canyon":true,"featured":false,"notes":null,"osm_way_ids":[4075467,27611642,703228640],"bearing_bucket":"060-090","stroke":"#ffd92f","stroke-width":2,"stroke-opacity":0.9}},
{"type":"Feature","geometry":{"type":"LineString","coordinates":[[11.59026,48.10509],[11.59227,48.10155]]},"properties":{"id":"sl_848d31e2","name":"Hohenschwangaustraße","kind":"street","a":[48.10509,11.59026],"b":[48.10155,11.59227],"length_m":421,"max_offset_m":0.8,"bearing_ab":159.2,"bearing_ba":339.2,"obstruction_toward_a_deg":1.78,"obstruction_toward_b_deg":1.13,"canyon":true,"featured":false,"notes":null,"osm_way_ids":[4973963,27869163],"bearing_bucket":"150-180","stroke":"#984ea3","stroke-width":2,"stroke-opacity":0.9}},
{"type":"Feature","geometry":{"type":"LineString","coordinates":[[11.42321,48.16153],[11.42507,48.15791]]},"properties":{"id":"sl_84a3b794","name":"Kronwinkler Straße","kind":"street","a":[48.16153,11.42321],"b":[48.15791,11.42507],"length_m":426,"max_offset_m":6.5,"bearing_ab":161.0,"bearing_ba":341.0,"obstruction_toward_a_deg":0.9,"obstruction_toward_b_deg":0.9,"canyon":false,"featured":false,"notes":null,"osm_way_ids":[8259570,18924986,583731971,583731972],"bearing_bucket":"150-180","stroke":"#984ea3","stroke-width":2,"stroke-opacity":0.9}},
{"type":"Feature","geometry":{"type":"LineString","coordinates":[[11.4938,48.16536],[11.50578,48.16398]]},"properties":{"id":"sl_84ddd4e3","name":"Menzinger Straße","kind":"street","a":[48.16536,11.4938],"b":[48.16398,11.50578],"length_m":904,"max_offset_m":6.2,"bearing_ab":99.8,"bearing_ba":279.8,"obstruction_toward_a_deg":0.22,"obstruction_toward_b_deg":1.16,"canyon":false,"featured":false,"notes":null,"osm_way_ids":[313594985,371347852,375853871],"bearing_bucket":"090-120","stroke":"#4daf4a","stroke-width":2,"stroke-opacity":0.9}},
{"type":"Feature","geometry":{"type":"LineString","coordinates":[[11.58336,48.11411],[11.59198,48.11085]]},"properties":{"id":"sl_855a6100","name":"Deisenhofener Straße","kind":"street","a":[48.11411,11.58336],"b":[48.11085,11.59198],"length_m":738,"max_offset_m":7.9,"bearing_ab":119.5,"bearing_ba":299.5,"obstruction_toward_a_deg":1.27,"obstruction_toward_b_deg":1.02,"canyon":true,"featured":false,"notes":null,"osm_way_ids":[26778722,150966698,150966699,1441650312,1441650321,1443746228,1443746229,1443746230,1443746236,1443746240,1444661127,1444661131,1444661132,1444661133],"bearing_bucket":"090-120","stroke":"#4daf4a","stroke-width":2,"stroke-opacity":0.9}},
{"type":"Feature","geometry":{"type":"LineString","coordinates":[[11.51326,48.20214],[11.51945,48.20103]]},"properties":{"id":"sl_85715ee4","name":"Am Schnepfenweg","kind":"street","a":[48.20214,11.51326],"b":[48.20103,11.51945],"length_m":477,"max_offset_m":1.6,"bearing_ab":105.0,"bearing_ba":285.0,"obstruction_toward_a_deg":2.2,"obstruction_toward_b_deg":0.81,"canyon":true,"featured":false,"notes":null,"osm_way_ids":[24927799,712251828],"bearing_bucket":"090-120","stroke":"#4daf4a","stroke-width":2,"stroke-opacity":0.9}},
{"type":"Feature","geometry":{"type":"LineString","coordinates":[[11.58651,48.16515],[11.5811,48.16631]]},"properties":{"id":"sl_85a82b1e","name":"Karl-Theodor-Straße","kind":"street","a":[48.16515,11.58651],"b":[48.16631,11.5811],"length_m":423,"max_offset_m":6.4,"bearing_ab":287.9,"bearing_ba":107.9,"obstruction_toward_a_deg":2.64,"obstruction_toward_b_deg":1.34,"canyon":true,"featured":false,"notes":null,"osm_way_ids":[157188167,315224427],"bearing_bucket":"090-120","stroke":"#4daf4a","stroke-width":2,"stroke-opacity":0.9}},
{"type":"Feature","geometry":{"type":"LineString","coordinates":[[11.5283,48.15202],[11.52942,48.14771]]},"properties":{"id":"sl_85f08fcf","name":"Renatastraße","kind":"street","a":[48.15202,11.5283],"b":[48.14771,11.52942],"length_m":487,"max_offset_m":5.5,"bearing_ab":170.2,"bearing_ba":350.2,"obstruction_toward_a_deg":1.54,"obstruction_toward_b_deg":1.54,"canyon":true,"featured":false,"notes":null,"osm_way_ids":[950066709,1434940456,1434940457],"bearing_bucket":"150-180","stroke":"#984ea3","stroke-width":2,"stroke-opacity":0.9}},
{"type":"Feature","geometry":{"type":"LineString","coordinates":[[11.54126,48.10073],[11.5318,48.0999]]},"properties":{"id":"sl_8640990a","name":"Boschetsrieder Straße","kind":"street","a":[48.10073,11.54126],"b":[48.0999,11.5318],"length_m":710,"max_offset_m":7.0,"bearing_ab":262.5,"bearing_ba":82.5,"obstruction_toward_a_deg":0.8,"obstruction_toward_b_deg":0.28,"canyon":true,"featured":false,"notes":null,"osm_way_ids":[24453914,32477150,143304972,152632020,185529657,1425223840,1425223842],"bearing_bucket":"060-090","stroke":"#ffd92f","stroke-width":2,"stroke-opacity":0.9}},
{"type":"Feature","geometry":{"type":"LineString","coordinates":[[11.51694,48.18454],[11.5111,48.18372]]},"properties":{"id":"sl_86a777c1","name":"Naumburger Straße","kind":"street","a":[48.18454,11.51694],"b":[48.18372,11.5111],"length_m":444,"max_offset_m":5.9,"bearing_ab":258.1,"bearing_ba":78.1,"obstruction_toward_a_deg":0.87,"obstruction_toward_b_deg":0.87,"canyon":false,"featured":false,"notes":null,"osm_way_ids":[4858866,88044602,90238661,1188031365],"bearing_bucket":"060-090","stroke":"#ffd92f","stroke-width":2,"stroke-opacity":0.9}},
{"type":"Feature","geometry":{"type":"LineString","coordinates":[[11.47718,48.11549],[11.47921,48.12398]]},"properties":{"id":"sl_86abdfe7","name":"Waldwiesenstraße","kind":"street","a":[48.11549,11.47718],"b":[48.12398,11.47921],"length_m":956,"max_offset_m":5.2,"bearing_ab":9.1,"bearing_ba":189.1,"obstruction_toward_a_deg":0.4,"obstruction_toward_b_deg":1.1,"canyon":false,"featured":false,"notes":null,"osm_way_ids":[71360458,71360459,90255833,151147536,151147537,155370202,159542593,259069521,273331299,319483767,319483768,319483769,319483770,365508937,779121402,1425250941,1445792377,1445792378,1445792379,1445792380,1445792381,1445792382,1445792383,1445792384,1445792385,1445792386],"bearing_bucket":"000-030","stroke":"#e41a1c","stroke-width":2,"stroke-opacity":0.9}},
{"type":"Feature","geometry":{"type":"LineString","coordinates":[[11.63649,48.10305],[11.63108,48.10326]]},"properties":{"id":"sl_86afc0a4","name":"Holzwiesenstraße","kind":"street","a":[48.10305,11.63649],"b":[48.10326,11.63108],"length_m":404,"max_offset_m":7.7,"bearing_ab":273.3,"bearing_ba":93.3,"obstruction_toward_a_deg":0.95,"obstruction_toward_b_deg":0.95,"canyon":true,"featured":false,"notes":null,"osm_way_ids":[23394788,83281790,143905172,1055653754],"bearing_bucket":"090-120","stroke":"#4daf4a","stroke-width":2,"stroke-opacity":0.9}},
{"type":"Feature","geometry":{"type":"LineString","coordinates":[[11.50828,48.10698],[11.50736,48.1169]]},"properties":{"id":"sl_86cfc331","name":"Werdenfelsstraße","kind":"street","a":[48.10698,11.50828],"b":[48.1169,11.50736],"length_m":1106,"max_offset_m":6.5,"bearing_ab":356.4,"bearing_ba":176.4,"obstruction_toward_a_deg":0.51,"obstruction_toward_b_deg":0.35,"canyon":true,"featured":false,"notes":null,"osm_way_ids":[144250124,158301589,1488632139,1488632140,1488632142,1488632143,1488632144,1488632145,1488632146,1490651363,1490651365,1490651368,1490651369],"bearing_bucket":"150-180","stroke":"#984ea3","stroke-width":2,"stroke-opacity":0.9}},
{"type":"Feature","geometry":{"type":"LineString","coordinates":[[11.52578,48.10843],[11.51389,48.1028]]},"properties":{"id":"sl_8705177b","name":"Höglwörther Straße","kind":"street","a":[48.10843,11.52578],"b":[48.1028,11.51389],"length_m":1084,"max_offset_m":4.9,"bearing_ab":234.8,"bearing_ba":54.8,"obstruction_toward_a_deg":0.35,"obstruction_toward_b_deg":0.97,"canyon":false,"featured":false,"notes":null,"osm_way_ids":[49198889,49198890,155037482,290571553,367397948,367397949],"bearing_bucket":"030-060","stroke":"#ff7f00","stroke-width":2,"stroke-opacity":0.9}},
{"type":"Feature","geometry":{"type":"LineString","coordinates":[[11.64909,48.15975],[11.64956,48.15609]]},"properties":{"id":"sl_871bdc5a","name":"Plankenhofstraße","kind":"street","a":[48.15975,11.64909],"b":[48.15609,11.64956],"length_m":409,"max_offset_m":2.1,"bearing_ab":175.0,"bearing_ba":355.0,"obstruction_toward_a_deg":2.56,"obstruction_toward_b_deg":2.56,"canyon":true,"featured":false,"notes":null,"osm_way_ids":[10442219],"bearing_bucket":"150-180","stroke":"#984ea3","stroke-width":2,"stroke-opacity":0.9}},
{"type":"Feature","geometry":{"type":"LineString","coordinates":[[11.51745,48.11163],[11.50253,48.10407]]},"properties":{"id":"sl_87335307","name":"Cimbernstraße","kind":"street","a":[48.11163,11.51745],"b":[48.10407,11.50253],"length_m":1393,"max_offset_m":1.0,"bearing_ab":232.9,"bearing_ba":52.9,"obstruction_toward_a_deg":0.54,"obstruction_toward_b_deg":0.8,"canyon":true,"featured":false,"notes":null,"osm_way_ids":[58460180,362948258,1490651364,1490651367,1490651370,1490661976,1490661979,1490667459,1490667460,1490667462],"bearing_bucket":"030-060","stroke":"#ff7f00","stroke-width":2,"stroke-opacity":0.9}},
{"type":"Feature","geometry":{"type":"LineString","coordinates":[[11.6515,48.09224],[11.64503,48.0923]]},"properties":{"id":"sl_8772a278","name":"Otto-Hahn-Ring","kind":"street","a":[48.09224,11.6515],"b":[48.0923,11.64503],"length_m":482,"max_offset_m":7.8,"bearing_ab":270.9,"bearing_ba":90.9,"obstruction_toward_a_deg":2.17,"obstruction_toward_b_deg":1.37,"canyon":false,"featured":false,"notes":null,"osm_way_ids":[251534692,303512841,607886496,607886497],"bearing_bucket":"090-120","stroke":"#4daf4a","stroke-width":2,"stroke-opacity":0.9}},
{"type":"Feature","geometry":{"type":"LineString","coordinates":[[11.42196,48.14636],[11.41934,48.15285]]},"properties":{"id":"sl_87d2f270","name":"Limesstraße","kind":"street","a":[48.14636,11.42196],"b":[48.15285,11.41934],"length_m":748,"max_offset_m":6.9,"bearing_ab":344.9,"bearing_ba":164.9,"obstruction_toward_a_deg":0.51,"obstruction_toward_b_deg":0.51,"canyon":true,"featured":false,"notes":null,"osm_way_ids":[10640709,22724206,22724207,27176096,341900060,341900066,673843461],"bearing_bucket":"150-180","stroke":"#984ea3","stroke-width":2,"stroke-opacity":0.9}},
{"type":"Feature","geometry":{"type":"LineString","coordinates":[[11.50525,48.12611],[11.49956,48.12587]]},"properties":{"id":"sl_87d4626d","name":"Ammerseestraße","kind":"street","a":[48.12611,11.50525],"b":[48.12587,11.49956],"length_m":424,"max_offset_m":7.6,"bearing_ab":266.4,"bearing_ba":86.4,"obstruction_toward_a_deg":2.2,"obstruction_toward_b_deg":1.55,"canyon":false,"featured":false,"notes":null,"osm_way_ids":[4075146,318893831,318893832,318893833,363227837],"bearing_bucket":"060-090","stroke":"#ffd92f","stroke-width":2,"stroke-opacity":0.9}},
{"type":"Feature","geometry":{"type":"LineString","coordinates":[[11.50434,48.18552],[11.51092,48.1875]]},"properties":{"id":"sl_87d6f7e8","name":"Eininger Straße","kind":"street","a":[48.18552,11.50434],"b":[48.1875,11.51092],"length_m":536,"max_offset_m":6.5,"bearing_ab":65.8,"bearing_ba":245.8,"obstruction_toward_a_deg":1.06,"obstruction_toward_b_deg":0.72,"canyon":false,"featured":false,"notes":null,"osm_way_ids":[4858951],"bearing_bucket":"060-090","stroke":"#ffd92f","stroke-width":2,"stroke-opacity":0.9}},
{"type":"Feature","geometry":{"type":"LineString","coordinates":[[11.61083,48.18604],[11.59237,48.18796]]},"properties":{"id":"sl_880f9d40","name":"Frankfurter Ring","kind":"street","a":[48.18604,11.61083],"b":[48.18796,11.59237],"length_m":1389,"max_offset_m":7.8,"bearing_ab":278.9,"bearing_ba":98.8,"obstruction_toward_a_deg":0.28,"obstruction_toward_b_deg":0.87,"canyon":false,"featured":false,"notes":null,"osm_way_ids":[3833905,32960504,35051670,35078625,35078626,81920123,139079546,152565973,269011740,292610408,293775017,320872407,390321155,390321165,390321168,1106174411,1106174412,1106174413,1106188600,1106188601,1106188602,1106188603,1421714617,1421714619,1545430554],"bearing_bucket":"090-120","stroke":"#4daf4a","stroke-width":2,"stroke-opacity":0.9}},
{"type":"Feature","geometry":{"type":"LineString","coordinates":[[11.51227,48.09404],[11.50909,48.09081]]},"properties":{"id":"sl_88415b05","name":"Oppenrieder Straße","kind":"street","a":[48.09404,11.51227],"b":[48.09081,11.50909],"length_m":430,"max_offset_m":4.0,"bearing_ab":213.4,"bearing_ba":33.4,"obstruction_toward_a_deg":0.89,"obstruction_toward_b_deg":0.89,"canyon":true,"featured":false,"notes":null,"osm_way_ids":[157574716],"bearing_bucket":"030-060","stroke":"#ff7f00","stroke-width":2,"stroke-opacity":0.9}},
{"type":"Feature","geometry":{"type":"LineString","coordinates":[[11.51995,48.13018],[11.52424,48.1333]]},"properties":{"id":"sl_886568a1","name":"Rüdesheimer Straße","kind":"street","a":[48.13018,11.51995],"b":[48.1333,11.52424],"length_m":472,"max_offset_m":6.8,"bearing_ab":42.7,"bearing_ba":222.7,"obstruction_toward_a_deg":1.59,"obstruction_toward_b_deg":2.75,"canyon":true,"featured":false,"notes":null,"osm_way_ids":[4497118,388314831,1342047391,1446228078,1497664141,1497664912,1497664913],"bearing_bucket":"030-060","stroke":"#ff7f00","stroke-width":2,"stroke-opacity":0.9}},
{"type":"Feature","geometry":{"type":"LineString","coordinates":[[11.47302,48.08586],[11.47912,48.08339]]},"properties":{"id":"sl_8896e2c6","name":"Hanfelder Straße","kind":"street","a":[48.08586,11.47302],"b":[48.08339,11.47912],"length_m":531,"max_offset_m":7.7,"bearing_ab":121.1,"bearing_ba":301.1,"obstruction_toward_a_deg":0.72,"obstruction_toward_b_deg":0.72,"canyon":true,"featured":false,"notes":null,"osm_way_ids":[157924117],"bearing_bucket":"120-150","stroke":"#377eb8","stroke-width":2,"stroke-opacity":0.9}},
{"type":"Feature","geometry":{"type":"LineString","coordinates":[[11.56908,48.15901],[11.56813,48.1544]]},"properties":{"id":"sl_88a6eafa","name":"Tengstraße","kind":"street","a":[48.15901,11.56908],"b":[48.1544,11.56813],"length_m":516,"max_offset_m":7.3,"bearing_ab":187.9,"bearing_ba":7.9,"obstruction_toward_a_deg":1.81,"obstruction_toward_b_deg":1.81,"canyon":true,"featured":false,"notes":null,"osm_way_ids":[27822839],"bearing_bucket":"000-030","stroke":"#e41a1c","stroke-width":2,"stroke-opacity":0.9}},
{"type":"Feature","geometry":{"type":"LineString","coordinates":[[11.58422,48.19271],[11.60066,48.19284]]},"properties":{"id":"sl_88b818e9","name":"Maria-Probst-Straße","kind":"street","a":[48.19271,11.58422],"b":[48.19284,11.60066],"length_m":1222,"max_offset_m":6.6,"bearing_ab":89.3,"bearing_ba":269.3,"obstruction_toward_a_deg":0.31,"obstruction_toward_b_deg":0.31,"canyon":false,"featured":false,"notes":null,"osm_way_ids":[4887126,5055566,380056863,526500462,788144211,795803603,929777086,929777087,929777088,1176585393,1176585420,1176588150],"bearing_bucket":"060-090","stroke":"#ffd92f","stroke-width":2,"stroke-opacity":0.9}},
{"type":"Feature","geometry":{"type":"LineString","coordinates":[[11.51339,48.17744],[11.51158,48.17234]]},"properties":{"id":"sl_89279c7b","name":"Hugo-Troendle-Straße","kind":"street","a":[48.17744,11.51339],"b":[48.17234,11.51158],"length_m":583,"max_offset_m":6.1,"bearing_ab":193.3,"bearing_ba":13.3,"obstruction_toward_a_deg":1.29,"obstruction_toward_b_deg":0.66,"canyon":true,"featured":false,"notes":null,"osm_way_ids":[34260731,34260732,57690459,727331605],"bearing_bucket":"000-030","stroke":"#e41a1c","stroke-width":2,"stroke-opacity":0.9}},
{"type":"Feature","geometry":{"type":"LineString","coordinates":[[11.6428,48.11666],[11.64576,48.12097]]},"properties":{"id":"sl_892d666c","name":"Sonnwendjochstraße","kind":"street","a":[48.11666,11.6428],"b":[48.12097,11.64576],"length_m":528,"max_offset_m":6.2,"bearing_ab":24.7,"bearing_ba":204.7,"obstruction_toward_a_deg":1.99,"obstruction_toward_b_deg":0.73,"canyon":true,"featured":false,"notes":null,"osm_way_ids":[3322132],"bearing_bucket":"000-030","stroke":"#e41a1c","stroke-width":2,"stroke-opacity":0.9}},
{"type":"Feature","geometry":{"type":"LineString","coordinates":[[11.58876,48.10655],[11.59576,48.10778]]},"properties":{"id":"sl_89409e6d","name":"Weißenseestraße","kind":"street","a":[48.10655,11.58876],"b":[48.10778,11.59576],"length_m":539,"max_offset_m":6.1,"bearing_ab":75.4,"bearing_ba":255.4,"obstruction_toward_a_deg":1.39,"obstruction_toward_b_deg":1.73,"canyon":true,"featured":false,"notes":null,"osm_way_ids":[174960105,1083522482,1083522483,1083772900,1158191459,1444666003,1444673384],"bearing_bucket":"060-090","stroke":"#ffd92f","stroke-width":2,"stroke-opacity":0.9}},
{"type":"Feature","geometry":{"type":"LineString","coordinates":[[11.51911,48.10616],[11.51922,48.11006]]},"properties":{"id":"sl_8965e240","name":"Pilsenseestraße","kind":"street","a":[48.10616,11.51911],"b":[48.11006,11.51922],"length_m":434,"max_offset_m":2.1,"bearing_ab":1.0,"bearing_ba":181.0,"obstruction_toward_a_deg":0.89,"obstruction_toward_b_deg":0.89,"canyon":true,"featured":false,"notes":null,"osm_way_ids":[4330186,91560108,444065305],"bearing_bucket":"000-030","stroke":"#e41a1c","stroke-width":2,"stroke-opacity":0.9}},
{"type":"Feature","geometry":{"type":"LineString","coordinates":[[11.51449,48.12075],[11.50796,48.11989]]},"properties":{"id":"sl_898090ab","name":"Preßburger Straße","kind":"street","a":[48.12075,11.51449],"b":[48.11989,11.50796],"length_m":495,"max_offset_m":7.8,"bearing_ab":258.9,"bearing_ba":78.9,"obstruction_toward_a_deg":0.77,"obstruction_toward_b_deg":0.77,"canyon":false,"featured":false,"notes":null,"osm_way_ids":[82303264,1488608389,1488608390,1488608391,1488608392,1488608393,1488608394,1488608395,1488608396,1488608397,1488608399,1488608400,1488608401,1488608402,1488608403],"bearing_bucket":"060-090","stroke":"#ffd92f","stroke-width":2,"stroke-opacity":0.9}},
{"type":"Feature","geometry":{"type":"LineString","coordinates":[[11.678,48.11933],[11.67123,48.11955]]},"properties":{"id":"sl_899f4b36","name":"Wasserburger Landstraße","kind":"street","a":[48.11933,11.678],"b":[48.11955,11.67123],"length_m":505,"max_offset_m":7.7,"bearing_ab":272.9,"bearing_ba":92.9,"obstruction_toward_a_deg":0.58,"obstruction_toward_b_deg":0.76,"canyon":false,"featured":false,"notes":null,"osm_way_ids":[16385596,35262537,86029036,109931496,377972387,377972388,1206046581,1375651683,1375651684],"bearing_bucket":"090-120","stroke":"#4daf4a","stroke-width":2,"stroke-opacity":0.9}},
{"type":"Feature","geometry":{"type":"LineString","coordinates":[[11.60665,48.18205],[11.61279,48.1879]]},"properties":{"id":"sl_89d410f6","name":"Ungererstraße","kind":"street","a":[48.18205,11.60665],"b":[48.1879,11.61279],"length_m":795,"max_offset_m":5.6,"bearing_ab":35.1,"bearing_ba":215.1,"obstruction_toward_a_deg":0.94,"obstruction_toward_b_deg":1.32,"canyon":false,"featured":false,"notes":null,"osm_way_ids":[4080392,26824377,41542373,152565980,152848370,191581093,256054407,292791055,325991506,1420661330],"bearing_bucket":"030-060","stroke":"#ff7f00","stroke-width":2,"stroke-opacity":0.9}},
{"type":"Feature","geometry":{"type":"LineString","coordinates":[[11.46685,48.16624],[11.47499,48.16607]]},"properties":{"id":"sl_8a20b792","name":"Ortolfstraße","kind":"street","a":[48.16624,11.46685],"b":[48.16607,11.47499],"length_m":605,"max_offset_m":2.9,"bearing_ab":91.8,"bearing_ba":271.8,"obstruction_toward_a_deg":1.73,"obstruction_toward_b_deg":1.73,"canyon":true,"featured":false,"notes":null,"osm_way_ids":[290088869],"bearing_bucket":"090-120","stroke":"#4daf4a","stroke-width":2,"stroke-opacity":0.9}},
{"type":"Feature","geometry":{"type":"LineString","coordinates":[[11.63428,48.13347],[11.64311,48.13245]]},"properties":{"id":"sl_8a3f2285","name":"Truderinger Straße","kind":"street","a":[48.13347,11.63428],"b":[48.13245,11.64311],"length_m":667,"max_offset_m":7.6,"bearing_ab":99.8,"bearing_ba":279.8,"obstruction_toward_a_deg":0.85,"obstruction_toward_b_deg":0.85,"canyon":true,"featured":false,"notes":null,"osm_way_ids":[115323975],"bearing_bucket":"090-120","stroke":"#4daf4a","stroke-width":2,"stroke-opacity":0.9}},
{"type":"Feature","geometry":{"type":"LineString","coordinates":[[11.64458,48.14854],[11.64622,48.15293]]},"properties":{"id":"sl_8ab65850","name":"Marienburger Straße","kind":"street","a":[48.14854,11.64458],"b":[48.15293,11.64622],"length_m":503,"max_offset_m":7.2,"bearing_ab":14.1,"bearing_ba":194.1,"obstruction_toward_a_deg":0.58,"obstruction_toward_b_deg":0.76,"canyon":true,"featured":false,"notes":null,"osm_way_ids":[11303558,26798691,26798693,147252231],"bearing_bucket":"000-030","stroke":"#e41a1c","stroke-width":2,"stroke-opacity":0.9}},
{"type":"Feature","geometry":{"type":"LineString","coordinates":[[11.59643,48.12877],[11.6012,48.13191]]},"properties":{"id":"sl_8ae12373","name":"Metzstraße","kind":"street","a":[48.12877,11.59643],"b":[48.13191,11.6012],"length_m":498,"max_offset_m":2.1,"bearing_ab":45.5,"bearing_ba":225.5,"obstruction_toward_a_deg":1.88,"obstruction_toward_b_deg":1.14,"canyon":true,"featured":false,"notes":null,"osm_way_ids":[3963066,4673701,154184910,1305958147,1305958148,1458782894,1458790541,1458790543,1459054445,1459075421,1459075422],"bearing_bucket":"030-060","stroke":"#ff7f00","stroke-width":2,"stroke-opacity":0.9}},
{"type":"Feature","geometry":{"type":"LineString","coordinates":[[11.6297,48.18387],[11.63295,48.18818]]},"properties":{"id":"sl_8afb29dc","name":"Leinthalerstraße (Isar downstream)","kind":"bridge","a":[48.18387,11.6297],"b":[48.18818,11.63295],"length_m":537,"max_offset_m":13.4,"bearing_ab":26.7,"bearing_ba":206.7,"obstruction_toward_a_deg":0.5,"obstruction_toward_b_deg":0.5,"canyon":false,"featured":false,"notes":null,"osm_way_ids":[4462711,41734235,107504975],"bearing_bucket":"000-030","stroke":"#e41a1c","stroke-width":2,"stroke-opacity":0.9}},
{"type":"Feature","geometry":{"type":"LineString","coordinates":[[11.61169,48.08965],[11.60061,48.08715]]},"properties":{"id":"sl_8b35a6b6","name":"Fasangartenstraße","kind":"street","a":[48.08965,11.61169],"b":[48.08715,11.60061],"length_m":871,"max_offset_m":6.8,"bearing_ab":251.4,"bearing_ba":71.4,"obstruction_toward_a_deg":0.44,"obstruction_toward_b_deg":0.44,"canyon":false,"featured":false,"notes":null,"osm_way_ids":[4231194,4231195,30323265,37739521,90074497,113054552,121553854,351615239,351615241,351615243,351615245],"bearing_bucket":"060-090","stroke":"#ffd92f","stroke-width":2,"stroke-opacity":0.9}},
{"type":"Feature","geometry":{"type":"LineString","coordinates":[[11.53721,48.15721],[11.53773,48.16625]]},"properties":{"id":"sl_8b77f640","name":"Landshuter Allee","kind":"street","a":[48.15721,11.53721],"b":[48.16625,11.53773],"length_m":1007,"max_offset_m":6.2,"bearing_ab":2.2,"bearing_ba":182.2,"obstruction_toward_a_deg":0.93,"obstruction_toward_b_deg":1.04,"canyon":false,"featured":false,"notes":null,"osm_way_ids":[22931826,117625761,126760943,126760946,146537576,146979795,185278750,186257146,459027229,1240459440],"bearing_bucket":"000-030","stroke":"#e41a1c","stroke-width":2,"stroke-opacity":0.9}},
{"type":"Feature","geometry":{"type":"LineString","coordinates":[[11.42266,48.14903],[11.42508,48.14448]]},"properties":{"id":"sl_8b91a4e1","name":"Zwernitzer Straße","kind":"street","a":[48.14903,11.42266],"b":[48.14448,11.42508],"length_m":537,"max_offset_m":7.0,"bearing_ab":160.4,"bearing_ba":340.4,"obstruction_toward_a_deg":0.37,"obstruction_toward_b_deg":1.95,"canyon":true,"featured":false,"notes":null,"osm_way_ids":[25569535],"bearing_bucket":"150-180","stroke":"#984ea3","stroke-width":2,"stroke-opacity":0.9}},
{"type":"Feature","geometry":{"type":"LineString","coordinates":[[11.61115,48.12479],[11.62072,48.12457]]},"properties":{"id":"sl_8ba0adf4","name":"Grafinger Straße","kind":"street","a":[48.12479,11.61115],"b":[48.12457,11.62072],"length_m":713,"max_offset_m":7.0,"bearing_ab":91.9,"bearing_ba":271.9,"obstruction_toward_a_deg":1.05,"obstruction_toward_b_deg":1.57,"canyon":false,"featured":false,"notes":null,"osm_way_ids":[25439999,88573603,138357650,152579618,225740100,625373781,843411830,863341586,863341587,875497262,875497403,1500221666,1500221815,1500221951,1500222926,1500222987,1500224647],"bearing_bucket":"090-120","stroke":"#4daf4a","stroke-width":2,"stroke-opacity":0.9}},
{"type":"Feature","geometry":{"type":"LineString","coordinates":[[11.66176,48.11505],[11.66505,48.11974]]},"properties":{"id":"sl_8bdd976f","name":"Haffstraße","kind":"street","a":[48.11505,11.66176],"b":[48.11974,11.66505],"length_m":576,"max_offset_m":3.2,"bearing_ab":25.2,"bearing_ba":205.2,"obstruction_toward_a_deg":0.67,"obstruction_toward_b_deg":0.67,"canyon":true,"featured":false,"notes":null,"osm_way_ids":[3960575,470677397],"bearing_bucket":"000-030","stroke":"#e41a1c","stroke-width":2,"stroke-opacity":0.9}},
{"type":"Feature","geometry":{"type":"LineString","coordinates":[[11.52008,48.15347],[11.51969,48.15864]]},"properties":{"id":"sl_8bdfd920","name":"Hubertusstraße","kind":"street","a":[48.15347,11.52008],"b":[48.15864,11.51969],"length_m":575,"max_offset_m":2.2,"bearing_ab":357.1,"bearing_ba":177.1,"obstruction_toward_a_deg":1.82,"obstruction_toward_b_deg":0.67,"canyon":true,"featured":false,"notes":null,"osm_way_ids":[4042895,81965544,171618918,171618919],"bearing_bucket":"150-180","stroke":"#984ea3","stroke-width":2,"stroke-opacity":0.9}},
{"type":"Feature","geometry":{"type":"LineString","coordinates":[[11.46596,48.19245],[11.45962,48.19115]]},"properties":{"id":"sl_8be1a096","name":"Sankt-Johann-Straße","kind":"street","a":[48.19245,11.46596],"b":[48.19115,11.45962],"length_m":493,"max_offset_m":5.6,"bearing_ab":252.9,"bearing_ba":72.9,"obstruction_toward_a_deg":2.13,"obstruction_toward_b_deg":0.78,"canyon":true,"featured":false,"notes":null,"osm_way_ids":[32623951,60799176,109862721],"bearing_bucket":"060-090","stroke":"#ffd92f","stroke-width":2,"stroke-opacity":0.9}},
{"type":"Feature","geometry":{"type":"LineString","coordinates":[[11.59514,48.10218],[11.59302,48.10592]]},"properties":{"id":"sl_8c059e5f","name":"Scharfreiterplatz","kind":"street","a":[48.10218,11.59514],"b":[48.10592,11.59302],"length_m":445,"max_offset_m":0.6,"bearing_ab":339.3,"bearing_ba":159.3,"obstruction_toward_a_deg":1.28,"obstruction_toward_b_deg":2.1,"canyon":false,"featured":false,"notes":null,"osm_way_ids":[154349259,165200709,614089240,1424606235,1551928061],"bearing_bucket":"150-180","stroke":"#984ea3","stroke-width":2,"stroke-opacity":0.9}},
{"type":"Feature","geometry":{"type":"LineString","coordinates":[[11.59574,48.14285],[11.59691,48.14756]]},"properties":{"id":"sl_8c448984","name":"Isar","kind":"river","a":[48.14285,11.59574],"b":[48.14756,11.59691],"length_m":530,"max_offset_m":4.8,"bearing_ab":9.4,"bearing_ba":189.4,"obstruction_toward_a_deg":1.98,"obstruction_toward_b_deg":1.98,"canyon":false,"featured":false,"notes":null,"osm_way_ids":[1088131458],"bearing_bucket":"000-030","stroke":"#e41a1c","stroke-width":2,"stroke-opacity":0.9}},
{"type":"Feature","geometry":{"type":"LineString","coordinates":[[11.53856,48.16613],[11.54506,48.16745]]},"properties":{"id":"sl_8c7eefb2","name":null,"kind":"street","a":[48.16613,11.53856],"b":[48.16745,11.54506],"length_m":505,"max_offset_m":5.1,"bearing_ab":73.0,"bearing_ba":253.0,"obstruction_toward_a_deg":2.08,"obstruction_toward_b_deg":2.08,"canyon":false,"featured":false,"notes":null,"osm_way_ids":[3302609],"bearing_bucket":"060-090","stroke":"#ffd92f","stroke-width":2,"stroke-opacity":0.9}},
{"type":"Feature","geometry":{"type":"LineString","coordinates":[[11.39638,48.1833],[11.3974,48.18856]]},"properties":{"id":"sl_8c9358b9","name":"Wichnantstraße","kind":"street","a":[48.1833,11.39638],"b":[48.18856,11.3974],"length_m":590,"max_offset_m":7.9,"bearing_ab":7.4,"bearing_ba":187.4,"obstruction_toward_a_deg":1.78,"obstruction_toward_b_deg":1.78,"canyon":false,"featured":false,"notes":null,"osm_way_ids":[90071200,1029492766,1029493445,1029493605],"bearing_bucket":"000-030","stroke":"#e41a1c","stroke-width":2,"stroke-opacity":0.9}},
{"type":"Feature","geometry":{"type":"LineString","coordinates":[[11.55189,48.18609],[11.54151,48.18643]]},"properties":{"id":"sl_8cf29e1f","name":"Moosacher Straße","kind":"street","a":[48.18609,11.55189],"b":[48.18643,11.54151],"length_m":772,"max_offset_m":7.4,"bearing_ab":272.9,"bearing_ba":92.9,"obstruction_toward_a_deg":1.33,"obstruction_toward_b_deg":1.36,"canyon":false,"featured":false,"notes":null,"osm_way_ids":[27822853,31351682,137240598,209452710,209452711,256979913,288501015,288501016,315494048,315494050,380087681,838133262,838133263],"bearing_bucket":"090-120","stroke":"#4daf4a","stroke-width":2,"stroke-opacity":0.9}},
{"type":"Feature","geometry":{"type":"LineString","coordinates":[[11.5247,48.05346],[11.52229,48.04874]]},"properties":{"id":"sl_8d60b31a","name":"Isar","kind":"river","a":[48.05346,11.5247],"b":[48.04874,11.52229],"length_m":555,"max_offset_m":0.0,"bearing_ab":198.9,"bearing_ba":18.9,"obstruction_toward_a_deg":1.89,"obstruction_toward_b_deg":1.89,"canyon":false,"featured":false,"notes":null,"osm_way_ids":[171381873],"bearing_bucket":"000-030","stroke":"#e41a1c","stroke-width":2,"stroke-opacity":0.9}},
{"type":"Feature","geometry":{"type":"LineString","coordinates":[[11.51202,48.14073],[11.50497,48.14127]]},"properties":{"id":"sl_8d769ce1","name":"Veit-Stoß-Straße","kind":"street","a":[48.14073,11.51202],"b":[48.14127,11.50497],"length_m":528,"max_offset_m":7.7,"bearing_ab":276.5,"bearing_ba":96.5,"obstruction_toward_a_deg":1.42,"obstruction_toward_b_deg":1.99,"canyon":true,"featured":false,"notes":null,"osm_way_ids":[152976885,153040210],"bearing_bucket":"090-120","stroke":"#4daf4a","stroke-width":2,"stroke-opacity":0.9}},
{"type":"Feature","geometry":{"type":"LineString","coordinates":[[11.5785,48.16968],[11.58609,48.16845]]},"properties":{"id":"sl_8d7742a4","name":"Hörwarthstraße","kind":"street","a":[48.16968,11.5785],"b":[48.16845,11.58609],"length_m":581,"max_offset_m":1.4,"bearing_ab":103.7,"bearing_ba":283.7,"obstruction_toward_a_deg":1.29,"obstruction_toward_b_deg":1.76,"canyon":true,"featured":false,"notes":null,"osm_way_ids":[5219118],"bearing_bucket":"090-120","stroke":"#4daf4a","stroke-width":2,"stroke-opacity":0.9}},
{"type":"Feature","geometry":{"type":"LineString","coordinates":[[11.57323,48.16052],[11.56963,48.15478]]},"properties":{"id":"sl_8d8d5983","name":"Isabellastraße","kind":"street","a":[48.16052,11.57323],"b":[48.15478,11.56963],"length_m":692,"max_offset_m":6.5,"bearing_ab":202.8,"bearing_ba":22.8,"obstruction_toward_a_deg":1.35,"obstruction_toward_b_deg":1.35,"canyon":true,"featured":false,"notes":null,"osm_way_ids":[38906714,154575776,851113026,851115542],"bearing_bucket":"000-030","stroke":"#e41a1c","stroke-width":2,"stroke-opacity":0.9}},
{"type":"Feature","geometry":{"type":"LineString","coordinates":[[11.604,48.17944],[11.60871,48.17699]]},"properties":{"id":"sl_8d9e8209","name":"Crailsheimstraße","kind":"street","a":[48.17944,11.604],"b":[48.17699,11.60871],"length_m":444,"max_offset_m":1.9,"bearing_ab":128.0,"bearing_ba":308.0,"obstruction_toward_a_deg":1.28,"obstruction_toward_b_deg":1.28,"canyon":false,"featured":false,"notes":null,"osm_way_ids":[159686790,1026182837,1331662926,1420661333,1549092631],"bearing_bucket":"120-150","stroke":"#377eb8","stroke-width":2,"stroke-opacity":0.9}},
{"type":"Feature","geometry":{"type":"LineString","coordinates":[[11.69203,48.10849],[11.69907,48.11157]]},"properties":{"id":"sl_8dbdf6f2","name":"Waldtruderinger Straße","kind":"street","a":[48.10849,11.69203],"b":[48.11157,11.69907],"length_m":627,"max_offset_m":2.2,"bearing_ab":56.9,"bearing_ba":236.9,"obstruction_toward_a_deg":0.61,"obstruction_toward_b_deg":0.61,"canyon":true,"featured":false,"notes":null,"osm_way_ids":[3189025],"bearing_bucket":"030-060","stroke":"#ff7f00","stroke-width":2,"stroke-opacity":0.9}},
{"type":"Feature","geometry":{"type":"LineString","coordinates":[[11.52125,48.09493],[11.51892,48.09877]]},"properties":{"id":"sl_8dc6b09e","name":"Geisenhausenerstraße","kind":"street","a":[48.09493,11.52125],"b":[48.09877,11.51892],"length_m":461,"max_offset_m":2.5,"bearing_ab":337.9,"bearing_ba":157.9,"obstruction_toward_a_deg":1.23,"obstruction_toward_b_deg":1.03,"canyon":false,"featured":false,"notes":null,"osm_way_ids":[157574709],"bearing_bucket":"150-180","stroke":"#984ea3","stroke-width":2,"stroke-opacity":0.9}},
{"type":"Feature","geometry":{"type":"LineString","coordinates":[[11.58511,48.17859],[11.57943,48.17858]]},"properties":{"id":"sl_8dd75fde","name":"Freiligrathstraße","kind":"street","a":[48.17859,11.58511],"b":[48.17858,11.57943],"length_m":422,"max_offset_m":7.4,"bearing_ab":269.9,"bearing_ba":89.9,"obstruction_toward_a_deg":0.91,"obstruction_toward_b_deg":0.91,"canyon":true,"featured":false,"notes":null,"osm_way_ids":[22374957,32960032],"bearing_bucket":"060-090","stroke":"#ffd92f","stroke-width":2,"stroke-opacity":0.9}},
{"type":"Feature","geometry":{"type":"LineString","coordinates":[[11.57707,48.14567],[11.58317,48.14449]]},"properties":{"id":"sl_8e7da035","name":"Altstadtringtunnel","kind":"street","a":[48.14567,11.57707],"b":[48.14449,11.58317],"length_m":472,"max_offset_m":7.4,"bearing_ab":106.0,"bearing_ba":286.0,"obstruction_toward_a_deg":1.98,"obstruction_toward_b_deg":1.2,"canyon":false,"featured":false,"notes":null,"osm_way_ids":[28338977,28338981,50636516,86334240,118282031,257527112,292960291,292960294],"bearing_bucket":"090-120","stroke":"#4daf4a","stroke-width":2,"stroke-opacity":0.9}},
{"type":"Feature","geometry":{"type":"LineString","coordinates":[[11.57533,48.15951],[11.57654,48.15278]]},"properties":{"id":"sl_8e8aca80","name":"Kurfürstenstraße","kind":"street","a":[48.15951,11.57533],"b":[48.15278,11.57654],"length_m":754,"max_offset_m":3.1,"bearing_ab":173.1,"bearing_ba":353.1,"obstruction_toward_a_deg":1.24,"obstruction_toward_b_deg":1.36,"canyon":true,"featured":false,"notes":null,"osm_way_ids":[38906715,89699198,154470146,154470149],"bearing_bucket":"150-180","stroke":"#984ea3","stroke-width":2,"stroke-opacity":0.9}},
{"type":"Feature","geometry":{"type":"LineString","coordinates":[[11.53631,48.09408],[11.53482,48.09054]]},"properties":{"id":"sl_8ea53f39","name":"Sankt-Wendel-Straße","kind":"street","a":[48.09408,11.53631],"b":[48.09054,11.53482],"length_m":409,"max_offset_m":2.7,"bearing_ab":195.8,"bearing_ba":15.8,"obstruction_toward_a_deg":1.39,"obstruction_toward_b_deg":2.0,"canyon":true,"featured":false,"notes":null,"osm_way_ids":[163601363],"bearing_bucket":"000-030","stroke":"#e41a1c","stroke-width":2,"stroke-opacity":0.9}},
{"type":"Feature","geometry":{"type":"LineString","coordinates":[[11.50124,48.16738],[11.50844,48.16751]]},"properties":{"id":"sl_8eade4c8","name":"In den Kirschen","kind":"street","a":[48.16738,11.50124],"b":[48.16751,11.50844],"length_m":536,"max_offset_m":7.8,"bearing_ab":88.4,"bearing_ba":268.4,"obstruction_toward_a_deg":1.4,"obstruction_toward_b_deg":0.89,"canyon":false,"featured":false,"notes":null,"osm_way_ids":[27596036,56215162,146719591,1276588777,1491432982],"bearing_bucket":"060-090","stroke":"#ffd92f","stroke-width":2,"stroke-opacity":0.9}},
{"type":"Feature","geometry":{"type":"LineString","coordinates":[[11.56636,48.1895],[11.57211,48.18962]]},"properties":{"id":"sl_8ed963a4","name":null,"kind":"street","a":[48.1895,11.56636],"b":[48.18962,11.57211],"length_m":428,"max_offset_m":0.1,"bearing_ab":88.2,"bearing_ba":268.2,"obstruction_toward_a_deg":2.18,"obstruction_toward_b_deg":1.54,"canyon":true,"featured":false,"notes":null,"osm_way_ids":[283649873],"bearing_bucket":"060-090","stroke":"#ffd92f","stroke-width":2,"stroke-opacity":0.9}},
{"type":"Feature","geometry":{"type":"LineString","coordinates":[[11.51142,48.17198],[11.50951,48.16736]]},"properties":{"id":"sl_8ef027c8","name":"Wintrichring","kind":"street","a":[48.17198,11.51142],"b":[48.16736,11.50951],"length_m":533,"max_offset_m":7.6,"bearing_ab":195.5,"bearing_ba":15.5,"obstruction_toward_a_deg":0.72,"obstruction_toward_b_deg":1.97,"canyon":false,"featured":false,"notes":null,"osm_way_ids":[37262990,96678477,146722395,276765429,276765430,1215459593,1215459617],"bearing_bucket":"000-030","stroke":"#e41a1c","stroke-width":2,"stroke-opacity":0.9}},
{"type":"Feature","geometry":{"type":"LineString","coordinates":[[11.49285,48.14142],[11.49083,48.13481]]},"properties":{"id":"sl_8f5c8a4b","name":"Agricolastraße","kind":"street","a":[48.14142,11.49285],"b":[48.13481,11.49083],"length_m":750,"max_offset_m":6.5,"bearing_ab":191.5,"bearing_ba":11.5,"obstruction_toward_a_deg":0.51,"obstruction_toward_b_deg":1.4,"canyon":true,"featured":false,"notes":null,"osm_way_ids":[4218701,4271289,69688189,426277801,1266439193],"bearing_bucket":"000-030","stroke":"#e41a1c","stroke-width":2,"stroke-opacity":0.9}},
{"type":"Feature","geometry":{"type":"LineString","coordinates":[[11.48157,48.08629],[11.4772,48.08125]]},"properties":{"id":"sl_8f5ce0b6","name":"Stockdorfer Straße","kind":"street","a":[48.08629,11.48157],"b":[48.08125,11.4772],"length_m":647,"max_offset_m":7.0,"bearing_ab":210.2,"bearing_ba":30.2,"obstruction_toward_a_deg":0.59,"obstruction_toward_b_deg":0.59,"canyon":true,"featured":false,"notes":null,"osm_way_ids":[157924119,1183619889,1183619890,1513505802],"bearing_bucket":"030-060","stroke":"#ff7f00","stroke-width":2,"stroke-opacity":0.9}},
{"type":"Feature","geometry":{"type":"LineString","coordinates":[[11.57486,48.1588],[11.57598,48.15186]]},"properties":{"id":"sl_8f7da990","name":"Nordendstraße","kind":"street","a":[48.1588,11.57486],"b":[48.15186,11.57598],"length_m":776,"max_offset_m":7.3,"bearing_ab":173.9,"bearing_ba":353.9,"obstruction_toward_a_deg":1.2,"obstruction_toward_b_deg":1.2,"canyon":true,"featured":false,"notes":null,"osm_way_ids":[4075783,30603896,34160676,89699184,89840536,89840543,93072396,155586944,392219837,392219838,506111188,1093404771,1390073380],"bearing_bucket":"150-180","stroke":"#984ea3","stroke-width":2,"stroke-opacity":0.9}},
{"type":"Feature","geometry":{"type":"LineString","coordinates":[[11.58104,48.16508],[11.57423,48.16451]]},"properties":{"id":"sl_8fd21a02","name":"Destouchesstraße","kind":"street","a":[48.16508,11.58104],"b":[48.16451,11.57423],"length_m":510,"max_offset_m":2.5,"bearing_ab":262.9,"bearing_ba":82.8,"obstruction_toward_a_deg":2.05,"obstruction_toward_b_deg":1.83,"canyon":true,"featured":false,"notes":null,"osm_way_ids":[4651573,157093962],"bearing_bucket":"060-090","stroke":"#ffd92f","stroke-width":2,"stroke-opacity":0.9}},
{"type":"Feature","geometry":{"type":"LineString","coordinates":[[11.63377,48.20679],[11.64197,48.20739]]},"properties":{"id":"sl_90478f62","name":"Isardüker","kind":"canal","a":[48.20679,11.63377],"b":[48.20739,11.64197],"length_m":613,"max_offset_m":1.3,"bearing_ab":83.8,"bearing_ba":263.8,"obstruction_toward_a_deg":1.71,"obstruction_toward_b_deg":1.71,"canyon":false,"featured":false,"notes":null,"osm_way_ids":[759940637],"bearing_bucket":"060-090","stroke":"#ffd92f","stroke-width":2,"stroke-opacity":0.9}},
{"type":"Feature","geometry":{"type":"LineString","coordinates":[[11.71215,48.10466],[11.70293,48.10095]]},"properties":{"id":"sl_9050a8a3","name":"Möwestraße","kind":"street","a":[48.10466,11.71215],"b":[48.10095,11.70293],"length_m":801,"max_offset_m":7.3,"bearing_ab":239.0,"bearing_ba":59.0,"obstruction_toward_a_deg":0.48,"obstruction_toward_b_deg":0.48,"canyon":true,"featured":false,"notes":null,"osm_way_ids":[3733064,1534843033,1534843045],"bearing_bucket":"030-060","stroke":"#ff7f00","stroke-width":2,"stroke-opacity":0.9}},
{"type":"Feature","geometry":{"type":"LineString","coordinates":[[11.57301,48.1993],[11.58103,48.19946]]},"properties":{"id":"sl_90af1c28","name":"Permanederstraße","kind":"street","a":[48.1993,11.57301],"b":[48.19946,11.58103],"length_m":597,"max_offset_m":7.2,"bearing_ab":88.3,"bearing_ba":268.3,"obstruction_toward_a_deg":0.64,"obstruction_toward_b_deg":0.64,"canyon":true,"featured":false,"notes":null,"osm_way_ids":[150926701],"bearing_bucket":"060-090","stroke":"#ffd92f","stroke-width":2,"stroke-opacity":0.9}},
{"type":"Feature","geometry":{"type":"LineString","coordinates":[[11.45188,48.15349],[11.44546,48.15702]]},"properties":{"id":"sl_91207f03","name":"Marschnerstraße","kind":"street","a":[48.15349,11.45188],"b":[48.15702,11.44546],"length_m":618,"max_offset_m":6.8,"bearing_ab":309.4,"bearing_ba":129.4,"obstruction_toward_a_deg":0.62,"obstruction_toward_b_deg":0.62,"canyon":true,"featured":false,"notes":null,"osm_way_ids":[10059043],"bearing_bucket":"120-150","stroke":"#377eb8","stroke-width":2,"stroke-opacity":0.9}},
{"type":"Feature","geometry":{"type":"LineString","coordinates":[[11.46707,48.15683],[11.46626,48.14908]]},"properties":{"id":"sl_91272670","name":"Offenbachstraße","kind":"street","a":[48.15683,11.46707],"b":[48.14908,11.46626],"length_m":864,"max_offset_m":6.8,"bearing_ab":184.0,"bearing_ba":4.0,"obstruction_toward_a_deg":0.44,"obstruction_toward_b_deg":0.87,"canyon":true,"featured":false,"notes":null,"osm_way_ids":[8116211,30819271,77888185,77888186,175802875,242247287,1449451876],"bearing_bucket":"000-030","stroke":"#e41a1c","stroke-width":2,"stroke-opacity":0.9}},
{"type":"Feature","geometry":{"type":"LineString","coordinates":[[11.52253,48.16266],[11.52902,48.16401]]},"properties":{"id":"sl_91427ff4","name":"Klugstraße","kind":"street","a":[48.16266,11.52253],"b":[48.16401,11.52902],"length_m":506,"max_offset_m":5.6,"bearing_ab":72.8,"bearing_ba":252.8,"obstruction_toward_a_deg":1.3,"obstruction_toward_b_deg":1.12,"canyon":true,"featured":false,"notes":null,"osm_way_ids":[27611643,27828597,123373214,147165261,1381648973,1436637359],"bearing_bucket":"060-090","stroke":"#ffd92f","stroke-width":2,"stroke-opacity":0.9}},
{"type":"Feature","geometry":{"type":"LineString","coordinates":[[11.48773,48.13447],[11.48784,48.13008]]},"properties":{"id":"sl_91545f7e","name":"Byecherstraße","kind":"street","a":[48.13447,11.48773],"b":[48.13008,11.48784],"length_m":488,"max_offset_m":2.5,"bearing_ab":179.1,"bearing_ba":359.1,"obstruction_toward_a_deg":1.16,"obstruction_toward_b_deg":2.15,"canyon":true,"featured":false,"notes":null,"osm_way_ids":[16943298],"bearing_bucket":"150-180","stroke":"#984ea3","stroke-width":2,"stroke-opacity":0.9}},
{"type":"Feature","geometry":{"type":"LineString","coordinates":[[11.54105,48.09404],[11.53813,48.09049]]},"properties":{"id":"sl_9179f47b","name":"Wolfratshauser Straße","kind":"street","a":[48.09404,11.54105],"b":[48.09049,11.53813],"length_m":450,"max_offset_m":7.8,"bearing_ab":208.9,"bearing_ba":28.9,"obstruction_toward_a_deg":0.85,"obstruction_toward_b_deg":2.33,"canyon":false,"featured":false,"notes":null,"osm_way_ids":[317741494,317741495,317741496,1425223828,1425223829,1425223830,1425223831,1425223832,1425223833,1430905190,1430909273],"bearing_bucket":"000-030","stroke":"#e41a1c","stroke-width":2,"stroke-opacity":0.9}},
{"type":"Feature","geometry":{"type":"LineString","coordinates":[[11.48128,48.08084],[11.47443,48.08329]]},"properties":{"id":"sl_9194bbb4","name":"Geisenbrunner Straße","kind":"street","a":[48.08084,11.48128],"b":[48.08329,11.47443],"length_m":579,"max_offset_m":5.2,"bearing_ab":298.1,"bearing_ba":118.1,"obstruction_toward_a_deg":0.66,"obstruction_toward_b_deg":0.66,"canyon":true,"featured":false,"notes":null,"osm_way_ids":[157924741],"bearing_bucket":"090-120","stroke":"#4daf4a","stroke-width":2,"stroke-opacity":0.9}},
{"type":"Feature","geometry":{"type":"LineString","coordinates":[[11.41771,48.16006],[11.42442,48.16158]]},"properties":{"id":"sl_91cbef77","name":"Bergsonstraße","kind":"street","a":[48.16006,11.41771],"b":[48.16158,11.42442],"length_m":527,"max_offset_m":3.2,"bearing_ab":71.4,"bearing_ba":251.4,"obstruction_toward_a_deg":0.73,"obstruction_toward_b_deg":0.38,"canyon":true,"featured":false,"notes":null,"osm_way_ids":[3345198,372390093],"bearing_bucket":"060-090","stroke":"#ffd92f","stroke-width":2,"stroke-opacity":0.9}},
{"type":"Feature","geometry":{"type":"LineString","coordinates":[[11.54508,48.14352],[11.53833,48.14402]]},"properties":{"id":"sl_9200e067","name":null,"kind":"street","a":[48.14352,11.54508],"b":[48.14402,11.53833],"length_m":506,"max_offset_m":1.4,"bearing_ab":276.3,"bearing_ba":96.2,"obstruction_toward_a_deg":2.21,"obstruction_toward_b_deg":1.67,"canyon":false,"featured":false,"notes":null,"osm_way_ids":[56015024],"bearing_bucket":"090-120","stroke":"#4daf4a","stroke-width":2,"stroke-opacity":0.9}},
{"type":"Feature","geometry":{"type":"LineString","coordinates":[[11.54679,48.10184],[11.5513,48.10915]]},"properties":{"id":"sl_92071083","name":"Schäftlarnstraße","kind":"street","a":[48.10184,11.54679],"b":[48.10915,11.5513],"length_m":879,"max_offset_m":7.7,"bearing_ab":22.5,"bearing_ba":202.5,"obstruction_toward_a_deg":0.64,"obstruction_toward_b_deg":0.96,"canyon":false,"featured":false,"notes":null,"osm_way_ids":[38252492,301001092,301001093,849719359,860153719,1078158721,1118910541,1118911234,1131233524,1304053294,1430940403,1430940404,1430940406],"bearing_bucket":"000-030","stroke":"#e41a1c","stroke-width":2,"stroke-opacity":0.9}},
{"type":"Feature","geometry":{"type":"LineString","coordinates":[[11.47792,48.20999],[11.46737,48.20989]]},"properties":{"id":"sl_9259e884","name":"Otto-Warburg-Straße","kind":"street","a":[48.20999,11.47792],"b":[48.20989,11.46737],"length_m":784,"max_offset_m":7.9,"bearing_ab":269.2,"bearing_ba":89.2,"obstruction_toward_a_deg":1.34,"obstruction_toward_b_deg":1.34,"canyon":false,"featured":false,"notes":null,"osm_way_ids":[432792068,507594303,814305293,814305294,814305295],"bearing_bucket":"060-090","stroke":"#ffd92f","stroke-width":2,"stroke-opacity":0.9}},
{"type":"Feature","geometry":{"type":"LineString","coordinates":[[11.56386,48.20467],[11.57284,48.20501]]},"properties":{"id":"sl_928cfb4f","name":"Weyprechtstraße","kind":"street","a":[48.20467,11.56386],"b":[48.20501,11.57284],"length_m":668,"max_offset_m":8.0,"bearing_ab":86.8,"bearing_ba":266.8,"obstruction_toward_a_deg":0.85,"obstruction_toward_b_deg":0.71,"canyon":false,"featured":false,"notes":null,"osm_way_ids":[34912943,34912947,324310907,1428670314,1428670315,1428676967,1428676968],"bearing_bucket":"060-090","stroke":"#ffd92f","stroke-width":2,"stroke-opacity":0.9}},
{"type":"Feature","geometry":{"type":"LineString","coordinates":[[11.55564,48.15272],[11.5524,48.14869]]},"properties":{"id":"sl_92c4049f","name":"Erzgießereistraße","kind":"street","a":[48.15272,11.55564],"b":[48.14869,11.5524],"length_m":508,"max_offset_m":3.7,"bearing_ab":208.3,"bearing_ba":28.3,"obstruction_toward_a_deg":1.48,"obstruction_toward_b_deg":1.84,"canyon":true,"featured":false,"notes":null,"osm_way_ids":[4645395,93195092,93195120,161766797],"bearing_bucket":"000-030","stroke":"#e41a1c","stroke-width":2,"stroke-opacity":0.9}},
{"type":"Feature","geometry":{"type":"LineString","coordinates":[[11.48644,48.18345],[11.47445,48.18341]]},"properties":{"id":"sl_92e4bb90","name":"Manzostraße","kind":"street","a":[48.18345,11.48644],"b":[48.18341,11.47445],"length_m":892,"max_offset_m":6.8,"bearing_ab":269.7,"bearing_ba":89.7,"obstruction_toward_a_deg":0.43,"obstruction_toward_b_deg":0.43,"canyon":true,"featured":false,"notes":null,"osm_way_ids":[9396050,32796607,32796610,294098164],"bearing_bucket":"060-090","stroke":"#ffd92f","stroke-width":2,"stroke-opacity":0.9}},
{"type":"Feature","geometry":{"type":"LineString","coordinates":[[11.62473,48.10092],[11.61032,48.10137]]},"properties":{"id":"sl_92e57a68","name":"Hochäckerstraße","kind":"street","a":[48.10092,11.62473],"b":[48.10137,11.61032],"length_m":1074,"max_offset_m":7.7,"bearing_ab":272.7,"bearing_ba":92.7,"obstruction_toward_a_deg":0.53,"obstruction_toward_b_deg":0.53,"canyon":false,"featured":false,"notes":null,"osm_way_ids":[4827199,5096420,5096421,41532482,41532483,361462508,1049699801,1270686454,1315489389,1315489390,1528618452,1528620307],"bearing_bucket":"090-120","stroke":"#4daf4a","stroke-width":2,"stroke-opacity":0.9}},
{"type":"Feature","geometry":{"type":"LineString","coordinates":[[11.55179,48.14741],[11.56874,48.14246]]},"properties":{"id":"sl_92fc0adb","name":"Karlstraße","kind":"street","a":[48.14741,11.55179],"b":[48.14246,11.56874],"length_m":1376,"max_offset_m":6.4,"bearing_ab":113.6,"bearing_ba":293.6,"obstruction_toward_a_deg":0.61,"obstruction_toward_b_deg":0.55,"canyon":true,"featured":false,"notes":null,"osm_way_ids":[49800592,111006551,155039623,236947477,236949942,341824990,450597754,705107442,705107443,974689917,974689918,1183622592,1460377814],"bearing_bucket":"090-120","stroke":"#4daf4a","stroke-width":2,"stroke-opacity":0.9}},
{"type":"Feature","geometry":{"type":"LineString","coordinates":[[11.57553,48.12617],[11.57122,48.12366]]},"properties":{"id":"sl_9327b32e","name":null,"kind":"street","a":[48.12617,11.57553],"b":[48.12366,11.57122],"length_m":425,"max_offset_m":7.9,"bearing_ab":229.0,"bearing_ba":49.0,"obstruction_toward_a_deg":2.47,"obstruction_toward_b_deg":2.47,"canyon":false,"featured":false,"notes":null,"osm_way_ids":[302081365],"bearing_bucket":"030-060","stroke":"#ff7f00","stroke-width":2,"stroke-opacity":0.9}},
{"type":"Feature","geometry":{"type":"LineString","coordinates":[[11.55595,48.13922],[11.55579,48.1349]]},"properties":{"id":"sl_93b6724a","name":"Paul-Heyse-Straße","kind":"street","a":[48.13922,11.55595],"b":[48.1349,11.55579],"length_m":481,"max_offset_m":1.6,"bearing_ab":181.4,"bearing_ba":1.4,"obstruction_toward_a_deg":1.94,"obstruction_toward_b_deg":1.94,"canyon":true,"featured":false,"notes":null,"osm_way_ids":[30195491,37665691,37665697,303515078,357204337,384535860,1421494361],"bearing_bucket":"000-030","stroke":"#e41a1c","stroke-width":2,"stroke-opacity":0.9}},
{"type":"Feature","geometry":{"type":"LineString","coordinates":[[11.5214,48.11252],[11.53022,48.11294]]},"properties":{"id":"sl_93c7175d","name":"Johann-Clanze-Straße","kind":"street","a":[48.11252,11.5214],"b":[48.11294,11.53022],"length_m":658,"max_offset_m":6.0,"bearing_ab":86.0,"bearing_ba":266.0,"obstruction_toward_a_deg":0.58,"obstruction_toward_b_deg":1.28,"canyon":true,"featured":false,"notes":null,"osm_way_ids":[52718361,1491527560,1491527561,1491569233,1491569234,1491569236],"bearing_bucket":"060-090","stroke":"#ffd92f","stroke-width":2,"stroke-opacity":0.9}},
{"type":"Feature","geometry":{"type":"LineString","coordinates":[[11.58354,48.19349],[11.57669,48.19352]]},"properties":{"id":"sl_93dc8c10","name":"Marienbader Straße","kind":"street","a":[48.19349,11.58354],"b":[48.19352,11.57669],"length_m":509,"max_offset_m":5.2,"bearing_ab":270.3,"bearing_ba":90.3,"obstruction_toward_a_deg":1.47,"obstruction_toward_b_deg":0.75,"canyon":false,"featured":false,"notes":null,"osm_way_ids":[23619686],"bearing_bucket":"090-120","stroke":"#4daf4a","stroke-width":2,"stroke-opacity":0.9}},
{"type":"Feature","geometry":{"type":"LineString","coordinates":[[11.61482,48.15454],[11.61891,48.15899]]},"properties":{"id":"sl_93f9ee81","name":"Ortnitstraße","kind":"street","a":[48.15454,11.61482],"b":[48.15899,11.61891],"length_m":581,"max_offset_m":1.7,"bearing_ab":31.6,"bearing_ba":211.6,"obstruction_toward_a_deg":0.66,"obstruction_toward_b_deg":0.66,"canyon":true,"featured":false,"notes":null,"osm_way_ids":[5787741],"bearing_bucket":"030-060","stroke":"#ff7f00","stroke-width":2,"stroke-opacity":0.9}},
{"type":"Feature","geometry":{"type":"LineString","coordinates":[[11.54587,48.15175],[11.55058,48.15427]]},"properties":{"id":"sl_93fd230f","name":null,"kind":"street","a":[48.15175,11.54587],"b":[48.15427,11.55058],"length_m":449,"max_offset_m":3.4,"bearing_ab":51.3,"bearing_ba":231.3,"obstruction_toward_a_deg":3.1,"obstruction_toward_b_deg":2.33,"canyon":false,"featured":false,"notes":null,"osm_way_ids":[1505615205],"bearing_bucket":"030-060","stroke":"#ff7f00","stroke-width":2,"stroke-opacity":0.9}},
{"type":"Feature","geometry":{"type":"LineString","coordinates":[[11.70198,48.11311],[11.70387,48.11651]]},"properties":{"id":"sl_9412757b","name":null,"kind":"street","a":[48.11311,11.70198],"b":[48.11651,11.70387],"length_m":404,"max_offset_m":6.3,"bearing_ab":20.3,"bearing_ba":200.3,"obstruction_toward_a_deg":0.95,"obstruction_toward_b_deg":2.6,"canyon":true,"featured":false,"notes":null,"osm_way_ids":[1512582730],"bearing_bucket":"000-030","stroke":"#e41a1c","stroke-width":2,"stroke-opacity":0.9}},
{"type":"Feature","geometry":{"type":"LineString","coordinates":[[11.66578,48.17667],[11.66398,48.1713]]},"properties":{"id":"sl_9447a9d7","name":"Apenrader Straße","kind":"street","a":[48.17667,11.66578],"b":[48.1713,11.66398],"length_m":612,"max_offset_m":6.6,"bearing_ab":192.7,"bearing_ba":12.7,"obstruction_toward_a_deg":1.71,"obstruction_toward_b_deg":1.71,"canyon":false,"featured":false,"notes":null,"osm_way_ids":[81111722],"bearing_bucket":"000-030","stroke":"#e41a1c","stroke-width":2,"stroke-opacity":0.9}},
{"type":"Feature","geometry":{"type":"LineString","coordinates":[[11.47669,48.0952],[11.47449,48.09117]]},"properties":{"id":"sl_944900e6","name":"Appenzeller Straße","kind":"street","a":[48.0952,11.47669],"b":[48.09117,11.47449],"length_m":477,"max_offset_m":5.8,"bearing_ab":200.0,"bearing_ba":20.0,"obstruction_toward_a_deg":1.57,"obstruction_toward_b_deg":1.57,"canyon":false,"featured":false,"notes":null,"osm_way_ids":[157808555,273348427],"bearing_bucket":"000-030","stroke":"#e41a1c","stroke-width":2,"stroke-opacity":0.9}},
{"type":"Feature","geometry":{"type":"LineString","coordinates":[[11.5347,48.14529],[11.52682,48.14583]]},"properties":{"id":"sl_9464e3dc","name":"Richelstraße","kind":"street","a":[48.14529,11.5347],"b":[48.14583,11.52682],"length_m":590,"max_offset_m":5.0,"bearing_ab":275.8,"bearing_ba":95.8,"obstruction_toward_a_deg":1.27,"obstruction_toward_b_deg":0.96,"canyon":false,"featured":false,"notes":null,"osm_way_ids":[4081189,90400545,206144724],"bearing_bucket":"090-120","stroke":"#4daf4a","stroke-width":2,"stroke-opacity":0.9}},
{"type":"Feature","geometry":{"type":"LineString","coordinates":[[11.46172,48.14663],[11.47007,48.14544]]},"properties":{"id":"sl_9466a8e6","name":"Landsberger Straße","kind":"street","a":[48.14663,11.46172],"b":[48.14544,11.47007],"length_m":635,"max_offset_m":6.3,"bearing_ab":102.1,"bearing_ba":282.1,"obstruction_toward_a_deg":0.52,"obstruction_toward_b_deg":1.33,"canyon":false,"featured":false,"notes":null,"osm_way_ids":[30212966,30761123,251399156,252359375,343008983,343008984,343008985,344521633,344521634,485203538],"bearing_bucket":"090-120","stroke":"#4daf4a","stroke-width":2,"stroke-opacity":0.9}},
{"type":"Feature","geometry":{"type":"LineString","coordinates":[[11.53842,48.14454],[11.54425,48.1441]]},"properties":{"id":"sl_9473429f","name":"Marlene-Dietrich-Straße","kind":"street","a":[48.14454,11.53842],"b":[48.1441,11.54425],"length_m":437,"max_offset_m":0.5,"bearing_ab":96.4,"bearing_ba":276.4,"obstruction_toward_a_deg":1.72,"obstruction_toward_b_deg":2.56,"canyon":true,"featured":false,"notes":null,"osm_way_ids":[26612843,93524623,239808601,1388090682],"bearing_bucket":"090-120","stroke":"#4daf4a","stroke-width":2,"stroke-opacity":0.9}},
{"type":"Feature","geometry":{"type":"LineString","coordinates":[[11.48205,48.1451],[11.50093,48.14325]]},"properties":{"id":"sl_9476dda7","name":"Landsberger Straße","kind":"street","a":[48.1451,11.48205],"b":[48.14325,11.50093],"length_m":1420,"max_offset_m":6.8,"bearing_ab":98.3,"bearing_ba":278.4,"obstruction_toward_a_deg":0.27,"obstruction_toward_b_deg":0.66,"canyon":false,"featured":false,"notes":null,"osm_way_ids":[56196605,56542066,133390633,133390634,141427556,151558843,153024186,190362036,261467940,307301906,316110468,316110469,316110470,316110471,316110472,316110473,316110481,316110484,342797725,1223273793],"bearing_bucket":"090-120","stroke":"#4daf4a","stroke-width":2,"stroke-opacity":0.9}},
{"type":"Feature","geometry":{"type":"LineString","coordinates":[[11.54539,48.07552],[11.54699,48.07943]]},"properties":{"id":"sl_947e5b21","name":null,"kind":"street","a":[48.07552,11.54539],"b":[48.07943,11.54699],"length_m":450,"max_offset_m":2.9,"bearing_ab":15.4,"bearing_ba":195.4,"obstruction_toward_a_deg":1.35,"obstruction_toward_b_deg":0.85,"canyon":true,"featured":false,"notes":null,"osm_way_ids":[1082063926],"bearing_bucket":"000-030","stroke":"#e41a1c","stroke-width":2,"stroke-opacity":0.9}},
{"type":"Feature","geometry":{"type":"LineString","coordinates":[[11.57496,48.18074],[11.57501,48.18441]]},"properties":{"id":"sl_94c1e6d4","name":"Christoph-von-Gluck-Platz","kind":"street","a":[48.18074,11.57496],"b":[48.18441,11.57501],"length_m":408,"max_offset_m":1.1,"bearing_ab":0.4,"bearing_ba":180.4,"obstruction_toward_a_deg":1.84,"obstruction_toward_b_deg":1.84,"canyon":false,"featured":false,"notes":null,"osm_way_ids":[22374956,53265580],"bearing_bucket":"000-030","stroke":"#e41a1c","stroke-width":2,"stroke-opacity":0.9}},
{"type":"Feature","geometry":{"type":"LineString","coordinates":[[11.67377,48.13326],[11.67875,48.13134]]},"properties":{"id":"sl_94d7190b","name":"Linnenbrüggerstraße","kind":"street","a":[48.13326,11.67377],"b":[48.13134,11.67875],"length_m":428,"max_offset_m":4.7,"bearing_ab":119.9,"bearing_ba":299.9,"obstruction_toward_a_deg":0.47,"obstruction_toward_b_deg":2.45,"canyon":true,"featured":false,"notes":null,"osm_way_ids":[4016960,4016961],"bearing_bucket":"090-120","stroke":"#4daf4a","stroke-width":2,"stroke-opacity":0.9}},
{"type":"Feature","geometry":{"type":"LineString","coordinates":[[11.53046,48.10344],[11.53322,48.10656]]},"properties":{"id":"sl_94f7796a","name":"Passauerstraße","kind":"street","a":[48.10344,11.53046],"b":[48.10656,11.53322],"length_m":404,"max_offset_m":5.0,"bearing_ab":30.7,"bearing_ba":210.7,"obstruction_toward_a_deg":2.54,"obstruction_toward_b_deg":1.4,"canyon":true,"featured":false,"notes":null,"osm_way_ids":[49075255],"bearing_bucket":"030-060","stroke":"#ff7f00","stroke-width":2,"stroke-opacity":0.9}},
{"type":"Feature","geometry":{"type":"LineString","coordinates":[[11.58171,48.1513],[11.56963,48.15478]]},"properties":{"id":"sl_950d235f","name":"Adalbertstraße","kind":"street","a":[48.1513,11.58171],"b":[48.15478,11.56963],"length_m":978,"max_offset_m":1.3,"bearing_ab":293.3,"bearing_ba":113.3,"obstruction_toward_a_deg":1.19,"obstruction_toward_b_deg":0.95,"canyon":true,"featured":false,"notes":null,"osm_way_ids":[4071768,4262221,93192035,93195854,154470138,316273517,1055534870,1055534871],"bearing_bucket":"090-120","stroke":"#4daf4a","stroke-width":2,"stroke-opacity":0.9}},
{"type":"Feature","geometry":{"type":"LineString","coordinates":[[11.40254,48.14422],[11.40392,48.14001]]},"properties":{"id":"sl_9516ea27","name":"Hans-Dietrich-Genscher-Straße","kind":"street","a":[48.14422,11.40254],"b":[48.14001,11.40392],"length_m":480,"max_offset_m":1.7,"bearing_ab":167.6,"bearing_ba":347.6,"obstruction_toward_a_deg":1.71,"obstruction_toward_b_deg":0.88,"canyon":true,"featured":false,"notes":null,"osm_way_ids":[407578432,464738721,772719711,772719712,1036622897,1036622898,1210418104],"bearing_bucket":"150-180","stroke":"#984ea3","stroke-width":2,"stroke-opacity":0.9}},
{"type":"Feature","geometry":{"type":"LineString","coordinates":[[11.55304,48.16586],[11.55293,48.16139]]},"properties":{"id":"sl_956b2c62","name":"Ackermannstraße","kind":"street","a":[48.16586,11.55304],"b":[48.16139,11.55293],"length_m":496,"max_offset_m":7.2,"bearing_ab":180.9,"bearing_ba":0.9,"obstruction_toward_a_deg":2.11,"obstruction_toward_b_deg":1.51,"canyon":false,"featured":false,"notes":null,"osm_way_ids":[5403375,27822840,27822844,328027151,394489292,459027213,459027216,762463926,1091375341],"bearing_bucket":"000-030","stroke":"#e41a1c","stroke-width":2,"stroke-opacity":0.9}},
{"type":"Feature","geometry":{"type":"LineString","coordinates":[[11.67264,48.08107],[11.6664,48.0824]]},"properties":{"id":"sl_956bd6f6","name":"Waldperlacher Straße","kind":"street","a":[48.08107,11.67264],"b":[48.0824,11.6664],"length_m":488,"max_offset_m":1.5,"bearing_ab":287.7,"bearing_ba":107.7,"obstruction_toward_a_deg":0.79,"obstruction_toward_b_deg":0.79,"canyon":true,"featured":false,"notes":null,"osm_way_ids":[5069268,33525638],"bearing_bucket":"090-120","stroke":"#4daf4a","stroke-width":2,"stroke-opacity":0.9}},
{"type":"Feature","geometry":{"type":"LineString","coordinates":[[11.477,48.11619],[11.48652,48.1169]]},"properties":{"id":"sl_9584c033","name":"Gräfelfinger Straße","kind":"street","a":[48.11619,11.477],"b":[48.1169,11.48652],"length_m":713,"max_offset_m":7.8,"bearing_ab":83.6,"bearing_ba":263.6,"obstruction_toward_a_deg":0.54,"obstruction_toward_b_deg":0.54,"canyon":true,"featured":false,"notes":null,"osm_way_ids":[4449851,17908521,17908524,1273931759,1355392799,1417218531,1445794229,1457129140,1457129141,1457129144,1457129147,1457129151,1457133643,1457133644,1457133650],"bearing_bucket":"060-090","stroke":"#ffd92f","stroke-width":2,"stroke-opacity":0.9}},
{"type":"Feature","geometry":{"type":"LineString","coordinates":[[11.45363,48.18424],[11.45961,48.18541]]},"properties":{"id":"sl_964be291","name":"Theodor-Fischer-Straße","kind":"street","a":[48.18424,11.45363],"b":[48.18541,11.45961],"length_m":463,"max_offset_m":7.7,"bearing_ab":73.7,"bearing_ba":253.7,"obstruction_toward_a_deg":0.63,"obstruction_toward_b_deg":2.26,"canyon":true,"featured":false,"notes":null,"osm_way_ids":[18835248,36719145],"bearing_bucket":"060-090","stroke":"#ffd92f","stroke-width":2,"stroke-opacity":0.9}},
{"type":"Feature","geometry":{"type":"LineString","coordinates":[[11.52336,48.09471],[11.51794,48.08435]]},"properties":{"id":"sl_964f929d","name":"Aidenbachstraße","kind":"street","a":[48.09471,11.52336],"b":[48.08435,11.51794],"length_m":1221,"max_offset_m":7.7,"bearing_ab":199.3,"bearing_ba":19.3,"obstruction_toward_a_deg":0.51,"obstruction_toward_b_deg":0.31,"canyon":true,"featured":false,"notes":null,"osm_way_ids":[145457546,146916137,150892621,295881535,309282303,309282305,674628802,894617152,1430021282,1430021283,1430021284,1430021285,1531242631,1531242632,1531242633],"bearing_bucket":"000-030","stroke":"#e41a1c","stroke-width":2,"stroke-opacity":0.9}},
{"type":"Feature","geometry":{"type":"LineString","coordinates":[[11.53329,48.12937],[11.52463,48.13563]]},"properties":{"id":"sl_96810319","name":"Hansastraße","kind":"street","a":[48.12937,11.53329],"b":[48.13563,11.52463],"length_m":949,"max_offset_m":6.6,"bearing_ab":317.2,"bearing_ba":137.2,"obstruction_toward_a_deg":0.65,"obstruction_toward_b_deg":0.8,"canyon":true,"featured":false,"notes":null,"osm_way_ids":[4586078,22931123,52822625,52822628,55794322,264448401,292944714,364988564,365075177,790341763,1132691503,1421510628,1421510630,1421510631,1421510632,1497668838,1497668839],"bearing_bucket":"120-150","stroke":"#377eb8","stroke-width":2,"stroke-opacity":0.9}},
{"type":"Feature","geometry":{"type":"LineString","coordinates":[[11.64503,48.0922],[11.65169,48.09205]]},"properties":{"id":"sl_9699802a","name":"Otto-Hahn-Ring","kind":"street","a":[48.0922,11.64503],"b":[48.09205,11.65169],"length_m":497,"max_offset_m":5.6,"bearing_ab":91.9,"bearing_ba":271.9,"obstruction_toward_a_deg":2.25,"obstruction_toward_b_deg":2.11,"canyon":false,"featured":false,"notes":null,"osm_way_ids":[4061600,303512842],"bearing_bucket":"090-120","stroke":"#4daf4a","stroke-width":2,"stroke-opacity":0.9}},
{"type":"Feature","geometry":{"type":"LineString","coordinates":[[11.54373,48.15526],[11.54887,48.15814]]},"properties":{"id":"sl_97007c01","name":"Maria-Luiko-Straße","kind":"street","a":[48.15526,11.54373],"b":[48.15814,11.54887],"length_m":499,"max_offset_m":6.5,"bearing_ab":50.0,"bearing_ba":230.0,"obstruction_toward_a_deg":1.87,"obstruction_toward_b_deg":2.24,"canyon":true,"featured":false,"notes":null,"osm_way_ids":[96213999,163989141,1250019834],"bearing_bucket":"030-060","stroke":"#ff7f00","stroke-width":2,"stroke-opacity":0.9}},
{"type":"Feature","geometry":{"type":"LineString","coordinates":[[11.70277,48.13387],[11.69439,48.13382]]},"properties":{"id":"sl_97016c13","name":null,"kind":"street","a":[48.13387,11.70277],"b":[48.13382,11.69439],"length_m":624,"max_offset_m":0.0,"bearing_ab":269.5,"bearing_ba":89.5,"obstruction_toward_a_deg":0.32,"obstruction_toward_b_deg":0.32,"canyon":true,"featured":false,"notes":null,"osm_way_ids":[53101429],"bearing_bucket":"060-090","stroke":"#ffd92f","stroke-width":2,"stroke-opacity":0.9}},
{"type":"Feature","geometry":{"type":"LineString","coordinates":[[11.71307,48.10564],[11.70349,48.1108]]},"properties":{"id":"sl_974378d5","name":"Tangastraße","kind":"street","a":[48.10564,11.71307],"b":[48.1108,11.70349],"length_m":915,"max_offset_m":7.4,"bearing_ab":308.8,"bearing_ba":128.8,"obstruction_toward_a_deg":0.42,"obstruction_toward_b_deg":0.42,"canyon":true,"featured":false,"notes":null,"osm_way_ids":[3189026,28002581],"bearing_bucket":"120-150","stroke":"#377eb8","stroke-width":2,"stroke-opacity":0.9}},
{"type":"Feature","geometry":{"type":"LineString","coordinates":[[11.56861,48.15318],[11.56179,48.14263]]},"properties":{"id":"sl_9752a41c","name":"Luisenstraße","kind":"street","a":[48.15318,11.56861],"b":[48.14263,11.56179],"length_m":1279,"max_offset_m":7.7,"bearing_ab":203.4,"bearing_ba":23.4,"obstruction_toward_a_deg":0.73,"obstruction_toward_b_deg":0.59,"canyon":true,"featured":false,"notes":null,"osm_way_ids":[4645398,27222779,40317921,40317922,100177591,152130806,154911867,392103886,392103887,392103888,706305967,943542797,944294209,944294210,1183638151],"bearing_bucket":"000-030","stroke":"#e41a1c","stroke-width":2,"stroke-opacity":0.9}},
{"type":"Feature","geometry":{"type":"LineString","coordinates":[[11.70585,48.13352],[11.69047,48.13347]]},"properties":{"id":"sl_97591ab1","name":"Willy-Brandt-Allee","kind":"street","a":[48.13352,11.70585],"b":[48.13347,11.69047],"length_m":1145,"max_offset_m":6.0,"bearing_ab":269.7,"bearing_ba":89.7,"obstruction_toward_a_deg":0.5,"obstruction_toward_b_deg":0.66,"canyon":false,"featured":false,"notes":null,"osm_way_ids":[17760635,17760636,38526005,43874924,51786240,82528683,133668719,190818777,237916183,237916184,307848402,790297745,853633800,853633802,853633803,854255008,1362810088],"bearing_bucket":"060-090","stroke":"#ffd92f","stroke-width":2,"stroke-opacity":0.9}},
{"type":"Feature","geometry":{"type":"LineString","coordinates":[[11.48187,48.18268],[11.48756,48.18264]]},"properties":{"id":"sl_97fbafb7","name":"Löherweg","kind":"street","a":[48.18268,11.48187],"b":[48.18264,11.48756],"length_m":423,"max_offset_m":7.3,"bearing_ab":90.5,"bearing_ba":270.5,"obstruction_toward_a_deg":2.48,"obstruction_toward_b_deg":0.91,"canyon":true,"featured":false,"notes":null,"osm_way_ids":[18830265],"bearing_bucket":"090-120","stroke":"#4daf4a","stroke-width":2,"stroke-opacity":0.9}},
{"type":"Feature","geometry":{"type":"LineString","coordinates":[[11.48803,48.1404],[11.4897,48.14441]]},"properties":{"id":"sl_97fcf66e","name":"Willibaldstraße","kind":"street","a":[48.1404,11.48803],"b":[48.14441,11.4897],"length_m":463,"max_offset_m":6.8,"bearing_ab":15.6,"bearing_ba":195.6,"obstruction_toward_a_deg":0.83,"obstruction_toward_b_deg":1.23,"canyon":true,"featured":false,"notes":null,"osm_way_ids":[4218693,4271283,343009019,343009025,1209761946,1209765641,1383952048],"bearing_bucket":"000-030","stroke":"#e41a1c","stroke-width":2,"stroke-opacity":0.9}},
{"type":"Feature","geometry":{"type":"LineString","coordinates":[[11.58055,48.202],[11.58116,48.20616]]},"properties":{"id":"sl_982362f1","name":"Grasmückenweg","kind":"street","a":[48.202,11.58055],"b":[48.20616,11.58116],"length_m":464,"max_offset_m":7.3,"bearing_ab":5.7,"bearing_ba":185.7,"obstruction_toward_a_deg":0.43,"obstruction_toward_b_deg":0.83,"canyon":true,"featured":false,"notes":null,"osm_way_ids":[6236109],"bearing_bucket":"000-030","stroke":"#e41a1c","stroke-width":2,"stroke-opacity":0.9}},
{"type":"Feature","geometry":{"type":"LineString","coordinates":[[11.54257,48.13462],[11.54214,48.13829]]},"properties":{"id":"sl_9858aff8","name":"Ligsalzstraße","kind":"street","a":[48.13462,11.54257],"b":[48.13829,11.54214],"length_m":409,"max_offset_m":0.7,"bearing_ab":355.5,"bearing_ba":175.5,"obstruction_toward_a_deg":1.83,"obstruction_toward_b_deg":1.83,"canyon":true,"featured":false,"notes":null,"osm_way_ids":[154790156],"bearing_bucket":"150-180","stroke":"#984ea3","stroke-width":2,"stroke-opacity":0.9}},
{"type":"Feature","geometry":{"type":"LineString","coordinates":[[11.5121,48.2424],[11.50338,48.23602]]},"properties":{"id":"sl_985edc66","name":"Regattaweg","kind":"street","a":[48.2424,11.5121],"b":[48.23602,11.50338],"length_m":960,"max_offset_m":5.9,"bearing_ab":222.4,"bearing_ba":42.4,"obstruction_toward_a_deg":1.09,"obstruction_toward_b_deg":1.09,"canyon":false,"featured":false,"notes":null,"osm_way_ids":[4955663,1168594581],"bearing_bucket":"030-060","stroke":"#ff7f00","stroke-width":2,"stroke-opacity":0.9}},
{"type":"Feature","geometry":{"type":"LineString","coordinates":[[11.47409,48.09533],[11.48507,48.09494]]},"properties":{"id":"sl_986851b7","name":"Forst-Kasten-Allee","kind":"street","a":[48.09533,11.47409],"b":[48.09494,11.48507],"length_m":819,"max_offset_m":5.6,"bearing_ab":93.1,"bearing_ba":273.1,"obstruction_toward_a_deg":1.14,"obstruction_toward_b_deg":0.47,"canyon":false,"featured":false,"notes":null,"osm_way_ids":[9189604,273348430,361142746,453381401,846233345,1059538842,1059538844],"bearing_bucket":"090-120","stroke":"#4daf4a","stroke-width":2,"stroke-opacity":0.9}},
{"type":"Feature","geometry":{"type":"LineString","coordinates":[[11.60842,48.17619],[11.6044,48.1714]]},"properties":{"id":"sl_9898e256","name":"Osterwaldstraße","kind":"street","a":[48.17619,11.60842],"b":[48.1714,11.6044],"length_m":612,"max_offset_m":7.9,"bearing_ab":209.3,"bearing_ba":29.3,"obstruction_toward_a_deg":1.71,"obstruction_toward_b_deg":1.71,"canyon":false,"featured":false,"notes":null,"osm_way_ids":[89360841],"bearing_bucket":"000-030","stroke":"#e41a1c","stroke-width":2,"stroke-opacity":0.9}},
{"type":"Feature","geometry":{"type":"LineString","coordinates":[[11.40312,48.17989],[11.39771,48.1797]]},"properties":{"id":"sl_989c6cac","name":"Lochhausener Straße","kind":"street","a":[48.17989,11.40312],"b":[48.1797,11.39771],"length_m":403,"max_offset_m":7.7,"bearing_ab":267.0,"bearing_ba":87.0,"obstruction_toward_a_deg":1.41,"obstruction_toward_b_deg":0.95,"canyon":false,"featured":false,"notes":null,"osm_way_ids":[2398601,4804288,34772230,1135781582],"bearing_bucket":"060-090","stroke":"#ffd92f","stroke-width":2,"stroke-opacity":0.9}},
{"type":"Feature","geometry":{"type":"LineString","coordinates":[[11.58335,48.16086],[11.57747,48.1613]]},"properties":{"id":"sl_98abdad3","name":"Kaiserstraße","kind":"street","a":[48.16086,11.58335],"b":[48.1613,11.57747],"length_m":440,"max_offset_m":1.3,"bearing_ab":276.4,"bearing_ba":96.4,"obstruction_toward_a_deg":1.29,"obstruction_toward_b_deg":1.71,"canyon":true,"featured":false,"notes":null,"osm_way_ids":[71360468,80819304,80819305,80819309,80819311,83028196,300559210,1418737428,1418737429],"bearing_bucket":"090-120","stroke":"#4daf4a","stroke-width":2,"stroke-opacity":0.9}},
{"type":"Feature","geometry":{"type":"LineString","coordinates":[[11.50192,48.1249],[11.49829,48.12171]]},"properties":{"id":"sl_98c1ed47","name":"Kurparkstraße","kind":"street","a":[48.1249,11.50192],"b":[48.12171,11.49829],"length_m":446,"max_offset_m":8.0,"bearing_ab":217.3,"bearing_ba":37.3,"obstruction_toward_a_deg":0.86,"obstruction_toward_b_deg":0.86,"canyon":true,"featured":false,"notes":null,"osm_way_ids":[1274887883,1420197229,1446331460,1446534194,1446535710],"bearing_bucket":"030-060","stroke":"#ff7f00","stroke-width":2,"stroke-opacity":0.9}},
{"type":"Feature","geometry":{"type":"LineString","coordinates":[[11.51826,48.21834],[11.50606,48.21573]]},"properties":{"id":"sl_9902a91e","name":"Karlsfelder Straße","kind":"street","a":[48.21834,11.51826],"b":[48.21573,11.50606],"length_m":952,"max_offset_m":6.7,"bearing_ab":252.2,"bearing_ba":72.2,"obstruction_toward_a_deg":1.1,"obstruction_toward_b_deg":1.1,"canyon":false,"featured":false,"notes":null,"osm_way_ids":[42723266,42723271,50905011],"bearing_bucket":"060-090","stroke":"#ffd92f","stroke-width":2,"stroke-opacity":0.9}},
{"type":"Feature","geometry":{"type":"LineString","coordinates":[[11.40795,48.14254],[11.40472,48.14815]]},"properties":{"id":"sl_99076ce0","name":"Aubinger Allee","kind":"street","a":[48.14254,11.40795],"b":[48.14815,11.40472],"length_m":669,"max_offset_m":2.0,"bearing_ab":338.9,"bearing_ba":158.9,"obstruction_toward_a_deg":1.67,"obstruction_toward_b_deg":1.4,"canyon":false,"featured":false,"notes":null,"osm_way_ids":[407568046,1391138014,1391138015],"bearing_bucket":"150-180","stroke":"#984ea3","stroke-width":2,"stroke-opacity":0.9}},
{"type":"Feature","geometry":{"type":"LineString","coordinates":[[11.59327,48.14422],[11.59124,48.14079]]},"properties":{"id":"sl_990e5d75","name":"Oettingenstraße","kind":"street","a":[48.14422,11.59327],"b":[48.14079,11.59124],"length_m":410,"max_offset_m":3.0,"bearing_ab":201.5,"bearing_ba":21.5,"obstruction_toward_a_deg":1.83,"obstruction_toward_b_deg":2.05,"canyon":true,"featured":false,"notes":null,"osm_way_ids":[4645425,128356918,403255913,403255918,1503864054,1503864056,1503864057,1503867306],"bearing_bucket":"000-030","stroke":"#e41a1c","stroke-width":2,"stroke-opacity":0.9}},
{"type":"Feature","geometry":{"type":"LineString","coordinates":[[11.55752,48.14349],[11.5496,48.14595]]},"properties":{"id":"sl_993f46be","name":"Marsstraße","kind":"street","a":[48.14349,11.55752],"b":[48.14595,11.5496],"length_m":650,"max_offset_m":7.9,"bearing_ab":295.0,"bearing_ba":114.9,"obstruction_toward_a_deg":1.72,"obstruction_toward_b_deg":0.81,"canyon":false,"featured":false,"notes":null,"osm_way_ids":[67757626,124766999,292767088,313579595,313579600,778925878,778925879,923478467],"bearing_bucket":"090-120","stroke":"#4daf4a","stroke-width":2,"stroke-opacity":0.9}},
{"type":"Feature","geometry":{"type":"LineString","coordinates":[[11.62422,48.12627],[11.61793,48.12684]]},"properties":{"id":"sl_994f5e72","name":"Altöttinger Straße","kind":"street","a":[48.12627,11.62422],"b":[48.12684,11.61793],"length_m":473,"max_offset_m":4.8,"bearing_ab":277.7,"bearing_ba":97.7,"obstruction_toward_a_deg":1.01,"obstruction_toward_b_deg":1.78,"canyon":true,"featured":false,"notes":null,"osm_way_ids":[24254083,99861005,285578505],"bearing_bucket":"090-120","stroke":"#4daf4a","stroke-width":2,"stroke-opacity":0.9}},
{"type":"Feature","geometry":{"type":"LineString","coordinates":[[11.50278,48.18497],[11.50444,48.18092]]},"properties":{"id":"sl_9957da4b","name":"Rathgeberstraße","kind":"street","a":[48.18497,11.50278],"b":[48.18092,11.50444],"length_m":466,"max_offset_m":4.7,"bearing_ab":164.7,"bearing_ba":344.7,"obstruction_toward_a_deg":2.25,"obstruction_toward_b_deg":1.22,"canyon":true,"featured":false,"notes":null,"osm_way_ids":[5832286,37256441],"bearing_bucket":"150-180","stroke":"#984ea3","stroke-width":2,"stroke-opacity":0.9}},
{"type":"Feature","geometry":{"type":"LineString","coordinates":[[11.68743,48.13432],[11.68734,48.13809]]},"properties":{"id":"sl_996dea32","name":"Hanns-Schwindt-Straße","kind":"street","a":[48.13432,11.68743],"b":[48.13809,11.68734],"length_m":420,"max_offset_m":2.1,"bearing_ab":359.1,"bearing_ba":179.1,"obstruction_toward_a_deg":1.79,"obstruction_toward_b_deg":1.79,"canyon":true,"featured":false,"notes":null,"osm_way_ids":[4008267],"bearing_bucket":"150-180","stroke":"#984ea3","stroke-width":2,"stroke-opacity":0.9}},
{"type":"Feature","geometry":{"type":"LineString","coordinates":[[11.50937,48.13291],[11.50299,48.13318]]},"properties":{"id":"sl_99a8cc71","name":"Camerloherstraße","kind":"street","a":[48.13291,11.50937],"b":[48.13318,11.50299],"length_m":476,"max_offset_m":6.8,"bearing_ab":273.7,"bearing_ba":93.7,"obstruction_toward_a_deg":1.19,"obstruction_toward_b_deg":1.58,"canyon":true,"featured":false,"notes":null,"osm_way_ids":[4515588],"bearing_bucket":"090-120","stroke":"#4daf4a","stroke-width":2,"stroke-opacity":0.9}},
{"type":"Feature","geometry":{"type":"LineString","coordinates":[[11.45207,48.14675],[11.44901,48.15061]]},"properties":{"id":"sl_99e14126","name":"Varnhagenstraße","kind":"street","a":[48.14675,11.45207],"b":[48.15061,11.44901],"length_m":485,"max_offset_m":6.4,"bearing_ab":332.1,"bearing_ba":152.1,"obstruction_toward_a_deg":0.98,"obstruction_toward_b_deg":1.17,"canyon":true,"featured":false,"notes":null,"osm_way_ids":[18654150,51451480,241610093],"bearing_bucket":"150-180","stroke":"#984ea3","stroke-width":2,"stroke-opacity":0.9}},
{"type":"Feature","geometry":{"type":"LineString","coordinates":[[11.56897,48.16018],[11.57422,48.15884]]},"properties":{"id":"sl_99ea3340","name":"Bauerstraße","kind":"street","a":[48.16018,11.56897],"b":[48.15884,11.57422],"length_m":418,"max_offset_m":7.7,"bearing_ab":110.9,"bearing_ba":290.9,"obstruction_toward_a_deg":2.67,"obstruction_toward_b_deg":2.24,"canyon":true,"featured":false,"notes":null,"osm_way_ids":[4519925,4649467,456746071],"bearing_bucket":"090-120","stroke":"#4daf4a","stroke-width":2,"stroke-opacity":0.9}},
{"type":"Feature","geometry":{"type":"LineString","coordinates":[[11.45092,48.13817],[11.45212,48.14192]]},"properties":{"id":"sl_9a21da30","name":"Am Stadtpark","kind":"street","a":[48.13817,11.45092],"b":[48.14192,11.45212],"length_m":427,"max_offset_m":7.1,"bearing_ab":12.1,"bearing_ba":192.1,"obstruction_toward_a_deg":0.9,"obstruction_toward_b_deg":1.33,"canyon":true,"featured":false,"notes":null,"osm_way_ids":[1107659327,1354283561],"bearing_bucket":"000-030","stroke":"#e41a1c","stroke-width":2,"stroke-opacity":0.9}},
{"type":"Feature","geometry":{"type":"LineString","coordinates":[[11.5385,48.08631],[11.53895,48.08999]]},"properties":{"id":"sl_9a40c6d2","name":"Ludwigshöher Straße","kind":"street","a":[48.08631,11.5385],"b":[48.08999,11.53895],"length_m":410,"max_offset_m":6.4,"bearing_ab":4.7,"bearing_ba":184.7,"obstruction_toward_a_deg":2.56,"obstruction_toward_b_deg":2.56,"canyon":false,"featured":false,"notes":null,"osm_way_ids":[28093421,1430903957,1430903958,1430903959,1430903960,1430903961,1430903963],"bearing_bucket":"000-030","stroke":"#e41a1c","stroke-width":2,"stroke-opacity":0.9}},
{"type":"Feature","geometry":{"type":"LineString","coordinates":[[11.55796,48.09543],[11.5619,48.0919]]},"properties":{"id":"sl_9a819a42","name":"Aretinstraße","kind":"street","a":[48.09543,11.55796],"b":[48.0919,11.5619],"length_m":490,"max_offset_m":7.2,"bearing_ab":143.2,"bearing_ba":323.2,"obstruction_toward_a_deg":0.41,"obstruction_toward_b_deg":0.78,"canyon":false,"featured":false,"notes":null,"osm_way_ids":[156422909,156422910,419718753,1436488762],"bearing_bucket":"120-150","stroke":"#377eb8","stroke-width":2,"stroke-opacity":0.9}},
{"type":"Feature","geometry":{"type":"LineString","coordinates":[[11.65288,48.10397],[11.65756,48.10148]]},"properties":{"id":"sl_9aca79a1","name":"Ständlerstraße","kind":"street","a":[48.10397,11.65288],"b":[48.10148,11.65756],"length_m":445,"max_offset_m":6.7,"bearing_ab":128.4,"bearing_ba":308.4,"obstruction_toward_a_deg":2.35,"obstruction_toward_b_deg":2.35,"canyon":false,"featured":false,"notes":null,"osm_way_ids":[114143807,116862213,264479693],"bearing_bucket":"120-150","stroke":"#377eb8","stroke-width":2,"stroke-opacity":0.9}},
{"type":"Feature","geometry":{"type":"LineString","coordinates":[[11.54988,48.10109],[11.54998,48.09587]]},"properties":{"id":"sl_9acab0bf","name":"Isar","kind":"river","a":[48.10109,11.54988],"b":[48.09587,11.54998],"length_m":581,"max_offset_m":4.4,"bearing_ab":179.2,"bearing_ba":359.2,"obstruction_toward_a_deg":1.8,"obstruction_toward_b_deg":1.8,"canyon":false,"featured":false,"notes":null,"osm_way_ids":[41480156],"bearing_bucket":"150-180","stroke":"#984ea3","stroke-width":2,"stroke-opacity":0.9}},
{"type":"Feature","geometry":{"type":"LineString","coordinates":[[11.51868,48.14141],[11.52023,48.14595]]},"properties":{"id":"sl_9b156820","name":"Friedenheimer Brücke","kind":"street","a":[48.14141,11.51868],"b":[48.14595,11.52023],"length_m":517,"max_offset_m":7.5,"bearing_ab":12.9,"bearing_ba":192.9,"obstruction_toward_a_deg":1.81,"obstruction_toward_b_deg":2.3,"canyon":false,"featured":false,"notes":null,"osm_way_ids":[4043486,55795330,316110464,394477748,557422993,557422994,993459242],"bearing_bucket":"000-030","stroke":"#e41a1c","stroke-width":2,"stroke-opacity":0.9}},
{"type":"Feature","geometry":{"type":"LineString","coordinates":[[11.50068,48.18571],[11.50108,48.18044]]},"properties":{"id":"sl_9b46cfa1","name":"Ohlauer Straße","kind":"street","a":[48.18571,11.50068],"b":[48.18044,11.50108],"length_m":587,"max_offset_m":6.5,"bearing_ab":177.1,"bearing_ba":357.1,"obstruction_toward_a_deg":0.65,"obstruction_toward_b_deg":0.65,"canyon":false,"featured":false,"notes":null,"osm_way_ids":[23425638,28851686],"bearing_bucket":"150-180","stroke":"#984ea3","stroke-width":2,"stroke-opacity":0.9}},
{"type":"Feature","geometry":{"type":"LineString","coordinates":[[11.68896,48.11585],[11.6846,48.1125]]},"properties":{"id":"sl_9bb18a12","name":"Edeltraudstraße","kind":"street","a":[48.11585,11.68896],"b":[48.1125,11.6846],"length_m":494,"max_offset_m":7.6,"bearing_ab":221.1,"bearing_ba":41.1,"obstruction_toward_a_deg":0.78,"obstruction_toward_b_deg":0.78,"canyon":true,"featured":false,"notes":null,"osm_way_ids":[3343243],"bearing_bucket":"030-060","stroke":"#ff7f00","stroke-width":2,"stroke-opacity":0.9}},
{"type":"Feature","geometry":{"type":"LineString","coordinates":[[11.47663,48.09042],[11.47879,48.09408]]},"properties":{"id":"sl_9bc57ea5","name":"Tessiner Straße","kind":"street","a":[48.09042,11.47663],"b":[48.09408,11.47879],"length_m":437,"max_offset_m":0.7,"bearing_ab":21.7,"bearing_ba":201.7,"obstruction_toward_a_deg":0.88,"obstruction_toward_b_deg":1.72,"canyon":true,"featured":false,"notes":null,"osm_way_ids":[24088676],"bearing_bucket":"000-030","stroke":"#e41a1c","stroke-width":2,"stroke-opacity":0.9}},
{"type":"Feature","geometry":{"type":"LineString","coordinates":[[11.68498,48.11822],[11.678,48.11933]]},"properties":{"id":"sl_9c1fa9c8","name":"Wasserburger Landstraße","kind":"street","a":[48.11822,11.68498],"b":[48.11933,11.678],"length_m":535,"max_offset_m":5.5,"bearing_ab":283.3,"bearing_ba":103.3,"obstruction_toward_a_deg":0.72,"obstruction_toward_b_deg":0.55,"canyon":false,"featured":false,"notes":null,"osm_way_ids":[85156140,86029050,772547702,1206046581],"bearing_bucket":"090-120","stroke":"#4daf4a","stroke-width":2,"stroke-opacity":0.9}},
{"type":"Feature","geometry":{"type":"LineString","coordinates":[[11.60664,48.14442],[11.60649,48.13954]]},"properties":{"id":"sl_9c281192","name":"Possartstraße","kind":"street","a":[48.14442,11.60664],"b":[48.13954,11.60649],"length_m":542,"max_offset_m":7.8,"bearing_ab":181.2,"bearing_ba":1.2,"obstruction_toward_a_deg":0.71,"obstruction_toward_b_deg":1.39,"canyon":true,"featured":false,"notes":null,"osm_way_ids":[78053580,143561437,1386047393],"bearing_bucket":"000-030","stroke":"#e41a1c","stroke-width":2,"stroke-opacity":0.9}},
{"type":"Feature","geometry":{"type":"LineString","coordinates":[[11.49471,48.11224],[11.49121,48.10842]]},"properties":{"id":"sl_9c589163","name":"Kriegerheimstraße","kind":"street","a":[48.11224,11.49471],"b":[48.10842,11.49121],"length_m":498,"max_offset_m":7.5,"bearing_ab":211.6,"bearing_ba":31.6,"obstruction_toward_a_deg":0.77,"obstruction_toward_b_deg":0.77,"canyon":false,"featured":false,"notes":null,"osm_way_ids":[15053219,15058084,365508923,365531279,1445966273,1445966275],"bearing_bucket":"030-060","stroke":"#ff7f00","stroke-width":2,"stroke-opacity":0.9}},
{"type":"Feature","geometry":{"type":"LineString","coordinates":[[11.66714,48.14171],[11.67201,48.14489]]},"properties":{"id":"sl_9c6ae547","name":"Landshamer Straße","kind":"street","a":[48.14171,11.66714],"b":[48.14489,11.67201],"length_m":506,"max_offset_m":1.9,"bearing_ab":45.8,"bearing_ba":225.8,"obstruction_toward_a_deg":2.07,"obstruction_toward_b_deg":2.07,"canyon":false,"featured":false,"notes":null,"osm_way_ids":[26839024,87432978,87432980,906085656],"bearing_bucket":"030-060","stroke":"#ff7f00","stroke-width":2,"stroke-opacity":0.9}},
{"type":"Feature","geometry":{"type":"LineString","coordinates":[[11.47111,48.17757],[11.46483,48.17747]]},"properties":{"id":"sl_9d114234","name":"Von-Kahr-Straße","kind":"street","a":[48.17757,11.47111],"b":[48.17747,11.46483],"length_m":468,"max_offset_m":5.1,"bearing_ab":268.7,"bearing_ba":88.7,"obstruction_toward_a_deg":0.82,"obstruction_toward_b_deg":0.82,"canyon":false,"featured":false,"notes":null,"osm_way_ids":[26396692,313731021,1376223185,1376223186],"bearing_bucket":"060-090","stroke":"#ffd92f","stroke-width":2,"stroke-opacity":0.9}},
{"type":"Feature","geometry":{"type":"LineString","coordinates":[[11.59541,48.16949],[11.59026,48.16444]]},"properties":{"id":"sl_9d198fc5","name":"Kunigundenstraße","kind":"street","a":[48.16949,11.59541],"b":[48.16444,11.59026],"length_m":680,"max_offset_m":6.2,"bearing_ab":214.3,"bearing_ba":34.3,"obstruction_toward_a_deg":1.1,"obstruction_toward_b_deg":1.24,"canyon":true,"featured":false,"notes":null,"osm_way_ids":[86414055,86414070,125009454,1213000345],"bearing_bucket":"030-060","stroke":"#ff7f00","stroke-width":2,"stroke-opacity":0.9}},
{"type":"Feature","geometry":{"type":"LineString","coordinates":[[11.59661,48.18147],[11.59277,48.17755]]},"properties":{"id":"sl_9d4d446e","name":"Oskar-Schlemmer-Straße","kind":"street","a":[48.18147,11.59661],"b":[48.17755,11.59277],"length_m":521,"max_offset_m":2.5,"bearing_ab":213.3,"bearing_ba":33.3,"obstruction_toward_a_deg":2.14,"obstruction_toward_b_deg":2.14,"canyon":false,"featured":false,"notes":null,"osm_way_ids":[5215755,5215907,370702669],"bearing_bucket":"030-060","stroke":"#ff7f00","stroke-width":2,"stroke-opacity":0.9}},
{"type":"Feature","geometry":{"type":"LineString","coordinates":[[11.62659,48.15122],[11.62139,48.1522]]},"properties":{"id":"sl_9d5bca19","name":"Elektrastraße","kind":"street","a":[48.15122,11.62659],"b":[48.1522,11.62139],"length_m":402,"max_offset_m":5.4,"bearing_ab":285.7,"bearing_ba":105.7,"obstruction_toward_a_deg":1.18,"obstruction_toward_b_deg":4.59,"canyon":false,"featured":false,"notes":null,"osm_way_ids":[103168996,127980957,127980958,1418442645],"bearing_bucket":"090-120","stroke":"#4daf4a","stroke-width":2,"stroke-opacity":0.9}},
{"type":"Feature","geometry":{"type":"LineString","coordinates":[[11.65854,48.1009],[11.65374,48.09417]]},"properties":{"id":"sl_9d78b805","name":"Karl-Marx-Ring","kind":"street","a":[48.1009,11.65854],"b":[48.09417,11.65374],"length_m":829,"max_offset_m":6.2,"bearing_ab":205.5,"bearing_ba":25.5,"obstruction_toward_a_deg":0.46,"obstruction_toward_b_deg":0.24,"canyon":false,"featured":false,"notes":null,"osm_way_ids":[37743290,49302404,114143814,143731349,251534690,264479689,361156380,361156389,361156396,361156397,361156398,361156399,1235878231,1422654375,1422668954],"bearing_bucket":"000-030","stroke":"#e41a1c","stroke-width":2,"stroke-opacity":0.9}},
{"type":"Feature","geometry":{"type":"LineString","coordinates":[[11.50132,48.14661],[11.49467,48.14727]]},"properties":{"id":"sl_9d947fca","name":"Margarethe-Danzi-Straße","kind":"street","a":[48.14661,11.50132],"b":[48.14727,11.49467],"length_m":500,"max_offset_m":2.6,"bearing_ab":278.4,"bearing_ba":98.4,"obstruction_toward_a_deg":1.64,"obstruction_toward_b_deg":2.09,"canyon":false,"featured":false,"notes":null,"osm_way_ids":[63104716,84599969,429379293],"bearing_bucket":"090-120","stroke":"#4daf4a","stroke-width":2,"stroke-opacity":0.9}},
{"type":"Feature","geometry":{"type":"LineString","coordinates":[[11.56966,48.14127],[11.57459,48.14275]]},"properties":{"id":"sl_9df21fd2","name":"Westlicher Stadtgraben","kind":"canal","a":[48.14127,11.56966],"b":[48.14275,11.57459],"length_m":402,"max_offset_m":4.2,"bearing_ab":65.9,"bearing_ba":245.9,"obstruction_toward_a_deg":2.09,"obstruction_toward_b_deg":2.78,"canyon":false,"featured":false,"notes":null,"osm_way_ids":[293888644],"bearing_bucket":"060-090","stroke":"#ffd92f","stroke-width":2,"stroke-opacity":0.9}},
{"type":"Feature","geometry":{"type":"LineString","coordinates":[[11.71027,48.13331],[11.71646,48.1333]]},"properties":{"id":"sl_9df30d75","name":null,"kind":"street","a":[48.13331,11.71027],"b":[48.1333,11.71646],"length_m":461,"max_offset_m":4.7,"bearing_ab":90.2,"bearing_ba":270.2,"obstruction_toward_a_deg":2.27,"obstruction_toward_b_deg":2.27,"canyon":false,"featured":false,"notes":null,"osm_way_ids":[4515264],"bearing_bucket":"090-120","stroke":"#4daf4a","stroke-width":2,"stroke-opacity":0.9}},
{"type":"Feature","geometry":{"type":"LineString","coordinates":[[11.54003,48.11006],[11.54055,48.10512]]},"properties":{"id":"sl_9e130f12","name":"Plinganserstraße","kind":"street","a":[48.11006,11.54003],"b":[48.10512,11.54055],"length_m":550,"max_offset_m":5.6,"bearing_ab":175.9,"bearing_ba":355.9,"obstruction_toward_a_deg":0.7,"obstruction_toward_b_deg":0.7,"canyon":false,"featured":false,"notes":null,"osm_way_ids":[366721055],"bearing_bucket":"150-180","stroke":"#984ea3","stroke-width":2,"stroke-opacity":0.9}},
{"type":"Feature","geometry":{"type":"LineString","coordinates":[[11.61788,48.15912],[11.61401,48.15485]]},"properties":{"id":"sl_9e76b136","name":"Rudliebstraße","kind":"street","a":[48.15912,11.61788],"b":[48.15485,11.61401],"length_m":556,"max_offset_m":1.9,"bearing_ab":211.2,"bearing_ba":31.2,"obstruction_toward_a_deg":0.69,"obstruction_toward_b_deg":0.69,"canyon":true,"featured":false,"notes":null,"osm_way_ids":[4827277,26982681],"bearing_bucket":"030-060","stroke":"#ff7f00","stroke-width":2,"stroke-opacity":0.9}},
{"type":"Feature","geometry":{"type":"LineString","coordinates":[[11.44658,48.18662],[11.45487,48.18858]]},"properties":{"id":"sl_9e85217e","name":"Riederstraße","kind":"street","a":[48.18662,11.44658],"b":[48.18858,11.45487],"length_m":654,"max_offset_m":7.4,"bearing_ab":70.6,"bearing_ba":250.6,"obstruction_toward_a_deg":1.6,"obstruction_toward_b_deg":0.59,"canyon":true,"featured":false,"notes":null,"osm_way_ids":[34142349],"bearing_bucket":"060-090","stroke":"#ffd92f","stroke-width":2,"stroke-opacity":0.9}},
{"type":"Feature","geometry":{"type":"LineString","coordinates":[[11.61185,48.1315],[11.60868,48.12833]]},"properties":{"id":"sl_9e9d5cd9","name":null,"kind":"street","a":[48.1315,11.61185],"b":[48.12833,11.60868],"length_m":425,"max_offset_m":6.7,"bearing_ab":213.8,"bearing_ba":33.8,"obstruction_toward_a_deg":3.06,"obstruction_toward_b_deg":0.9,"canyon":false,"featured":false,"notes":null,"osm_way_ids":[365723622],"bearing_bucket":"030-060","stroke":"#ff7f00","stroke-width":2,"stroke-opacity":0.9}},
{"type":"Feature","geometry":{"type":"LineString","coordinates":[[11.4724,48.15617],[11.47829,48.15601]]},"properties":{"id":"sl_9ec53e08","name":"Bärmannstraße","kind":"street","a":[48.15617,11.4724],"b":[48.15601,11.47829],"length_m":438,"max_offset_m":7.0,"bearing_ab":92.2,"bearing_ba":272.2,"obstruction_toward_a_deg":0.88,"obstruction_toward_b_deg":0.88,"canyon":true,"featured":false,"notes":null,"osm_way_ids":[18284136,18284137,1485518714,1485518715],"bearing_bucket":"090-120","stroke":"#4daf4a","stroke-width":2,"stroke-opacity":0.9}},
{"type":"Feature","geometry":{"type":"LineString","coordinates":[[11.61096,48.18963],[11.61521,48.19822]]},"properties":{"id":"sl_9ee8371b","name":"Lützelsteiner Straße","kind":"street","a":[48.18963,11.61096],"b":[48.19822,11.61521],"length_m":1007,"max_offset_m":1.4,"bearing_ab":18.3,"bearing_ba":198.3,"obstruction_toward_a_deg":0.2,"obstruction_toward_b_deg":0.38,"canyon":false,"featured":false,"notes":null,"osm_way_ids":[4822613,154521973,189186274,206889672,1105728612],"bearing_bucket":"000-030","stroke":"#e41a1c","stroke-width":2,"stroke-opacity":0.9}},
{"type":"Feature","geometry":{"type":"LineString","coordinates":[[11.64357,48.16795],[11.64499,48.16418]]},"properties":{"id":"sl_9ef6fcaf","name":"Freischützstraße","kind":"street","a":[48.16795,11.64357],"b":[48.16418,11.64499],"length_m":432,"max_offset_m":5.3,"bearing_ab":165.8,"bearing_ba":345.8,"obstruction_toward_a_deg":1.74,"obstruction_toward_b_deg":2.43,"canyon":false,"featured":false,"notes":null,"osm_way_ids":[26824041,26824043,90236830,1424767204,1471456787],"bearing_bucket":"150-180","stroke":"#984ea3","stroke-width":2,"stroke-opacity":0.9}},
{"type":"Feature","geometry":{"type":"LineString","coordinates":[[11.60584,48.20048],[11.60223,48.19343]]},"properties":{"id":"sl_9f12346a","name":"Maria-Probst-Straße","kind":"street","a":[48.20048,11.60584],"b":[48.19343,11.60223],"length_m":828,"max_offset_m":8.0,"bearing_ab":198.9,"bearing_ba":18.9,"obstruction_toward_a_deg":1.27,"obstruction_toward_b_deg":0.46,"canyon":false,"featured":false,"notes":null,"osm_way_ids":[292318023,380056861,1420303661],"bearing_bucket":"000-030","stroke":"#e41a1c","stroke-width":2,"stroke-opacity":0.9}},
{"type":"Feature","geometry":{"type":"LineString","coordinates":[[11.4817,48.1782],[11.47268,48.1777]]},"properties":{"id":"sl_9f184e3a","name":"Von-Kahr-Straße","kind":"street","a":[48.1782,11.4817],"b":[48.1777,11.47268],"length_m":673,"max_offset_m":6.1,"bearing_ab":265.2,"bearing_ba":85.2,"obstruction_toward_a_deg":1.56,"obstruction_toward_b_deg":0.57,"canyon":false,"featured":false,"notes":null,"osm_way_ids":[26396687,26396690,26396695,150515090,150515313,292601722,313731020,1251762022],"bearing_bucket":"060-090","stroke":"#ffd92f","stroke-width":2,"stroke-opacity":0.9}},
{"type":"Feature","geometry":{"type":"LineString","coordinates":[[11.47476,48.10386],[11.46897,48.0971]]},"properties":{"id":"sl_9f6e2ffe","name":null,"kind":"street","a":[48.10386,11.47476],"b":[48.0971,11.46897],"length_m":866,"max_offset_m":6.3,"bearing_ab":209.9,"bearing_ba":29.9,"obstruction_toward_a_deg":1.21,"obstruction_toward_b_deg":1.21,"canyon":false,"featured":false,"notes":null,"osm_way_ids":[34425596],"bearing_bucket":"000-030","stroke":"#e41a1c","stroke-width":2,"stroke-opacity":0.9}},
{"type":"Feature","geometry":{"type":"LineString","coordinates":[[11.39626,48.15015],[11.39132,48.14832]]},"properties":{"id":"sl_9fabd3f9","name":"Germeringer Weg","kind":"street","a":[48.15015,11.39626],"b":[48.14832,11.39132],"length_m":420,"max_offset_m":6.3,"bearing_ab":241.0,"bearing_ba":61.0,"obstruction_toward_a_deg":2.49,"obstruction_toward_b_deg":2.49,"canyon":false,"featured":false,"notes":null,"osm_way_ids":[23004873,829410892,1442611179],"bearing_bucket":"060-090","stroke":"#ffd92f","stroke-width":2,"stroke-opacity":0.9}},
{"type":"Feature","geometry":{"type":"LineString","coordinates":[[11.69851,48.1396],[11.69858,48.13384]]},"properties":{"id":"sl_9ff8a424","name":null,"kind":"street","a":[48.1396,11.69851],"b":[48.13384,11.69858],"length_m":641,"max_offset_m":0.2,"bearing_ab":179.5,"bearing_ba":359.5,"obstruction_toward_a_deg":0.89,"obstruction_toward_b_deg":0.31,"canyon":true,"featured":false,"notes":null,"osm_way_ids":[53101433],"bearing_bucket":"150-180","stroke":"#984ea3","stroke-width":2,"stroke-opacity":0.9}},
{"type":"Feature","geometry":{"type":"LineString","coordinates":[[11.61944,48.18708],[11.62532,48.19477]]},"properties":{"id":"sl_9ffe7c83","name":"Brücke (Garchinger Mühlbach downstream)","kind":"bridge","a":[48.18708,11.61944],"b":[48.19477,11.62532],"length_m":961,"max_offset_m":12.4,"bearing_ab":27.0,"bearing_ba":207.0,"obstruction_toward_a_deg":0.5,"obstruction_toward_b_deg":0.5,"canyon":false,"featured":false,"notes":null,"osm_way_ids":[35670869,35765987,39864869,1530439264,1530439267,1530926928],"bearing_bucket":"000-030","stroke":"#e41a1c","stroke-width":2,"stroke-opacity":0.9}},
{"type":"Feature","geometry":{"type":"LineString","coordinates":[[11.56738,48.10616],[11.57047,48.10915]]},"properties":{"id":"sl_a009ad72","name":"Auer Mühlbach","kind":"canal","a":[48.10616,11.56738],"b":[48.10915,11.57047],"length_m":404,"max_offset_m":8.0,"bearing_ab":34.7,"bearing_ba":214.7,"obstruction_toward_a_deg":3.21,"obstruction_toward_b_deg":1.18,"canyon":false,"featured":false,"notes":null,"osm_way_ids":[156451391,229722289],"bearing_bucket":"030-060","stroke":"#ff7f00","stroke-width":2,"stroke-opacity":0.9}},
{"type":"Feature","geometry":{"type":"LineString","coordinates":[[11.61302,48.12078],[11.61325,48.12468]]},"properties":{"id":"sl_a00f6fab","name":"Aschheimer Straße","kind":"street","a":[48.12078,11.61302],"b":[48.12468,11.61325],"length_m":435,"max_offset_m":7.3,"bearing_ab":2.2,"bearing_ba":182.2,"obstruction_toward_a_deg":1.73,"obstruction_toward_b_deg":1.73,"canyon":false,"featured":false,"notes":null,"osm_way_ids":[147562130,147706187,230139225,230252868,230252869,230254197,981476962,990580359,990580360,1354374062,1420896601,1420896602,1500219629,1500219630],"bearing_bucket":"000-030","stroke":"#e41a1c","stroke-width":2,"stroke-opacity":0.9}},
{"type":"Feature","geometry":{"type":"LineString","coordinates":[[11.56603,48.12691],[11.56681,48.13067]]},"properties":{"id":"sl_a03e96a7","name":null,"kind":"street","a":[48.12691,11.56603],"b":[48.13067,11.56681],"length_m":422,"max_offset_m":6.2,"bearing_ab":7.9,"bearing_ba":187.9,"obstruction_toward_a_deg":2.48,"obstruction_toward_b_deg":1.78,"canyon":false,"featured":false,"notes":null,"osm_way_ids":[86648463],"bearing_bucket":"000-030","stroke":"#e41a1c","stroke-width":2,"stroke-opacity":0.9}},
{"type":"Feature","geometry":{"type":"LineString","coordinates":[[11.66638,48.11249],[11.66382,48.10839]]},"properties":{"id":"sl_a08ef31f","name":"Feldbergstraße","kind":"street","a":[48.11249,11.66638],"b":[48.10839,11.66382],"length_m":494,"max_offset_m":7.0,"bearing_ab":202.6,"bearing_ba":22.6,"obstruction_toward_a_deg":0.78,"obstruction_toward_b_deg":0.78,"canyon":true,"featured":false,"notes":null,"osm_way_ids":[353666023,363801259,834950892,1498895548],"bearing_bucket":"000-030","stroke":"#e41a1c","stroke-width":2,"stroke-opacity":0.9}},
{"type":"Feature","geometry":{"type":"LineString","coordinates":[[11.60931,48.12874],[11.60208,48.12385]]},"properties":{"id":"sl_a09e2abc","name":"Friedenstraße","kind":"street","a":[48.12874,11.60931],"b":[48.12385,11.60208],"length_m":765,"max_offset_m":5.7,"bearing_ab":224.7,"bearing_ba":44.7,"obstruction_toward_a_deg":1.22,"obstruction_toward_b_deg":1.46,"canyon":false,"featured":false,"notes":null,"osm_way_ids":[26696131,26696132,83277404,113768743,113775776,156454379,395687350,395687351,676390562,935503686,1071956574,1236337608,1426880310,1426880366,1426880471,1426880584,1426880871,1455449811,1493889448],"bearing_bucket":"030-060","stroke":"#ff7f00","stroke-width":2,"stroke-opacity":0.9}},
{"type":"Feature","geometry":{"type":"LineString","coordinates":[[11.63721,48.21911],[11.6386,48.22289]]},"properties":{"id":"sl_a0d292fe","name":"Freisinger Landstraße","kind":"street","a":[48.21911,11.63721],"b":[48.22289,11.6386],"length_m":432,"max_offset_m":0.3,"bearing_ab":13.7,"bearing_ba":193.7,"obstruction_toward_a_deg":2.42,"obstruction_toward_b_deg":2.42,"canyon":false,"featured":false,"notes":null,"osm_way_ids":[1434947958],"bearing_bucket":"000-030","stroke":"#e41a1c","stroke-width":2,"stroke-opacity":0.9}},
{"type":"Feature","geometry":{"type":"LineString","coordinates":[[11.49873,48.08781],[11.50094,48.09165]]},"properties":{"id":"sl_a124b2a5","name":"Filchnerstraße","kind":"street","a":[48.08781,11.49873],"b":[48.09165,11.50094],"length_m":457,"max_offset_m":7.1,"bearing_ab":21.1,"bearing_ba":201.1,"obstruction_toward_a_deg":0.44,"obstruction_toward_b_deg":0.44,"canyon":false,"featured":false,"notes":null,"osm_way_ids":[161704162,173345470,1426667745,1426667746,1426667747,1426667748,1426667749,1426667750,1426667751],"bearing_bucket":"000-030","stroke":"#e41a1c","stroke-width":2,"stroke-opacity":0.9}},
{"type":"Feature","geometry":{"type":"LineString","coordinates":[[11.58458,48.18431],[11.5851,48.17769]]},"properties":{"id":"sl_a13a9bd3","name":"Leopoldstraße","kind":"street","a":[48.18431,11.58458],"b":[48.17769,11.5851],"length_m":737,"max_offset_m":6.4,"bearing_ab":177.0,"bearing_ba":357.0,"obstruction_toward_a_deg":1.27,"obstruction_toward_b_deg":0.52,"canyon":false,"featured":false,"notes":null,"osm_way_ids":[25402986,152093112,265616622,307306445,315225707,343757751,377673767,377673771,377673774,377673775,377673776,447913965,447913966,447913967],"bearing_bucket":"150-180","stroke":"#984ea3","stroke-width":2,"stroke-opacity":0.9}},
{"type":"Feature","geometry":{"type":"LineString","coordinates":[[11.46658,48.15152],[11.47248,48.15143]]},"properties":{"id":"sl_a13e3d4c","name":"Schmaedelstraße","kind":"street","a":[48.15152,11.46658],"b":[48.15143,11.47248],"length_m":440,"max_offset_m":3.4,"bearing_ab":91.4,"bearing_ba":271.4,"obstruction_toward_a_deg":0.87,"obstruction_toward_b_deg":1.29,"canyon":true,"featured":false,"notes":null,"osm_way_ids":[154049336],"bearing_bucket":"090-120","stroke":"#4daf4a","stroke-width":2,"stroke-opacity":0.9}},
{"type":"Feature","geometry":{"type":"LineString","coordinates":[[11.69203,48.10849],[11.70083,48.10171]]},"properties":{"id":"sl_a1866465","name":"Am Eulenhorst","kind":"street","a":[48.10849,11.69203],"b":[48.10171,11.70083],"length_m":1000,"max_offset_m":7.2,"bearing_ab":139.0,"bearing_ba":319.0,"obstruction_toward_a_deg":0.38,"obstruction_toward_b_deg":0.38,"canyon":false,"featured":false,"notes":null,"osm_way_ids":[56314195,82528705,1103375976,1214718424,1214718425],"bearing_bucket":"120-150","stroke":"#377eb8","stroke-width":2,"stroke-opacity":0.9}},
{"type":"Feature","geometry":{"type":"LineString","coordinates":[[11.66168,48.08999],[11.66865,48.08773]]},"properties":{"id":"sl_a1960ab5","name":"Ulrich-von-Hutten-Straße","kind":"street","a":[48.08999,11.66168],"b":[48.08773,11.66865],"length_m":577,"max_offset_m":3.3,"bearing_ab":115.8,"bearing_ba":295.8,"obstruction_toward_a_deg":0.67,"obstruction_toward_b_deg":0.67,"canyon":true,"featured":false,"notes":null,"osm_way_ids":[7389333],"bearing_bucket":"090-120","stroke":"#4daf4a","stroke-width":2,"stroke-opacity":0.9}},
{"type":"Feature","geometry":{"type":"LineString","coordinates":[[11.6224,48.10469],[11.61547,48.10476]]},"properties":{"id":"sl_a1ad889f","name":"Sandgrubenweg","kind":"street","a":[48.10469,11.6224],"b":[48.10476,11.61547],"length_m":516,"max_offset_m":2.0,"bearing_ab":270.8,"bearing_ba":90.8,"obstruction_toward_a_deg":0.74,"obstruction_toward_b_deg":0.74,"canyon":true,"featured":false,"notes":null,"osm_way_ids":[144159799],"bearing_bucket":"090-120","stroke":"#4daf4a","stroke-width":2,"stroke-opacity":0.9}},
{"type":"Feature","geometry":{"type":"LineString","coordinates":[[11.64644,48.10359],[11.64661,48.11021]]},"properties":{"id":"sl_a1fb608e","name":"Albert-Schweitzer-Straße","kind":"street","a":[48.10359,11.64644],"b":[48.11021,11.64661],"length_m":736,"max_offset_m":6.5,"bearing_ab":1.0,"bearing_ba":181.0,"obstruction_toward_a_deg":1.02,"obstruction_toward_b_deg":0.4,"canyon":false,"featured":false,"notes":null,"osm_way_ids":[4080260,4318948,4318950,35043037,35043039,35043040,35043041,49609578,49609582,49612446,143090437,143090440,258932724,258932725,258932726,258932727,258942638,258942639,258942641,258942642,686496138,686496140,1424949170,1424949171,1424949172],"bearing_bucket":"000-030","stroke":"#e41a1c","stroke-width":2,"stroke-opacity":0.9}},
{"type":"Feature","geometry":{"type":"LineString","coordinates":[[11.51198,48.13515],[11.51099,48.1295]]},"properties":{"id":"sl_a241a747","name":"Burgkmairstraße","kind":"street","a":[48.13515,11.51198],"b":[48.1295,11.51099],"length_m":632,"max_offset_m":6.1,"bearing_ab":186.7,"bearing_ba":6.7,"obstruction_toward_a_deg":1.33,"obstruction_toward_b_deg":1.19,"canyon":false,"featured":false,"notes":null,"osm_way_ids":[4515581,4885793,777580437,1160873815,1421510643],"bearing_bucket":"000-030","stroke":"#e41a1c","stroke-width":2,"stroke-opacity":0.9}},
{"type":"Feature","geometry":{"type":"LineString","coordinates":[[11.49101,48.10837],[11.48878,48.10495]]},"properties":{"id":"sl_a2ab1c25","name":null,"kind":"street","a":[48.10837,11.49101],"b":[48.10495,11.48878],"length_m":415,"max_offset_m":2.6,"bearing_ab":203.7,"bearing_ba":23.6,"obstruction_toward_a_deg":0.93,"obstruction_toward_b_deg":0.7,"canyon":false,"featured":false,"notes":null,"osm_way_ids":[365531279],"bearing_bucket":"000-030","stroke":"#e41a1c","stroke-width":2,"stroke-opacity":0.9}},
{"type":"Feature","geometry":{"type":"LineString","coordinates":[[11.63123,48.12027],[11.62502,48.12154]]},"properties":{"id":"sl_a2dec24b","name":"Bad-Kreuther-Straße","kind":"street","a":[48.12027,11.63123],"b":[48.12154,11.62502],"length_m":484,"max_offset_m":5.3,"bearing_ab":287.0,"bearing_ba":107.0,"obstruction_toward_a_deg":0.79,"obstruction_toward_b_deg":0.41,"canyon":true,"featured":false,"notes":null,"osm_way_ids":[4920913,112297309,1103306569,1103306570,1103644159,1103644166],"bearing_bucket":"090-120","stroke":"#4daf4a","stroke-width":2,"stroke-opacity":0.9}},
{"type":"Feature","geometry":{"type":"LineString","coordinates":[[11.52149,48.17934],[11.52103,48.18405]]},"properties":{"id":"sl_a2e768c0","name":"Feldmochinger Straße","kind":"street","a":[48.17934,11.52149],"b":[48.18405,11.52103],"length_m":525,"max_offset_m":5.8,"bearing_ab":356.2,"bearing_ba":176.2,"obstruction_toward_a_deg":0.73,"obstruction_toward_b_deg":1.43,"canyon":true,"featured":false,"notes":null,"osm_way_ids":[26824809,26824818,31787223,498685054,1180039729,1180039730,1275720232,1420303675,1543213320],"bearing_bucket":"150-180","stroke":"#984ea3","stroke-width":2,"stroke-opacity":0.9}},
{"type":"Feature","geometry":{"type":"LineString","coordinates":[[11.48748,48.18356],[11.48741,48.17964]]},"properties":{"id":"sl_a2ebd5a6","name":"Ernst-von-Beling-Straße","kind":"street","a":[48.18356,11.48748],"b":[48.17964,11.48741],"length_m":436,"max_offset_m":7.2,"bearing_ab":180.7,"bearing_ba":0.7,"obstruction_toward_a_deg":0.88,"obstruction_toward_b_deg":0.67,"canyon":true,"featured":false,"notes":null,"osm_way_ids":[18830127],"bearing_bucket":"000-030","stroke":"#e41a1c","stroke-width":2,"stroke-opacity":0.9}},
{"type":"Feature","geometry":{"type":"LineString","coordinates":[[11.49425,48.1123],[11.50234,48.11219]]},"properties":{"id":"sl_a32aa070","name":"Würmtalstraße","kind":"street","a":[48.1123,11.49425],"b":[48.11219,11.50234],"length_m":602,"max_offset_m":4.4,"bearing_ab":91.2,"bearing_ba":271.2,"obstruction_toward_a_deg":0.79,"obstruction_toward_b_deg":0.64,"canyon":false,"featured":false,"notes":null,"osm_way_ids":[7769290,71360461,173376696,173376697,236038702,292630592,295881546,365508941,1446335681,1446335682,1446335683,1446335684,1446337228],"bearing_bucket":"090-120","stroke":"#4daf4a","stroke-width":2,"stroke-opacity":0.9}},
{"type":"Feature","geometry":{"type":"LineString","coordinates":[[11.66882,48.10061],[11.68052,48.09761]]},"properties":{"id":"sl_a38843b1","name":"Gerstäckerstraße","kind":"street","a":[48.10061,11.66882],"b":[48.09761,11.68052],"length_m":933,"max_offset_m":6.2,"bearing_ab":110.9,"bearing_ba":291.0,"obstruction_toward_a_deg":0.41,"obstruction_toward_b_deg":1.12,"canyon":true,"featured":false,"notes":null,"osm_way_ids":[33633171,146523574],"bearing_bucket":"090-120","stroke":"#4daf4a","stroke-width":2,"stroke-opacity":0.9}},
{"type":"Feature","geometry":{"type":"LineString","coordinates":[[11.51699,48.11045],[11.50311,48.10351]]},"properties":{"id":"sl_a38f0ba8","name":"Einhornallee","kind":"street","a":[48.11045,11.51699],"b":[48.10351,11.50311],"length_m":1290,"max_offset_m":4.9,"bearing_ab":233.3,"bearing_ba":53.2,"obstruction_toward_a_deg":0.87,"obstruction_toward_b_deg":0.87,"canyon":false,"featured":false,"notes":null,"osm_way_ids":[16340566,56681806,90257550,115962350,230092366,525974950,1187794332,1490616443,1490616444,1490616445,1490617490,1490620287,1490620288,1490620289,1490620291,1497738277,1497738278],"bearing_bucket":"030-060","stroke":"#ff7f00","stroke-width":2,"stroke-opacity":0.9}},
{"type":"Feature","geometry":{"type":"LineString","coordinates":[[11.44818,48.13116],[11.453,48.13673]]},"properties":{"id":"sl_a4034b50","name":"Fabrikkanal","kind":"canal","a":[48.13116,11.44818],"b":[48.13673,11.453],"length_m":716,"max_offset_m":4.3,"bearing_ab":30.1,"bearing_ba":210.1,"obstruction_toward_a_deg":1.47,"obstruction_toward_b_deg":1.06,"canyon":false,"featured":false,"notes":null,"osm_way_ids":[151176233],"bearing_bucket":"030-060","stroke":"#ff7f00","stroke-width":2,"stroke-opacity":0.9}},
{"type":"Feature","geometry":{"type":"LineString","coordinates":[[11.52919,48.21345],[11.53873,48.21188]]},"properties":{"id":"sl_a42bf52c","name":"Ponkratzstraße","kind":"street","a":[48.21345,11.52919],"b":[48.21188,11.53873],"length_m":730,"max_offset_m":5.8,"bearing_ab":103.8,"bearing_ba":283.8,"obstruction_toward_a_deg":0.53,"obstruction_toward_b_deg":0.53,"canyon":true,"featured":false,"notes":null,"osm_way_ids":[4960589,27820011],"bearing_bucket":"090-120","stroke":"#4daf4a","stroke-width":2,"stroke-opacity":0.9}},
{"type":"Feature","geometry":{"type":"LineString","coordinates":[[11.59959,48.09862],[11.59334,48.09701]]},"properties":{"id":"sl_a4674cde","name":null,"kind":"street","a":[48.09862,11.59959],"b":[48.09701,11.59334],"length_m":499,"max_offset_m":1.2,"bearing_ab":249.0,"bearing_ba":69.0,"obstruction_toward_a_deg":1.14,"obstruction_toward_b_deg":2.1,"canyon":false,"featured":false,"notes":null,"osm_way_ids":[23993699],"bearing_bucket":"060-090","stroke":"#ffd92f","stroke-width":2,"stroke-opacity":0.9}},
{"type":"Feature","geometry":{"type":"LineString","coordinates":[[11.42103,48.14867],[11.42712,48.15014]]},"properties":{"id":"sl_a5cd9f45","name":"Gailenreuther Straße","kind":"street","a":[48.14867,11.42103],"b":[48.15014,11.42712],"length_m":482,"max_offset_m":5.1,"bearing_ab":70.2,"bearing_ba":250.2,"obstruction_toward_a_deg":1.56,"obstruction_toward_b_deg":0.8,"canyon":true,"featured":false,"notes":null,"osm_way_ids":[170984734],"bearing_bucket":"060-090","stroke":"#ffd92f","stroke-width":2,"stroke-opacity":0.9}},
{"type":"Feature","geometry":{"type":"LineString","coordinates":[[11.67146,48.12749],[11.67556,48.13262]]},"properties":{"id":"sl_a61de2c7","name":"Teuchertstraße","kind":"street","a":[48.12749,11.67146],"b":[48.13262,11.67556],"length_m":647,"max_offset_m":6.6,"bearing_ab":28.2,"bearing_ba":208.2,"obstruction_toward_a_deg":0.59,"obstruction_toward_b_deg":0.59,"canyon":true,"featured":false,"notes":null,"osm_way_ids":[4016968],"bearing_bucket":"000-030","stroke":"#e41a1c","stroke-width":2,"stroke-opacity":0.9}},
{"type":"Feature","geometry":{"type":"LineString","coordinates":[[11.51332,48.20124],[11.51858,48.20035]]},"properties":{"id":"sl_a68a721d","name":"Blausternweg","kind":"street","a":[48.20124,11.51332],"b":[48.20035,11.51858],"length_m":404,"max_offset_m":1.8,"bearing_ab":104.3,"bearing_ba":284.3,"obstruction_toward_a_deg":2.6,"obstruction_toward_b_deg":2.6,"canyon":true,"featured":false,"notes":null,"osm_way_ids":[27993534],"bearing_bucket":"090-120","stroke":"#4daf4a","stroke-width":2,"stroke-opacity":0.9}},
{"type":"Feature","geometry":{"type":"LineString","coordinates":[[11.5638,48.09038],[11.56679,48.08662]]},"properties":{"id":"sl_a6bf6df7","name":"Autharistraße","kind":"street","a":[48.09038,11.5638],"b":[48.08662,11.56679],"length_m":473,"max_offset_m":5.9,"bearing_ab":152.0,"bearing_ba":332.0,"obstruction_toward_a_deg":0.81,"obstruction_toward_b_deg":0.81,"canyon":true,"featured":false,"notes":null,"osm_way_ids":[156422912,1435672488],"bearing_bucket":"150-180","stroke":"#984ea3","stroke-width":2,"stroke-opacity":0.9}},
{"type":"Feature","geometry":{"type":"LineString","coordinates":[[11.61466,48.10386],[11.6223,48.10352]]},"properties":{"id":"sl_a6c71a04","name":"Peralohstraße","kind":"street","a":[48.10386,11.61466],"b":[48.10352,11.6223],"length_m":570,"max_offset_m":7.5,"bearing_ab":93.8,"bearing_ba":273.8,"obstruction_toward_a_deg":0.67,"obstruction_toward_b_deg":0.67,"canyon":true,"featured":false,"notes":null,"osm_way_ids":[4890655],"bearing_bucket":"090-120","stroke":"#4daf4a","stroke-width":2,"stroke-opacity":0.9}},
{"type":"Feature","geometry":{"type":"LineString","coordinates":[[11.55711,48.1546],[11.5521,48.15868]]},"properties":{"id":"sl_a6d71d16","name":"Heßstraße","kind":"street","a":[48.1546,11.55711],"b":[48.15868,11.5521],"length_m":587,"max_offset_m":4.3,"bearing_ab":320.6,"bearing_ba":140.6,"obstruction_toward_a_deg":1.12,"obstruction_toward_b_deg":1.79,"canyon":false,"featured":false,"notes":null,"osm_way_ids":[4520030,24998362,140844006,696905589,1159580664,1281113652],"bearing_bucket":"120-150","stroke":"#377eb8","stroke-width":2,"stroke-opacity":0.9}},
{"type":"Feature","geometry":{"type":"LineString","coordinates":[[11.58042,48.1088],[11.5876,48.10662]]},"properties":{"id":"sl_a6dd4b6a","name":"Weißenseestraße","kind":"street","a":[48.1088,11.58042],"b":[48.10662,11.5876],"length_m":587,"max_offset_m":7.3,"bearing_ab":114.4,"bearing_ba":294.4,"obstruction_toward_a_deg":1.75,"obstruction_toward_b_deg":1.28,"canyon":false,"featured":false,"notes":null,"osm_way_ids":[24758388,26778725,174960106,174960107,174960108,174960109,174960110,819367617,1083522486,1443757407,1443757409,1444673383,1444673385,1444673387,1444673388],"bearing_bucket":"090-120","stroke":"#4daf4a","stroke-width":2,"stroke-opacity":0.9}},
{"type":"Feature","geometry":{"type":"LineString","coordinates":[[11.53885,48.2357],[11.54791,48.24039]]},"properties":{"id":"sl_a6f06d8d","name":"Würmkanal","kind":"canal","a":[48.2357,11.53885],"b":[48.24039,11.54791],"length_m":851,"max_offset_m":1.6,"bearing_ab":52.2,"bearing_ba":232.2,"obstruction_toward_a_deg":1.23,"obstruction_toward_b_deg":1.23,"canyon":false,"featured":false,"notes":null,"osm_way_ids":[28724839],"bearing_bucket":"030-060","stroke":"#ff7f00","stroke-width":2,"stroke-opacity":0.9}},
{"type":"Feature","geometry":{"type":"LineString","coordinates":[[11.58117,48.16575],[11.57423,48.16586]]},"properties":{"id":"sl_a7048846","name":"Unertlstraße","kind":"street","a":[48.16575,11.58117],"b":[48.16586,11.57423],"length_m":516,"max_offset_m":1.0,"bearing_ab":271.4,"bearing_ba":91.4,"obstruction_toward_a_deg":1.28,"obstruction_toward_b_deg":1.81,"canyon":true,"featured":false,"notes":null,"osm_way_ids":[5342641,161970159,161970160,161970161],"bearing_bucket":"090-120","stroke":"#4daf4a","stroke-width":2,"stroke-opacity":0.9}},
{"type":"Feature","geometry":{"type":"LineString","coordinates":[[11.65185,48.11878],[11.65578,48.12439]]},"properties":{"id":"sl_a739d1c1","name":"Groschenweg","kind":"street","a":[48.11878,11.65185],"b":[48.12439,11.65578],"length_m":689,"max_offset_m":4.6,"bearing_ab":25.1,"bearing_ba":205.1,"obstruction_toward_a_deg":0.56,"obstruction_toward_b_deg":0.82,"canyon":true,"featured":false,"notes":null,"osm_way_ids":[2897620,25409999,177095164],"bearing_bucket":"000-030","stroke":"#e41a1c","stroke-width":2,"stroke-opacity":0.9}},
{"type":"Feature","geometry":{"type":"LineString","coordinates":[[11.50207,48.17445],[11.49403,48.17832]]},"properties":{"id":"sl_a75cfb8c","name":"Allacher Straße","kind":"street","a":[48.17445,11.50207],"b":[48.17832,11.49403],"length_m":736,"max_offset_m":8.0,"bearing_ab":305.7,"bearing_ba":125.7,"obstruction_toward_a_deg":1.42,"obstruction_toward_b_deg":0.52,"canyon":false,"featured":false,"notes":null,"osm_way_ids":[4828227,16616386,16616387,35877178,37256436,316226138,316226141,1421993410],"bearing_bucket":"120-150","stroke":"#377eb8","stroke-width":2,"stroke-opacity":0.9}},
{"type":"Feature","geometry":{"type":"LineString","coordinates":[[11.5226,48.18357],[11.52581,48.18702]]},"properties":{"id":"sl_a771205d","name":"Bingener Straße","kind":"street","a":[48.18357,11.5226],"b":[48.18702,11.52581],"length_m":452,"max_offset_m":7.8,"bearing_ab":31.9,"bearing_ba":211.9,"obstruction_toward_a_deg":1.66,"obstruction_toward_b_deg":0.85,"canyon":true,"featured":false,"notes":null,"osm_way_ids":[5196402],"bearing_bucket":"030-060","stroke":"#ff7f00","stroke-width":2,"stroke-opacity":0.9}},
{"type":"Feature","geometry":{"type":"LineString","coordinates":[[11.47129,48.08375],[11.4797,48.08027]]},"properties":{"id":"sl_a7785fb7","name":"Argelsrieder Straße","kind":"street","a":[48.08375,11.47129],"b":[48.08027,11.4797],"length_m":737,"max_offset_m":6.1,"bearing_ab":121.7,"bearing_ba":301.7,"obstruction_toward_a_deg":0.52,"obstruction_toward_b_deg":0.52,"canyon":true,"featured":false,"notes":null,"osm_way_ids":[157924123,1501137863,1501197360,1501202684,1501202685],"bearing_bucket":"120-150","stroke":"#377eb8","stroke-width":2,"stroke-opacity":0.9}},
{"type":"Feature","geometry":{"type":"LineString","coordinates":[[11.54179,48.14955],[11.5386,48.14593]]},"properties":{"id":"sl_a79d3a77","name":"Birkerstraße","kind":"street","a":[48.14955,11.54179],"b":[48.14593,11.5386],"length_m":468,"max_offset_m":6.5,"bearing_ab":210.5,"bearing_ba":30.5,"obstruction_toward_a_deg":1.6,"obstruction_toward_b_deg":1.6,"canyon":true,"featured":false,"notes":null,"osm_way_ids":[4060651],"bearing_bucket":"030-060","stroke":"#ff7f00","stroke-width":2,"stroke-opacity":0.9}},
{"type":"Feature","geometry":{"type":"LineString","coordinates":[[11.57573,48.09094],[11.57292,48.09544]]},"properties":{"id":"sl_a84dceb1","name":"Säbener Straße","kind":"street","a":[48.09094,11.57573],"b":[48.09544,11.57292],"length_m":543,"max_offset_m":6.0,"bearing_ab":337.3,"bearing_ba":157.3,"obstruction_toward_a_deg":0.71,"obstruction_toward_b_deg":0.71,"canyon":true,"featured":false,"notes":null,"osm_way_ids":[144031869,156989724,327101861,341943384,341943385,867808157,1033419780,1435689084],"bearing_bucket":"150-180","stroke":"#984ea3","stroke-width":2,"stroke-opacity":0.9}},
{"type":"Feature","geometry":{"type":"LineString","coordinates":[[11.48365,48.16994],[11.48777,48.167]]},"properties":{"id":"sl_a879e0b8","name":null,"kind":"street","a":[48.16994,11.48365],"b":[48.167,11.48777],"length_m":448,"max_offset_m":7.3,"bearing_ab":136.8,"bearing_ba":316.8,"obstruction_toward_a_deg":2.34,"obstruction_toward_b_deg":2.34,"canyon":false,"featured":false,"notes":null,"osm_way_ids":[1214086341],"bearing_bucket":"120-150","stroke":"#377eb8","stroke-width":2,"stroke-opacity":0.9}},
{"type":"Feature","geometry":{"type":"LineString","coordinates":[[11.61334,48.12131],[11.6191,48.12097]]},"properties":{"id":"sl_a8810ef7","name":null,"kind":"street","a":[48.12131,11.61334],"b":[48.12097,11.6191],"length_m":430,"max_offset_m":3.8,"bearing_ab":95.1,"bearing_ba":275.1,"obstruction_toward_a_deg":1.75,"obstruction_toward_b_deg":1.53,"canyon":false,"featured":false,"notes":null,"osm_way_ids":[286125833],"bearing_bucket":"090-120","stroke":"#4daf4a","stroke-width":2,"stroke-opacity":0.9}},
{"type":"Feature","geometry":{"type":"LineString","coordinates":[[11.45689,48.1746],[11.45726,48.17053]]},"properties":{"id":"sl_a8cfef0e","name":"Hans-Goltz-Weg","kind":"street","a":[48.1746,11.45689],"b":[48.17053,11.45726],"length_m":454,"max_offset_m":5.6,"bearing_ab":176.5,"bearing_ba":356.5,"obstruction_toward_a_deg":2.31,"obstruction_toward_b_deg":2.31,"canyon":true,"featured":false,"notes":null,"osm_way_ids":[18829936,34123986,1535184508],"bearing_bucket":"150-180","stroke":"#984ea3","stroke-width":2,"stroke-opacity":0.9}},
{"type":"Feature","geometry":{"type":"LineString","coordinates":[[11.54257,48.19201],[11.5483,48.19128]]},"properties":{"id":"sl_a8d9773d","name":"Schittgablerstraße","kind":"street","a":[48.19201,11.54257],"b":[48.19128,11.5483],"length_m":434,"max_offset_m":4.6,"bearing_ab":100.7,"bearing_ba":280.7,"obstruction_toward_a_deg":1.31,"obstruction_toward_b_deg":2.41,"canyon":false,"featured":false,"notes":null,"osm_way_ids":[7380044,1164614347,1164614348,1164614349,1164614350,1164614351,1164614352],"bearing_bucket":"090-120","stroke":"#4daf4a","stroke-width":2,"stroke-opacity":0.9}},
{"type":"Feature","geometry":{"type":"LineString","coordinates":[[11.51595,48.09031],[11.50867,48.08879]]},"properties":{"id":"sl_a930b30d","name":"Lochhamer Straße","kind":"street","a":[48.09031,11.51595],"b":[48.08879,11.50867],"length_m":568,"max_offset_m":6.8,"bearing_ab":252.7,"bearing_ba":72.7,"obstruction_toward_a_deg":0.68,"obstruction_toward_b_deg":0.68,"canyon":true,"featured":false,"notes":null,"osm_way_ids":[307775420,1425223823,1430019646,1430019647,1430019648],"bearing_bucket":"060-090","stroke":"#ffd92f","stroke-width":2,"stroke-opacity":0.9}},
{"type":"Feature","geometry":{"type":"LineString","coordinates":[[11.53945,48.07528],[11.54067,48.07007]]},"properties":{"id":"sl_a999dd3f","name":"Isarwerkkanal","kind":"canal","a":[48.07528,11.53945],"b":[48.07007,11.54067],"length_m":587,"max_offset_m":4.4,"bearing_ab":171.1,"bearing_ba":351.1,"obstruction_toward_a_deg":1.78,"obstruction_toward_b_deg":1.78,"canyon":false,"featured":false,"notes":null,"osm_way_ids":[83284997],"bearing_bucket":"150-180","stroke":"#984ea3","stroke-width":2,"stroke-opacity":0.9}},
{"type":"Feature","geometry":{"type":"LineString","coordinates":[[11.51794,48.16251],[11.51598,48.16639]]},"properties":{"id":"sl_a9bf1fed","name":"Hanfstaenglstraße","kind":"street","a":[48.16251,11.51794],"b":[48.16639,11.51598],"length_m":454,"max_offset_m":6.6,"bearing_ab":341.3,"bearing_ba":161.3,"obstruction_toward_a_deg":0.44,"obstruction_toward_b_deg":2.31,"canyon":true,"featured":false,"notes":null,"osm_way_ids":[4850000],"bearing_bucket":"150-180","stroke":"#984ea3","stroke-width":2,"stroke-opacity":0.9}},
{"type":"Feature","geometry":{"type":"LineString","coordinates":[[11.45856,48.16467],[11.46597,48.16477]]},"properties":{"id":"sl_a9fe9e8a","name":"Verdistraße","kind":"street","a":[48.16467,11.45856],"b":[48.16477,11.46597],"length_m":552,"max_offset_m":7.7,"bearing_ab":88.8,"bearing_ba":268.8,"obstruction_toward_a_deg":0.7,"obstruction_toward_b_deg":1.9,"canyon":false,"featured":false,"notes":null,"osm_way_ids":[30616226,33872653,146643686,1131953668,1291068756,1425250956],"bearing_bucket":"060-090","stroke":"#ffd92f","stroke-width":2,"stroke-opacity":0.9}},
{"type":"Feature","geometry":{"type":"LineString","coordinates":[[11.52204,48.13469],[11.50939,48.13516]]},"properties":{"id":"sl_aa294838","name":"Zschokkestraße","kind":"street","a":[48.13469,11.52204],"b":[48.13516,11.50939],"length_m":943,"max_offset_m":7.7,"bearing_ab":273.1,"bearing_ba":93.1,"obstruction_toward_a_deg":0.97,"obstruction_toward_b_deg":0.8,"canyon":false,"featured":false,"notes":null,"osm_way_ids":[27149722,56197695,56542058,153184481,261314510,387216975,397754120,1394028278,1394028279,1394028280,1421510639,1421510640,1421510642,1421510644,1421510645],"bearing_bucket":"090-120","stroke":"#4daf4a","stroke-width":2,"stroke-opacity":0.9}},
{"type":"Feature","geometry":{"type":"LineString","coordinates":[[11.57823,48.12829],[11.58519,48.13182]]},"properties":{"id":"sl_aae596d7","name":"Isar","kind":"river","a":[48.12829,11.57823],"b":[48.13182,11.58519],"length_m":650,"max_offset_m":5.8,"bearing_ab":52.8,"bearing_ba":232.8,"obstruction_toward_a_deg":1.61,"obstruction_toward_b_deg":2.05,"canyon":false,"featured":false,"notes":null,"osm_way_ids":[41480144],"bearing_bucket":"030-060","stroke":"#ff7f00","stroke-width":2,"stroke-opacity":0.9}},
{"type":"Feature","geometry":{"type":"LineString","coordinates":[[11.56437,48.12093],[11.57704,48.12776]]},"properties":{"id":"sl_ab0e3862","name":"Isar","kind":"river","a":[48.12093,11.56437],"b":[48.12776,11.57704],"length_m":1211,"max_offset_m":3.6,"bearing_ab":51.2,"bearing_ba":231.2,"obstruction_toward_a_deg":1.07,"obstruction_toward_b_deg":0.92,"canyon":false,"featured":false,"notes":null,"osm_way_ids":[26766970],"bearing_bucket":"030-060","stroke":"#ff7f00","stroke-width":2,"stroke-opacity":0.9}},
{"type":"Feature","geometry":{"type":"LineString","coordinates":[[11.49229,48.13443],[11.48573,48.13458]]},"properties":{"id":"sl_ab50205a","name":"Camerloherstraße","kind":"street","a":[48.13443,11.49229],"b":[48.13458,11.48573],"length_m":488,"max_offset_m":7.4,"bearing_ab":272.0,"bearing_ba":92.0,"obstruction_toward_a_deg":0.79,"obstruction_toward_b_deg":0.79,"canyon":true,"featured":false,"notes":null,"osm_way_ids":[8351859],"bearing_bucket":"090-120","stroke":"#4daf4a","stroke-width":2,"stroke-opacity":0.9}},
{"type":"Feature","geometry":{"type":"LineString","coordinates":[[11.70266,48.13884],[11.69408,48.13882]]},"properties":{"id":"sl_ab8c695a","name":null,"kind":"street","a":[48.13884,11.70266],"b":[48.13882,11.69408],"length_m":638,"max_offset_m":3.5,"bearing_ab":269.8,"bearing_ba":89.8,"obstruction_toward_a_deg":1.19,"obstruction_toward_b_deg":0.6,"canyon":true,"featured":false,"notes":null,"osm_way_ids":[53102987],"bearing_bucket":"060-090","stroke":"#ffd92f","stroke-width":2,"stroke-opacity":0.9}},
{"type":"Feature","geometry":{"type":"LineString","coordinates":[[11.43009,48.1941],[11.43151,48.19789]]},"properties":{"id":"sl_abe0f526","name":"Müllerstadelstraße","kind":"street","a":[48.1941,11.43009],"b":[48.19789,11.43151],"length_m":434,"max_offset_m":5.9,"bearing_ab":14.0,"bearing_ba":194.0,"obstruction_toward_a_deg":2.41,"obstruction_toward_b_deg":2.41,"canyon":false,"featured":false,"notes":null,"osm_way_ids":[33791526,33791527,661437867],"bearing_bucket":"000-030","stroke":"#e41a1c","stroke-width":2,"stroke-opacity":0.9}},
{"type":"Feature","geometry":{"type":"LineString","coordinates":[[11.58779,48.10992],[11.5816,48.11174]]},"properties":{"id":"sl_abf6353c","name":"Perlacher Straße","kind":"street","a":[48.10992,11.58779],"b":[48.11174,11.5816],"length_m":504,"max_offset_m":7.8,"bearing_ab":293.7,"bearing_ba":113.7,"obstruction_toward_a_deg":1.49,"obstruction_toward_b_deg":1.49,"canyon":true,"featured":false,"notes":null,"osm_way_ids":[4642254,1443746226,1443746227,1443746232,1443746233,1443746234,1443746235,1443746237,1443746241,1444662520],"bearing_bucket":"090-120","stroke":"#4daf4a","stroke-width":2,"stroke-opacity":0.9}},
{"type":"Feature","geometry":{"type":"LineString","coordinates":[[11.66004,48.11572],[11.66288,48.12022]]},"properties":{"id":"sl_ac62564f","name":"Mönchbergstraße","kind":"street","a":[48.11572,11.66004],"b":[48.12022,11.66288],"length_m":543,"max_offset_m":6.4,"bearing_ab":22.9,"bearing_ba":202.9,"obstruction_toward_a_deg":0.71,"obstruction_toward_b_deg":0.71,"canyon":true,"featured":false,"notes":null,"osm_way_ids":[3960693],"bearing_bucket":"000-030","stroke":"#e41a1c","stroke-width":2,"stroke-opacity":0.9}},
{"type":"Feature","geometry":{"type":"LineString","coordinates":[[11.69072,48.17527],[11.70984,48.18075]]},"properties":{"id":"sl_ac693fec","name":"Abfanggraben","kind":"canal","a":[48.17527,11.69072],"b":[48.18075,11.70984],"length_m":1547,"max_offset_m":6.0,"bearing_ab":66.8,"bearing_ba":246.8,"obstruction_toward_a_deg":0.68,"obstruction_toward_b_deg":0.68,"canyon":false,"featured":false,"notes":null,"osm_way_ids":[3401794],"bearing_bucket":"060-090","stroke":"#ffd92f","stroke-width":2,"stroke-opacity":0.9}},
{"type":"Feature","geometry":{"type":"LineString","coordinates":[[11.47689,48.16977],[11.47905,48.16458]]},"properties":{"id":"sl_ac801bad","name":"Freseniusstraße","kind":"street","a":[48.16977,11.47689],"b":[48.16458,11.47905],"length_m":599,"max_offset_m":6.8,"bearing_ab":164.4,"bearing_ba":344.4,"obstruction_toward_a_deg":0.64,"obstruction_toward_b_deg":0.95,"canyon":true,"featured":false,"notes":null,"osm_way_ids":[4902286,1232144887],"bearing_bucket":"150-180","stroke":"#984ea3","stroke-width":2,"stroke-opacity":0.9}},
{"type":"Feature","geometry":{"type":"LineString","coordinates":[[11.57006,48.1162],[11.57004,48.11242]]},"properties":{"id":"sl_acd6ffce","name":"Hans-Mielich-Straße","kind":"street","a":[48.1162,11.57006],"b":[48.11242,11.57004],"length_m":420,"max_offset_m":7.3,"bearing_ab":180.2,"bearing_ba":0.2,"obstruction_toward_a_deg":1.79,"obstruction_toward_b_deg":1.79,"canyon":true,"featured":false,"notes":null,"osm_way_ids":[33085642,124147371,1437105587,1437105589,1437105590,1437105592,1437105595],"bearing_bucket":"000-030","stroke":"#e41a1c","stroke-width":2,"stroke-opacity":0.9}},
{"type":"Feature","geometry":{"type":"LineString","coordinates":[[11.49737,48.17144],[11.49805,48.16783]]},"properties":{"id":"sl_acfab589","name":"In den Kirschen","kind":"street","a":[48.17144,11.49737],"b":[48.16783,11.49805],"length_m":405,"max_offset_m":5.0,"bearing_ab":172.8,"bearing_ba":352.8,"obstruction_toward_a_deg":2.59,"obstruction_toward_b_deg":2.59,"canyon":false,"featured":false,"notes":null,"osm_way_ids":[4828265],"bearing_bucket":"150-180","stroke":"#984ea3","stroke-width":2,"stroke-opacity":0.9}},
{"type":"Feature","geometry":{"type":"LineString","coordinates":[[11.55179,48.14741],[11.5371,48.1505]]},"properties":{"id":"sl_ad00ce9a","name":"Blutenburgstraße","kind":"street","a":[48.14741,11.55179],"b":[48.1505,11.5371],"length_m":1146,"max_offset_m":7.9,"bearing_ab":287.4,"bearing_ba":107.4,"obstruction_toward_a_deg":0.74,"obstruction_toward_b_deg":0.66,"canyon":true,"featured":false,"notes":null,"osm_way_ids":[60441778,234870644,234870645,236713562,692564105,692564110,692564111,704545886,777714268,965918332,1416711225,1416711228,1416716824],"bearing_bucket":"090-120","stroke":"#4daf4a","stroke-width":2,"stroke-opacity":0.9}},
{"type":"Feature","geometry":{"type":"LineString","coordinates":[[11.48897,48.22176],[11.48967,48.21785]]},"properties":{"id":"sl_ad0eae0d","name":"MAN Teststrecke","kind":"street","a":[48.22176,11.48897],"b":[48.21785,11.48967],"length_m":438,"max_offset_m":4.7,"bearing_ab":173.2,"bearing_ba":353.2,"obstruction_toward_a_deg":2.39,"obstruction_toward_b_deg":2.39,"canyon":false,"featured":false,"notes":null,"osm_way_ids":[32514788],"bearing_bucket":"150-180","stroke":"#984ea3","stroke-width":2,"stroke-opacity":0.9}},
{"type":"Feature","geometry":{"type":"LineString","coordinates":[[11.65334,48.09439],[11.64682,48.09642]]},"properties":{"id":"sl_ad0fc12e","name":"Putzbrunner Straße","kind":"street","a":[48.09439,11.65334],"b":[48.09642,11.64682],"length_m":535,"max_offset_m":7.2,"bearing_ab":294.9,"bearing_ba":114.9,"obstruction_toward_a_deg":1.06,"obstruction_toward_b_deg":0.72,"canyon":false,"featured":false,"notes":null,"osm_way_ids":[3302001,247441094,247441096,1422669211],"bearing_bucket":"090-120","stroke":"#4daf4a","stroke-width":2,"stroke-opacity":0.9}},
{"type":"Feature","geometry":{"type":"LineString","coordinates":[[11.67748,48.11609],[11.68648,48.10916]]},"properties":{"id":"sl_ad2fdf88","name":"Solalindenstraße","kind":"street","a":[48.11609,11.67748],"b":[48.10916,11.68648],"length_m":1021,"max_offset_m":7.6,"bearing_ab":139.0,"bearing_ba":319.0,"obstruction_toward_a_deg":0.38,"obstruction_toward_b_deg":0.38,"canyon":true,"featured":false,"notes":null,"osm_way_ids":[3343238,158027398,1112105426,1112105427],"bearing_bucket":"120-150","stroke":"#377eb8","stroke-width":2,"stroke-opacity":0.9}},
{"type":"Feature","geometry":{"type":"LineString","coordinates":[[11.46218,48.15152],[11.4628,48.15656]]},"properties":{"id":"sl_ad4fbcdf","name":"Fritz-Reuter-Straße","kind":"street","a":[48.15152,11.46218],"b":[48.15656,11.4628],"length_m":563,"max_offset_m":1.3,"bearing_ab":4.7,"bearing_ba":184.7,"obstruction_toward_a_deg":0.68,"obstruction_toward_b_deg":0.68,"canyon":true,"featured":false,"notes":null,"osm_way_ids":[124270141],"bearing_bucket":"000-030","stroke":"#e41a1c","stroke-width":2,"stroke-opacity":0.9}},
{"type":"Feature","geometry":{"type":"LineString","coordinates":[[11.43228,48.19976],[11.43185,48.20395]]},"properties":{"id":"sl_ad58b30c","name":"Müllerstadelstraße","kind":"street","a":[48.19976,11.43228],"b":[48.20395,11.43185],"length_m":467,"max_offset_m":4.1,"bearing_ab":356.0,"bearing_ba":176.0,"obstruction_toward_a_deg":2.24,"obstruction_toward_b_deg":2.24,"canyon":false,"featured":false,"notes":null,"osm_way_ids":[661437867,1168599094],"bearing_bucket":"150-180","stroke":"#984ea3","stroke-width":2,"stroke-opacity":0.9}},
{"type":"Feature","geometry":{"type":"LineString","coordinates":[[11.59879,48.18136],[11.5957,48.17834]]},"properties":{"id":"sl_adf8f079","name":"Grünecker Straße","kind":"street","a":[48.18136,11.59879],"b":[48.17834,11.5957],"length_m":407,"max_offset_m":7.7,"bearing_ab":214.3,"bearing_ba":34.3,"obstruction_toward_a_deg":1.85,"obstruction_toward_b_deg":1.39,"canyon":false,"featured":false,"notes":null,"osm_way_ids":[5214446,114928351],"bearing_bucket":"030-060","stroke":"#ff7f00","stroke-width":2,"stroke-opacity":0.9}},
{"type":"Feature","geometry":{"type":"LineString","coordinates":[[11.49204,48.18409],[11.49194,48.18005]]},"properties":{"id":"sl_ae1a18fe","name":"Brieger Straße","kind":"street","a":[48.18409,11.49204],"b":[48.18005,11.49194],"length_m":449,"max_offset_m":7.3,"bearing_ab":181.0,"bearing_ba":1.0,"obstruction_toward_a_deg":0.85,"obstruction_toward_b_deg":1.26,"canyon":true,"featured":false,"notes":null,"osm_way_ids":[292601697,1219030407,1219030408,1392536166],"bearing_bucket":"000-030","stroke":"#e41a1c","stroke-width":2,"stroke-opacity":0.9}},
{"type":"Feature","geometry":{"type":"LineString","coordinates":[[11.54417,48.10094],[11.54377,48.10524]]},"properties":{"id":"sl_ae31ff3c","name":"Emil-Geis-Straße","kind":"street","a":[48.10094,11.54417],"b":[48.10524,11.54377],"length_m":479,"max_offset_m":7.1,"bearing_ab":356.5,"bearing_ba":176.5,"obstruction_toward_a_deg":0.8,"obstruction_toward_b_deg":1.57,"canyon":true,"featured":false,"notes":null,"osm_way_ids":[31130991,139547353],"bearing_bucket":"150-180","stroke":"#984ea3","stroke-width":2,"stroke-opacity":0.9}},
{"type":"Feature","geometry":{"type":"LineString","coordinates":[[11.42169,48.1475],[11.42822,48.14921]]},"properties":{"id":"sl_ae654a6d","name":"Altenburgstraße","kind":"street","a":[48.1475,11.42169],"b":[48.14921,11.42822],"length_m":521,"max_offset_m":5.0,"bearing_ab":68.6,"bearing_ba":248.6,"obstruction_toward_a_deg":1.09,"obstruction_toward_b_deg":0.74,"canyon":true,"featured":false,"notes":null,"osm_way_ids":[34896221,341900011,673611053],"bearing_bucket":"060-090","stroke":"#ffd92f","stroke-width":2,"stroke-opacity":0.9}},
{"type":"Feature","geometry":{"type":"LineString","coordinates":[[11.6944,48.13721],[11.70268,48.13725]]},"properties":{"id":"sl_ae82758a","name":null,"kind":"street","a":[48.13721,11.6944],"b":[48.13725,11.70268],"length_m":616,"max_offset_m":0.1,"bearing_ab":89.5,"bearing_ba":269.5,"obstruction_toward_a_deg":1.14,"obstruction_toward_b_deg":1.14,"canyon":true,"featured":false,"notes":null,"osm_way_ids":[53102886],"bearing_bucket":"060-090","stroke":"#ffd92f","stroke-width":2,"stroke-opacity":0.9}},
{"type":"Feature","geometry":{"type":"LineString","coordinates":[[11.5163,48.18721],[11.51829,48.18334]]},"properties":{"id":"sl_ae8b65d0","name":"Leipziger Straße","kind":"street","a":[48.18721,11.5163],"b":[48.18334,11.51829],"length_m":455,"max_offset_m":4.3,"bearing_ab":161.0,"bearing_ba":341.0,"obstruction_toward_a_deg":0.84,"obstruction_toward_b_deg":0.84,"canyon":true,"featured":false,"notes":null,"osm_way_ids":[4858869,4858896,5831180,1490518252],"bearing_bucket":"150-180","stroke":"#984ea3","stroke-width":2,"stroke-opacity":0.9}},
{"type":"Feature","geometry":{"type":"LineString","coordinates":[[11.51318,48.09801],[11.52016,48.09886]]},"properties":{"id":"sl_ae8dda4e","name":"Boschetsrieder Straße","kind":"street","a":[48.09801,11.51318],"b":[48.09886,11.52016],"length_m":528,"max_offset_m":7.4,"bearing_ab":79.7,"bearing_ba":259.7,"obstruction_toward_a_deg":1.42,"obstruction_toward_b_deg":1.08,"canyon":false,"featured":false,"notes":null,"osm_way_ids":[1427149317,1463219024],"bearing_bucket":"060-090","stroke":"#ffd92f","stroke-width":2,"stroke-opacity":0.9}},
{"type":"Feature","geometry":{"type":"LineString","coordinates":[[11.67679,48.08706],[11.67162,48.08811]]},"properties":{"id":"sl_aef44384","name":"Leoprechtingstraße","kind":"street","a":[48.08706,11.67679],"b":[48.08811,11.67162],"length_m":403,"max_offset_m":4.5,"bearing_ab":286.8,"bearing_ba":106.8,"obstruction_toward_a_deg":0.95,"obstruction_toward_b_deg":0.95,"canyon":true,"featured":false,"notes":null,"osm_way_ids":[17095330],"bearing_bucket":"090-120","stroke":"#4daf4a","stroke-width":2,"stroke-opacity":0.9}},
{"type":"Feature","geometry":{"type":"LineString","coordinates":[[11.44953,48.19429],[11.45621,48.19618]]},"properties":{"id":"sl_af4ebb15","name":"Lauthstraße","kind":"street","a":[48.19429,11.44953],"b":[48.19618,11.45621],"length_m":539,"max_offset_m":3.1,"bearing_ab":67.0,"bearing_ba":247.0,"obstruction_toward_a_deg":1.94,"obstruction_toward_b_deg":0.71,"canyon":false,"featured":false,"notes":null,"osm_way_ids":[18834357],"bearing_bucket":"060-090","stroke":"#ffd92f","stroke-width":2,"stroke-opacity":0.9}},
{"type":"Feature","geometry":{"type":"LineString","coordinates":[[11.62511,48.09409],[11.62609,48.10086]]},"properties":{"id":"sl_af746726","name":"Unterhachinger Straße","kind":"street","a":[48.09409,11.62511],"b":[48.10086,11.62609],"length_m":756,"max_offset_m":7.8,"bearing_ab":5.5,"bearing_ba":185.5,"obstruction_toward_a_deg":0.51,"obstruction_toward_b_deg":0.51,"canyon":false,"featured":false,"notes":null,"osm_way_ids":[35108719,35108720,899230737,1011550313,1119854984],"bearing_bucket":"000-030","stroke":"#e41a1c","stroke-width":2,"stroke-opacity":0.9}},
{"type":"Feature","geometry":{"type":"LineString","coordinates":[[11.61229,48.20267],[11.61418,48.20736]]},"properties":{"id":"sl_afa248bc","name":"Kieferngartenstraße","kind":"street","a":[48.20267,11.61229],"b":[48.20736,11.61418],"length_m":541,"max_offset_m":7.6,"bearing_ab":15.1,"bearing_ba":195.1,"obstruction_toward_a_deg":0.37,"obstruction_toward_b_deg":0.71,"canyon":false,"featured":false,"notes":null,"osm_way_ids":[38428442,151928100,480223850,480223851],"bearing_bucket":"000-030","stroke":"#e41a1c","stroke-width":2,"stroke-opacity":0.9}},
{"type":"Feature","geometry":{"type":"LineString","coordinates":[[11.62258,48.18608],[11.62923,48.18405]]},"properties":{"id":"sl_b017a0ab","name":"Leinthalerstraße","kind":"street","a":[48.18608,11.62258],"b":[48.18405,11.62923],"length_m":543,"max_offset_m":6.6,"bearing_ab":114.5,"bearing_ba":294.5,"obstruction_toward_a_deg":1.93,"obstruction_toward_b_deg":1.93,"canyon":false,"featured":false,"notes":null,"osm_way_ids":[39862954,39862955,80121400],"bearing_bucket":"090-120","stroke":"#4daf4a","stroke-width":2,"stroke-opacity":0.9}},
{"type":"Feature","geometry":{"type":"LineString","coordinates":[[11.57498,48.16249],[11.56637,48.16336]]},"properties":{"id":"sl_b038d7f7","name":"Herzogstraße","kind":"street","a":[48.16249,11.57498],"b":[48.16336,11.56637],"length_m":647,"max_offset_m":7.1,"bearing_ab":278.6,"bearing_ba":98.6,"obstruction_toward_a_deg":1.16,"obstruction_toward_b_deg":1.16,"canyon":true,"featured":false,"notes":null,"osm_way_ids":[4005735,27807186,30816923,123173286,426542002],"bearing_bucket":"090-120","stroke":"#4daf4a","stroke-width":2,"stroke-opacity":0.9}},
{"type":"Feature","geometry":{"type":"LineString","coordinates":[[11.49492,48.1779],[11.49425,48.1743]]},"properties":{"id":"sl_b04067a4","name":null,"kind":"street","a":[48.1779,11.49492],"b":[48.1743,11.49425],"length_m":404,"max_offset_m":3.8,"bearing_ab":187.1,"bearing_ba":7.1,"obstruction_toward_a_deg":2.31,"obstruction_toward_b_deg":2.6,"canyon":false,"featured":false,"notes":null,"osm_way_ids":[30346610],"bearing_bucket":"000-030","stroke":"#e41a1c","stroke-width":2,"stroke-opacity":0.9}},
{"type":"Feature","geometry":{"type":"LineString","coordinates":[[11.60685,48.18216],[11.58779,48.16427]]},"properties":{"id":"sl_b0b201f2","name":"Ungererstraße","kind":"street","a":[48.18216,11.60685],"b":[48.16427,11.58779],"length_m":2443,"max_offset_m":8.0,"bearing_ab":215.5,"bearing_ba":35.5,"obstruction_toward_a_deg":0.31,"obstruction_toward_b_deg":0.31,"canyon":false,"featured":false,"notes":null,"osm_way_ids":[3960333,4020072,26824417,26825622,33605910,34114236,34140425,34140426,34140427,34140428,35392078,41734237,41734238,41734239,148364047,148364050,152731731,152731732,244456569,325991511,365751507,365751517,657628489,820232715,961681345,961681346,1420661330,1420661331,1420661332,1420661337,1420661338,1422682430],"bearing_bucket":"030-060","stroke":"#ff7f00","stroke-width":2,"stroke-opacity":0.9}},
{"type":"Feature","geometry":{"type":"LineString","coordinates":[[11.61848,48.13915],[11.61191,48.1394]]},"properties":{"id":"sl_b0edb4cc","name":"Zaubzerstraße","kind":"street","a":[48.13915,11.61848],"b":[48.1394,11.61191],"length_m":490,"max_offset_m":7.3,"bearing_ab":273.3,"bearing_ba":93.2,"obstruction_toward_a_deg":1.55,"obstruction_toward_b_deg":2.14,"canyon":true,"featured":false,"notes":null,"osm_way_ids":[49423459,79834593,1500997687,1558104329,1558104655,1558107095,1558107349],"bearing_bucket":"090-120","stroke":"#4daf4a","stroke-width":2,"stroke-opacity":0.9}},
{"type":"Feature","geometry":{"type":"LineString","coordinates":[[11.54885,48.08476],[11.54464,48.07829]]},"properties":{"id":"sl_b12bc9f8","name":"Harthauser Straße","kind":"street","a":[48.08476,11.54885],"b":[48.07829,11.54464],"length_m":784,"max_offset_m":7.8,"bearing_ab":203.5,"bearing_ba":23.5,"obstruction_toward_a_deg":0.72,"obstruction_toward_b_deg":0.49,"canyon":false,"featured":false,"notes":null,"osm_way_ids":[4982788,1083289878,1083289880,1083289881,1087979047,1087979048,1434873262,1434873265],"bearing_bucket":"000-030","stroke":"#e41a1c","stroke-width":2,"stroke-opacity":0.9}},
{"type":"Feature","geometry":{"type":"LineString","coordinates":[[11.59898,48.15028],[11.60198,48.15372]]},"properties":{"id":"sl_b12e2ad1","name":null,"kind":"street","a":[48.15028,11.59898],"b":[48.15372,11.60198],"length_m":443,"max_offset_m":5.9,"bearing_ab":30.3,"bearing_ba":210.3,"obstruction_toward_a_deg":2.36,"obstruction_toward_b_deg":2.36,"canyon":false,"featured":false,"notes":null,"osm_way_ids":[24768797],"bearing_bucket":"030-060","stroke":"#ff7f00","stroke-width":2,"stroke-opacity":0.9}},
{"type":"Feature","geometry":{"type":"LineString","coordinates":[[11.67503,48.14641],[11.67525,48.15116]]},"properties":{"id":"sl_b138d3d5","name":null,"kind":"street","a":[48.14641,11.67503],"b":[48.15116,11.67525],"length_m":529,"max_offset_m":5.6,"bearing_ab":1.8,"bearing_ba":181.8,"obstruction_toward_a_deg":1.98,"obstruction_toward_b_deg":1.98,"canyon":false,"featured":false,"notes":null,"osm_way_ids":[951237461],"bearing_bucket":"000-030","stroke":"#e41a1c","stroke-width":2,"stroke-opacity":0.9}},
{"type":"Feature","geometry":{"type":"LineString","coordinates":[[11.48797,48.10529],[11.48252,48.10696]]},"properties":{"id":"sl_b1a40023","name":"Am Waldrand","kind":"street","a":[48.10529,11.48797],"b":[48.10696,11.48252],"length_m":446,"max_offset_m":4.2,"bearing_ab":294.5,"bearing_ba":114.5,"obstruction_toward_a_deg":0.86,"obstruction_toward_b_deg":0.86,"canyon":true,"featured":false,"notes":null,"osm_way_ids":[159110147,1447753711,1447753712,1447753713,1447753714,1447753715],"bearing_bucket":"090-120","stroke":"#4daf4a","stroke-width":2,"stroke-opacity":0.9}},
{"type":"Feature","geometry":{"type":"LineString","coordinates":[[11.41184,48.17954],[11.41831,48.17964]]},"properties":{"id":"sl_b21c65ae","name":"Langwieder Hauptstraße","kind":"street","a":[48.17954,11.41184],"b":[48.17964,11.41831],"length_m":481,"max_offset_m":7.9,"bearing_ab":88.7,"bearing_ba":268.7,"obstruction_toward_a_deg":2.18,"obstruction_toward_b_deg":2.18,"canyon":false,"featured":false,"notes":null,"osm_way_ids":[241886126,256967154,914225141],"bearing_bucket":"060-090","stroke":"#ffd92f","stroke-width":2,"stroke-opacity":0.9}},
{"type":"Feature","geometry":{"type":"LineString","coordinates":[[11.45361,48.13908],[11.45424,48.14354]]},"properties":{"id":"sl_b2434c8d","name":"Fabrikkanal","kind":"canal","a":[48.13908,11.45361],"b":[48.14354,11.45424],"length_m":498,"max_offset_m":2.4,"bearing_ab":5.4,"bearing_ba":185.4,"obstruction_toward_a_deg":2.1,"obstruction_toward_b_deg":1.94,"canyon":false,"featured":false,"notes":null,"osm_way_ids":[531085872],"bearing_bucket":"000-030","stroke":"#e41a1c","stroke-width":2,"stroke-opacity":0.9}},
{"type":"Feature","geometry":{"type":"LineString","coordinates":[[11.52281,48.1344],[11.5285,48.13033]]},"properties":{"id":"sl_b2731e2f","name":"Tübinger Straße","kind":"street","a":[48.1344,11.52281],"b":[48.13033,11.5285],"length_m":620,"max_offset_m":7.1,"bearing_ab":136.9,"bearing_ba":316.9,"obstruction_toward_a_deg":0.77,"obstruction_toward_b_deg":0.32,"canyon":false,"featured":false,"notes":null,"osm_way_ids":[151861698,151861700,261314509,292944727,292944729,292944731,364988571,364988572,364988573,364988574,387216971,387216972,1421510634,1421510635,1421510636,1421510637,1421510638,1497661521,1497661522,1497661523,1497661524,1497661525,1497661526,1497661527,1497661528,1497661529,1497661530,1497661531,1497661532,1497661533,1497661534,1497661535],"bearing_bucket":"120-150","stroke":"#377eb8","stroke-width":2,"stroke-opacity":0.9}},
{"type":"Feature","geometry":{"type":"LineString","coordinates":[[11.56471,48.15526],[11.56242,48.15164]]},"properties":{"id":"sl_b278f824","name":"Schwindstraße","kind":"street","a":[48.15526,11.56471],"b":[48.15164,11.56242],"length_m":437,"max_offset_m":1.2,"bearing_ab":203.0,"bearing_ba":23.0,"obstruction_toward_a_deg":2.55,"obstruction_toward_b_deg":2.14,"canyon":true,"featured":false,"notes":null,"osm_way_ids":[155040996,312550030],"bearing_bucket":"000-030","stroke":"#e41a1c","stroke-width":2,"stroke-opacity":0.9}},
{"type":"Feature","geometry":{"type":"LineString","coordinates":[[11.45115,48.1717],[11.44714,48.1748]]},"properties":{"id":"sl_b2efb47d","name":"Lochhausener Straße","kind":"street","a":[48.1717,11.45115],"b":[48.1748,11.44714],"length_m":457,"max_offset_m":6.5,"bearing_ab":319.2,"bearing_ba":139.2,"obstruction_toward_a_deg":2.3,"obstruction_toward_b_deg":2.3,"canyon":false,"featured":false,"notes":null,"osm_way_ids":[9663044,32821321,1425250948,1425250950],"bearing_bucket":"120-150","stroke":"#377eb8","stroke-width":2,"stroke-opacity":0.9}},
{"type":"Feature","geometry":{"type":"LineString","coordinates":[[11.47072,48.13127],[11.47533,48.12767]]},"properties":{"id":"sl_b2fdc915","name":"Blumenauer Straße","kind":"street","a":[48.13127,11.47072],"b":[48.12767,11.47533],"length_m":528,"max_offset_m":7.8,"bearing_ab":139.4,"bearing_ba":319.4,"obstruction_toward_a_deg":1.99,"obstruction_toward_b_deg":1.25,"canyon":false,"featured":false,"notes":null,"osm_way_ids":[63104700,273331287,392518626,1026502428,1026502429],"bearing_bucket":"120-150","stroke":"#377eb8","stroke-width":2,"stroke-opacity":0.9}},
{"type":"Feature","geometry":{"type":"LineString","coordinates":[[11.57886,48.15473],[11.5732,48.14619]]},"properties":{"id":"sl_b3216b45","name":"Türkenstraße","kind":"street","a":[48.15473,11.57886],"b":[48.14619,11.5732],"length_m":1038,"max_offset_m":6.4,"bearing_ab":203.9,"bearing_ba":23.9,"obstruction_toward_a_deg":0.72,"obstruction_toward_b_deg":0.72,"canyon":true,"featured":false,"notes":null,"osm_way_ids":[69910139,89840533,149935567,152118096,154470151,392088976,1107392464],"bearing_bucket":"000-030","stroke":"#e41a1c","stroke-width":2,"stroke-opacity":0.9}},
{"type":"Feature","geometry":{"type":"LineString","coordinates":[[11.57632,48.18705],[11.58437,48.18688]]},"properties":{"id":"sl_b36303a9","name":"Schmalkaldener Straße","kind":"street","a":[48.18705,11.57632],"b":[48.18688,11.58437],"length_m":599,"max_offset_m":7.7,"bearing_ab":91.8,"bearing_ba":271.8,"obstruction_toward_a_deg":1.56,"obstruction_toward_b_deg":0.95,"canyon":true,"featured":false,"notes":null,"osm_way_ids":[49605257,152068752],"bearing_bucket":"090-120","stroke":"#4daf4a","stroke-width":2,"stroke-opacity":0.9}},
{"type":"Feature","geometry":{"type":"LineString","coordinates":[[11.56282,48.2094],[11.56122,48.22004]]},"properties":{"id":"sl_b3894aff","name":"Schleißheimer Straße","kind":"street","a":[48.2094,11.56282],"b":[48.22004,11.56122],"length_m":1189,"max_offset_m":7.0,"bearing_ab":354.2,"bearing_ba":174.2,"obstruction_toward_a_deg":0.32,"obstruction_toward_b_deg":0.88,"canyon":false,"featured":false,"notes":null,"osm_way_ids":[32935904,47453911,107568493,152375675,256576368,256576369,269170234,375743543],"bearing_bucket":"150-180","stroke":"#984ea3","stroke-width":2,"stroke-opacity":0.9}},
{"type":"Feature","geometry":{"type":"LineString","coordinates":[[11.6718,48.12039],[11.66656,48.11332]]},"properties":{"id":"sl_b3a61923","name":"Feldbergstraße","kind":"street","a":[48.12039,11.6718],"b":[48.11332,11.66656],"length_m":877,"max_offset_m":7.3,"bearing_ab":206.4,"bearing_ba":26.4,"obstruction_toward_a_deg":0.44,"obstruction_toward_b_deg":1.19,"canyon":false,"featured":false,"notes":null,"osm_way_ids":[2898048,33187173,38684265,38876178,1280199531],"bearing_bucket":"000-030","stroke":"#e41a1c","stroke-width":2,"stroke-opacity":0.9}},
{"type":"Feature","geometry":{"type":"LineString","coordinates":[[11.53535,48.14363],[11.54687,48.14277]]},"properties":{"id":"sl_b3d9d1bb","name":"Erika-Mann-Straße","kind":"street","a":[48.14363,11.53535],"b":[48.14277,11.54687],"length_m":863,"max_offset_m":6.7,"bearing_ab":96.3,"bearing_ba":276.3,"obstruction_toward_a_deg":1.08,"obstruction_toward_b_deg":1.51,"canyon":false,"featured":false,"notes":null,"osm_way_ids":[4098001,415796853,637418733,1377615847],"bearing_bucket":"090-120","stroke":"#4daf4a","stroke-width":2,"stroke-opacity":0.9}},
{"type":"Feature","geometry":{"type":"LineString","coordinates":[[11.54151,48.06678],[11.53952,48.06181]]},"properties":{"id":"sl_b4153245","name":"Isarwerkkanal","kind":"canal","a":[48.06678,11.54151],"b":[48.06181,11.53952],"length_m":572,"max_offset_m":4.3,"bearing_ab":195.1,"bearing_ba":15.1,"obstruction_toward_a_deg":1.83,"obstruction_toward_b_deg":1.83,"canyon":false,"featured":false,"notes":null,"osm_way_ids":[83284997],"bearing_bucket":"000-030","stroke":"#e41a1c","stroke-width":2,"stroke-opacity":0.9}},
{"type":"Feature","geometry":{"type":"LineString","coordinates":[[11.5839,48.17645],[11.57294,48.17555]]},"properties":{"id":"sl_b484b8b9","name":"Rümannstraße","kind":"street","a":[48.17645,11.5839],"b":[48.17555,11.57294],"length_m":821,"max_offset_m":2.6,"bearing_ab":263.0,"bearing_ba":83.0,"obstruction_toward_a_deg":1.14,"obstruction_toward_b_deg":1.14,"canyon":true,"featured":false,"notes":null,"osm_way_ids":[36580420,49603491,92419839,92419843,122591916,1393012967],"bearing_bucket":"060-090","stroke":"#ffd92f","stroke-width":2,"stroke-opacity":0.9}},
{"type":"Feature","geometry":{"type":"LineString","coordinates":[[11.47769,48.08517],[11.48499,48.08319]]},"properties":{"id":"sl_b4c3ed22","name":"Königswieser Straße","kind":"street","a":[48.08517,11.47769],"b":[48.08319,11.48499],"length_m":586,"max_offset_m":4.7,"bearing_ab":112.0,"bearing_ba":292.0,"obstruction_toward_a_deg":0.66,"obstruction_toward_b_deg":0.66,"canyon":true,"featured":false,"notes":null,"osm_way_ids":[154030779,1513505403,1513505539],"bearing_bucket":"090-120","stroke":"#4daf4a","stroke-width":2,"stroke-opacity":0.9}},
{"type":"Feature","geometry":{"type":"LineString","coordinates":[[11.4609,48.15211],[11.4615,48.156]]},"properties":{"id":"sl_b51432f0","name":null,"kind":"street","a":[48.15211,11.4609],"b":[48.156,11.4615],"length_m":434,"max_offset_m":7.6,"bearing_ab":5.9,"bearing_ba":185.9,"obstruction_toward_a_deg":0.88,"obstruction_toward_b_deg":0.88,"canyon":true,"featured":false,"notes":null,"osm_way_ids":[1548947942],"bearing_bucket":"000-030","stroke":"#e41a1c","stroke-width":2,"stroke-opacity":0.9}},
{"type":"Feature","geometry":{"type":"LineString","coordinates":[[11.53511,48.15551],[11.53365,48.159]]},"properties":{"id":"sl_b5457607","name":"Frundsbergstraße","kind":"street","a":[48.15551,11.53511],"b":[48.159,11.53365],"length_m":403,"max_offset_m":3.7,"bearing_ab":344.3,"bearing_ba":164.3,"obstruction_toward_a_deg":1.86,"obstruction_toward_b_deg":1.18,"canyon":true,"featured":false,"notes":null,"osm_way_ids":[37216978,1183936633],"bearing_bucket":"150-180","stroke":"#984ea3","stroke-width":2,"stroke-opacity":0.9}},
{"type":"Feature","geometry":{"type":"LineString","coordinates":[[11.70824,48.10897],[11.71028,48.11339]]},"properties":{"id":"sl_b54acdb6","name":"Von-Erckert-Straße","kind":"street","a":[48.10897,11.70824],"b":[48.11339,11.71028],"length_m":515,"max_offset_m":5.5,"bearing_ab":17.2,"bearing_ba":197.2,"obstruction_toward_a_deg":0.75,"obstruction_toward_b_deg":0.39,"canyon":true,"featured":false,"notes":null,"osm_way_ids":[3701271,82528686,146971455,146971456,280294404,1099322204],"bearing_bucket":"000-030","stroke":"#e41a1c","stroke-width":2,"stroke-opacity":0.9}},
{"type":"Feature","geometry":{"type":"LineString","coordinates":[[11.64134,48.13197],[11.63562,48.13269]]},"properties":{"id":"sl_b54fe453","name":"Truderinger Straße","kind":"street","a":[48.13197,11.64134],"b":[48.13269,11.63562],"length_m":433,"max_offset_m":6.4,"bearing_ab":280.6,"bearing_ba":100.6,"obstruction_toward_a_deg":1.31,"obstruction_toward_b_deg":1.31,"canyon":false,"featured":false,"notes":null,"osm_way_ids":[168731755,1107420666],"bearing_bucket":"090-120","stroke":"#4daf4a","stroke-width":2,"stroke-opacity":0.9}},
{"type":"Feature","geometry":{"type":"LineString","coordinates":[[11.59344,48.09609],[11.59986,48.09773]]},"properties":{"id":"sl_b5649b6b","name":null,"kind":"street","a":[48.09609,11.59344],"b":[48.09773,11.59986],"length_m":512,"max_offset_m":1.7,"bearing_ab":69.0,"bearing_ba":249.0,"obstruction_toward_a_deg":0.75,"obstruction_toward_b_deg":2.05,"canyon":false,"featured":false,"notes":null,"osm_way_ids":[23993739],"bearing_bucket":"060-090","stroke":"#ffd92f","stroke-width":2,"stroke-opacity":0.9}},
{"type":"Feature","geometry":{"type":"LineString","coordinates":[[11.50275,48.1494],[11.50849,48.14865]]},"properties":{"id":"sl_b5cc289f","name":"Herthastraße","kind":"street","a":[48.1494,11.50275],"b":[48.14865,11.50849],"length_m":435,"max_offset_m":7.8,"bearing_ab":101.0,"bearing_ba":281.0,"obstruction_toward_a_deg":1.3,"obstruction_toward_b_deg":0.88,"canyon":true,"featured":false,"notes":null,"osm_way_ids":[4075470,322731942],"bearing_bucket":"090-120","stroke":"#4daf4a","stroke-width":2,"stroke-opacity":0.9}},
{"type":"Feature","geometry":{"type":"LineString","coordinates":[[11.5259,48.07916],[11.51991,48.08257]]},"properties":{"id":"sl_b5e9af9d","name":"Hofbrunnstraße","kind":"street","a":[48.07916,11.5259],"b":[48.08257,11.51991],"length_m":586,"max_offset_m":8.0,"bearing_ab":310.3,"bearing_ba":130.3,"obstruction_toward_a_deg":0.66,"obstruction_toward_b_deg":0.66,"canyon":true,"featured":false,"notes":null,"osm_way_ids":[145793177,322667202,886103526,1427539965],"bearing_bucket":"120-150","stroke":"#377eb8","stroke-width":2,"stroke-opacity":0.9}},
{"type":"Feature","geometry":{"type":"LineString","coordinates":[[11.51778,48.21828],[11.51658,48.21293]]},"properties":{"id":"sl_b60a5a54","name":"Ferchenbachstraße","kind":"street","a":[48.21828,11.51778],"b":[48.21293,11.51658],"length_m":601,"max_offset_m":6.2,"bearing_ab":188.5,"bearing_ba":8.5,"obstruction_toward_a_deg":1.74,"obstruction_toward_b_deg":1.74,"canyon":false,"featured":false,"notes":null,"osm_way_ids":[28001102,68512683,88599158,88599162],"bearing_bucket":"000-030","stroke":"#e41a1c","stroke-width":2,"stroke-opacity":0.9}},
{"type":"Feature","geometry":{"type":"LineString","coordinates":[[11.60989,48.13241],[11.59944,48.12528]]},"properties":{"id":"sl_b6239528","name":"Orleansstraße","kind":"street","a":[48.13241,11.60989],"b":[48.12528,11.59944],"length_m":1110,"max_offset_m":6.7,"bearing_ab":224.5,"bearing_ba":44.5,"obstruction_toward_a_deg":0.84,"obstruction_toward_b_deg":1.01,"canyon":false,"featured":false,"notes":null,"osm_way_ids":[31238486,31238487,114254842,114275401,189184129,205348044,205348045,205351381,311747334,311747335,311960665,335959354,385508285,396424245,605871513,1388392087,1446921868,1446921869,1446921870,1446923110,1446927996,1446927997,1446927998,1526435050],"bearing_bucket":"030-060","stroke":"#ff7f00","stroke-width":2,"stroke-opacity":0.9}},
{"type":"Feature","geometry":{"type":"LineString","coordinates":[[11.68181,48.11672],[11.68641,48.1138]]},"properties":{"id":"sl_b632deea","name":"Klothildenstraße","kind":"street","a":[48.11672,11.68181],"b":[48.1138,11.68641],"length_m":472,"max_offset_m":0.4,"bearing_ab":133.5,"bearing_ba":313.5,"obstruction_toward_a_deg":0.81,"obstruction_toward_b_deg":0.81,"canyon":true,"featured":false,"notes":null,"osm_way_ids":[3655042],"bearing_bucket":"120-150","stroke":"#377eb8","stroke-width":2,"stroke-opacity":0.9}},
{"type":"Feature","geometry":{"type":"LineString","coordinates":[[11.4755,48.1653],[11.45964,48.16555]]},"properties":{"id":"sl_b65c0996","name":"Rathochstraße","kind":"street","a":[48.1653,11.4755],"b":[48.16555,11.45964],"length_m":1180,"max_offset_m":7.6,"bearing_ab":271.4,"bearing_ba":91.3,"obstruction_toward_a_deg":0.33,"obstruction_toward_b_deg":0.89,"canyon":true,"featured":false,"notes":null,"osm_way_ids":[18784311],"bearing_bucket":"090-120","stroke":"#4daf4a","stroke-width":2,"stroke-opacity":0.9}},
{"type":"Feature","geometry":{"type":"LineString","coordinates":[[11.52478,48.13574],[11.51997,48.1323]]},"properties":{"id":"sl_b69ad7b8","name":"Westendstraße","kind":"street","a":[48.13574,11.52478],"b":[48.1323,11.51997],"length_m":525,"max_offset_m":6.0,"bearing_ab":223.1,"bearing_ba":43.1,"obstruction_toward_a_deg":1.45,"obstruction_toward_b_deg":2.16,"canyon":false,"featured":false,"notes":null,"osm_way_ids":[55794319,56542062,70483354,151623339,387216973,387216974,1421510626,1421510629,1497658200,1497658204,1497658206,1497658208],"bearing_bucket":"030-060","stroke":"#ff7f00","stroke-width":2,"stroke-opacity":0.9}},
{"type":"Feature","geometry":{"type":"LineString","coordinates":[[11.55169,48.11235],[11.54491,48.11178]]},"properties":{"id":"sl_b6c8fa2b","name":"Brudermühlstraße","kind":"street","a":[48.11235,11.55169],"b":[48.11178,11.54491],"length_m":509,"max_offset_m":7.2,"bearing_ab":262.8,"bearing_ba":82.8,"obstruction_toward_a_deg":1.47,"obstruction_toward_b_deg":1.83,"canyon":true,"featured":false,"notes":null,"osm_way_ids":[323443314,323443315,323443316,479131611,481256911,1154457052,1243461503,1434548177],"bearing_bucket":"060-090","stroke":"#ffd92f","stroke-width":2,"stroke-opacity":0.9}},
{"type":"Feature","geometry":{"type":"LineString","coordinates":[[11.48837,48.17291],[11.48929,48.17815]]},"properties":{"id":"sl_b6d35dcf","name":"Waldhornstraße","kind":"street","a":[48.17291,11.48837],"b":[48.17815,11.48929],"length_m":587,"max_offset_m":5.4,"bearing_ab":6.7,"bearing_ba":186.7,"obstruction_toward_a_deg":1.79,"obstruction_toward_b_deg":1.79,"canyon":false,"featured":false,"notes":null,"osm_way_ids":[35877177,90247986],"bearing_bucket":"000-030","stroke":"#e41a1c","stroke-width":2,"stroke-opacity":0.9}},
{"type":"Feature","geometry":{"type":"LineString","coordinates":[[11.52614,48.11634],[11.51957,48.11345]]},"properties":{"id":"sl_b743f517","name":"Albert-Roßhaupter-Straße","kind":"street","a":[48.11634,11.52614],"b":[48.11345,11.51957],"length_m":586,"max_offset_m":7.2,"bearing_ab":236.7,"bearing_ba":56.7,"obstruction_toward_a_deg":1.28,"obstruction_toward_b_deg":1.28,"canyon":false,"featured":false,"notes":null,"osm_way_ids":[252359169,315156357,315156361,727013710,1491048447,1491048448,1491048449,1491048450,1491048451,1491048452,1491048453,1491052347,1491052349,1491052352],"bearing_bucket":"030-060","stroke":"#ff7f00","stroke-width":2,"stroke-opacity":0.9}},
{"type":"Feature","geometry":{"type":"LineString","coordinates":[[11.50442,48.18543],[11.50202,48.19241]]},"properties":{"id":"sl_b7741b5f","name":"Dachauer Straße","kind":"street","a":[48.18543,11.50442],"b":[48.19241,11.50202],"length_m":796,"max_offset_m":7.5,"bearing_ab":347.1,"bearing_ba":167.1,"obstruction_toward_a_deg":0.71,"obstruction_toward_b_deg":0.48,"canyon":false,"featured":false,"notes":null,"osm_way_ids":[32455108,34072174,34072177,1169866992,1276235767],"bearing_bucket":"150-180","stroke":"#984ea3","stroke-width":2,"stroke-opacity":0.9}},
{"type":"Feature","geometry":{"type":"LineString","coordinates":[[11.50399,48.21573],[11.49619,48.21748]]},"properties":{"id":"sl_b7d4b52d","name":"Karlsfelder Straße","kind":"street","a":[48.21573,11.50399],"b":[48.21748,11.49619],"length_m":611,"max_offset_m":6.7,"bearing_ab":288.5,"bearing_ba":108.5,"obstruction_toward_a_deg":1.72,"obstruction_toward_b_deg":1.72,"canyon":false,"featured":false,"notes":null,"osm_way_ids":[4839110,36786778],"bearing_bucket":"090-120","stroke":"#4daf4a","stroke-width":2,"stroke-opacity":0.9}},
{"type":"Feature","geometry":{"type":"LineString","coordinates":[[11.57758,48.14556],[11.58303,48.14427]]},"properties":{"id":"sl_b85ceeef","name":"Altstadtringtunnel","kind":"street","a":[48.14556,11.57758],"b":[48.14427,11.58303],"length_m":430,"max_offset_m":7.8,"bearing_ab":109.4,"bearing_ba":289.4,"obstruction_toward_a_deg":1.77,"obstruction_toward_b_deg":0.89,"canyon":false,"featured":false,"notes":null,"osm_way_ids":[144692953,292960293],"bearing_bucket":"090-120","stroke":"#4daf4a","stroke-width":2,"stroke-opacity":0.9}},
{"type":"Feature","geometry":{"type":"LineString","coordinates":[[11.69078,48.12853],[11.68442,48.1285]]},"properties":{"id":"sl_b90d15a3","name":null,"kind":"street","a":[48.12853,11.69078],"b":[48.1285,11.68442],"length_m":473,"max_offset_m":0.6,"bearing_ab":269.5,"bearing_ba":89.5,"obstruction_toward_a_deg":1.97,"obstruction_toward_b_deg":1.2,"canyon":false,"featured":false,"notes":null,"osm_way_ids":[378145228],"bearing_bucket":"060-090","stroke":"#ffd92f","stroke-width":2,"stroke-opacity":0.9}},
{"type":"Feature","geometry":{"type":"LineString","coordinates":[[11.70158,48.11701],[11.69722,48.11467]]},"properties":{"id":"sl_b9317db7","name":"Rotkehlchenweg","kind":"street","a":[48.11701,11.70158],"b":[48.11467,11.69722],"length_m":416,"max_offset_m":4.2,"bearing_ab":231.3,"bearing_ba":51.3,"obstruction_toward_a_deg":0.92,"obstruction_toward_b_deg":0.92,"canyon":false,"featured":false,"notes":null,"osm_way_ids":[2746738,1214718470],"bearing_bucket":"030-060","stroke":"#ff7f00","stroke-width":2,"stroke-opacity":0.9}},
{"type":"Feature","geometry":{"type":"LineString","coordinates":[[11.4704,48.15672],[11.47837,48.15687]]},"properties":{"id":"sl_b95cab63","name":null,"kind":"street","a":[48.15672,11.4704],"b":[48.15687,11.47837],"length_m":593,"max_offset_m":6.5,"bearing_ab":88.4,"bearing_ba":268.4,"obstruction_toward_a_deg":0.65,"obstruction_toward_b_deg":0.65,"canyon":true,"featured":false,"notes":null,"osm_way_ids":[1548938532],"bearing_bucket":"060-090","stroke":"#ffd92f","stroke-width":2,"stroke-opacity":0.9}},
{"type":"Feature","geometry":{"type":"LineString","coordinates":[[11.53817,48.13247],[11.53856,48.13695]]},"properties":{"id":"sl_b96d5c9c","name":"Geroltstraße","kind":"street","a":[48.13247,11.53817],"b":[48.13695,11.53856],"length_m":499,"max_offset_m":7.2,"bearing_ab":3.4,"bearing_ba":183.4,"obstruction_toward_a_deg":1.87,"obstruction_toward_b_deg":1.5,"canyon":true,"featured":false,"notes":null,"osm_way_ids":[4074932,127907907,127907908,127907909,1513608553,1533312035],"bearing_bucket":"000-030","stroke":"#e41a1c","stroke-width":2,"stroke-opacity":0.9}},
{"type":"Feature","geometry":{"type":"LineString","coordinates":[[11.66572,48.146],[11.65847,48.14705]]},"properties":{"id":"sl_b986a73e","name":"Schichtlstraße","kind":"street","a":[48.146,11.66572],"b":[48.14705,11.65847],"length_m":552,"max_offset_m":4.6,"bearing_ab":282.2,"bearing_ba":102.2,"obstruction_toward_a_deg":1.9,"obstruction_toward_b_deg":0.7,"canyon":true,"featured":false,"notes":null,"osm_way_ids":[10441236,27101251,37744150,37744151,299633307,858985652],"bearing_bucket":"090-120","stroke":"#4daf4a","stroke-width":2,"stroke-opacity":0.9}},
{"type":"Feature","geometry":{"type":"LineString","coordinates":[[11.55681,48.09038],[11.55785,48.09495]]},"properties":{"id":"sl_ba03f9de","name":"Geiselgasteigstraße","kind":"street","a":[48.09038,11.55681],"b":[48.09495,11.55785],"length_m":514,"max_offset_m":7.5,"bearing_ab":8.7,"bearing_ba":188.7,"obstruction_toward_a_deg":0.75,"obstruction_toward_b_deg":0.75,"canyon":true,"featured":false,"notes":null,"osm_way_ids":[156422917,172406250,820215618,1091914567,1091914568,1299521018,1434879735],"bearing_bucket":"000-030","stroke":"#e41a1c","stroke-width":2,"stroke-opacity":0.9}},
{"type":"Feature","geometry":{"type":"LineString","coordinates":[[11.52036,48.16063],[11.51228,48.15984]]},"properties":{"id":"sl_ba2dd3ad","name":"Tizianstraße","kind":"street","a":[48.16063,11.52036],"b":[48.15984,11.51228],"length_m":607,"max_offset_m":4.8,"bearing_ab":261.7,"bearing_ba":81.7,"obstruction_toward_a_deg":0.63,"obstruction_toward_b_deg":0.93,"canyon":true,"featured":false,"notes":null,"osm_way_ids":[873280439,873280440,958877708,958877709,1177917277],"bearing_bucket":"060-090","stroke":"#ffd92f","stroke-width":2,"stroke-opacity":0.9}},
{"type":"Feature","geometry":{"type":"LineString","coordinates":[[11.56447,48.16453],[11.57467,48.16344]]},"properties":{"id":"sl_ba56d719","name":"Clemensstraße","kind":"street","a":[48.16453,11.56447],"b":[48.16344,11.57467],"length_m":768,"max_offset_m":7.1,"bearing_ab":99.1,"bearing_ba":279.1,"obstruction_toward_a_deg":1.1,"obstruction_toward_b_deg":0.98,"canyon":true,"featured":false,"notes":null,"osm_way_ids":[300559205,851153414,874500365],"bearing_bucket":"090-120","stroke":"#4daf4a","stroke-width":2,"stroke-opacity":0.9}},
{"type":"Feature","geometry":{"type":"LineString","coordinates":[[11.70408,48.12426],[11.71241,48.12661]]},"properties":{"id":"sl_baa70111","name":null,"kind":"street","a":[48.12426,11.70408],"b":[48.12661,11.71241],"length_m":673,"max_offset_m":4.9,"bearing_ab":67.2,"bearing_ba":247.2,"obstruction_toward_a_deg":1.56,"obstruction_toward_b_deg":1.56,"canyon":false,"featured":false,"notes":null,"osm_way_ids":[4499661],"bearing_bucket":"060-090","stroke":"#ffd92f","stroke-width":2,"stroke-opacity":0.9}},
{"type":"Feature","geometry":{"type":"LineString","coordinates":[[11.49203,48.11372],[11.48363,48.11541]]},"properties":{"id":"sl_baf85ac5","name":"Windeckstraße","kind":"street","a":[48.11372,11.49203],"b":[48.11541,11.48363],"length_m":653,"max_offset_m":6.5,"bearing_ab":286.7,"bearing_ba":106.7,"obstruction_toward_a_deg":0.87,"obstruction_toward_b_deg":0.59,"canyon":true,"featured":false,"notes":null,"osm_way_ids":[17704111,1457144435],"bearing_bucket":"090-120","stroke":"#4daf4a","stroke-width":2,"stroke-opacity":0.9}},
{"type":"Feature","geometry":{"type":"LineString","coordinates":[[11.48534,48.08865],[11.48038,48.09005]]},"properties":{"id":"sl_bb0d752f","name":"Engadiner Straße","kind":"street","a":[48.08865,11.48534],"b":[48.09005,11.48038],"length_m":401,"max_offset_m":5.4,"bearing_ab":292.9,"bearing_ba":112.9,"obstruction_toward_a_deg":1.87,"obstruction_toward_b_deg":1.41,"canyon":false,"featured":false,"notes":null,"osm_way_ids":[15071136,27145423,1100890445],"bearing_bucket":"090-120","stroke":"#4daf4a","stroke-width":2,"stroke-opacity":0.9}},
{"type":"Feature","geometry":{"type":"LineString","coordinates":[[11.47262,48.11926],[11.47828,48.12226]]},"properties":{"id":"sl_bbc2187e","name":"Haderunstraße","kind":"street","a":[48.11926,11.47262],"b":[48.12226,11.47828],"length_m":538,"max_offset_m":3.1,"bearing_ab":51.6,"bearing_ba":231.6,"obstruction_toward_a_deg":0.37,"obstruction_toward_b_deg":0.71,"canyon":true,"featured":false,"notes":null,"osm_way_ids":[273331294,1417142867,1445789564,1445805792,1445805796,1445805797,1445805802],"bearing_bucket":"030-060","stroke":"#ff7f00","stroke-width":2,"stroke-opacity":0.9}},
{"type":"Feature","geometry":{"type":"LineString","coordinates":[[11.60581,48.17593],[11.60201,48.17235]]},"properties":{"id":"sl_bbcf03e4","name":null,"kind":"street","a":[48.17593,11.60581],"b":[48.17235,11.60201],"length_m":489,"max_offset_m":0.2,"bearing_ab":215.3,"bearing_ba":35.3,"obstruction_toward_a_deg":2.15,"obstruction_toward_b_deg":2.15,"canyon":false,"featured":false,"notes":null,"osm_way_ids":[100857117],"bearing_bucket":"030-060","stroke":"#ff7f00","stroke-width":2,"stroke-opacity":0.9}},
{"type":"Feature","geometry":{"type":"LineString","coordinates":[[11.52556,48.09837],[11.53334,48.09909]]},"properties":{"id":"sl_bbd3d08f","name":null,"kind":"street","a":[48.09837,11.52556],"b":[48.09909,11.53334],"length_m":585,"max_offset_m":5.3,"bearing_ab":82.2,"bearing_ba":262.2,"obstruction_toward_a_deg":0.34,"obstruction_toward_b_deg":1.28,"canyon":true,"featured":false,"notes":null,"osm_way_ids":[10696529],"bearing_bucket":"060-090","stroke":"#ffd92f","stroke-width":2,"stroke-opacity":0.9}},
{"type":"Feature","geometry":{"type":"LineString","coordinates":[[11.40523,48.13555],[11.41417,48.13774]]},"properties":{"id":"sl_bc271316","name":"Centa-Hafenbrädl-Straße","kind":"street","a":[48.13555,11.40523],"b":[48.13774,11.41417],"length_m":709,"max_offset_m":7.7,"bearing_ab":69.9,"bearing_ba":249.9,"obstruction_toward_a_deg":1.48,"obstruction_toward_b_deg":1.48,"canyon":false,"featured":false,"notes":null,"osm_way_ids":[98361930,465239904,465239905,814940749,1210852096,1210852097],"bearing_bucket":"060-090","stroke":"#ffd92f","stroke-width":2,"stroke-opacity":0.9}},
{"type":"Feature","geometry":{"type":"LineString","coordinates":[[11.56754,48.17672],[11.57257,48.17801]]},"properties":{"id":"sl_bc3f966b","name":"Petuelring","kind":"street","a":[48.17672,11.56754],"b":[48.17801,11.57257],"length_m":401,"max_offset_m":7.1,"bearing_ab":69.1,"bearing_ba":249.1,"obstruction_toward_a_deg":2.33,"obstruction_toward_b_deg":0.5,"canyon":false,"featured":false,"notes":null,"osm_way_ids":[4673888,36928526,36928527,36928528,36965394,36965395,273821770,310707193,339558890,339558891,339558892,339558896,339558897,339558898],"bearing_bucket":"060-090","stroke":"#ffd92f","stroke-width":2,"stroke-opacity":0.9}},
{"type":"Feature","geometry":{"type":"LineString","coordinates":[[11.47731,48.10969],[11.47782,48.10516]]},"properties":{"id":"sl_bc444dc3","name":"Heiglhofstraße","kind":"street","a":[48.10969,11.47731],"b":[48.10516,11.47782],"length_m":506,"max_offset_m":5.5,"bearing_ab":175.7,"bearing_ba":355.7,"obstruction_toward_a_deg":1.67,"obstruction_toward_b_deg":1.48,"canyon":false,"featured":false,"notes":null,"osm_way_ids":[125118418,172635011,1445971519,1445971876,1445972868,1445972869,1445972871,1445972872],"bearing_bucket":"150-180","stroke":"#984ea3","stroke-width":2,"stroke-opacity":0.9}},
{"type":"Feature","geometry":{"type":"LineString","coordinates":[[11.56309,48.15998],[11.56464,48.16588]]},"properties":{"id":"sl_bc70167d","name":"Schleißheimer Straße","kind":"street","a":[48.15998,11.56309],"b":[48.16588,11.56464],"length_m":667,"max_offset_m":7.7,"bearing_ab":10.0,"bearing_ba":190.0,"obstruction_toward_a_deg":0.85,"obstruction_toward_b_deg":1.4,"canyon":false,"featured":false,"notes":null,"osm_way_ids":[31344435,37666059,42446216,51086842,160026050,371861008,874500366],"bearing_bucket":"000-030","stroke":"#e41a1c","stroke-width":2,"stroke-opacity":0.9}},
{"type":"Feature","geometry":{"type":"LineString","coordinates":[[11.61762,48.20525],[11.61568,48.20164]]},"properties":{"id":"sl_bc8371fe","name":"Burmesterstraße","kind":"street","a":[48.20525,11.61762],"b":[48.20164,11.61568],"length_m":426,"max_offset_m":7.6,"bearing_ab":199.8,"bearing_ba":19.8,"obstruction_toward_a_deg":1.33,"obstruction_toward_b_deg":3.91,"canyon":false,"featured":false,"notes":null,"osm_way_ids":[306449569,306449571,1530445923],"bearing_bucket":"000-030","stroke":"#e41a1c","stroke-width":2,"stroke-opacity":0.9}},
{"type":"Feature","geometry":{"type":"LineString","coordinates":[[11.56979,48.14455],[11.5749,48.14314]]},"properties":{"id":"sl_bd0ac71e","name":"Brienner Straße","kind":"street","a":[48.14455,11.56979],"b":[48.14314,11.5749],"length_m":412,"max_offset_m":6.8,"bearing_ab":112.4,"bearing_ba":292.4,"obstruction_toward_a_deg":1.82,"obstruction_toward_b_deg":2.06,"canyon":true,"featured":false,"notes":null,"osm_way_ids":[25943195,25943198,43040852,43040870,51787590,151526822,241324016,292948255,1342612381,1501553731,1501553732],"bearing_bucket":"090-120","stroke":"#4daf4a","stroke-width":2,"stroke-opacity":0.9}},
{"type":"Feature","geometry":{"type":"LineString","coordinates":[[11.65173,48.11264],[11.65552,48.11598]]},"properties":{"id":"sl_bd409ed5","name":"Säntisstraße","kind":"street","a":[48.11264,11.65173],"b":[48.11598,11.65552],"length_m":466,"max_offset_m":6.0,"bearing_ab":37.3,"bearing_ba":217.3,"obstruction_toward_a_deg":0.82,"obstruction_toward_b_deg":0.82,"canyon":true,"featured":false,"notes":null,"osm_way_ids":[2898068],"bearing_bucket":"030-060","stroke":"#ff7f00","stroke-width":2,"stroke-opacity":0.9}},
{"type":"Feature","geometry":{"type":"LineString","coordinates":[[11.55723,48.20004],[11.5572,48.20439]]},"properties":{"id":"sl_bdbfe505","name":"Maßliebchenstraße","kind":"street","a":[48.20004,11.55723],"b":[48.20439,11.5572],"length_m":484,"max_offset_m":2.3,"bearing_ab":359.7,"bearing_ba":179.7,"obstruction_toward_a_deg":2.17,"obstruction_toward_b_deg":0.79,"canyon":false,"featured":false,"notes":null,"osm_way_ids":[23823420,729070262,734147506,734147507,734148317],"bearing_bucket":"150-180","stroke":"#984ea3","stroke-width":2,"stroke-opacity":0.9}},
{"type":"Feature","geometry":{"type":"LineString","coordinates":[[11.59065,48.13255],[11.59613,48.13415]]},"properties":{"id":"sl_be141589","name":"Innere Wiener Straße","kind":"street","a":[48.13255,11.59065],"b":[48.13415,11.59613],"length_m":445,"max_offset_m":7.9,"bearing_ab":66.4,"bearing_ba":246.4,"obstruction_toward_a_deg":2.51,"obstruction_toward_b_deg":1.69,"canyon":true,"featured":false,"notes":null,"osm_way_ids":[156646480,156646487,445351846,1458109251,1458109252,1458109253,1458109254,1458109255,1458109256,1458109257,1458109258,1458109259,1458144520,1458144521],"bearing_bucket":"060-090","stroke":"#ffd92f","stroke-width":2,"stroke-opacity":0.9}},
{"type":"Feature","geometry":{"type":"LineString","coordinates":[[11.59365,48.12296],[11.58696,48.12184]]},"properties":{"id":"sl_be287f5a","name":"Welfenstraße","kind":"street","a":[48.12296,11.59365],"b":[48.12184,11.58696],"length_m":514,"max_offset_m":5.9,"bearing_ab":255.9,"bearing_ba":75.9,"obstruction_toward_a_deg":2.17,"obstruction_toward_b_deg":2.17,"canyon":true,"featured":false,"notes":null,"osm_way_ids":[151087452,1459117631,1459117632,1459117633,1459117634,1459117635,1459117636,1459117637,1459117639,1459119210,1459119211,1459119214],"bearing_bucket":"060-090","stroke":"#ffd92f","stroke-width":2,"stroke-opacity":0.9}},
{"type":"Feature","geometry":{"type":"LineString","coordinates":[[11.69733,48.10432],[11.69244,48.10238]]},"properties":{"id":"sl_be31731b","name":null,"kind":"street","a":[48.10432,11.69733],"b":[48.10238,11.69244],"length_m":423,"max_offset_m":8.0,"bearing_ab":239.5,"bearing_ba":59.5,"obstruction_toward_a_deg":0.91,"obstruction_toward_b_deg":0.91,"canyon":true,"featured":false,"notes":null,"osm_way_ids":[1534903735,1534903741],"bearing_bucket":"030-060","stroke":"#ff7f00","stroke-width":2,"stroke-opacity":0.9}},
{"type":"Feature","geometry":{"type":"LineString","coordinates":[[11.56215,48.21746],[11.5628,48.21198]]},"properties":{"id":"sl_be4a354b","name":"Schleißheimer Straße","kind":"street","a":[48.21746,11.56215],"b":[48.21198,11.5628],"length_m":612,"max_offset_m":7.9,"bearing_ab":175.4,"bearing_ba":355.4,"obstruction_toward_a_deg":1.71,"obstruction_toward_b_deg":1.53,"canyon":false,"featured":false,"notes":null,"osm_way_ids":[4406776,152375674,256576370,269170233,375743542],"bearing_bucket":"150-180","stroke":"#984ea3","stroke-width":2,"stroke-opacity":0.9}},
{"type":"Feature","geometry":{"type":"LineString","coordinates":[[11.50278,48.09272],[11.50315,48.08383]]},"properties":{"id":"sl_be76ad0a","name":"Drygalski-Allee","kind":"street","a":[48.09272,11.50278],"b":[48.08383,11.50315],"length_m":989,"max_offset_m":7.9,"bearing_ab":178.4,"bearing_ba":358.4,"obstruction_toward_a_deg":0.53,"obstruction_toward_b_deg":1.69,"canyon":false,"featured":false,"notes":null,"osm_way_ids":[58422396,145460197,146918657,158316216,296774662,307775419,390310664,1425223820,1425223821,1426245034,1426245035,1426245036,1426245037,1427148529,1427148531,1427148533,1427148539],"bearing_bucket":"150-180","stroke":"#984ea3","stroke-width":2,"stroke-opacity":0.9}},
{"type":"Feature","geometry":{"type":"LineString","coordinates":[[11.55234,48.20832],[11.5425,48.20923]]},"properties":{"id":"sl_be97fee0","name":"Weitlstraße","kind":"street","a":[48.20832,11.55234],"b":[48.20923,11.5425],"length_m":738,"max_offset_m":7.8,"bearing_ab":277.9,"bearing_ba":97.9,"obstruction_toward_a_deg":0.77,"obstruction_toward_b_deg":1.76,"canyon":false,"featured":false,"notes":null,"osm_way_ids":[4704011,69685268,503215361,503826340],"bearing_bucket":"090-120","stroke":"#4daf4a","stroke-width":2,"stroke-opacity":0.9}},
{"type":"Feature","geometry":{"type":"LineString","coordinates":[[11.53141,48.15461],[11.53667,48.15598]]},"properties":{"id":"sl_bea68911","name":"Volkartstraße","kind":"street","a":[48.15461,11.53141],"b":[48.15598,11.53667],"length_m":420,"max_offset_m":7.0,"bearing_ab":68.7,"bearing_ba":248.7,"obstruction_toward_a_deg":1.79,"obstruction_toward_b_deg":2.66,"canyon":true,"featured":false,"notes":null,"osm_way_ids":[4211363,4810638,8150374,1046549384,1046549385,1046549386,1186530646],"bearing_bucket":"060-090","stroke":"#ffd92f","stroke-width":2,"stroke-opacity":0.9}},
{"type":"Feature","geometry":{"type":"LineString","coordinates":[[11.657,48.09054],[11.65175,48.0922]]},"properties":{"id":"sl_bea9c83f","name":"Otto-Hahn-Ring","kind":"street","a":[48.09054,11.657],"b":[48.0922,11.65175],"length_m":432,"max_offset_m":6.2,"bearing_ab":295.3,"bearing_ba":115.3,"obstruction_toward_a_deg":1.1,"obstruction_toward_b_deg":2.42,"canyon":false,"featured":false,"notes":null,"osm_way_ids":[165316000,251534693,280299707,303512839,1054141907,1060104752],"bearing_bucket":"090-120","stroke":"#4daf4a","stroke-width":2,"stroke-opacity":0.9}},
{"type":"Feature","geometry":{"type":"LineString","coordinates":[[11.53283,48.133],[11.52843,48.13038]]},"properties":{"id":"sl_becd0277","name":"Garmischer Straße","kind":"street","a":[48.133,11.53283],"b":[48.13038,11.52843],"length_m":439,"max_offset_m":7.9,"bearing_ab":228.3,"bearing_ba":48.3,"obstruction_toward_a_deg":2.39,"obstruction_toward_b_deg":0.46,"canyon":false,"featured":false,"notes":null,"osm_way_ids":[4288177,26967798,30294027,53104736,264448391,264448394,364988556,364988557],"bearing_bucket":"030-060","stroke":"#ff7f00","stroke-width":2,"stroke-opacity":0.9}},
{"type":"Feature","geometry":{"type":"LineString","coordinates":[[11.53176,48.09556],[11.5401,48.09636]]},"properties":{"id":"sl_bede0bee","name":"Rupert-Mayer-Straße","kind":"street","a":[48.09556,11.53176],"b":[48.09636,11.5401],"length_m":627,"max_offset_m":6.5,"bearing_ab":81.9,"bearing_ba":261.9,"obstruction_toward_a_deg":1.05,"obstruction_toward_b_deg":1.05,"canyon":false,"featured":false,"notes":null,"osm_way_ids":[4348095,56176919,242604318,813219365,813219907,1419178307],"bearing_bucket":"060-090","stroke":"#ffd92f","stroke-width":2,"stroke-opacity":0.9}},
{"type":"Feature","geometry":{"type":"LineString","coordinates":[[11.50243,48.1163],[11.51279,48.11807]]},"properties":{"id":"sl_bee02046","name":"Ehrwalder Straße","kind":"street","a":[48.1163,11.50243],"b":[48.11807,11.51279],"length_m":796,"max_offset_m":6.6,"bearing_ab":75.7,"bearing_ba":255.7,"obstruction_toward_a_deg":0.48,"obstruction_toward_b_deg":0.48,"canyon":true,"featured":false,"notes":null,"osm_way_ids":[81976799,263911304,1488597945,1488597948,1488597949,1488597950,1488597953,1488597954,1488597955,1488597957,1534487080,1534487081,1534487082,1534487083],"bearing_bucket":"060-090","stroke":"#ffd92f","stroke-width":2,"stroke-opacity":0.9}},
{"type":"Feature","geometry":{"type":"LineString","coordinates":[[11.46732,48.16476],[11.467,48.15893]]},"properties":{"id":"sl_bf499793","name":"Meyerbeerstraße","kind":"street","a":[48.16476,11.46732],"b":[48.15893,11.467],"length_m":648,"max_offset_m":6.9,"bearing_ab":182.1,"bearing_ba":2.1,"obstruction_toward_a_deg":0.44,"obstruction_toward_b_deg":0.59,"canyon":false,"featured":false,"notes":null,"osm_way_ids":[4055867,1221241270,1427074236],"bearing_bucket":"000-030","stroke":"#e41a1c","stroke-width":2,"stroke-opacity":0.9}},
{"type":"Feature","geometry":{"type":"LineString","coordinates":[[11.45885,48.19707],[11.46951,48.19819]]},"properties":{"id":"sl_bfd50066","name":"Ludwigsfelder Straße","kind":"street","a":[48.19707,11.45885],"b":[48.19819,11.46951],"length_m":802,"max_offset_m":5.1,"bearing_ab":81.1,"bearing_ba":261.1,"obstruction_toward_a_deg":1.31,"obstruction_toward_b_deg":1.31,"canyon":false,"featured":false,"notes":null,"osm_way_ids":[4096404,385509169,1034797774,1162983456,1393768530,1393768531,1393768532,1425250943,1425250944,1425250946],"bearing_bucket":"060-090","stroke":"#ffd92f","stroke-width":2,"stroke-opacity":0.9}},
{"type":"Feature","geometry":{"type":"LineString","coordinates":[[11.60163,48.10365],[11.59958,48.10764]]},"properties":{"id":"sl_bfe7466c","name":"Aschauer Straße","kind":"street","a":[48.10365,11.60163],"b":[48.10764,11.59958],"length_m":469,"max_offset_m":6.4,"bearing_ab":341.0,"bearing_ba":161.0,"obstruction_toward_a_deg":0.82,"obstruction_toward_b_deg":1.6,"canyon":false,"featured":false,"notes":null,"osm_way_ids":[38562402,134136139,143478215,804864671,1424968453],"bearing_bucket":"150-180","stroke":"#984ea3","stroke-width":2,"stroke-opacity":0.9}},
{"type":"Feature","geometry":{"type":"LineString","coordinates":[[11.54249,48.116],[11.54905,48.11572]]},"properties":{"id":"sl_c03e6775","name":"Wackersberger Straße","kind":"street","a":[48.116,11.54249],"b":[48.11572,11.54905],"length_m":490,"max_offset_m":7.1,"bearing_ab":93.8,"bearing_ba":273.8,"obstruction_toward_a_deg":1.91,"obstruction_toward_b_deg":1.91,"canyon":false,"featured":false,"notes":null,"osm_way_ids":[4673724,158425930,158425934,1133381656,1495878834,1495878835],"bearing_bucket":"090-120","stroke":"#4daf4a","stroke-width":2,"stroke-opacity":0.9}},
{"type":"Feature","geometry":{"type":"LineString","coordinates":[[11.593,48.17641],[11.59815,48.1817]]},"properties":{"id":"sl_c057978c","name":"Walter-Gropius-Straße","kind":"street","a":[48.17641,11.593],"b":[48.1817,11.59815],"length_m":702,"max_offset_m":5.7,"bearing_ab":33.1,"bearing_ba":213.1,"obstruction_toward_a_deg":1.49,"obstruction_toward_b_deg":4.42,"canyon":false,"featured":false,"notes":null,"osm_way_ids":[5215660,81951287,345245031],"bearing_bucket":"030-060","stroke":"#ff7f00","stroke-width":2,"stroke-opacity":0.9}},
{"type":"Feature","geometry":{"type":"LineString","coordinates":[[11.48559,48.11086],[11.49203,48.11137]]},"properties":{"id":"sl_c05937d4","name":"Pfingstrosenstraße","kind":"street","a":[48.11086,11.48559],"b":[48.11137,11.49203],"length_m":483,"max_offset_m":7.6,"bearing_ab":83.2,"bearing_ba":263.2,"obstruction_toward_a_deg":0.79,"obstruction_toward_b_deg":0.42,"canyon":true,"featured":false,"notes":null,"osm_way_ids":[15064336,28852789,1354944637],"bearing_bucket":"060-090","stroke":"#ffd92f","stroke-width":2,"stroke-opacity":0.9}},
{"type":"Feature","geometry":{"type":"LineString","coordinates":[[11.64491,48.13885],[11.63658,48.13853]]},"properties":{"id":"sl_c07359b8","name":"Zamdorfer Straße","kind":"street","a":[48.13885,11.64491],"b":[48.13853,11.63658],"length_m":621,"max_offset_m":5.7,"bearing_ab":266.8,"bearing_ba":86.8,"obstruction_toward_a_deg":1.69,"obstruction_toward_b_deg":0.32,"canyon":false,"featured":false,"notes":null,"osm_way_ids":[86328242,312656398],"bearing_bucket":"060-090","stroke":"#ffd92f","stroke-width":2,"stroke-opacity":0.9}},
{"type":"Feature","geometry":{"type":"LineString","coordinates":[[11.42706,48.15275],[11.42021,48.15091]]},"properties":{"id":"sl_c0764e19","name":"Seldeneckstraße","kind":"street","a":[48.15275,11.42706],"b":[48.15091,11.42021],"length_m":549,"max_offset_m":5.8,"bearing_ab":248.1,"bearing_ba":68.1,"obstruction_toward_a_deg":0.7,"obstruction_toward_b_deg":0.7,"canyon":true,"featured":false,"notes":null,"osm_way_ids":[2413235,1257112229],"bearing_bucket":"060-090","stroke":"#ffd92f","stroke-width":2,"stroke-opacity":0.9}},
{"type":"Feature","geometry":{"type":"LineString","coordinates":[[11.65517,48.12465],[11.66476,48.12143]]},"properties":{"id":"sl_c0850d00","name":"Kreillerstraße","kind":"street","a":[48.12465,11.65517],"b":[48.12143,11.66476],"length_m":799,"max_offset_m":7.1,"bearing_ab":116.6,"bearing_ba":296.6,"obstruction_toward_a_deg":0.6,"obstruction_toward_b_deg":0.25,"canyon":false,"featured":false,"notes":null,"osm_way_ids":[25797045,31344617,187720237,377972367,377972369,377972370,377972372,377972374,377972376,377972377,377972378,377972380,834698099,834702311,1420688732],"bearing_bucket":"090-120","stroke":"#4daf4a","stroke-width":2,"stroke-opacity":0.9}},
{"type":"Feature","geometry":{"type":"LineString","coordinates":[[11.41454,48.14655],[11.41256,48.15237]]},"properties":{"id":"sl_c0e7d147","name":"Riesenburgstraße","kind":"street","a":[48.14655,11.41454],"b":[48.15237,11.41256],"length_m":663,"max_offset_m":7.3,"bearing_ab":347.2,"bearing_ba":167.2,"obstruction_toward_a_deg":1.27,"obstruction_toward_b_deg":1.13,"canyon":false,"featured":false,"notes":null,"osm_way_ids":[27228139,30819810,30819811,372091378],"bearing_bucket":"150-180","stroke":"#984ea3","stroke-width":2,"stroke-opacity":0.9}},
{"type":"Feature","geometry":{"type":"LineString","coordinates":[[11.58203,48.09829],[11.56838,48.09256]]},"properties":{"id":"sl_c107d057","name":"Naupliastraße","kind":"street","a":[48.09829,11.58203],"b":[48.09256,11.56838],"length_m":1200,"max_offset_m":7.8,"bearing_ab":237.9,"bearing_ba":57.9,"obstruction_toward_a_deg":0.55,"obstruction_toward_b_deg":0.32,"canyon":true,"featured":false,"notes":null,"osm_way_ids":[37429909,143488545,143488546,151846856,292770994,314501985,314501986,314501988,314501989,314501990,341943357,341943358,341943359,341943360,341943361,341943362,341943363,341943364,341943365,341943366,341943367,341943368,341943369,542596831,1435311915,1435311920,1435315259,1435315260,1435315261,1435315263,1435315264,1435316618,1435316619,1435316620,1435316621,1435316622,1435316623,1435318804,1435318805,1435318806,1435318807,1435318808],"bearing_bucket":"030-060","stroke":"#ff7f00","stroke-width":2,"stroke-opacity":0.9}},
{"type":"Feature","geometry":{"type":"LineString","coordinates":[[11.48487,48.13685],[11.50189,48.13543]]},"properties":{"id":"sl_c1203331","name":"Gotthardstraße","kind":"street","a":[48.13685,11.48487],"b":[48.13543,11.50189],"length_m":1276,"max_offset_m":5.1,"bearing_ab":97.1,"bearing_ba":277.1,"obstruction_toward_a_deg":0.3,"obstruction_toward_b_deg":0.59,"canyon":false,"featured":false,"notes":null,"osm_way_ids":[30578368,38077003,153184477,272455485,343008978,594740424,1167408677,1167713964,1323657094],"bearing_bucket":"090-120","stroke":"#4daf4a","stroke-width":2,"stroke-opacity":0.9}},
{"type":"Feature","geometry":{"type":"LineString","coordinates":[[11.57525,48.14274],[11.58074,48.14167]]},"properties":{"id":"sl_c12c013f","name":"Westlicher Stadtgraben","kind":"canal","a":[48.14274,11.57525],"b":[48.14167,11.58074],"length_m":425,"max_offset_m":7.2,"bearing_ab":106.3,"bearing_ba":286.3,"obstruction_toward_a_deg":2.19,"obstruction_toward_b_deg":2.46,"canyon":false,"featured":false,"notes":null,"osm_way_ids":[293888644],"bearing_bucket":"090-120","stroke":"#4daf4a","stroke-width":2,"stroke-opacity":0.9}},
{"type":"Feature","geometry":{"type":"LineString","coordinates":[[11.41042,48.15664],[11.41615,48.15616]]},"properties":{"id":"sl_c134280a","name":null,"kind":"street","a":[48.15664,11.41042],"b":[48.15616,11.41615],"length_m":429,"max_offset_m":6.1,"bearing_ab":97.2,"bearing_ba":277.2,"obstruction_toward_a_deg":0.47,"obstruction_toward_b_deg":0.71,"canyon":false,"featured":false,"notes":null,"osm_way_ids":[22966070],"bearing_bucket":"090-120","stroke":"#4daf4a","stroke-width":2,"stroke-opacity":0.9}},
{"type":"Feature","geometry":{"type":"LineString","coordinates":[[11.66715,48.18],[11.6612,48.18019]]},"properties":{"id":"sl_c13e55a1","name":"Am Hierlbach","kind":"street","a":[48.18,11.66715],"b":[48.18019,11.6612],"length_m":443,"max_offset_m":0.3,"bearing_ab":272.7,"bearing_ba":92.7,"obstruction_toward_a_deg":2.36,"obstruction_toward_b_deg":2.36,"canyon":false,"featured":false,"notes":null,"osm_way_ids":[37744251],"bearing_bucket":"090-120","stroke":"#4daf4a","stroke-width":2,"stroke-opacity":0.9}},
{"type":"Feature","geometry":{"type":"LineString","coordinates":[[11.47781,48.11548],[11.4619,48.1143]]},"properties":{"id":"sl_c164112d","name":"Würmtalstraße","kind":"street","a":[48.11548,11.47781],"b":[48.1143,11.4619],"length_m":1192,"max_offset_m":6.1,"bearing_ab":263.6,"bearing_ba":83.6,"obstruction_toward_a_deg":0.4,"obstruction_toward_b_deg":0.88,"canyon":false,"featured":false,"notes":null,"osm_way_ids":[8143442,24990543,24991116,27145317,53106690,105208777,292630591,350282969,397979374,505334950,704795812,984923078,1373609763,1373609764,1417142827,1444275908,1444275909,1444277519,1444277520,1444277521,1444277522,1444282057,1445785327],"bearing_bucket":"060-090","stroke":"#ffd92f","stroke-width":2,"stroke-opacity":0.9}},
{"type":"Feature","geometry":{"type":"LineString","coordinates":[[11.46413,48.15671],[11.46356,48.15164]]},"properties":{"id":"sl_c1968b72","name":"Floßmannstraße","kind":"street","a":[48.15671,11.46413],"b":[48.15164,11.46356],"length_m":565,"max_offset_m":5.0,"bearing_ab":184.3,"bearing_ba":4.3,"obstruction_toward_a_deg":0.68,"obstruction_toward_b_deg":0.68,"canyon":true,"featured":false,"notes":null,"osm_way_ids":[124270140,706139902],"bearing_bucket":"000-030","stroke":"#e41a1c","stroke-width":2,"stroke-opacity":0.9}},
{"type":"Feature","geometry":{"type":"LineString","coordinates":[[11.68221,48.11742],[11.69056,48.11245]]},"properties":{"id":"sl_c197eee9","name":"Florastraße","kind":"street","a":[48.11742,11.68221],"b":[48.11245,11.69056],"length_m":833,"max_offset_m":1.0,"bearing_ab":131.6,"bearing_ba":311.7,"obstruction_toward_a_deg":0.46,"obstruction_toward_b_deg":0.46,"canyon":true,"featured":false,"notes":null,"osm_way_ids":[24986163,56314194,1187769792],"bearing_bucket":"120-150","stroke":"#377eb8","stroke-width":2,"stroke-opacity":0.9}},
{"type":"Feature","geometry":{"type":"LineString","coordinates":[[11.47622,48.1034],[11.47987,48.09758]]},"properties":{"id":"sl_c19c4797","name":null,"kind":"street","a":[48.1034,11.47622],"b":[48.09758,11.47987],"length_m":702,"max_offset_m":7.9,"bearing_ab":157.2,"bearing_ba":337.2,"obstruction_toward_a_deg":1.49,"obstruction_toward_b_deg":1.49,"canyon":false,"featured":false,"notes":null,"osm_way_ids":[34425598],"bearing_bucket":"150-180","stroke":"#984ea3","stroke-width":2,"stroke-opacity":0.9}},
{"type":"Feature","geometry":{"type":"LineString","coordinates":[[11.3891,48.17696],[11.39483,48.17482]]},"properties":{"id":"sl_c1a56bcc","name":"Erlbachstraße","kind":"street","a":[48.17696,11.3891],"b":[48.17482,11.39483],"length_m":488,"max_offset_m":6.1,"bearing_ab":119.1,"bearing_ba":299.1,"obstruction_toward_a_deg":0.79,"obstruction_toward_b_deg":0.79,"canyon":true,"featured":false,"notes":null,"osm_way_ids":[8259571,1102435421,1168601443],"bearing_bucket":"090-120","stroke":"#4daf4a","stroke-width":2,"stroke-opacity":0.9}},
{"type":"Feature","geometry":{"type":"LineString","coordinates":[[11.55322,48.1364],[11.56463,48.13638]]},"properties":{"id":"sl_c1a6aafe","name":"Landwehrstraße","kind":"street","a":[48.1364,11.55322],"b":[48.13638,11.56463],"length_m":850,"max_offset_m":5.9,"bearing_ab":90.2,"bearing_ba":270.2,"obstruction_toward_a_deg":1.1,"obstruction_toward_b_deg":1.31,"canyon":true,"featured":false,"notes":null,"osm_way_ids":[146800310,146800311,151304010,151304011,152284451,457360987,457360991,991884184,1443414775],"bearing_bucket":"090-120","stroke":"#4daf4a","stroke-width":2,"stroke-opacity":0.9}},
{"type":"Feature","geometry":{"type":"LineString","coordinates":[[11.62481,48.09241],[11.63057,48.09219]]},"properties":{"id":"sl_c1f2278f","name":"Weidener Straße","kind":"street","a":[48.09241,11.62481],"b":[48.09219,11.63057],"length_m":430,"max_offset_m":5.4,"bearing_ab":93.3,"bearing_ba":273.3,"obstruction_toward_a_deg":0.89,"obstruction_toward_b_deg":0.89,"canyon":true,"featured":false,"notes":null,"osm_way_ids":[141138038],"bearing_bucket":"090-120","stroke":"#4daf4a","stroke-width":2,"stroke-opacity":0.9}},
{"type":"Feature","geometry":{"type":"LineString","coordinates":[[11.44634,48.18019],[11.4548,48.18245]]},"properties":{"id":"sl_c286b1ca","name":"Auenbruggerstraße","kind":"street","a":[48.18019,11.44634],"b":[48.18245,11.4548],"length_m":677,"max_offset_m":6.9,"bearing_ab":68.2,"bearing_ba":248.2,"obstruction_toward_a_deg":1.55,"obstruction_toward_b_deg":1.55,"canyon":true,"featured":false,"notes":null,"osm_way_ids":[32821317,1456325235],"bearing_bucket":"060-090","stroke":"#ffd92f","stroke-width":2,"stroke-opacity":0.9}},
{"type":"Feature","geometry":{"type":"LineString","coordinates":[[11.56289,48.09222],[11.56369,48.09583]]},"properties":{"id":"sl_c29966b8","name":"Grünwalder Straße","kind":"street","a":[48.09222,11.56289],"b":[48.09583,11.56369],"length_m":406,"max_offset_m":7.9,"bearing_ab":8.5,"bearing_ba":188.5,"obstruction_toward_a_deg":0.95,"obstruction_toward_b_deg":1.4,"canyon":false,"featured":false,"notes":null,"osm_way_ids":[277098634,293475333,315825106,420137367,1299105693,1436224203,1436224204,1436224207,1436481761],"bearing_bucket":"000-030","stroke":"#e41a1c","stroke-width":2,"stroke-opacity":0.9}},
{"type":"Feature","geometry":{"type":"LineString","coordinates":[[11.56588,48.18792],[11.55988,48.18744]]},"properties":{"id":"sl_c2c5828a","name":"Motorstraße","kind":"street","a":[48.18792,11.56588],"b":[48.18744,11.55988],"length_m":450,"max_offset_m":4.0,"bearing_ab":263.2,"bearing_ba":83.2,"obstruction_toward_a_deg":1.26,"obstruction_toward_b_deg":1.67,"canyon":true,"featured":false,"notes":null,"osm_way_ids":[4482473,187709547],"bearing_bucket":"060-090","stroke":"#ffd92f","stroke-width":2,"stroke-opacity":0.9}},
{"type":"Feature","geometry":{"type":"LineString","coordinates":[[11.62919,48.13104],[11.6195,48.13296]]},"properties":{"id":"sl_c3d909df","name":"Neumarkter Straße","kind":"street","a":[48.13104,11.62919],"b":[48.13296,11.6195],"length_m":752,"max_offset_m":7.5,"bearing_ab":286.5,"bearing_ba":106.5,"obstruction_toward_a_deg":0.75,"obstruction_toward_b_deg":0.75,"canyon":true,"featured":false,"notes":null,"osm_way_ids":[4062191,4957112,685493759,685493760,913680609,1524539676,1524539677,1524539843,1524539844,1524540737],"bearing_bucket":"090-120","stroke":"#4daf4a","stroke-width":2,"stroke-opacity":0.9}},
{"type":"Feature","geometry":{"type":"LineString","coordinates":[[11.57467,48.16344],[11.58021,48.16397]]},"properties":{"id":"sl_c3eb23b0","name":"Clemensstraße","kind":"street","a":[48.16344,11.57467],"b":[48.16397,11.58021],"length_m":416,"max_offset_m":7.9,"bearing_ab":81.9,"bearing_ba":261.9,"obstruction_toward_a_deg":1.8,"obstruction_toward_b_deg":1.8,"canyon":true,"featured":false,"notes":null,"osm_way_ids":[38626587,83028197,851153416],"bearing_bucket":"060-090","stroke":"#ffd92f","stroke-width":2,"stroke-opacity":0.9}},
{"type":"Feature","geometry":{"type":"LineString","coordinates":[[11.46258,48.13638],[11.46137,48.1416]]},"properties":{"id":"sl_c43688ed","name":"Bäckerstraße","kind":"street","a":[48.13638,11.46258],"b":[48.1416,11.46137],"length_m":588,"max_offset_m":7.1,"bearing_ab":351.2,"bearing_ba":171.2,"obstruction_toward_a_deg":0.65,"obstruction_toward_b_deg":0.65,"canyon":false,"featured":false,"notes":null,"osm_way_ids":[272795288,273339307],"bearing_bucket":"150-180","stroke":"#984ea3","stroke-width":2,"stroke-opacity":0.9}},
{"type":"Feature","geometry":{"type":"LineString","coordinates":[[11.54834,48.11782],[11.54858,48.12402]]},"properties":{"id":"sl_c4d1a70a","name":"Implerstraße","kind":"street","a":[48.11782,11.54834],"b":[48.12402,11.54858],"length_m":690,"max_offset_m":6.3,"bearing_ab":1.5,"bearing_ba":181.5,"obstruction_toward_a_deg":1.09,"obstruction_toward_b_deg":1.35,"canyon":true,"featured":false,"notes":null,"osm_way_ids":[39168606,39168607,89239721,315202562,639462391,860195829,860195830,1459942345,1459942346,1495864994,1495864995,1495869603,1495869604,1495869605,1495869606,1495869607,1495869608,1495869609,1495869610,1495869611,1495869613,1495869614,1495869615,1495869616],"bearing_bucket":"000-030","stroke":"#e41a1c","stroke-width":2,"stroke-opacity":0.9}},
{"type":"Feature","geometry":{"type":"LineString","coordinates":[[11.69489,48.1133],[11.69863,48.11016]]},"properties":{"id":"sl_c54f3ceb","name":"Am Hochstand","kind":"street","a":[48.1133,11.69489],"b":[48.11016,11.69863],"length_m":447,"max_offset_m":5.6,"bearing_ab":141.4,"bearing_ba":321.4,"obstruction_toward_a_deg":0.65,"obstruction_toward_b_deg":0.86,"canyon":true,"featured":false,"notes":null,"osm_way_ids":[3189024],"bearing_bucket":"120-150","stroke":"#377eb8","stroke-width":2,"stroke-opacity":0.9}},
{"type":"Feature","geometry":{"type":"LineString","coordinates":[[11.42849,48.17386],[11.42118,48.17444]]},"properties":{"id":"sl_c5c13134","name":"Lochhausener Straße","kind":"street","a":[48.17386,11.42849],"b":[48.17444,11.42118],"length_m":547,"max_offset_m":6.7,"bearing_ab":276.8,"bearing_ba":96.8,"obstruction_toward_a_deg":1.92,"obstruction_toward_b_deg":1.92,"canyon":false,"featured":false,"notes":null,"osm_way_ids":[4629199,4796556,176703476,217304302,217304303,234874697,234874698,234874699,234874700,234874701,234874702,234874877,280269660,280269661,280269662,280269663,292601703],"bearing_bucket":"090-120","stroke":"#4daf4a","stroke-width":2,"stroke-opacity":0.9}},
{"type":"Feature","geometry":{"type":"LineString","coordinates":[[11.61928,48.17187],[11.63121,48.18561]]},"properties":{"id":"sl_c5e50a8a","name":"Isar","kind":"river","a":[48.17187,11.61928],"b":[48.18561,11.63121],"length_m":1766,"max_offset_m":4.9,"bearing_ab":30.2,"bearing_ba":210.2,"obstruction_toward_a_deg":0.59,"obstruction_toward_b_deg":0.59,"canyon":false,"featured":false,"notes":null,"osm_way_ids":[41734235],"bearing_bucket":"030-060","stroke":"#ff7f00","stroke-width":2,"stroke-opacity":0.9}},
{"type":"Feature","geometry":{"type":"LineString","coordinates":[[11.53558,48.11228],[11.53562,48.11598]]},"properties":{"id":"sl_c64ba6ae","name":"Marbachstraße","kind":"street","a":[48.11228,11.53558],"b":[48.11598,11.53562],"length_m":411,"max_offset_m":6.6,"bearing_ab":0.4,"bearing_ba":180.4,"obstruction_toward_a_deg":2.55,"obstruction_toward_b_deg":2.27,"canyon":false,"featured":false,"notes":null,"osm_way_ids":[4393193,1491275157,1491275158],"bearing_bucket":"000-030","stroke":"#e41a1c","stroke-width":2,"stroke-opacity":0.9}},
{"type":"Feature","geometry":{"type":"LineString","coordinates":[[11.5732,48.14619],[11.55836,48.15027]]},"properties":{"id":"sl_c6924d7e","name":"Gabelsbergerstraße","kind":"street","a":[48.14619,11.5732],"b":[48.15027,11.55836],"length_m":1194,"max_offset_m":5.8,"bearing_ab":292.3,"bearing_ba":112.3,"obstruction_toward_a_deg":0.63,"obstruction_toward_b_deg":0.94,"canyon":true,"featured":false,"notes":null,"osm_way_ids":[40317927,134941605,134941607,149935562,362368395,456746073,549021913,943540701,943540702,943540703],"bearing_bucket":"090-120","stroke":"#4daf4a","stroke-width":2,"stroke-opacity":0.9}},
{"type":"Feature","geometry":{"type":"LineString","coordinates":[[11.65578,48.09341],[11.64981,48.09545]]},"properties":{"id":"sl_c6eade77","name":"Putzbrunner Straße","kind":"street","a":[48.09341,11.65578],"b":[48.09545,11.64981],"length_m":499,"max_offset_m":7.8,"bearing_ab":297.0,"bearing_ba":117.0,"obstruction_toward_a_deg":0.4,"obstruction_toward_b_deg":0.95,"canyon":false,"featured":false,"notes":null,"osm_way_ids":[4268731,43636417,251534696,251534700,292748634,1075829175,1075829183,1386938661],"bearing_bucket":"090-120","stroke":"#4daf4a","stroke-width":2,"stroke-opacity":0.9}},
{"type":"Feature","geometry":{"type":"LineString","coordinates":[[11.65466,48.10962],[11.6547,48.10563]]},"properties":{"id":"sl_c6f9b22b","name":null,"kind":"street","a":[48.10962,11.65466],"b":[48.10563,11.6547],"length_m":444,"max_offset_m":6.6,"bearing_ab":179.6,"bearing_ba":359.6,"obstruction_toward_a_deg":3.75,"obstruction_toward_b_deg":3.75,"canyon":true,"featured":false,"notes":null,"osm_way_ids":[131643815],"bearing_bucket":"150-180","stroke":"#984ea3","stroke-width":2,"stroke-opacity":0.9}},
{"type":"Feature","geometry":{"type":"LineString","coordinates":[[11.64124,48.12654],[11.65461,48.12477]]},"properties":{"id":"sl_c7273ec0","name":"Kreillerstraße","kind":"street","a":[48.12654,11.64124],"b":[48.12477,11.65461],"length_m":1015,"max_offset_m":7.4,"bearing_ab":101.2,"bearing_ba":281.2,"obstruction_toward_a_deg":0.74,"obstruction_toward_b_deg":0.38,"canyon":false,"featured":false,"notes":null,"osm_way_ids":[22723624,132236432,152720513,187720238,211461758,290582408,377972368,377972375,377972379,482542910,1222314078,1420688733,1420688734],"bearing_bucket":"090-120","stroke":"#4daf4a","stroke-width":2,"stroke-opacity":0.9}},
{"type":"Feature","geometry":{"type":"LineString","coordinates":[[11.66636,48.0852],[11.66379,48.08166]]},"properties":{"id":"sl_c7688a39","name":"Koboldstraße","kind":"street","a":[48.0852,11.66636],"b":[48.08166,11.66379],"length_m":437,"max_offset_m":7.9,"bearing_ab":205.9,"bearing_ba":25.9,"obstruction_toward_a_deg":0.88,"obstruction_toward_b_deg":0.88,"canyon":true,"featured":false,"notes":null,"osm_way_ids":[27583804],"bearing_bucket":"000-030","stroke":"#e41a1c","stroke-width":2,"stroke-opacity":0.9}},
{"type":"Feature","geometry":{"type":"LineString","coordinates":[[11.54515,48.11711],[11.54546,48.12177]]},"properties":{"id":"sl_c779e6ab","name":"Aberlestraße","kind":"street","a":[48.11711,11.54515],"b":[48.12177,11.54546],"length_m":519,"max_offset_m":5.6,"bearing_ab":2.5,"bearing_ba":182.5,"obstruction_toward_a_deg":1.45,"obstruction_toward_b_deg":1.45,"canyon":true,"featured":false,"notes":null,"osm_way_ids":[1133381657,1133381658,1215570660,1495900832,1495900833,1495900834],"bearing_bucket":"000-030","stroke":"#e41a1c","stroke-width":2,"stroke-opacity":0.9}},
{"type":"Feature","geometry":{"type":"LineString","coordinates":[[11.64188,48.20789],[11.64443,48.21123]]},"properties":{"id":"sl_c792968e","name":null,"kind":"street","a":[48.20789,11.64188],"b":[48.21123,11.64443],"length_m":416,"max_offset_m":7.0,"bearing_ab":27.0,"bearing_ba":207.0,"obstruction_toward_a_deg":2.52,"obstruction_toward_b_deg":2.52,"canyon":false,"featured":false,"notes":null,"osm_way_ids":[41222976],"bearing_bucket":"000-030","stroke":"#e41a1c","stroke-width":2,"stroke-opacity":0.9}},
{"type":"Feature","geometry":{"type":"LineString","coordinates":[[11.69747,48.10601],[11.69129,48.10358]]},"properties":{"id":"sl_c80ea390","name":"Kranichweg","kind":"street","a":[48.10601,11.69747],"b":[48.10358,11.69129],"length_m":534,"max_offset_m":2.9,"bearing_ab":239.5,"bearing_ba":59.5,"obstruction_toward_a_deg":0.38,"obstruction_toward_b_deg":0.72,"canyon":true,"featured":false,"notes":null,"osm_way_ids":[3846306,1116758652,1154677976],"bearing_bucket":"030-060","stroke":"#ff7f00","stroke-width":2,"stroke-opacity":0.9}},
{"type":"Feature","geometry":{"type":"LineString","coordinates":[[11.61132,48.08954],[11.60976,48.09302]]},"properties":{"id":"sl_c88542b2","name":"Balanstraße","kind":"street","a":[48.08954,11.61132],"b":[48.09302,11.60976],"length_m":404,"max_offset_m":7.8,"bearing_ab":343.3,"bearing_ba":163.3,"obstruction_toward_a_deg":0.95,"obstruction_toward_b_deg":0.95,"canyon":true,"featured":false,"notes":null,"osm_way_ids":[42150873,254844701,351615228,351615235,862167814],"bearing_bucket":"150-180","stroke":"#984ea3","stroke-width":2,"stroke-opacity":0.9}},
{"type":"Feature","geometry":{"type":"LineString","coordinates":[[11.58449,48.1672],[11.57911,48.16706]]},"properties":{"id":"sl_c8920e23","name":"Rheinstraße","kind":"street","a":[48.1672,11.58449],"b":[48.16706,11.57911],"length_m":401,"max_offset_m":6.2,"bearing_ab":267.9,"bearing_ba":87.9,"obstruction_toward_a_deg":2.79,"obstruction_toward_b_deg":2.62,"canyon":false,"featured":false,"notes":null,"osm_way_ids":[249275877,300559237],"bearing_bucket":"060-090","stroke":"#ffd92f","stroke-width":2,"stroke-opacity":0.9}},
{"type":"Feature","geometry":{"type":"LineString","coordinates":[[11.45504,48.20137],[11.45404,48.20728]]},"properties":{"id":"sl_c8b29c0d","name":"Siberstraße","kind":"street","a":[48.20137,11.45504],"b":[48.20728,11.45404],"length_m":661,"max_offset_m":3.5,"bearing_ab":353.5,"bearing_ba":173.5,"obstruction_toward_a_deg":1.59,"obstruction_toward_b_deg":1.59,"canyon":false,"featured":false,"notes":null,"osm_way_ids":[32623943,36839076,82297876],"bearing_bucket":"150-180","stroke":"#984ea3","stroke-width":2,"stroke-opacity":0.9}},
{"type":"Feature","geometry":{"type":"LineString","coordinates":[[11.48979,48.14191],[11.48864,48.13745]]},"properties":{"id":"sl_c926e09e","name":"Reutterstraße","kind":"street","a":[48.14191,11.48979],"b":[48.13745,11.48864],"length_m":503,"max_offset_m":7.8,"bearing_ab":189.8,"bearing_ba":9.8,"obstruction_toward_a_deg":1.13,"obstruction_toward_b_deg":0.76,"canyon":true,"featured":false,"notes":null,"osm_way_ids":[4218698,4271284,159179345],"bearing_bucket":"000-030","stroke":"#e41a1c","stroke-width":2,"stroke-opacity":0.9}},
{"type":"Feature","geometry":{"type":"LineString","coordinates":[[11.57618,48.19694],[11.57618,48.20074]]},"properties":{"id":"sl_c94a5f10","name":null,"kind":"street","a":[48.19694,11.57618],"b":[48.20074,11.57618],"length_m":422,"max_offset_m":7.7,"bearing_ab":0.0,"bearing_ba":180.0,"obstruction_toward_a_deg":0.91,"obstruction_toward_b_deg":0.48,"canyon":false,"featured":false,"notes":null,"osm_way_ids":[23284079],"bearing_bucket":"000-030","stroke":"#e41a1c","stroke-width":2,"stroke-opacity":0.9}},
{"type":"Feature","geometry":{"type":"LineString","coordinates":[[11.50817,48.12984],[11.51428,48.12901]]},"properties":{"id":"sl_c95b094f","name":"Endelhauserstraße","kind":"street","a":[48.12984,11.50817],"b":[48.12901,11.51428],"length_m":464,"max_offset_m":4.5,"bearing_ab":101.4,"bearing_ba":281.4,"obstruction_toward_a_deg":1.62,"obstruction_toward_b_deg":0.83,"canyon":true,"featured":false,"notes":null,"osm_way_ids":[81976798,1133547187],"bearing_bucket":"090-120","stroke":"#4daf4a","stroke-width":2,"stroke-opacity":0.9}},
{"type":"Feature","geometry":{"type":"LineString","coordinates":[[11.53671,48.17871],[11.5367,48.18235]]},"properties":{"id":"sl_c963acf9","name":"Riesstraße","kind":"street","a":[48.17871,11.53671],"b":[48.18235,11.5367],"length_m":404,"max_offset_m":7.2,"bearing_ab":359.9,"bearing_ba":179.9,"obstruction_toward_a_deg":2.76,"obstruction_toward_b_deg":2.31,"canyon":false,"featured":false,"notes":null,"osm_way_ids":[30909703,95629374,95629375,102010760,102010762],"bearing_bucket":"150-180","stroke":"#984ea3","stroke-width":2,"stroke-opacity":0.9}},
{"type":"Feature","geometry":{"type":"LineString","coordinates":[[11.4977,48.19853],[11.49078,48.20696]]},"properties":{"id":"sl_c987fb1b","name":"Auf den Schrederwiesen","kind":"street","a":[48.19853,11.4977],"b":[48.20696,11.49078],"length_m":1070,"max_offset_m":7.8,"bearing_ab":331.3,"bearing_ba":151.3,"obstruction_toward_a_deg":0.98,"obstruction_toward_b_deg":0.98,"canyon":false,"featured":false,"notes":null,"osm_way_ids":[32630909,32630913,32848323,33061134,269170227,543641830],"bearing_bucket":"150-180","stroke":"#984ea3","stroke-width":2,"stroke-opacity":0.9}},
{"type":"Feature","geometry":{"type":"LineString","coordinates":[[11.66931,48.13989],[11.66797,48.13603]]},"properties":{"id":"sl_c9a2b390","name":"Schatzbogen","kind":"street","a":[48.13989,11.66931],"b":[48.13603,11.66797],"length_m":440,"max_offset_m":6.3,"bearing_ab":193.1,"bearing_ba":13.1,"obstruction_toward_a_deg":2.38,"obstruction_toward_b_deg":1.29,"canyon":false,"featured":false,"notes":null,"osm_way_ids":[3342924,51783984,109933060,152570499,152570501,191567725,734898607],"bearing_bucket":"000-030","stroke":"#e41a1c","stroke-width":2,"stroke-opacity":0.9}},
{"type":"Feature","geometry":{"type":"LineString","coordinates":[[11.6028,48.18004],[11.59927,48.17652]]},"properties":{"id":"sl_c9df10db","name":"Garchinger Straße","kind":"street","a":[48.18004,11.6028],"b":[48.17652,11.59927],"length_m":471,"max_offset_m":0.6,"bearing_ab":213.9,"bearing_ba":33.9,"obstruction_toward_a_deg":1.4,"obstruction_toward_b_deg":1.2,"canyon":true,"featured":false,"notes":null,"osm_way_ids":[5214443,161782251],"bearing_bucket":"030-060","stroke":"#ff7f00","stroke-width":2,"stroke-opacity":0.9}},
{"type":"Feature","geometry":{"type":"LineString","coordinates":[[11.45661,48.15276],[11.44912,48.15814]]},"properties":{"id":"sl_ca1c8d6d","name":"Alte Allee","kind":"street","a":[48.15276,11.45661],"b":[48.15814,11.44912],"length_m":818,"max_offset_m":7.9,"bearing_ab":317.1,"bearing_ba":137.0,"obstruction_toward_a_deg":0.25,"obstruction_toward_b_deg":0.47,"canyon":false,"featured":false,"notes":null,"osm_way_ids":[193085143,203010196,372390076,1109748558,1495821044],"bearing_bucket":"120-150","stroke":"#377eb8","stroke-width":2,"stroke-opacity":0.9}},
{"type":"Feature","geometry":{"type":"LineString","coordinates":[[11.52222,48.12129],[11.52916,48.12152]]},"properties":{"id":"sl_ca5884af","name":"Heiterwanger Straße","kind":"street","a":[48.12129,11.52222],"b":[48.12152,11.52916],"length_m":517,"max_offset_m":6.2,"bearing_ab":87.2,"bearing_ba":267.2,"obstruction_toward_a_deg":1.1,"obstruction_toward_b_deg":1.45,"canyon":true,"featured":false,"notes":null,"osm_way_ids":[143863921],"bearing_bucket":"060-090","stroke":"#ffd92f","stroke-width":2,"stroke-opacity":0.9}},
{"type":"Feature","geometry":{"type":"LineString","coordinates":[[11.60381,48.17081],[11.59738,48.16322]]},"properties":{"id":"sl_ca816b65","name":"Osterwaldstraße","kind":"street","a":[48.17081,11.60381],"b":[48.16322,11.59738],"length_m":970,"max_offset_m":5.7,"bearing_ab":209.5,"bearing_ba":29.5,"obstruction_toward_a_deg":1.15,"obstruction_toward_b_deg":0.77,"canyon":false,"featured":false,"notes":null,"osm_way_ids":[89360868,159542749,1054397156],"bearing_bucket":"000-030","stroke":"#e41a1c","stroke-width":2,"stroke-opacity":0.9}},
{"type":"Feature","geometry":{"type":"LineString","coordinates":[[11.53587,48.15203],[11.55597,48.14803]]},"properties":{"id":"sl_ca87492e","name":"Nymphenburger Straße","kind":"street","a":[48.15203,11.53587],"b":[48.14803,11.55597],"length_m":1560,"max_offset_m":5.9,"bearing_ab":106.6,"bearing_ba":286.6,"obstruction_toward_a_deg":0.48,"obstruction_toward_b_deg":0.6,"canyon":false,"featured":false,"notes":null,"osm_way_ids":[4513896,26836882,26836883,30817196,55607472,87598989,134171465,310707185,310707189,310707190,310707192,874202015,874202016,874206099,1418922358,1447154874,1460781829],"bearing_bucket":"090-120","stroke":"#4daf4a","stroke-width":2,"stroke-opacity":0.9}},
{"type":"Feature","geometry":{"type":"LineString","coordinates":[[11.59264,48.18703],[11.59879,48.18637]]},"properties":{"id":"sl_cb33b781","name":"Max-Bill-Straße","kind":"street","a":[48.18703,11.59264],"b":[48.18637,11.59879],"length_m":463,"max_offset_m":4.8,"bearing_ab":99.2,"bearing_ba":279.2,"obstruction_toward_a_deg":2.21,"obstruction_toward_b_deg":1.82,"canyon":true,"featured":false,"notes":null,"osm_way_ids":[5491698,367312708,1106188703,1106188706],"bearing_bucket":"090-120","stroke":"#4daf4a","stroke-width":2,"stroke-opacity":0.9}},
{"type":"Feature","geometry":{"type":"LineString","coordinates":[[11.49555,48.11312],[11.50227,48.11315]]},"properties":{"id":"sl_cb58812b","name":"Hans-Grässel-Weg","kind":"street","a":[48.11312,11.49555],"b":[48.11315,11.50227],"length_m":500,"max_offset_m":5.9,"bearing_ab":89.7,"bearing_ba":269.7,"obstruction_toward_a_deg":0.77,"obstruction_toward_b_deg":1.5,"canyon":true,"featured":false,"notes":null,"osm_way_ids":[158895079,1334970446,1372982824,1457137342,1457137344],"bearing_bucket":"060-090","stroke":"#ffd92f","stroke-width":2,"stroke-opacity":0.9}},
{"type":"Feature","geometry":{"type":"LineString","coordinates":[[11.45172,48.15991],[11.45182,48.15629]]},"properties":{"id":"sl_cb7f4e0d","name":"Lipperheidestraße","kind":"street","a":[48.15991,11.45172],"b":[48.15629,11.45182],"length_m":402,"max_offset_m":5.5,"bearing_ab":179.0,"bearing_ba":359.0,"obstruction_toward_a_deg":1.41,"obstruction_toward_b_deg":0.95,"canyon":true,"featured":false,"notes":null,"osm_way_ids":[18827506,1081389111,1110527604],"bearing_bucket":"150-180","stroke":"#984ea3","stroke-width":2,"stroke-opacity":0.9}},
{"type":"Feature","geometry":{"type":"LineString","coordinates":[[11.57888,48.14535],[11.5842,48.14425]]},"properties":{"id":"sl_cb83222e","name":"Von-der-Tann-Straße","kind":"street","a":[48.14535,11.57888],"b":[48.14425,11.5842],"length_m":415,"max_offset_m":6.5,"bearing_ab":107.0,"bearing_ba":287.0,"obstruction_toward_a_deg":1.91,"obstruction_toward_b_deg":2.53,"canyon":false,"featured":false,"notes":null,"osm_way_ids":[40317918,118282022,149929927,292960298],"bearing_bucket":"090-120","stroke":"#4daf4a","stroke-width":2,"stroke-opacity":0.9}},
{"type":"Feature","geometry":{"type":"LineString","coordinates":[[11.54159,48.19206],[11.53428,48.19275]]},"properties":{"id":"sl_cbaeb77f","name":"Wilhelmine-Reichard-Straße","kind":"street","a":[48.19206,11.54159],"b":[48.19275,11.53428],"length_m":549,"max_offset_m":3.7,"bearing_ab":278.1,"bearing_ba":98.1,"obstruction_toward_a_deg":1.03,"obstruction_toward_b_deg":1.91,"canyon":false,"featured":false,"notes":null,"osm_way_ids":[27655367,37005806,226017832],"bearing_bucket":"090-120","stroke":"#4daf4a","stroke-width":2,"stroke-opacity":0.9}},
{"type":"Feature","geometry":{"type":"LineString","coordinates":[[11.5962,48.12216],[11.59086,48.12095]]},"properties":{"id":"sl_cc1b25e1","name":null,"kind":"street","a":[48.12216,11.5962],"b":[48.12095,11.59086],"length_m":419,"max_offset_m":5.6,"bearing_ab":251.4,"bearing_ba":71.4,"obstruction_toward_a_deg":1.79,"obstruction_toward_b_deg":0.48,"canyon":false,"featured":false,"notes":null,"osm_way_ids":[24162763],"bearing_bucket":"060-090","stroke":"#ffd92f","stroke-width":2,"stroke-opacity":0.9}},
{"type":"Feature","geometry":{"type":"LineString","coordinates":[[11.51842,48.17335],[11.51868,48.16903]]},"properties":{"id":"sl_cc650c7e","name":null,"kind":"street","a":[48.17335,11.51842],"b":[48.16903,11.51868],"length_m":481,"max_offset_m":5.2,"bearing_ab":177.7,"bearing_ba":357.7,"obstruction_toward_a_deg":2.18,"obstruction_toward_b_deg":2.18,"canyon":false,"featured":false,"notes":null,"osm_way_ids":[15688960],"bearing_bucket":"150-180","stroke":"#984ea3","stroke-width":2,"stroke-opacity":0.9}},
{"type":"Feature","geometry":{"type":"LineString","coordinates":[[11.61317,48.15521],[11.61912,48.16181]]},"properties":{"id":"sl_cc881bb8","name":"Oberföhringer Straße","kind":"street","a":[48.15521,11.61317],"b":[48.16181,11.61912],"length_m":857,"max_offset_m":6.1,"bearing_ab":31.1,"bearing_ba":211.1,"obstruction_toward_a_deg":0.45,"obstruction_toward_b_deg":0.45,"canyon":false,"featured":false,"notes":null,"osm_way_ids":[23142608,371904621,1101194318,1101194319,1101194323,1176914567,1176914568],"bearing_bucket":"030-060","stroke":"#ff7f00","stroke-width":2,"stroke-opacity":0.9}},
{"type":"Feature","geometry":{"type":"LineString","coordinates":[[11.49418,48.13606],[11.49458,48.13997]]},"properties":{"id":"sl_cca87062","name":"Stöberlstraße","kind":"street","a":[48.13606,11.49418],"b":[48.13997,11.49458],"length_m":436,"max_offset_m":1.7,"bearing_ab":4.0,"bearing_ba":184.0,"obstruction_toward_a_deg":1.3,"obstruction_toward_b_deg":0.88,"canyon":true,"featured":false,"notes":null,"osm_way_ids":[4218703,152113295,152113297],"bearing_bucket":"000-030","stroke":"#e41a1c","stroke-width":2,"stroke-opacity":0.9}},
{"type":"Feature","geometry":{"type":"LineString","coordinates":[[11.58681,48.18799],[11.56646,48.18726]]},"properties":{"id":"sl_cceb6b6c","name":"Frankfurter Ring","kind":"street","a":[48.18799,11.58681],"b":[48.18726,11.56646],"length_m":1515,"max_offset_m":7.9,"bearing_ab":266.9,"bearing_ba":86.9,"obstruction_toward_a_deg":0.5,"obstruction_toward_b_deg":0.62,"canyon":false,"featured":false,"notes":null,"osm_way_ids":[10318693,24558001,24558003,26824602,26824621,32960502,49072598,93704093,154932252,258548194,258548195,276642027,292792374,366051006,526500463,883500647,1056298488,1056298489,1147615285],"bearing_bucket":"060-090","stroke":"#ffd92f","stroke-width":2,"stroke-opacity":0.9}},
{"type":"Feature","geometry":{"type":"LineString","coordinates":[[11.61646,48.14998],[11.61465,48.13817]]},"properties":{"id":"sl_cd1704cc","name":"Richard-Strauss-Straße","kind":"street","a":[48.14998,11.61646],"b":[48.13817,11.61465],"length_m":1320,"max_offset_m":6.6,"bearing_ab":185.9,"bearing_ba":5.9,"obstruction_toward_a_deg":0.64,"obstruction_toward_b_deg":0.79,"canyon":false,"featured":false,"notes":null,"osm_way_ids":[35078630,79834591,97456091,249714428,249746697,306095305,306095388,341931173,341931190,341931224,1157589908,1215254189,1215254190,1420705729,1558104077],"bearing_bucket":"000-030","stroke":"#e41a1c","stroke-width":2,"stroke-opacity":0.9}},
{"type":"Feature","geometry":{"type":"LineString","coordinates":[[11.57105,48.0983],[11.57302,48.10352]]},"properties":{"id":"sl_cd415e33","name":"Säbener Straße","kind":"street","a":[48.0983,11.57105],"b":[48.10352,11.57302],"length_m":598,"max_offset_m":5.5,"bearing_ab":14.1,"bearing_ba":194.1,"obstruction_toward_a_deg":0.64,"obstruction_toward_b_deg":0.64,"canyon":true,"featured":false,"notes":null,"osm_way_ids":[26778732,26778733,195268771,1436711198,1436711202,1436711203,1537234047,1537234048],"bearing_bucket":"000-030","stroke":"#e41a1c","stroke-width":2,"stroke-opacity":0.9}},
{"type":"Feature","geometry":{"type":"LineString","coordinates":[[11.55954,48.15483],[11.56279,48.16382]]},"properties":{"id":"sl_cd61fdb4","name":"Winzererstraße","kind":"street","a":[48.15483,11.55954],"b":[48.16382,11.56279],"length_m":1027,"max_offset_m":7.3,"bearing_ab":13.6,"bearing_ba":193.6,"obstruction_toward_a_deg":0.2,"obstruction_toward_b_deg":1.18,"canyon":true,"featured":false,"notes":null,"osm_way_ids":[4645396,24998128,29279743,38868688,38868689,38868690,95854514,161766362,312549780,328027165,505114029,1418927599,1418927600,1420375295,1421993407],"bearing_bucket":"000-030","stroke":"#e41a1c","stroke-width":2,"stroke-opacity":0.9}},
{"type":"Feature","geometry":{"type":"LineString","coordinates":[[11.63165,48.12113],[11.63936,48.11974]]},"properties":{"id":"sl_cd7c0d58","name":"Hachinger-Bach-Straße","kind":"street","a":[48.12113,11.63165],"b":[48.11974,11.63936],"length_m":595,"max_offset_m":1.0,"bearing_ab":105.0,"bearing_ba":285.0,"obstruction_toward_a_deg":0.8,"obstruction_toward_b_deg":0.65,"canyon":false,"featured":false,"notes":null,"osm_way_ids":[3615537,26696137,112297307],"bearing_bucket":"090-120","stroke":"#4daf4a","stroke-width":2,"stroke-opacity":0.9}},
{"type":"Feature","geometry":{"type":"LineString","coordinates":[[11.70555,48.10298],[11.71104,48.10517]]},"properties":{"id":"sl_cd7e323d","name":"Von-Gravenreuth-Straße","kind":"street","a":[48.10298,11.70555],"b":[48.10517,11.71104],"length_m":476,"max_offset_m":1.3,"bearing_ab":59.2,"bearing_ba":239.2,"obstruction_toward_a_deg":0.42,"obstruction_toward_b_deg":0.81,"canyon":true,"featured":false,"notes":null,"osm_way_ids":[3709123,1534843045],"bearing_bucket":"030-060","stroke":"#ff7f00","stroke-width":2,"stroke-opacity":0.9}},
{"type":"Feature","geometry":{"type":"LineString","coordinates":[[11.56804,48.15429],[11.56148,48.15615]]},"properties":{"id":"sl_cda6fb02","name":"Görresstraße","kind":"street","a":[48.15429,11.56804],"b":[48.15615,11.56148],"length_m":530,"max_offset_m":6.1,"bearing_ab":292.9,"bearing_ba":112.9,"obstruction_toward_a_deg":1.24,"obstruction_toward_b_deg":1.42,"canyon":true,"featured":false,"notes":null,"osm_way_ids":[4262228,37280852,39322009],"bearing_bucket":"090-120","stroke":"#4daf4a","stroke-width":2,"stroke-opacity":0.9}},
{"type":"Feature","geometry":{"type":"LineString","coordinates":[[11.53665,48.15018],[11.53099,48.14935]]},"properties":{"id":"sl_ce3f5da5","name":"Schlörstraße","kind":"street","a":[48.15018,11.53665],"b":[48.14935,11.53099],"length_m":431,"max_offset_m":2.0,"bearing_ab":257.6,"bearing_ba":77.6,"obstruction_toward_a_deg":1.74,"obstruction_toward_b_deg":1.74,"canyon":true,"featured":false,"notes":null,"osm_way_ids":[4081176,4081177,689710775,1427643827],"bearing_bucket":"060-090","stroke":"#ffd92f","stroke-width":2,"stroke-opacity":0.9}},
{"type":"Feature","geometry":{"type":"LineString","coordinates":[[11.46712,48.16727],[11.4587,48.16737]]},"properties":{"id":"sl_ce49b63a","name":"Betzenweg","kind":"street","a":[48.16727,11.46712],"b":[48.16737,11.4587],"length_m":626,"max_offset_m":6.9,"bearing_ab":271.0,"bearing_ba":91.0,"obstruction_toward_a_deg":1.68,"obstruction_toward_b_deg":1.68,"canyon":true,"featured":false,"notes":null,"osm_way_ids":[18784244,30883542,30883544],"bearing_bucket":"090-120","stroke":"#4daf4a","stroke-width":2,"stroke-opacity":0.9}},
{"type":"Feature","geometry":{"type":"LineString","coordinates":[[11.66188,48.1324],[11.65839,48.12792]]},"properties":{"id":"sl_ce7c4ad0","name":"Karlsburger Straße","kind":"street","a":[48.1324,11.66188],"b":[48.12792,11.65839],"length_m":562,"max_offset_m":7.7,"bearing_ab":207.5,"bearing_ba":27.5,"obstruction_toward_a_deg":0.68,"obstruction_toward_b_deg":1.87,"canyon":false,"featured":false,"notes":null,"osm_way_ids":[4016884,4019637],"bearing_bucket":"000-030","stroke":"#e41a1c","stroke-width":2,"stroke-opacity":0.9}},
{"type":"Feature","geometry":{"type":"LineString","coordinates":[[11.51948,48.11746],[11.51955,48.11362]]},"properties":{"id":"sl_ce89d0a9","name":"Weilheimer Straße","kind":"street","a":[48.11746,11.51948],"b":[48.11362,11.51955],"length_m":428,"max_offset_m":1.3,"bearing_ab":179.3,"bearing_ba":359.3,"obstruction_toward_a_deg":1.33,"obstruction_toward_b_deg":1.75,"canyon":false,"featured":false,"notes":null,"osm_way_ids":[154387073,231570781],"bearing_bucket":"150-180","stroke":"#984ea3","stroke-width":2,"stroke-opacity":0.9}},
{"type":"Feature","geometry":{"type":"LineString","coordinates":[[11.68353,48.12665],[11.70409,48.12684]]},"properties":{"id":"sl_ce8c929a","name":null,"kind":"street","a":[48.12665,11.68353],"b":[48.12684,11.70409],"length_m":1530,"max_offset_m":6.7,"bearing_ab":89.2,"bearing_ba":269.2,"obstruction_toward_a_deg":0.69,"obstruction_toward_b_deg":0.69,"canyon":false,"featured":false,"notes":null,"osm_way_ids":[4426300,4519284,980698435],"bearing_bucket":"060-090","stroke":"#ffd92f","stroke-width":2,"stroke-opacity":0.9}},
{"type":"Feature","geometry":{"type":"LineString","coordinates":[[11.59635,48.13115],[11.60017,48.12854]]},"properties":{"id":"sl_ce9232c8","name":"Sedanstraße","kind":"street","a":[48.13115,11.59635],"b":[48.12854,11.60017],"length_m":407,"max_offset_m":4.1,"bearing_ab":135.6,"bearing_ba":315.6,"obstruction_toward_a_deg":1.85,"obstruction_toward_b_deg":2.3,"canyon":true,"featured":false,"notes":null,"osm_way_ids":[154184915,1459056047,1459056049,1459056051,1459056052,1459058861,1459058864],"bearing_bucket":"120-150","stroke":"#377eb8","stroke-width":2,"stroke-opacity":0.9}},
{"type":"Feature","geometry":{"type":"LineString","coordinates":[[11.58362,48.16237],[11.58269,48.15763]]},"properties":{"id":"sl_cec013c0","name":"Wilhelmstraße","kind":"street","a":[48.16237,11.58362],"b":[48.15763,11.58269],"length_m":531,"max_offset_m":6.9,"bearing_ab":187.5,"bearing_ba":7.5,"obstruction_toward_a_deg":1.41,"obstruction_toward_b_deg":1.41,"canyon":true,"featured":false,"notes":null,"osm_way_ids":[38626602,80737021,86414056,86414063,157106408],"bearing_bucket":"000-030","stroke":"#e41a1c","stroke-width":2,"stroke-opacity":0.9}},
{"type":"Feature","geometry":{"type":"LineString","coordinates":[[11.43689,48.18403],[11.42981,48.18668]]},"properties":{"id":"sl_cef4533e","name":"Goteboldstraße","kind":"street","a":[48.18403,11.43689],"b":[48.18668,11.42981],"length_m":604,"max_offset_m":5.4,"bearing_ab":299.2,"bearing_ba":119.2,"obstruction_toward_a_deg":1.74,"obstruction_toward_b_deg":1.74,"canyon":false,"featured":false,"notes":null,"osm_way_ids":[22702309,149394035,823575410,823575411],"bearing_bucket":"090-120","stroke":"#4daf4a","stroke-width":2,"stroke-opacity":0.9}},
{"type":"Feature","geometry":{"type":"LineString","coordinates":[[11.64811,48.13985],[11.65366,48.13969]]},"properties":{"id":"sl_cf8a1c15","name":"Rappelhofstraße","kind":"street","a":[48.13985,11.64811],"b":[48.13969,11.65366],"length_m":413,"max_offset_m":3.5,"bearing_ab":92.4,"bearing_ba":272.4,"obstruction_toward_a_deg":2.54,"obstruction_toward_b_deg":2.54,"canyon":false,"featured":false,"notes":null,"osm_way_ids":[8226559,50585231,50585234,312447194,1383832788],"bearing_bucket":"090-120","stroke":"#4daf4a","stroke-width":2,"stroke-opacity":0.9}},
{"type":"Feature","geometry":{"type":"LineString","coordinates":[[11.55052,48.14583],[11.54519,48.14692]]},"properties":{"id":"sl_cf95a253","name":"Marsstraße","kind":"street","a":[48.14583,11.55052],"b":[48.14692,11.54519],"length_m":415,"max_offset_m":3.9,"bearing_ab":287.0,"bearing_ba":107.0,"obstruction_toward_a_deg":2.66,"obstruction_toward_b_deg":2.69,"canyon":false,"featured":false,"notes":null,"osm_way_ids":[313579591,313579592,313579593,313579597,663428717],"bearing_bucket":"090-120","stroke":"#4daf4a","stroke-width":2,"stroke-opacity":0.9}},
{"type":"Feature","geometry":{"type":"LineString","coordinates":[[11.54044,48.10436],[11.54126,48.10073]]},"properties":{"id":"sl_cf95ed43","name":"Plinganserstraße","kind":"street","a":[48.10436,11.54044],"b":[48.10073,11.54126],"length_m":408,"max_offset_m":4.4,"bearing_ab":171.4,"bearing_ba":351.4,"obstruction_toward_a_deg":2.73,"obstruction_toward_b_deg":1.39,"canyon":false,"featured":false,"notes":null,"osm_way_ids":[25288457,31987080,143422085,150110013,185529649],"bearing_bucket":"150-180","stroke":"#984ea3","stroke-width":2,"stroke-opacity":0.9}},
{"type":"Feature","geometry":{"type":"LineString","coordinates":[[11.57547,48.15452],[11.56949,48.14503]]},"properties":{"id":"sl_cfd8afe9","name":"Barer Straße","kind":"street","a":[48.15452,11.57547],"b":[48.14503,11.56949],"length_m":1145,"max_offset_m":7.3,"bearing_ab":202.8,"bearing_ba":22.8,"obstruction_toward_a_deg":0.82,"obstruction_toward_b_deg":0.62,"canyon":false,"featured":false,"notes":null,"osm_way_ids":[3845812,28019886,34114237,34130309,89840550,144291470,392069504,392069505,392069506,392069507,1158503619,1158503620,1168569265,1168569266,1362813954],"bearing_bucket":"000-030","stroke":"#e41a1c","stroke-width":2,"stroke-opacity":0.9}},
{"type":"Feature","geometry":{"type":"LineString","coordinates":[[11.46019,48.18475],[11.46589,48.18539]]},"properties":{"id":"sl_d0184c0e","name":"Esmarchstraße","kind":"street","a":[48.18475,11.46019],"b":[48.18539,11.46589],"length_m":430,"max_offset_m":5.7,"bearing_ab":80.4,"bearing_ba":260.4,"obstruction_toward_a_deg":0.89,"obstruction_toward_b_deg":2.44,"canyon":true,"featured":false,"notes":null,"osm_way_ids":[19060323],"bearing_bucket":"060-090","stroke":"#ffd92f","stroke-width":2,"stroke-opacity":0.9}},
{"type":"Feature","geometry":{"type":"LineString","coordinates":[[11.50841,48.08878],[11.51402,48.09449]]},"properties":{"id":"sl_d01e7409","name":"Rohrauerstraße","kind":"street","a":[48.08878,11.50841],"b":[48.09449,11.51402],"length_m":760,"max_offset_m":5.3,"bearing_ab":33.4,"bearing_ba":213.4,"obstruction_toward_a_deg":0.51,"obstruction_toward_b_deg":0.51,"canyon":false,"featured":false,"notes":null,"osm_way_ids":[154956715,157574721],"bearing_bucket":"030-060","stroke":"#ff7f00","stroke-width":2,"stroke-opacity":0.9}},
{"type":"Feature","geometry":{"type":"LineString","coordinates":[[11.65137,48.14776],[11.65639,48.14612]]},"properties":{"id":"sl_d03cd70d","name":"Beuthener Straße","kind":"street","a":[48.14776,11.65137],"b":[48.14612,11.65639],"length_m":416,"max_offset_m":4.8,"bearing_ab":116.1,"bearing_ba":296.1,"obstruction_toward_a_deg":0.92,"obstruction_toward_b_deg":0.92,"canyon":true,"featured":false,"notes":null,"osm_way_ids":[10441247],"bearing_bucket":"090-120","stroke":"#4daf4a","stroke-width":2,"stroke-opacity":0.9}},
{"type":"Feature","geometry":{"type":"LineString","coordinates":[[11.50228,48.13969],[11.50946,48.13949]]},"properties":{"id":"sl_d082c350","name":"Agnes-Bernauer-Straße","kind":"street","a":[48.13969,11.50228],"b":[48.13949,11.50946],"length_m":535,"max_offset_m":7.9,"bearing_ab":92.4,"bearing_ba":272.4,"obstruction_toward_a_deg":1.4,"obstruction_toward_b_deg":1.4,"canyon":false,"featured":false,"notes":null,"osm_way_ids":[8058986,70219496,128869597,432534871,432534872],"bearing_bucket":"090-120","stroke":"#4daf4a","stroke-width":2,"stroke-opacity":0.9}},
{"type":"Feature","geometry":{"type":"LineString","coordinates":[[11.51847,48.18189],[11.51187,48.18123]]},"properties":{"id":"sl_d0873431","name":"Pelkovenstraße","kind":"street","a":[48.18189,11.51847],"b":[48.18123,11.51187],"length_m":496,"max_offset_m":6.6,"bearing_ab":261.5,"bearing_ba":81.5,"obstruction_toward_a_deg":0.77,"obstruction_toward_b_deg":1.88,"canyon":true,"featured":false,"notes":null,"osm_way_ids":[27828637,152110771,152110775,1275720216,1385716934,1420303671,1420303672,1512535553,1512535554,1512535555],"bearing_bucket":"060-090","stroke":"#ffd92f","stroke-width":2,"stroke-opacity":0.9}},
{"type":"Feature","geometry":{"type":"LineString","coordinates":[[11.52772,48.0789],[11.5332,48.07879]]},"properties":{"id":"sl_d09c0bc3","name":"Heinrich-Vogl-Straße","kind":"street","a":[48.0789,11.52772],"b":[48.07879,11.5332],"length_m":408,"max_offset_m":1.6,"bearing_ab":91.7,"bearing_ba":271.7,"obstruction_toward_a_deg":1.39,"obstruction_toward_b_deg":0.94,"canyon":true,"featured":false,"notes":null,"osm_way_ids":[143383695],"bearing_bucket":"090-120","stroke":"#4daf4a","stroke-width":2,"stroke-opacity":0.9}},
{"type":"Feature","geometry":{"type":"LineString","coordinates":[[11.69726,48.12852],[11.70734,48.12857]]},"properties":{"id":"sl_d0bfaf0c","name":null,"kind":"street","a":[48.12852,11.69726],"b":[48.12857,11.70734],"length_m":751,"max_offset_m":0.5,"bearing_ab":89.5,"bearing_ba":269.5,"obstruction_toward_a_deg":0.76,"obstruction_toward_b_deg":0.76,"canyon":false,"featured":false,"notes":null,"osm_way_ids":[378145229],"bearing_bucket":"060-090","stroke":"#ffd92f","stroke-width":2,"stroke-opacity":0.9}},
{"type":"Feature","geometry":{"type":"LineString","coordinates":[[11.67942,48.13217],[11.67394,48.12626]]},"properties":{"id":"sl_d0cacc2e","name":"Am Mitterfeld","kind":"street","a":[48.13217,11.67942],"b":[48.12626,11.67394],"length_m":773,"max_offset_m":7.0,"bearing_ab":211.8,"bearing_ba":31.8,"obstruction_toward_a_deg":0.26,"obstruction_toward_b_deg":0.5,"canyon":false,"featured":false,"notes":null,"osm_way_ids":[32854174,1276220558,1388172674,1392901298,1392901447],"bearing_bucket":"030-060","stroke":"#ff7f00","stroke-width":2,"stroke-opacity":0.9}},
{"type":"Feature","geometry":{"type":"LineString","coordinates":[[11.56786,48.12278],[11.5624,48.11966]]},"properties":{"id":"sl_d10cbef3","name":"Wittelsbacherbrücke (Isar upstream)","kind":"bridge","a":[48.12278,11.56786],"b":[48.11966,11.5624],"length_m":535,"max_offset_m":12.5,"bearing_ab":229.5,"bearing_ba":49.5,"obstruction_toward_a_deg":0.5,"obstruction_toward_b_deg":0.5,"canyon":false,"featured":false,"notes":null,"osm_way_ids":[26766970,51537935],"bearing_bucket":"030-060","stroke":"#ff7f00","stroke-width":2,"stroke-opacity":0.9}},
{"type":"Feature","geometry":{"type":"LineString","coordinates":[[11.53306,48.21753],[11.53996,48.2166]]},"properties":{"id":"sl_d11d5af3","name":"Herbergstraße","kind":"street","a":[48.21753,11.53306],"b":[48.2166,11.53996],"length_m":523,"max_offset_m":6.1,"bearing_ab":101.4,"bearing_ba":281.4,"obstruction_toward_a_deg":0.73,"obstruction_toward_b_deg":0.56,"canyon":false,"featured":false,"notes":null,"osm_way_ids":[88599152,1315499160,1315499163,1320119743],"bearing_bucket":"090-120","stroke":"#4daf4a","stroke-width":2,"stroke-opacity":0.9}},
{"type":"Feature","geometry":{"type":"LineString","coordinates":[[11.4577,48.14049],[11.46592,48.14031]]},"properties":{"id":"sl_d12bd233","name":"Weinbergerstraße","kind":"street","a":[48.14049,11.4577],"b":[48.14031,11.46592],"length_m":612,"max_offset_m":6.5,"bearing_ab":91.9,"bearing_ba":271.9,"obstruction_toward_a_deg":0.93,"obstruction_toward_b_deg":0.63,"canyon":false,"featured":false,"notes":null,"osm_way_ids":[27149725,272795302],"bearing_bucket":"090-120","stroke":"#4daf4a","stroke-width":2,"stroke-opacity":0.9}},
{"type":"Feature","geometry":{"type":"LineString","coordinates":[[11.57367,48.11737],[11.57106,48.11193]]},"properties":{"id":"sl_d1309d08","name":"Pilgersheimer Straße","kind":"street","a":[48.11737,11.57367],"b":[48.11193,11.57106],"length_m":635,"max_offset_m":6.1,"bearing_ab":197.9,"bearing_ba":17.9,"obstruction_toward_a_deg":1.47,"obstruction_toward_b_deg":1.18,"canyon":true,"featured":false,"notes":null,"osm_way_ids":[592844775,702467575,1436208066,1436208067,1436208068,1436208069,1436208070,1557429894],"bearing_bucket":"000-030","stroke":"#e41a1c","stroke-width":2,"stroke-opacity":0.9}},
{"type":"Feature","geometry":{"type":"LineString","coordinates":[[11.55912,48.14833],[11.56309,48.15998]]},"properties":{"id":"sl_d1452881","name":"Schleißheimer Straße","kind":"street","a":[48.14833,11.55912],"b":[48.15998,11.56309],"length_m":1329,"max_offset_m":8.0,"bearing_ab":12.9,"bearing_ba":192.9,"obstruction_toward_a_deg":0.63,"obstruction_toward_b_deg":0.43,"canyon":true,"featured":false,"notes":null,"osm_way_ids":[4003470,16786178,30616063,37280850,38868057,160026050,168045898,186553873,345839560,360485248,371861004,456746084,490386700,851139057,1097574351,1421993408],"bearing_bucket":"000-030","stroke":"#e41a1c","stroke-width":2,"stroke-opacity":0.9}},
{"type":"Feature","geometry":{"type":"LineString","coordinates":[[11.5068,48.20394],[11.50617,48.19941]]},"properties":{"id":"sl_d17735aa","name":"Reigersbachstraße","kind":"street","a":[48.20394,11.5068],"b":[48.19941,11.50617],"length_m":507,"max_offset_m":8.0,"bearing_ab":185.3,"bearing_ba":5.3,"obstruction_toward_a_deg":2.07,"obstruction_toward_b_deg":0.76,"canyon":true,"featured":false,"notes":null,"osm_way_ids":[27993522,150236779,712271486,1378709839,1378709917,1378710230,1378710254,1378710403],"bearing_bucket":"000-030","stroke":"#e41a1c","stroke-width":2,"stroke-opacity":0.9}},
{"type":"Feature","geometry":{"type":"LineString","coordinates":[[11.46706,48.18983],[11.4607,48.18873]]},"properties":{"id":"sl_d183df7f","name":"Vesaliusstraße","kind":"street","a":[48.18983,11.46706],"b":[48.18873,11.4607],"length_m":489,"max_offset_m":4.3,"bearing_ab":255.5,"bearing_ba":75.5,"obstruction_toward_a_deg":1.16,"obstruction_toward_b_deg":0.79,"canyon":true,"featured":false,"notes":null,"osm_way_ids":[32823278,499974640,521448720],"bearing_bucket":"060-090","stroke":"#ffd92f","stroke-width":2,"stroke-opacity":0.9}},
{"type":"Feature","geometry":{"type":"LineString","coordinates":[[11.69302,48.11801],[11.69854,48.11537]]},"properties":{"id":"sl_d19a8afb","name":"Stieglitzweg","kind":"street","a":[48.11801,11.69302],"b":[48.11537,11.69854],"length_m":505,"max_offset_m":5.7,"bearing_ab":125.5,"bearing_ba":305.5,"obstruction_toward_a_deg":0.76,"obstruction_toward_b_deg":2.07,"canyon":true,"featured":false,"notes":null,"osm_way_ids":[3283202],"bearing_bucket":"120-150","stroke":"#377eb8","stroke-width":2,"stroke-opacity":0.9}},
{"type":"Feature","geometry":{"type":"LineString","coordinates":[[11.66318,48.16525],[11.65814,48.16749]]},"properties":{"id":"sl_d19d4655","name":"Flensburger Straße","kind":"street","a":[48.16525,11.66318],"b":[48.16749,11.65814],"length_m":450,"max_offset_m":8.0,"bearing_ab":303.6,"bearing_ba":123.6,"obstruction_toward_a_deg":1.26,"obstruction_toward_b_deg":1.26,"canyon":true,"featured":false,"notes":null,"osm_way_ids":[30058155,30493706,1381919930,1381919931],"bearing_bucket":"120-150","stroke":"#377eb8","stroke-width":2,"stroke-opacity":0.9}},
{"type":"Feature","geometry":{"type":"LineString","coordinates":[[11.64932,48.11169],[11.64164,48.11635]]},"properties":{"id":"sl_d1a4c2f8","name":"Heinrich-Wieland-Straße","kind":"street","a":[48.11169,11.64932],"b":[48.11635,11.64164],"length_m":771,"max_offset_m":5.9,"bearing_ab":312.2,"bearing_ba":132.2,"obstruction_toward_a_deg":0.26,"obstruction_toward_b_deg":0.5,"canyon":false,"featured":false,"notes":null,"osm_way_ids":[3576881,258932743,258932751,539659136,539659140],"bearing_bucket":"120-150","stroke":"#377eb8","stroke-width":2,"stroke-opacity":0.9}},
{"type":"Feature","geometry":{"type":"LineString","coordinates":[[11.68791,48.11028],[11.67904,48.11652]]},"properties":{"id":"sl_d1b36fc2","name":"Heilwigstraße","kind":"street","a":[48.11028,11.68791],"b":[48.11652,11.67904],"length_m":959,"max_offset_m":5.8,"bearing_ab":316.4,"bearing_ba":136.4,"obstruction_toward_a_deg":0.3,"obstruction_toward_b_deg":0.4,"canyon":true,"featured":false,"notes":null,"osm_way_ids":[3425499,3655020],"bearing_bucket":"120-150","stroke":"#377eb8","stroke-width":2,"stroke-opacity":0.9}},
{"type":"Feature","geometry":{"type":"LineString","coordinates":[[11.48197,48.12141],[11.47978,48.11781]]},"properties":{"id":"sl_d26ce6f1","name":"Großhaderner Straße","kind":"street","a":[48.12141,11.48197],"b":[48.11781,11.47978],"length_m":431,"max_offset_m":7.7,"bearing_ab":202.2,"bearing_ba":22.2,"obstruction_toward_a_deg":2.43,"obstruction_toward_b_deg":0.89,"canyon":true,"featured":false,"notes":null,"osm_way_ids":[90257554,1446305303,1446305309,1446305310,1446311650,1446311659],"bearing_bucket":"000-030","stroke":"#e41a1c","stroke-width":2,"stroke-opacity":0.9}},
{"type":"Feature","geometry":{"type":"LineString","coordinates":[[11.40814,48.13964],[11.41249,48.1322]]},"properties":{"id":"sl_d2998f37","name":"Hans-Steinkohl-Straße","kind":"street","a":[48.13964,11.40814],"b":[48.1322,11.41249],"length_m":888,"max_offset_m":5.8,"bearing_ab":158.6,"bearing_ba":338.6,"obstruction_toward_a_deg":0.86,"obstruction_toward_b_deg":0.54,"canyon":false,"featured":false,"notes":null,"osm_way_ids":[4343951,4343952,30248453,270678964,270678965,447892440,447892441,1315568354,1315568357],"bearing_bucket":"150-180","stroke":"#984ea3","stroke-width":2,"stroke-opacity":0.9}},
{"type":"Feature","geometry":{"type":"LineString","coordinates":[[11.59587,48.12739],[11.60145,48.12419]]},"properties":{"id":"sl_d2bc76ac","name":"Rosenheimer Straße","kind":"street","a":[48.12739,11.59587],"b":[48.12419,11.60145],"length_m":547,"max_offset_m":8.0,"bearing_ab":130.6,"bearing_ba":310.6,"obstruction_toward_a_deg":1.37,"obstruction_toward_b_deg":3.38,"canyon":true,"featured":false,"notes":null,"osm_way_ids":[23967820,23967821,30918081,108929878,114255526,264964140,264964142,391812231,1444730419,1444730420,1446930485,1446933812],"bearing_bucket":"120-150","stroke":"#377eb8","stroke-width":2,"stroke-opacity":0.9}},
{"type":"Feature","geometry":{"type":"LineString","coordinates":[[11.65451,48.12954],[11.65819,48.13409]]},"properties":{"id":"sl_d2cbac33","name":"Xaver-Weismor-Straße","kind":"street","a":[48.12954,11.65451],"b":[48.13409,11.65819],"length_m":575,"max_offset_m":5.7,"bearing_ab":28.4,"bearing_ba":208.4,"obstruction_toward_a_deg":0.35,"obstruction_toward_b_deg":0.67,"canyon":true,"featured":false,"notes":null,"osm_way_ids":[3931740],"bearing_bucket":"000-030","stroke":"#e41a1c","stroke-width":2,"stroke-opacity":0.9}},
{"type":"Feature","geometry":{"type":"LineString","coordinates":[[11.51481,48.20494],[11.52007,48.21161]]},"properties":{"id":"sl_d2dc374d","name":"Pappelallee","kind":"street","a":[48.20494,11.51481],"b":[48.21161,11.52007],"length_m":839,"max_offset_m":4.3,"bearing_ab":27.8,"bearing_ba":207.8,"obstruction_toward_a_deg":1.25,"obstruction_toward_b_deg":1.25,"canyon":false,"featured":false,"notes":null,"osm_way_ids":[27993521],"bearing_bucket":"000-030","stroke":"#e41a1c","stroke-width":2,"stroke-opacity":0.9}},
{"type":"Feature","geometry":{"type":"LineString","coordinates":[[11.5828,48.10329],[11.58678,48.09681]]},"properties":{"id":"sl_d3281e60","name":"Tegernseer Landstraße","kind":"street","a":[48.10329,11.5828],"b":[48.09681,11.58678],"length_m":779,"max_offset_m":2.0,"bearing_ab":157.6,"bearing_ba":337.6,"obstruction_toward_a_deg":0.98,"obstruction_toward_b_deg":0.96,"canyon":false,"featured":false,"notes":null,"osm_way_ids":[11528533,37882745,37882747,231855941,292771014,1033419839,1435332471],"bearing_bucket":"150-180","stroke":"#984ea3","stroke-width":2,"stroke-opacity":0.9}},
{"type":"Feature","geometry":{"type":"LineString","coordinates":[[11.68973,48.11728],[11.69644,48.1142]]},"properties":{"id":"sl_d3a12f5c","name":"Scheibmeirstraße","kind":"street","a":[48.11728,11.68973],"b":[48.1142,11.69644],"length_m":606,"max_offset_m":3.4,"bearing_ab":124.4,"bearing_ba":304.4,"obstruction_toward_a_deg":0.63,"obstruction_toward_b_deg":0.63,"canyon":true,"featured":false,"notes":null,"osm_way_ids":[3283203,82528691,1534824484],"bearing_bucket":"120-150","stroke":"#377eb8","stroke-width":2,"stroke-opacity":0.9}},
{"type":"Feature","geometry":{"type":"LineString","coordinates":[[11.56503,48.13744],[11.54872,48.13762]]},"properties":{"id":"sl_d3d5ebce","name":"Schwanthalerstraße","kind":"street","a":[48.13744,11.56503],"b":[48.13762,11.54872],"length_m":1214,"max_offset_m":7.5,"bearing_ab":271.0,"bearing_ba":91.0,"obstruction_toward_a_deg":0.92,"obstruction_toward_b_deg":0.54,"canyon":true,"featured":false,"notes":null,"osm_way_ids":[4074173,37665695,37665696,48919211,146800313,146914350,292767090,306558494,306558495,315220267,357204350,543004595,543004596,543004597,543004598,1421494360,1421494362,1427074234],"bearing_bucket":"090-120","stroke":"#4daf4a","stroke-width":2,"stroke-opacity":0.9}},
{"type":"Feature","geometry":{"type":"LineString","coordinates":[[11.6857,48.11328],[11.68081,48.11653]]},"properties":{"id":"sl_d3e5506a","name":"Elfriedenstraße","kind":"street","a":[48.11328,11.6857],"b":[48.11653,11.68081],"length_m":513,"max_offset_m":1.0,"bearing_ab":314.7,"bearing_ba":134.7,"obstruction_toward_a_deg":0.75,"obstruction_toward_b_deg":0.75,"canyon":true,"featured":false,"notes":null,"osm_way_ids":[3693731,1175984923],"bearing_bucket":"120-150","stroke":"#377eb8","stroke-width":2,"stroke-opacity":0.9}},
{"type":"Feature","geometry":{"type":"LineString","coordinates":[[11.50501,48.20205],[11.5193,48.19913]]},"properties":{"id":"sl_d3eab2f4","name":"Am Blütenanger","kind":"street","a":[48.20205,11.50501],"b":[48.19913,11.5193],"length_m":1111,"max_offset_m":7.1,"bearing_ab":107.0,"bearing_ba":287.0,"obstruction_toward_a_deg":0.94,"obstruction_toward_b_deg":0.35,"canyon":true,"featured":false,"notes":null,"osm_way_ids":[4310938,150236777,328373146,328373147],"bearing_bucket":"090-120","stroke":"#4daf4a","stroke-width":2,"stroke-opacity":0.9}},
{"type":"Feature","geometry":{"type":"LineString","coordinates":[[11.5599,48.12306],[11.55572,48.12025]]},"properties":{"id":"sl_d3ff10ba","name":"Thalkirchner Straße","kind":"street","a":[48.12306,11.5599],"b":[48.12025,11.55572],"length_m":440,"max_offset_m":7.9,"bearing_ab":224.9,"bearing_ba":44.9,"obstruction_toward_a_deg":2.12,"obstruction_toward_b_deg":0.46,"canyon":true,"featured":false,"notes":null,"osm_way_ids":[33487044,33487045,204589463,236001389,236001391,338164271,847973629,1498543570,1498543571,1498543574,1498543575,1498543576,1498543577,1498543578],"bearing_bucket":"030-060","stroke":"#ff7f00","stroke-width":2,"stroke-opacity":0.9}},
{"type":"Feature","geometry":{"type":"LineString","coordinates":[[11.52857,48.14756],[11.52261,48.14971]]},"properties":{"id":"sl_d4115cdc","name":"Arnulfstraße","kind":"street","a":[48.14756,11.52857],"b":[48.14971,11.52261],"length_m":503,"max_offset_m":6.6,"bearing_ab":298.2,"bearing_ba":118.2,"obstruction_toward_a_deg":1.49,"obstruction_toward_b_deg":1.85,"canyon":false,"featured":false,"notes":null,"osm_way_ids":[54200279,54200280,54200281,57832630,290406781],"bearing_bucket":"090-120","stroke":"#4daf4a","stroke-width":2,"stroke-opacity":0.9}},
{"type":"Feature","geometry":{"type":"LineString","coordinates":[[11.48968,48.17951],[11.49002,48.18406]]},"properties":{"id":"sl_d42249e7","name":"Waldhornstraße","kind":"street","a":[48.17951,11.48968],"b":[48.18406,11.49002],"length_m":506,"max_offset_m":6.8,"bearing_ab":2.9,"bearing_ba":182.9,"obstruction_toward_a_deg":0.58,"obstruction_toward_b_deg":3.29,"canyon":true,"featured":false,"notes":null,"osm_way_ids":[30696863],"bearing_bucket":"000-030","stroke":"#e41a1c","stroke-width":2,"stroke-opacity":0.9}},
{"type":"Feature","geometry":{"type":"LineString","coordinates":[[11.47028,48.15694],[11.46326,48.15667]]},"properties":{"id":"sl_d42bc308","name":"Marsopstraße","kind":"street","a":[48.15694,11.47028],"b":[48.15667,11.46326],"length_m":524,"max_offset_m":2.2,"bearing_ab":266.7,"bearing_ba":86.7,"obstruction_toward_a_deg":0.73,"obstruction_toward_b_deg":0.73,"canyon":false,"featured":false,"notes":null,"osm_way_ids":[10061662,1223273789,1223273790],"bearing_bucket":"060-090","stroke":"#ffd92f","stroke-width":2,"stroke-opacity":0.9}},
{"type":"Feature","geometry":{"type":"LineString","coordinates":[[11.67161,48.10985],[11.66828,48.10594]]},"properties":{"id":"sl_d46d60a6","name":"Friedenspromenade","kind":"street","a":[48.10985,11.67161],"b":[48.10594,11.66828],"length_m":501,"max_offset_m":8.0,"bearing_ab":209.7,"bearing_ba":29.7,"obstruction_toward_a_deg":0.77,"obstruction_toward_b_deg":0.77,"canyon":false,"featured":false,"notes":null,"osm_way_ids":[28493700,177092494],"bearing_bucket":"000-030","stroke":"#e41a1c","stroke-width":2,"stroke-opacity":0.9}},
{"type":"Feature","geometry":{"type":"LineString","coordinates":[[11.59253,48.08852],[11.59013,48.09263]]},"properties":{"id":"sl_d46fc908","name":"Tegernseer Landstraße","kind":"street","a":[48.08852,11.59253],"b":[48.09263,11.59013],"length_m":491,"max_offset_m":7.5,"bearing_ab":338.7,"bearing_ba":158.7,"obstruction_toward_a_deg":2.13,"obstruction_toward_b_deg":1.15,"canyon":false,"featured":false,"notes":null,"osm_way_ids":[154916173],"bearing_bucket":"150-180","stroke":"#984ea3","stroke-width":2,"stroke-opacity":0.9}},
{"type":"Feature","geometry":{"type":"LineString","coordinates":[[11.64844,48.11766],[11.65385,48.11591]]},"properties":{"id":"sl_d4991e4e","name":"Unnützstraße","kind":"street","a":[48.11766,11.64844],"b":[48.11591,11.65385],"length_m":447,"max_offset_m":4.3,"bearing_ab":115.8,"bearing_ba":295.8,"obstruction_toward_a_deg":0.86,"obstruction_toward_b_deg":0.86,"canyon":true,"featured":false,"notes":null,"osm_way_ids":[3322103],"bearing_bucket":"090-120","stroke":"#4daf4a","stroke-width":2,"stroke-opacity":0.9}},
{"type":"Feature","geometry":{"type":"LineString","coordinates":[[11.52667,48.07812],[11.52085,48.07351]]},"properties":{"id":"sl_d4a7b48f","name":"Wolfratshauser Straße","kind":"street","a":[48.07812,11.52667],"b":[48.07351,11.52085],"length_m":672,"max_offset_m":5.7,"bearing_ab":220.2,"bearing_ba":40.2,"obstruction_toward_a_deg":0.57,"obstruction_toward_b_deg":0.84,"canyon":false,"featured":false,"notes":null,"osm_way_ids":[56199879,152539292,170520839,258553195,258553200,258553203,258553206,1427505864,1427505865,1427505866,1427505867],"bearing_bucket":"030-060","stroke":"#ff7f00","stroke-width":2,"stroke-opacity":0.9}},
{"type":"Feature","geometry":{"type":"LineString","coordinates":[[11.68344,48.08013],[11.67476,48.0808]]},"properties":{"id":"sl_d4d62705","name":"Waldperlacher Straße","kind":"street","a":[48.08013,11.68344],"b":[48.0808,11.67476],"length_m":651,"max_offset_m":7.6,"bearing_ab":276.6,"bearing_ba":96.6,"obstruction_toward_a_deg":0.59,"obstruction_toward_b_deg":0.59,"canyon":true,"featured":false,"notes":null,"osm_way_ids":[33525639],"bearing_bucket":"090-120","stroke":"#4daf4a","stroke-width":2,"stroke-opacity":0.9}},
{"type":"Feature","geometry":{"type":"LineString","coordinates":[[11.61659,48.13203],[11.62338,48.13075]]},"properties":{"id":"sl_d51b88d9","name":"Streitfeldstraße","kind":"street","a":[48.13203,11.61659],"b":[48.13075,11.62338],"length_m":525,"max_offset_m":5.5,"bearing_ab":105.7,"bearing_ba":285.7,"obstruction_toward_a_deg":2.13,"obstruction_toward_b_deg":1.78,"canyon":true,"featured":false,"notes":null,"osm_way_ids":[164292629,164292630,1473804808,1484596885,1484600166,1510968178],"bearing_bucket":"090-120","stroke":"#4daf4a","stroke-width":2,"stroke-opacity":0.9}},
{"type":"Feature","geometry":{"type":"LineString","coordinates":[[11.49872,48.12929],[11.49406,48.13113]]},"properties":{"id":"sl_d55662a0","name":"Inderstorferstraße","kind":"street","a":[48.12929,11.49872],"b":[48.13113,11.49406],"length_m":403,"max_offset_m":7.0,"bearing_ab":300.6,"bearing_ba":120.6,"obstruction_toward_a_deg":0.95,"obstruction_toward_b_deg":0.95,"canyon":true,"featured":false,"notes":null,"osm_way_ids":[5079661],"bearing_bucket":"120-150","stroke":"#377eb8","stroke-width":2,"stroke-opacity":0.9}},
{"type":"Feature","geometry":{"type":"LineString","coordinates":[[11.67274,48.11192],[11.67044,48.117]]},"properties":{"id":"sl_d5b8dae7","name":"Gartenstadtstraße","kind":"street","a":[48.11192,11.67274],"b":[48.117,11.67044],"length_m":590,"max_offset_m":7.7,"bearing_ab":343.1,"bearing_ba":163.1,"obstruction_toward_a_deg":0.34,"obstruction_toward_b_deg":0.65,"canyon":true,"featured":false,"notes":null,"osm_way_ids":[38876179],"bearing_bucket":"150-180","stroke":"#984ea3","stroke-width":2,"stroke-opacity":0.9}},
{"type":"Feature","geometry":{"type":"LineString","coordinates":[[11.67692,48.07845],[11.67664,48.08421]]},"properties":{"id":"sl_d5ce8506","name":"Gänselieselstraße","kind":"street","a":[48.07845,11.67692],"b":[48.08421,11.67664],"length_m":641,"max_offset_m":3.2,"bearing_ab":358.1,"bearing_ba":178.1,"obstruction_toward_a_deg":0.6,"obstruction_toward_b_deg":0.6,"canyon":true,"featured":false,"notes":null,"osm_way_ids":[4268728,33525635,104178895],"bearing_bucket":"150-180","stroke":"#984ea3","stroke-width":2,"stroke-opacity":0.9}},
{"type":"Feature","geometry":{"type":"LineString","coordinates":[[11.5292,48.14729],[11.53485,48.14626]]},"properties":{"id":"sl_d5eee58a","name":"Arnulfstraße","kind":"street","a":[48.14729,11.5292],"b":[48.14626,11.53485],"length_m":436,"max_offset_m":7.8,"bearing_ab":105.2,"bearing_ba":285.2,"obstruction_toward_a_deg":1.72,"obstruction_toward_b_deg":1.72,"canyon":false,"featured":false,"notes":null,"osm_way_ids":[54200280,54200284,54200286,57832630,151784481],"bearing_bucket":"090-120","stroke":"#4daf4a","stroke-width":2,"stroke-opacity":0.9}},
{"type":"Feature","geometry":{"type":"LineString","coordinates":[[11.44112,48.14109],[11.44518,48.13866]]},"properties":{"id":"sl_d62d7505","name":"Mühlerweg","kind":"street","a":[48.14109,11.44112],"b":[48.13866,11.44518],"length_m":405,"max_offset_m":3.1,"bearing_ab":131.8,"bearing_ba":311.8,"obstruction_toward_a_deg":0.49,"obstruction_toward_b_deg":0.95,"canyon":true,"featured":false,"notes":null,"osm_way_ids":[18778302],"bearing_bucket":"120-150","stroke":"#377eb8","stroke-width":2,"stroke-opacity":0.9}},
{"type":"Feature","geometry":{"type":"LineString","coordinates":[[11.53767,48.1615],[11.53829,48.16824]]},"properties":{"id":"sl_d6790a50","name":"Landshuter Allee","kind":"street","a":[48.1615,11.53767],"b":[48.16824,11.53829],"length_m":750,"max_offset_m":7.8,"bearing_ab":3.5,"bearing_ba":183.5,"obstruction_toward_a_deg":1.24,"obstruction_toward_b_deg":2.71,"canyon":false,"featured":false,"notes":null,"osm_way_ids":[22718141,126760942,126760944,146765365,152541393,577790464,577790465,577790466],"bearing_bucket":"000-030","stroke":"#e41a1c","stroke-width":2,"stroke-opacity":0.9}},
{"type":"Feature","geometry":{"type":"LineString","coordinates":[[11.57476,48.16227],[11.57278,48.17718]]},"properties":{"id":"sl_d6a27724","name":"Belgradstraße","kind":"street","a":[48.16227,11.57476],"b":[48.17718,11.57278],"length_m":1664,"max_offset_m":7.6,"bearing_ab":354.9,"bearing_ba":174.9,"obstruction_toward_a_deg":0.45,"obstruction_toward_b_deg":0.56,"canyon":false,"featured":false,"notes":null,"osm_way_ids":[26241111,26416346,28428153,30816921,30816922,47634448,47634455,49602856,49917019,71143057,124842492,124842493,124842494,124842495,159924390,265416839,265416843,267059261,267059262,292612489,338649272,376107897,449594859,449595750,449601150,476398408,494904648,494904649,1086241764,1087782925,1191344888,1374383927,1385740416,1385740417],"bearing_bucket":"150-180","stroke":"#984ea3","stroke-width":2,"stroke-opacity":0.9}},
{"type":"Feature","geometry":{"type":"LineString","coordinates":[[11.62362,48.16059],[11.62909,48.16045]]},"properties":{"id":"sl_d6e2f1c9","name":"Wahnfriedallee","kind":"street","a":[48.16059,11.62362],"b":[48.16045,11.62909],"length_m":408,"max_offset_m":8.0,"bearing_ab":92.1,"bearing_ba":272.1,"obstruction_toward_a_deg":0.94,"obstruction_toward_b_deg":0.72,"canyon":false,"featured":false,"notes":null,"osm_way_ids":[38926859,1221397262,1415456554],"bearing_bucket":"090-120","stroke":"#4daf4a","stroke-width":2,"stroke-opacity":0.9}},
{"type":"Feature","geometry":{"type":"LineString","coordinates":[[11.603,48.15178],[11.60748,48.1558]]},"properties":{"id":"sl_d6fde52c","name":"Pienzenauerstraße","kind":"street","a":[48.15178,11.603],"b":[48.1558,11.60748],"length_m":558,"max_offset_m":7.1,"bearing_ab":36.7,"bearing_ba":216.7,"obstruction_toward_a_deg":1.02,"obstruction_toward_b_deg":0.69,"canyon":true,"featured":false,"notes":null,"osm_way_ids":[32707928,155041468],"bearing_bucket":"030-060","stroke":"#ff7f00","stroke-width":2,"stroke-opacity":0.9}},
{"type":"Feature","geometry":{"type":"LineString","coordinates":[[11.41935,48.15558],[11.42547,48.1571]]},"properties":{"id":"sl_d71b0168","name":"Aubing-Ost-Straße","kind":"street","a":[48.15558,11.41935],"b":[48.1571,11.42547],"length_m":486,"max_offset_m":7.8,"bearing_ab":69.6,"bearing_ba":249.6,"obstruction_toward_a_deg":0.41,"obstruction_toward_b_deg":0.79,"canyon":false,"featured":false,"notes":null,"osm_way_ids":[19084726],"bearing_bucket":"060-090","stroke":"#ffd92f","stroke-width":2,"stroke-opacity":0.9}},
{"type":"Feature","geometry":{"type":"LineString","coordinates":[[11.46808,48.16295],[11.47344,48.16234]]},"properties":{"id":"sl_d73599cb","name":"Paganinistraße","kind":"street","a":[48.16295,11.46808],"b":[48.16234,11.47344],"length_m":405,"max_offset_m":7.4,"bearing_ab":99.7,"bearing_ba":279.7,"obstruction_toward_a_deg":2.59,"obstruction_toward_b_deg":2.59,"canyon":true,"featured":false,"notes":null,"osm_way_ids":[10298141],"bearing_bucket":"090-120","stroke":"#4daf4a","stroke-width":2,"stroke-opacity":0.9}},
{"type":"Feature","geometry":{"type":"LineString","coordinates":[[11.39657,48.18295],[11.40202,48.18007]]},"properties":{"id":"sl_d73d59f9","name":"Schubinweg","kind":"street","a":[48.18295,11.39657],"b":[48.18007,11.40202],"length_m":517,"max_offset_m":5.5,"bearing_ab":128.4,"bearing_ba":308.4,"obstruction_toward_a_deg":2.03,"obstruction_toward_b_deg":1.1,"canyon":false,"featured":false,"notes":null,"osm_way_ids":[11975670,1168599100],"bearing_bucket":"120-150","stroke":"#377eb8","stroke-width":2,"stroke-opacity":0.9}},
{"type":"Feature","geometry":{"type":"LineString","coordinates":[[11.46175,48.21408],[11.46755,48.21389]]},"properties":{"id":"sl_d763ad43","name":null,"kind":"street","a":[48.21408,11.46175],"b":[48.21389,11.46755],"length_m":432,"max_offset_m":4.8,"bearing_ab":92.8,"bearing_ba":272.8,"obstruction_toward_a_deg":1.31,"obstruction_toward_b_deg":2.59,"canyon":true,"featured":false,"notes":null,"osm_way_ids":[673681530],"bearing_bucket":"090-120","stroke":"#4daf4a","stroke-width":2,"stroke-opacity":0.9}},
{"type":"Feature","geometry":{"type":"LineString","coordinates":[[11.49708,48.19929],[11.5041,48.20194]]},"properties":{"id":"sl_d7b4cd67","name":"Am Blütenanger","kind":"street","a":[48.19929,11.49708],"b":[48.20194,11.5041],"length_m":599,"max_offset_m":0.7,"bearing_ab":60.6,"bearing_ba":240.6,"obstruction_toward_a_deg":1.75,"obstruction_toward_b_deg":1.75,"canyon":false,"featured":false,"notes":null,"osm_way_ids":[4310938],"bearing_bucket":"060-090","stroke":"#ffd92f","stroke-width":2,"stroke-opacity":0.9}},
{"type":"Feature","geometry":{"type":"LineString","coordinates":[[11.51311,48.11326],[11.50446,48.11224]]},"properties":{"id":"sl_d7b5e541","name":"Waldfriedhofstraße","kind":"street","a":[48.11326,11.51311],"b":[48.11224,11.50446],"length_m":653,"max_offset_m":7.9,"bearing_ab":260.0,"bearing_ba":80.0,"obstruction_toward_a_deg":0.87,"obstruction_toward_b_deg":0.59,"canyon":false,"featured":false,"notes":null,"osm_way_ids":[365508936,1488589170,1488589172,1488589174,1488589175,1488589176,1488589177,1488589179,1488589181,1488589182,1488589183,1488589184,1488589185,1488589186],"bearing_bucket":"060-090","stroke":"#ffd92f","stroke-width":2,"stroke-opacity":0.9}},
{"type":"Feature","geometry":{"type":"LineString","coordinates":[[11.52301,48.1561],[11.52979,48.15719]]},"properties":{"id":"sl_d7b715ae","name":"Romanstraße","kind":"street","a":[48.1561,11.52301],"b":[48.15719,11.52979],"length_m":519,"max_offset_m":6.5,"bearing_ab":76.5,"bearing_ba":256.5,"obstruction_toward_a_deg":0.74,"obstruction_toward_b_deg":1.8,"canyon":false,"featured":false,"notes":null,"osm_way_ids":[134141581],"bearing_bucket":"060-090","stroke":"#ffd92f","stroke-width":2,"stroke-opacity":0.9}},
{"type":"Feature","geometry":{"type":"LineString","coordinates":[[11.42984,48.18998],[11.43009,48.1941]]},"properties":{"id":"sl_d7c11077","name":"Müllerstadelstraße","kind":"street","a":[48.18998,11.42984],"b":[48.1941,11.43009],"length_m":458,"max_offset_m":7.0,"bearing_ab":2.4,"bearing_ba":182.4,"obstruction_toward_a_deg":2.29,"obstruction_toward_b_deg":2.29,"canyon":false,"featured":false,"notes":null,"osm_way_ids":[33791402,33791526],"bearing_bucket":"000-030","stroke":"#e41a1c","stroke-width":2,"stroke-opacity":0.9}},
{"type":"Feature","geometry":{"type":"LineString","coordinates":[[11.56247,48.12996],[11.56088,48.12543]]},"properties":{"id":"sl_d7ed4de6","name":"Maistraße","kind":"street","a":[48.12996,11.56247],"b":[48.12543,11.56088],"length_m":516,"max_offset_m":5.6,"bearing_ab":193.2,"bearing_ba":13.2,"obstruction_toward_a_deg":1.81,"obstruction_toward_b_deg":1.45,"canyon":true,"featured":false,"notes":null,"osm_way_ids":[4591309,39028235,171272230],"bearing_bucket":"000-030","stroke":"#e41a1c","stroke-width":2,"stroke-opacity":0.9}},
{"type":"Feature","geometry":{"type":"LineString","coordinates":[[11.56306,48.11942],[11.56793,48.12217]]},"properties":{"id":"sl_d812a515","name":null,"kind":"street","a":[48.11942,11.56306],"b":[48.12217,11.56793],"length_m":474,"max_offset_m":7.9,"bearing_ab":49.8,"bearing_ba":229.8,"obstruction_toward_a_deg":2.21,"obstruction_toward_b_deg":2.21,"canyon":false,"featured":false,"notes":null,"osm_way_ids":[198349695],"bearing_bucket":"030-060","stroke":"#ff7f00","stroke-width":2,"stroke-opacity":0.9}},
{"type":"Feature","geometry":{"type":"LineString","coordinates":[[11.67649,48.12587],[11.68686,48.12266]]},"properties":{"id":"sl_d82752cf","name":"Rappenweg","kind":"street","a":[48.12587,11.67649],"b":[48.12266,11.68686],"length_m":850,"max_offset_m":5.3,"bearing_ab":114.8,"bearing_ba":294.8,"obstruction_toward_a_deg":0.45,"obstruction_toward_b_deg":1.23,"canyon":false,"featured":false,"notes":null,"osm_way_ids":[4426293,307852347,382546156,917601700],"bearing_bucket":"090-120","stroke":"#4daf4a","stroke-width":2,"stroke-opacity":0.9}},
{"type":"Feature","geometry":{"type":"LineString","coordinates":[[11.65364,48.11771],[11.65973,48.12643]]},"properties":{"id":"sl_d89ba4d8","name":"Damaschkestraße","kind":"street","a":[48.11771,11.65364],"b":[48.12643,11.65973],"length_m":1070,"max_offset_m":6.2,"bearing_ab":25.1,"bearing_ba":205.1,"obstruction_toward_a_deg":0.36,"obstruction_toward_b_deg":0.36,"canyon":true,"featured":false,"notes":null,"osm_way_ids":[2897623,3302156,3322100,84789115,152056669,1393360964,1489043598,1489043599,1489043600],"bearing_bucket":"000-030","stroke":"#e41a1c","stroke-width":2,"stroke-opacity":0.9}},
{"type":"Feature","geometry":{"type":"LineString","coordinates":[[11.52103,48.18405],[11.52157,48.1891]]},"properties":{"id":"sl_d8d08645","name":"Feldmochinger Straße","kind":"street","a":[48.18405,11.52103],"b":[48.1891,11.52157],"length_m":563,"max_offset_m":8.0,"bearing_ab":4.1,"bearing_ba":184.1,"obstruction_toward_a_deg":1.33,"obstruction_toward_b_deg":1.86,"canyon":false,"featured":false,"notes":null,"osm_way_ids":[26824809,90236827,90236844,151102724],"bearing_bucket":"000-030","stroke":"#e41a1c","stroke-width":2,"stroke-opacity":0.9}},
{"type":"Feature","geometry":{"type":"LineString","coordinates":[[11.49047,48.17528],[11.48237,48.17417]]},"properties":{"id":"sl_d8e7ee7d","name":"Lechelstraße","kind":"street","a":[48.17528,11.49047],"b":[48.17417,11.48237],"length_m":614,"max_offset_m":6.1,"bearing_ab":258.5,"bearing_ba":78.4,"obstruction_toward_a_deg":1.71,"obstruction_toward_b_deg":1.71,"canyon":false,"featured":false,"notes":null,"osm_way_ids":[90247991,1276235777],"bearing_bucket":"060-090","stroke":"#ffd92f","stroke-width":2,"stroke-opacity":0.9}},
{"type":"Feature","geometry":{"type":"LineString","coordinates":[[11.59708,48.20921],[11.59584,48.20281]]},"properties":{"id":"sl_d8f338a5","name":"Rainackerweg","kind":"street","a":[48.20921,11.59708],"b":[48.20281,11.59584],"length_m":718,"max_offset_m":0.4,"bearing_ab":187.4,"bearing_ba":7.4,"obstruction_toward_a_deg":0.53,"obstruction_toward_b_deg":0.53,"canyon":true,"featured":false,"notes":null,"osm_way_ids":[150943376],"bearing_bucket":"000-030","stroke":"#e41a1c","stroke-width":2,"stroke-opacity":0.9}},
{"type":"Feature","geometry":{"type":"LineString","coordinates":[[11.65578,48.13101],[11.66,48.12874]]},"properties":{"id":"sl_d90a394d","name":"Heltauer Straße","kind":"street","a":[48.13101,11.65578],"b":[48.12874,11.66],"length_m":403,"max_offset_m":6.5,"bearing_ab":128.8,"bearing_ba":308.8,"obstruction_toward_a_deg":0.95,"obstruction_toward_b_deg":0.95,"canyon":false,"featured":false,"notes":null,"osm_way_ids":[3342931,3342932,121563117],"bearing_bucket":"120-150","stroke":"#377eb8","stroke-width":2,"stroke-opacity":0.9}},
{"type":"Feature","geometry":{"type":"LineString","coordinates":[[11.59922,48.1954],[11.59035,48.19659]]},"properties":{"id":"sl_d91c69f2","name":"Helene-Wessel-Bogen","kind":"street","a":[48.1954,11.59922],"b":[48.19659,11.59035],"length_m":673,"max_offset_m":7.2,"bearing_ab":281.4,"bearing_ba":101.4,"obstruction_toward_a_deg":0.57,"obstruction_toward_b_deg":0.71,"canyon":false,"featured":false,"notes":null,"osm_way_ids":[6138505,788144210,1034586185],"bearing_bucket":"090-120","stroke":"#4daf4a","stroke-width":2,"stroke-opacity":0.9}},
{"type":"Feature","geometry":{"type":"LineString","coordinates":[[11.54279,48.09949],[11.54156,48.10313]]},"properties":{"id":"sl_d938a863","name":"Münchner Straße","kind":"street","a":[48.09949,11.54279],"b":[48.10313,11.54156],"length_m":415,"max_offset_m":5.0,"bearing_ab":347.3,"bearing_ba":167.3,"obstruction_toward_a_deg":0.92,"obstruction_toward_b_deg":1.37,"canyon":true,"featured":false,"notes":null,"osm_way_ids":[4369158,4369174,873100392,1081145342,1081147095,1081147531,1113034919,1118334552,1155893502,1434556389,1434556391,1434556392],"bearing_bucket":"150-180","stroke":"#984ea3","stroke-width":2,"stroke-opacity":0.9}},
{"type":"Feature","geometry":{"type":"LineString","coordinates":[[11.54351,48.20075],[11.54351,48.20505]]},"properties":{"id":"sl_d9a65039","name":"Lerchenstraße","kind":"street","a":[48.20075,11.54351],"b":[48.20505,11.54351],"length_m":478,"max_offset_m":6.6,"bearing_ab":360.0,"bearing_ba":180.0,"obstruction_toward_a_deg":0.8,"obstruction_toward_b_deg":2.19,"canyon":false,"featured":false,"notes":null,"osm_way_ids":[4959196,31351675,922442824,1385364885,1385364886],"bearing_bucket":"000-030","stroke":"#e41a1c","stroke-width":2,"stroke-opacity":0.9}},
{"type":"Feature","geometry":{"type":"LineString","coordinates":[[11.50775,48.16467],[11.51521,48.16538]]},"properties":{"id":"sl_d9c8719f","name":"Volpinistraße","kind":"street","a":[48.16467,11.50775],"b":[48.16538,11.51521],"length_m":560,"max_offset_m":5.9,"bearing_ab":82.0,"bearing_ba":262.0,"obstruction_toward_a_deg":0.85,"obstruction_toward_b_deg":1.87,"canyon":false,"featured":false,"notes":null,"osm_way_ids":[152110776],"bearing_bucket":"060-090","stroke":"#ffd92f","stroke-width":2,"stroke-opacity":0.9}},
{"type":"Feature","geometry":{"type":"LineString","coordinates":[[11.47915,48.1587],[11.47715,48.16369]]},"properties":{"id":"sl_d9d2bfda","name":"Frauendorferstraße","kind":"street","a":[48.1587,11.47915],"b":[48.16369,11.47715],"length_m":575,"max_offset_m":3.9,"bearing_ab":345.0,"bearing_ba":165.0,"obstruction_toward_a_deg":1.82,"obstruction_toward_b_deg":0.67,"canyon":true,"featured":false,"notes":null,"osm_way_ids":[16548283,16548329,27351845,88123424,209286650,1548938509],"bearing_bucket":"150-180","stroke":"#984ea3","stroke-width":2,"stroke-opacity":0.9}},
{"type":"Feature","geometry":{"type":"LineString","coordinates":[[11.41653,48.1376],[11.4173,48.13345]]},"properties":{"id":"sl_d9df99ee","name":null,"kind":"street","a":[48.1376,11.41653],"b":[48.13345,11.4173],"length_m":464,"max_offset_m":2.8,"bearing_ab":172.9,"bearing_ba":352.9,"obstruction_toward_a_deg":2.26,"obstruction_toward_b_deg":2.26,"canyon":false,"featured":false,"notes":null,"osm_way_ids":[227368145],"bearing_bucket":"150-180","stroke":"#984ea3","stroke-width":2,"stroke-opacity":0.9}},
{"type":"Feature","geometry":{"type":"LineString","coordinates":[[11.51463,48.15466],[11.5143,48.15843]]},"properties":{"id":"sl_d9eb4d5d","name":"Döllingerstraße","kind":"street","a":[48.15466,11.51463],"b":[48.15843,11.5143],"length_m":420,"max_offset_m":7.5,"bearing_ab":356.7,"bearing_ba":176.7,"obstruction_toward_a_deg":1.35,"obstruction_toward_b_deg":1.35,"canyon":true,"featured":false,"notes":null,"osm_way_ids":[20889174,157575257,626396947,660822941],"bearing_bucket":"150-180","stroke":"#984ea3","stroke-width":2,"stroke-opacity":0.9}},
{"type":"Feature","geometry":{"type":"LineString","coordinates":[[11.44333,48.13696],[11.44754,48.13445]]},"properties":{"id":"sl_da41b5a8","name":"Egenhoferstraße","kind":"street","a":[48.13696,11.44333],"b":[48.13445,11.44754],"length_m":420,"max_offset_m":0.8,"bearing_ab":131.7,"bearing_ba":311.7,"obstruction_toward_a_deg":0.91,"obstruction_toward_b_deg":0.91,"canyon":true,"featured":false,"notes":null,"osm_way_ids":[18778098],"bearing_bucket":"120-150","stroke":"#377eb8","stroke-width":2,"stroke-opacity":0.9}},
{"type":"Feature","geometry":{"type":"LineString","coordinates":[[11.56442,48.10716],[11.56748,48.11037]]},"properties":{"id":"sl_da94cef0","name":"Schönstraße","kind":"street","a":[48.10716,11.56442],"b":[48.11037,11.56748],"length_m":423,"max_offset_m":6.0,"bearing_ab":32.5,"bearing_ba":212.5,"obstruction_toward_a_deg":1.77,"obstruction_toward_b_deg":1.77,"canyon":false,"featured":false,"notes":null,"osm_way_ids":[14328032],"bearing_bucket":"030-060","stroke":"#ff7f00","stroke-width":2,"stroke-opacity":0.9}},
{"type":"Feature","geometry":{"type":"LineString","coordinates":[[11.43512,48.1571],[11.43573,48.15195]]},"properties":{"id":"sl_da9df882","name":"Hellensteinstraße","kind":"street","a":[48.1571,11.43512],"b":[48.15195,11.43573],"length_m":574,"max_offset_m":7.8,"bearing_ab":175.5,"bearing_ba":355.5,"obstruction_toward_a_deg":0.67,"obstruction_toward_b_deg":0.67,"canyon":true,"featured":false,"notes":null,"osm_way_ids":[8115380,18092003,429960746,429960747,1470368604],"bearing_bucket":"150-180","stroke":"#984ea3","stroke-width":2,"stroke-opacity":0.9}},
{"type":"Feature","geometry":{"type":"LineString","coordinates":[[11.70022,48.11359],[11.70198,48.11707]]},"properties":{"id":"sl_dacc3434","name":"Häherweg","kind":"street","a":[48.11359,11.70022],"b":[48.11707,11.70198],"length_m":408,"max_offset_m":7.6,"bearing_ab":18.7,"bearing_ba":198.7,"obstruction_toward_a_deg":0.94,"obstruction_toward_b_deg":0.94,"canyon":true,"featured":false,"notes":null,"osm_way_ids":[3732737,8129174],"bearing_bucket":"000-030","stroke":"#e41a1c","stroke-width":2,"stroke-opacity":0.9}},
{"type":"Feature","geometry":{"type":"LineString","coordinates":[[11.60572,48.12125],[11.61271,48.11625]]},"properties":{"id":"sl_dafaf1f5","name":"Rosenheimer Straße","kind":"street","a":[48.12125,11.60572],"b":[48.11625,11.61271],"length_m":762,"max_offset_m":7.1,"bearing_ab":136.9,"bearing_ba":316.9,"obstruction_toward_a_deg":1.47,"obstruction_toward_b_deg":0.98,"canyon":false,"featured":false,"notes":null,"osm_way_ids":[33288051,49863580,49915866,290582411,290582412,311181489,311743097,1414405642],"bearing_bucket":"120-150","stroke":"#377eb8","stroke-width":2,"stroke-opacity":0.9}},
{"type":"Feature","geometry":{"type":"LineString","coordinates":[[11.50713,48.19271],[11.51381,48.19157]]},"properties":{"id":"sl_db6d5ce5","name":"Max-Born-Straße","kind":"street","a":[48.19271,11.50713],"b":[48.19157,11.51381],"length_m":513,"max_offset_m":7.8,"bearing_ab":104.3,"bearing_ba":284.3,"obstruction_toward_a_deg":2.04,"obstruction_toward_b_deg":2.04,"canyon":false,"featured":false,"notes":null,"osm_way_ids":[28972602,291798677],"bearing_bucket":"090-120","stroke":"#4daf4a","stroke-width":2,"stroke-opacity":0.9}},
{"type":"Feature","geometry":{"type":"LineString","coordinates":[[11.54517,48.10742],[11.54881,48.1123]]},"properties":{"id":"sl_db89940d","name":"Thalkirchner Straße","kind":"street","a":[48.10742,11.54517],"b":[48.1123,11.54881],"length_m":606,"max_offset_m":6.1,"bearing_ab":26.5,"bearing_ba":206.5,"obstruction_toward_a_deg":0.94,"obstruction_toward_b_deg":1.54,"canyon":false,"featured":false,"notes":null,"osm_way_ids":[29544483,151738236,1101747371,1101747576,1425250932,1430934660,1430934661,1430934662,1430934663,1430934664,1448194068],"bearing_bucket":"000-030","stroke":"#e41a1c","stroke-width":2,"stroke-opacity":0.9}},
{"type":"Feature","geometry":{"type":"LineString","coordinates":[[11.57115,48.20124],[11.57898,48.2011]]},"properties":{"id":"sl_dbbf5233","name":"Rathenaustraße","kind":"street","a":[48.20124,11.57115],"b":[48.2011,11.57898],"length_m":582,"max_offset_m":7.8,"bearing_ab":91.5,"bearing_ba":271.5,"obstruction_toward_a_deg":0.66,"obstruction_toward_b_deg":1.8,"canyon":false,"featured":false,"notes":null,"osm_way_ids":[23619720,23619721,23687649,90029292],"bearing_bucket":"090-120","stroke":"#4daf4a","stroke-width":2,"stroke-opacity":0.9}},
{"type":"Feature","geometry":{"type":"LineString","coordinates":[[11.70766,48.14459],[11.70077,48.14374]]},"properties":{"id":"sl_dbeda2aa","name":"Hofbräuallee","kind":"street","a":[48.14459,11.70766],"b":[48.14374,11.70077],"length_m":522,"max_offset_m":7.7,"bearing_ab":259.5,"bearing_ba":79.5,"obstruction_toward_a_deg":2.01,"obstruction_toward_b_deg":0.38,"canyon":false,"featured":false,"notes":null,"osm_way_ids":[10436844,19830243,283487734,283487735,929198889],"bearing_bucket":"060-090","stroke":"#ffd92f","stroke-width":2,"stroke-opacity":0.9}},
{"type":"Feature","geometry":{"type":"LineString","coordinates":[[11.53335,48.13293],[11.52878,48.13009]]},"properties":{"id":"sl_dbeedcc3","name":"Garmischer Straße","kind":"street","a":[48.13293,11.53335],"b":[48.13009,11.52878],"length_m":464,"max_offset_m":7.6,"bearing_ab":227.1,"bearing_ba":47.1,"obstruction_toward_a_deg":2.14,"obstruction_toward_b_deg":0.43,"canyon":false,"featured":false,"notes":null,"osm_way_ids":[55794323,55794326,264448390,264448396,292944710,364988558,427860594],"bearing_bucket":"030-060","stroke":"#ff7f00","stroke-width":2,"stroke-opacity":0.9}},
{"type":"Feature","geometry":{"type":"LineString","coordinates":[[11.51169,48.07568],[11.51333,48.07915]]},"properties":{"id":"sl_dbef51b2","name":"Plattlinger Straße","kind":"street","a":[48.07568,11.51169],"b":[48.07915,11.51333],"length_m":404,"max_offset_m":6.6,"bearing_ab":17.5,"bearing_ba":197.6,"obstruction_toward_a_deg":0.95,"obstruction_toward_b_deg":1.4,"canyon":false,"featured":false,"notes":null,"osm_way_ids":[39467113,158364322,159145137,161518770,161518772],"bearing_bucket":"000-030","stroke":"#e41a1c","stroke-width":2,"stroke-opacity":0.9}},
{"type":"Feature","geometry":{"type":"LineString","coordinates":[[11.512,48.16058],[11.52094,48.16309]]},"properties":{"id":"sl_dc04aaf9","name":"Zamboninistraße","kind":"street","a":[48.16058,11.512],"b":[48.16309,11.52094],"length_m":721,"max_offset_m":6.9,"bearing_ab":67.2,"bearing_ba":247.2,"obstruction_toward_a_deg":0.26,"obstruction_toward_b_deg":0.53,"canyon":false,"featured":false,"notes":null,"osm_way_ids":[89360855,89360876,152420476,1381648956],"bearing_bucket":"060-090","stroke":"#ffd92f","stroke-width":2,"stroke-opacity":0.9}},
{"type":"Feature","geometry":{"type":"LineString","coordinates":[[11.50653,48.19089],[11.50869,48.18524]]},"properties":{"id":"sl_dc21c868","name":"Eggmühler Straße","kind":"street","a":[48.19089,11.50653],"b":[48.18524,11.50869],"length_m":648,"max_offset_m":6.7,"bearing_ab":165.7,"bearing_ba":345.7,"obstruction_toward_a_deg":0.73,"obstruction_toward_b_deg":1.62,"canyon":false,"featured":false,"notes":null,"osm_way_ids":[4858969,1430584338,1430584339],"bearing_bucket":"150-180","stroke":"#984ea3","stroke-width":2,"stroke-opacity":0.9}},
{"type":"Feature","geometry":{"type":"LineString","coordinates":[[11.46618,48.18651],[11.46392,48.18986]]},"properties":{"id":"sl_dd439a95","name":"Franz-Nißl-Straße","kind":"street","a":[48.18651,11.46618],"b":[48.18986,11.46392],"length_m":408,"max_offset_m":6.4,"bearing_ab":335.8,"bearing_ba":155.8,"obstruction_toward_a_deg":2.57,"obstruction_toward_b_deg":0.94,"canyon":true,"featured":false,"notes":null,"osm_way_ids":[19060491,32623949,32823279,1445361477],"bearing_bucket":"150-180","stroke":"#984ea3","stroke-width":2,"stroke-opacity":0.9}},
{"type":"Feature","geometry":{"type":"LineString","coordinates":[[11.64849,48.12031],[11.64246,48.12164]]},"properties":{"id":"sl_ddc79476","name":"Waldstraße","kind":"street","a":[48.12031,11.64849],"b":[48.12164,11.64246],"length_m":473,"max_offset_m":8.0,"bearing_ab":288.2,"bearing_ba":108.2,"obstruction_toward_a_deg":0.81,"obstruction_toward_b_deg":0.81,"canyon":false,"featured":false,"notes":null,"osm_way_ids":[3322134,513387307],"bearing_bucket":"090-120","stroke":"#4daf4a","stroke-width":2,"stroke-opacity":0.9}},
{"type":"Feature","geometry":{"type":"LineString","coordinates":[[11.4434,48.14259],[11.45019,48.14398]]},"properties":{"id":"sl_de1ab194","name":"Paosostraße","kind":"street","a":[48.14259,11.4434],"b":[48.14398,11.45019],"length_m":529,"max_offset_m":7.7,"bearing_ab":73.0,"bearing_ba":253.0,"obstruction_toward_a_deg":1.98,"obstruction_toward_b_deg":0.73,"canyon":false,"featured":false,"notes":null,"osm_way_ids":[1162987110,1211884038,1211884816,1211885342,1339013479],"bearing_bucket":"060-090","stroke":"#ffd92f","stroke-width":2,"stroke-opacity":0.9}},
{"type":"Feature","geometry":{"type":"LineString","coordinates":[[11.50776,48.09744],[11.50314,48.09352]]},"properties":{"id":"sl_de2a3ea6","name":"Drygalski-Allee","kind":"street","a":[48.09744,11.50776],"b":[48.09352,11.50314],"length_m":555,"max_offset_m":6.8,"bearing_ab":218.4,"bearing_ba":38.4,"obstruction_toward_a_deg":1.02,"obstruction_toward_b_deg":0.69,"canyon":false,"featured":false,"notes":null,"osm_way_ids":[56254762,56254763,63963442,126186123,145460194,150921894,295881538,295881540,1426240507,1426240508,1426240510,1426245034,1427148530,1427148532,1427148535,1427148536,1427148537,1427148538,1427148540,1427148541],"bearing_bucket":"030-060","stroke":"#ff7f00","stroke-width":2,"stroke-opacity":0.9}},
{"type":"Feature","geometry":{"type":"LineString","coordinates":[[11.64859,48.23502],[11.63814,48.23813]]},"properties":{"id":"sl_de2f9dbd","name":"Isar-Schleißheimer Kanal","kind":"canal","a":[48.23502,11.64859],"b":[48.23813,11.63814],"length_m":850,"max_offset_m":5.9,"bearing_ab":294.0,"bearing_ba":114.0,"obstruction_toward_a_deg":1.23,"obstruction_toward_b_deg":1.23,"canyon":false,"featured":false,"notes":null,"osm_way_ids":[14174557],"bearing_bucket":"090-120","stroke":"#4daf4a","stroke-width":2,"stroke-opacity":0.9}},
{"type":"Feature","geometry":{"type":"LineString","coordinates":[[11.53454,48.1948],[11.53374,48.18712]]},"properties":{"id":"sl_de660076","name":"Lassallestraße","kind":"street","a":[48.1948,11.53454],"b":[48.18712,11.53374],"length_m":856,"max_offset_m":5.9,"bearing_ab":184.0,"bearing_ba":4.0,"obstruction_toward_a_deg":0.45,"obstruction_toward_b_deg":1.22,"canyon":false,"featured":false,"notes":null,"osm_way_ids":[4958953,27822858,32129775,32887361,1056318956,1420092670,1420092671],"bearing_bucket":"000-030","stroke":"#e41a1c","stroke-width":2,"stroke-opacity":0.9}},
{"type":"Feature","geometry":{"type":"LineString","coordinates":[[11.58844,48.10878],[11.58929,48.10491]]},"properties":{"id":"sl_deafe0f3","name":"Sintpertstraße","kind":"street","a":[48.10878,11.58844],"b":[48.10491,11.58929],"length_m":435,"max_offset_m":7.9,"bearing_ab":171.6,"bearing_ba":351.6,"obstruction_toward_a_deg":2.14,"obstruction_toward_b_deg":1.72,"canyon":false,"featured":false,"notes":null,"osm_way_ids":[40108149,165200710,1157907931,1244834241],"bearing_bucket":"150-180","stroke":"#984ea3","stroke-width":2,"stroke-opacity":0.9}},
{"type":"Feature","geometry":{"type":"LineString","coordinates":[[11.6416,48.1201],[11.64882,48.11837]]},"properties":{"id":"sl_ded6a2f2","name":"Gratlspitzstraße","kind":"street","a":[48.1201,11.6416],"b":[48.11837,11.64882],"length_m":571,"max_offset_m":7.9,"bearing_ab":109.6,"bearing_ba":289.6,"obstruction_toward_a_deg":0.67,"obstruction_toward_b_deg":0.67,"canyon":true,"featured":false,"notes":null,"osm_way_ids":[3322015],"bearing_bucket":"090-120","stroke":"#4daf4a","stroke-width":2,"stroke-opacity":0.9}},
{"type":"Feature","geometry":{"type":"LineString","coordinates":[[11.58048,48.11604],[11.58425,48.11965]]},"properties":{"id":"sl_defc3d30","name":"Tegernseer Landstraße","kind":"street","a":[48.11604,11.58048],"b":[48.11965,11.58425],"length_m":489,"max_offset_m":7.7,"bearing_ab":35.0,"bearing_ba":215.0,"obstruction_toward_a_deg":1.53,"obstruction_toward_b_deg":0.41,"canyon":true,"featured":false,"notes":null,"osm_way_ids":[50816148,50816150,154496957,159491262,169254468,169254470,252383746,371151395,371151401,374115117,375697129,410466893,593148775,1441660887,1441660888,1441660889,1441660890,1441660891,1441660892,1441660893,1441660894,1441660895],"bearing_bucket":"030-060","stroke":"#ff7f00","stroke-width":2,"stroke-opacity":0.9}},
{"type":"Feature","geometry":{"type":"LineString","coordinates":[[11.65384,48.16966],[11.66108,48.1675]]},"properties":{"id":"sl_df1809ca","name":"Aaröstraße","kind":"street","a":[48.16966,11.65384],"b":[48.1675,11.66108],"length_m":590,"max_offset_m":7.0,"bearing_ab":114.1,"bearing_ba":294.1,"obstruction_toward_a_deg":1.78,"obstruction_toward_b_deg":0.81,"canyon":false,"featured":false,"notes":null,"osm_way_ids":[9199876,15542950,1105254800,1105254801],"bearing_bucket":"090-120","stroke":"#4daf4a","stroke-width":2,"stroke-opacity":0.9}},
{"type":"Feature","geometry":{"type":"LineString","coordinates":[[11.65795,48.1106],[11.66166,48.11504]]},"properties":{"id":"sl_dffe9e70","name":"Eigerstraße","kind":"street","a":[48.1106,11.65795],"b":[48.11504,11.66166],"length_m":566,"max_offset_m":1.7,"bearing_ab":29.2,"bearing_ba":209.2,"obstruction_toward_a_deg":0.68,"obstruction_toward_b_deg":0.68,"canyon":true,"featured":false,"notes":null,"osm_way_ids":[4005489,1194464328],"bearing_bucket":"000-030","stroke":"#e41a1c","stroke-width":2,"stroke-opacity":0.9}},
{"type":"Feature","geometry":{"type":"LineString","coordinates":[[11.5083,48.1734],[11.5063,48.17718]]},"properties":{"id":"sl_e0d571e3","name":"Netzerstraße","kind":"street","a":[48.1734,11.5083],"b":[48.17718,11.5063],"length_m":446,"max_offset_m":7.2,"bearing_ab":340.5,"bearing_ba":160.5,"obstruction_toward_a_deg":0.86,"obstruction_toward_b_deg":2.09,"canyon":true,"featured":false,"notes":null,"osm_way_ids":[7373703],"bearing_bucket":"150-180","stroke":"#984ea3","stroke-width":2,"stroke-opacity":0.9}},
{"type":"Feature","geometry":{"type":"LineString","coordinates":[[11.5225,48.11591],[11.52249,48.12092]]},"properties":{"id":"sl_e0e61a5c","name":"Fernpaßstraße","kind":"street","a":[48.11591,11.5225],"b":[48.12092,11.52249],"length_m":557,"max_offset_m":5.3,"bearing_ab":359.9,"bearing_ba":179.9,"obstruction_toward_a_deg":0.69,"obstruction_toward_b_deg":1.35,"canyon":false,"featured":false,"notes":null,"osm_way_ids":[4347903,4347904,4885809],"bearing_bucket":"150-180","stroke":"#984ea3","stroke-width":2,"stroke-opacity":0.9}},
{"type":"Feature","geometry":{"type":"LineString","coordinates":[[11.53801,48.11041],[11.53969,48.10637]]},"properties":{"id":"sl_e0f40b36","name":"Fallstraße","kind":"street","a":[48.11041,11.53801],"b":[48.10637,11.53969],"length_m":466,"max_offset_m":6.8,"bearing_ab":164.5,"bearing_ba":344.5,"obstruction_toward_a_deg":1.61,"obstruction_toward_b_deg":2.4,"canyon":false,"featured":false,"notes":null,"osm_way_ids":[4353174,157567967],"bearing_bucket":"150-180","stroke":"#984ea3","stroke-width":2,"stroke-opacity":0.9}},
{"type":"Feature","geometry":{"type":"LineString","coordinates":[[11.49228,48.11825],[11.48476,48.11877]]},"properties":{"id":"sl_e0ff8f44","name":"Guardinistraße","kind":"street","a":[48.11825,11.49228],"b":[48.11877,11.48476],"length_m":563,"max_offset_m":6.7,"bearing_ab":275.9,"bearing_ba":95.9,"obstruction_toward_a_deg":1.82,"obstruction_toward_b_deg":1.98,"canyon":false,"featured":false,"notes":null,"osm_way_ids":[259060737,259060742,422793987,422793988,1446527452,1446527454,1446528481,1446528482,1446529553,1446529554],"bearing_bucket":"090-120","stroke":"#4daf4a","stroke-width":2,"stroke-opacity":0.9}},
{"type":"Feature","geometry":{"type":"LineString","coordinates":[[11.57581,48.09916],[11.58086,48.10327]]},"properties":{"id":"sl_e16b64ea","name":"Rotbuchenstraße","kind":"street","a":[48.09916,11.57581],"b":[48.10327,11.58086],"length_m":592,"max_offset_m":6.4,"bearing_ab":39.5,"bearing_ba":219.5,"obstruction_toward_a_deg":0.65,"obstruction_toward_b_deg":0.65,"canyon":true,"featured":false,"notes":null,"osm_way_ids":[156441867,1005641251,1436866633],"bearing_bucket":"030-060","stroke":"#ff7f00","stroke-width":2,"stroke-opacity":0.9}},
{"type":"Feature","geometry":{"type":"LineString","coordinates":[[11.65404,48.12011],[11.6568,48.12408]]},"properties":{"id":"sl_e19f2e59","name":"Kreuzerweg","kind":"street","a":[48.12011,11.65404],"b":[48.12408,11.6568],"length_m":487,"max_offset_m":1.9,"bearing_ab":25.0,"bearing_ba":205.0,"obstruction_toward_a_deg":0.79,"obstruction_toward_b_deg":0.79,"canyon":true,"featured":false,"notes":null,"osm_way_ids":[361074024],"bearing_bucket":"000-030","stroke":"#e41a1c","stroke-width":2,"stroke-opacity":0.9}},
{"type":"Feature","geometry":{"type":"LineString","coordinates":[[11.66855,48.10546],[11.6718,48.1095]]},"properties":{"id":"sl_e1a5d768","name":"Friedenspromenade","kind":"street","a":[48.10546,11.66855],"b":[48.1095,11.6718],"length_m":511,"max_offset_m":3.8,"bearing_ab":28.3,"bearing_ba":208.3,"obstruction_toward_a_deg":2.05,"obstruction_toward_b_deg":0.75,"canyon":false,"featured":false,"notes":null,"osm_way_ids":[157006823],"bearing_bucket":"000-030","stroke":"#e41a1c","stroke-width":2,"stroke-opacity":0.9}},
{"type":"Feature","geometry":{"type":"LineString","coordinates":[[11.54038,48.23382],[11.53459,48.22587]]},"properties":{"id":"sl_e1c65480","name":null,"kind":"street","a":[48.23382,11.54038],"b":[48.22587,11.53459],"length_m":983,"max_offset_m":5.7,"bearing_ab":206.0,"bearing_ba":26.0,"obstruction_toward_a_deg":1.07,"obstruction_toward_b_deg":1.07,"canyon":false,"featured":false,"notes":null,"osm_way_ids":[23451067],"bearing_bucket":"000-030","stroke":"#e41a1c","stroke-width":2,"stroke-opacity":0.9}},
{"type":"Feature","geometry":{"type":"LineString","coordinates":[[11.53804,48.13977],[11.53662,48.13255]]},"properties":{"id":"sl_e21752a2","name":"Bergmannstraße","kind":"street","a":[48.13977,11.53804],"b":[48.13255,11.53662],"length_m":810,"max_offset_m":1.7,"bearing_ab":187.5,"bearing_ba":7.5,"obstruction_toward_a_deg":1.15,"obstruction_toward_b_deg":0.93,"canyon":true,"featured":false,"notes":null,"osm_way_ids":[4013955,442992284,1224974264,1224974265,1513544848],"bearing_bucket":"000-030","stroke":"#e41a1c","stroke-width":2,"stroke-opacity":0.9}},
{"type":"Feature","geometry":{"type":"LineString","coordinates":[[11.52832,48.19835],[11.53394,48.19844]]},"properties":{"id":"sl_e303f46f","name":"Gustav-Schiefer-Straße","kind":"street","a":[48.19835,11.52832],"b":[48.19844,11.53394],"length_m":418,"max_offset_m":7.2,"bearing_ab":88.5,"bearing_ba":268.5,"obstruction_toward_a_deg":0.92,"obstruction_toward_b_deg":1.8,"canyon":true,"featured":false,"notes":null,"osm_way_ids":[4949344],"bearing_bucket":"060-090","stroke":"#ffd92f","stroke-width":2,"stroke-opacity":0.9}},
{"type":"Feature","geometry":{"type":"LineString","coordinates":[[11.66188,48.1324],[11.65678,48.13468]]},"properties":{"id":"sl_e314149b","name":"Am Moosfeld","kind":"street","a":[48.1324,11.66188],"b":[48.13468,11.65678],"length_m":456,"max_offset_m":4.8,"bearing_ab":303.8,"bearing_ba":123.7,"obstruction_toward_a_deg":0.84,"obstruction_toward_b_deg":0.84,"canyon":true,"featured":false,"notes":null,"osm_way_ids":[3342926,944330473,944330474,944330475],"bearing_bucket":"120-150","stroke":"#377eb8","stroke-width":2,"stroke-opacity":0.9}},
{"type":"Feature","geometry":{"type":"LineString","coordinates":[[11.42186,48.15361],[11.42489,48.14727]]},"properties":{"id":"sl_e321fb28","name":"Hoheneckstraße","kind":"street","a":[48.15361,11.42186],"b":[48.14727,11.42489],"length_m":740,"max_offset_m":5.8,"bearing_ab":162.3,"bearing_ba":342.3,"obstruction_toward_a_deg":0.52,"obstruction_toward_b_deg":1.42,"canyon":true,"featured":false,"notes":null,"osm_way_ids":[8115444],"bearing_bucket":"150-180","stroke":"#984ea3","stroke-width":2,"stroke-opacity":0.9}},
{"type":"Feature","geometry":{"type":"LineString","coordinates":[[11.70278,48.13353],[11.70278,48.12961]]},"properties":{"id":"sl_e38f4765","name":"Selma-Lagerlöf-Straße","kind":"street","a":[48.13353,11.70278],"b":[48.12961,11.70278],"length_m":436,"max_offset_m":1.9,"bearing_ab":180.0,"bearing_ba":360.0,"obstruction_toward_a_deg":0.46,"obstruction_toward_b_deg":2.41,"canyon":true,"featured":false,"notes":null,"osm_way_ids":[38526004,56686328],"bearing_bucket":"000-030","stroke":"#e41a1c","stroke-width":2,"stroke-opacity":0.9}},
{"type":"Feature","geometry":{"type":"LineString","coordinates":[[11.41167,48.14113],[11.4104,48.14588]]},"properties":{"id":"sl_e39fdd78","name":"Wiesentfelser Straße","kind":"street","a":[48.14113,11.41167],"b":[48.14588,11.4104],"length_m":536,"max_offset_m":6.4,"bearing_ab":349.8,"bearing_ba":169.8,"obstruction_toward_a_deg":1.95,"obstruction_toward_b_deg":1.74,"canyon":false,"featured":false,"notes":null,"osm_way_ids":[153575259,341612030,341612160,341900173,721304712,1116541546],"bearing_bucket":"150-180","stroke":"#984ea3","stroke-width":2,"stroke-opacity":0.9}},
{"type":"Feature","geometry":{"type":"LineString","coordinates":[[11.5046,48.13903],[11.50494,48.13542]]},"properties":{"id":"sl_e3dda8e6","name":"Kirchmairstraße","kind":"street","a":[48.13903,11.5046],"b":[48.13542,11.50494],"length_m":402,"max_offset_m":6.5,"bearing_ab":176.4,"bearing_ba":356.4,"obstruction_toward_a_deg":0.96,"obstruction_toward_b_deg":2.32,"canyon":true,"featured":false,"notes":null,"osm_way_ids":[4586063,237418954,1150778276,1150778277],"bearing_bucket":"150-180","stroke":"#984ea3","stroke-width":2,"stroke-opacity":0.9}},
{"type":"Feature","geometry":{"type":"LineString","coordinates":[[11.50124,48.1163],[11.5013,48.12211]]},"properties":{"id":"sl_e3fb6acc","name":"Neufriedenheimer Straße","kind":"street","a":[48.1163,11.50124],"b":[48.12211,11.5013],"length_m":646,"max_offset_m":2.7,"bearing_ab":0.4,"bearing_ba":180.4,"obstruction_toward_a_deg":0.59,"obstruction_toward_b_deg":0.59,"canyon":true,"featured":false,"notes":null,"osm_way_ids":[4856850,1446538480,1446544738,1446544739,1446551155],"bearing_bucket":"000-030","stroke":"#e41a1c","stroke-width":2,"stroke-opacity":0.9}},
{"type":"Feature","geometry":{"type":"LineString","coordinates":[[11.49484,48.12389],[11.50105,48.12522]]},"properties":{"id":"sl_e41f0f19","name":"Maenherstraße","kind":"street","a":[48.12389,11.49484],"b":[48.12522,11.50105],"length_m":486,"max_offset_m":7.9,"bearing_ab":72.2,"bearing_ba":252.2,"obstruction_toward_a_deg":0.79,"obstruction_toward_b_deg":0.79,"canyon":true,"featured":false,"notes":null,"osm_way_ids":[24689417,103699157,1154824324,1154824325,1154824345,1446331462],"bearing_bucket":"060-090","stroke":"#ffd92f","stroke-width":2,"stroke-opacity":0.9}},
{"type":"Feature","geometry":{"type":"LineString","coordinates":[[11.46557,48.15676],[11.46501,48.15216]]},"properties":{"id":"sl_e42cef6f","name":"Chopinstraße","kind":"street","a":[48.15676,11.46557],"b":[48.15216,11.46501],"length_m":513,"max_offset_m":2.2,"bearing_ab":184.7,"bearing_ba":4.7,"obstruction_toward_a_deg":0.75,"obstruction_toward_b_deg":0.75,"canyon":true,"featured":false,"notes":null,"osm_way_ids":[124270139],"bearing_bucket":"000-030","stroke":"#e41a1c","stroke-width":2,"stroke-opacity":0.9}},
{"type":"Feature","geometry":{"type":"LineString","coordinates":[[11.53822,48.15643],[11.54362,48.15922]]},"properties":{"id":"sl_e440dfbc","name":"Volkartstraße","kind":"street","a":[48.15643,11.53822],"b":[48.15922,11.54362],"length_m":508,"max_offset_m":5.6,"bearing_ab":52.3,"bearing_ba":232.3,"obstruction_toward_a_deg":1.48,"obstruction_toward_b_deg":2.56,"canyon":true,"featured":false,"notes":null,"osm_way_ids":[4651502],"bearing_bucket":"030-060","stroke":"#ff7f00","stroke-width":2,"stroke-opacity":0.9}},
{"type":"Feature","geometry":{"type":"LineString","coordinates":[[11.40499,48.1991],[11.40764,48.19555]]},"properties":{"id":"sl_e4450c66","name":"Birkenrieder Straße","kind":"street","a":[48.1991,11.40499],"b":[48.19555,11.40764],"length_m":441,"max_offset_m":5.6,"bearing_ab":153.5,"bearing_ba":333.5,"obstruction_toward_a_deg":2.38,"obstruction_toward_b_deg":0.46,"canyon":false,"featured":false,"notes":null,"osm_way_ids":[18498593],"bearing_bucket":"150-180","stroke":"#984ea3","stroke-width":2,"stroke-opacity":0.9}},
{"type":"Feature","geometry":{"type":"LineString","coordinates":[[11.58048,48.09626],[11.5825,48.0928]]},"properties":{"id":"sl_e44f858c","name":"Mangfallstraße","kind":"street","a":[48.09626,11.58048],"b":[48.0928,11.5825],"length_m":413,"max_offset_m":6.4,"bearing_ab":158.7,"bearing_ba":338.7,"obstruction_toward_a_deg":0.93,"obstruction_toward_b_deg":2.54,"canyon":true,"featured":false,"notes":null,"osm_way_ids":[4933012,1091914562,1435373286],"bearing_bucket":"150-180","stroke":"#984ea3","stroke-width":2,"stroke-opacity":0.9}},
{"type":"Feature","geometry":{"type":"LineString","coordinates":[[11.50201,48.1052],[11.50304,48.14257]]},"properties":{"id":"sl_e4608dbb","name":"Fürstenrieder Straße","kind":"street","a":[48.1052,11.50201],"b":[48.14257,11.50304],"length_m":4156,"max_offset_m":7.9,"bearing_ab":1.1,"bearing_ba":181.1,"obstruction_toward_a_deg":0.22,"obstruction_toward_b_deg":0.21,"canyon":false,"featured":false,"notes":null,"osm_way_ids":[4007613,25549812,25549813,25549816,51692722,63094056,63104708,70219497,71360460,71360462,128869598,134693373,141512198,146644609,153024183,153024184,153878044,248852329,259048872,263911301,273331288,290571552,295881541,317020502,319483720,346662347,346662348,346662349,346662350,346662351,346662352,363799160,365508921,365508922,387234728,387234729,393388234,393388235,453582688,475084461,479885264,479885265,505794446,1274887874,1427074235,1446331461,1446334284,1446334285,1532419064,1558867984],"bearing_bucket":"000-030","stroke":"#e41a1c","stroke-width":2,"stroke-opacity":0.9}},
{"type":"Feature","geometry":{"type":"LineString","coordinates":[[11.58232,48.11623],[11.58787,48.11677]]},"properties":{"id":"sl_e47a7f6d","name":"Sankt-Martin-Straße","kind":"street","a":[48.11623,11.58232],"b":[48.11677,11.58787],"length_m":417,"max_offset_m":8.0,"bearing_ab":81.8,"bearing_ba":261.8,"obstruction_toward_a_deg":1.8,"obstruction_toward_b_deg":1.36,"canyon":true,"featured":false,"notes":null,"osm_way_ids":[4642207,1103432229,1444680698,1444680699,1444680700,1444686614,1444686615,1444686618],"bearing_bucket":"060-090","stroke":"#ffd92f","stroke-width":2,"stroke-opacity":0.9}},
{"type":"Feature","geometry":{"type":"LineString","coordinates":[[11.41832,48.15092],[11.41976,48.14721]]},"properties":{"id":"sl_e4b8018f","name":"Freienfelsstraße","kind":"street","a":[48.15092,11.41832],"b":[48.14721,11.41976],"length_m":426,"max_offset_m":4.5,"bearing_ab":165.4,"bearing_ba":345.4,"obstruction_toward_a_deg":0.9,"obstruction_toward_b_deg":1.76,"canyon":true,"featured":false,"notes":null,"osm_way_ids":[170984733],"bearing_bucket":"150-180","stroke":"#984ea3","stroke-width":2,"stroke-opacity":0.9}},
{"type":"Feature","geometry":{"type":"LineString","coordinates":[[11.49493,48.12053],[11.48636,48.12057]]},"properties":{"id":"sl_e4dfba1d","name":"Stiftsbogen","kind":"street","a":[48.12053,11.49493],"b":[48.12057,11.48636],"length_m":638,"max_offset_m":7.7,"bearing_ab":270.4,"bearing_ba":90.4,"obstruction_toward_a_deg":1.18,"obstruction_toward_b_deg":1.9,"canyon":false,"featured":false,"notes":null,"osm_way_ids":[103307236,178463003,1446319337,1446319338,1446319341,1446319342,1446324584,1446324586,1446324587,1446324589,1446324590,1446324591,1446324593,1446324594,1446324595,1446324596,1446324597,1446324598],"bearing_bucket":"090-120","stroke":"#4daf4a","stroke-width":2,"stroke-opacity":0.9}},
{"type":"Feature","geometry":{"type":"LineString","coordinates":[[11.56066,48.12546],[11.56733,48.12322]]},"properties":{"id":"sl_e5506831","name":"Kapuzinerstraße","kind":"street","a":[48.12546,11.56066],"b":[48.12322,11.56733],"length_m":556,"max_offset_m":7.6,"bearing_ab":116.7,"bearing_ba":296.7,"obstruction_toward_a_deg":1.35,"obstruction_toward_b_deg":0.86,"canyon":false,"featured":false,"notes":null,"osm_way_ids":[37665392,37665393,37665394,37665428,373538980,622091748,622091749,622091750,622091753,624105061,1004519809,1004519812,1004528997,1206829032,1498544459],"bearing_bucket":"090-120","stroke":"#4daf4a","stroke-width":2,"stroke-opacity":0.9}},
{"type":"Feature","geometry":{"type":"LineString","coordinates":[[11.68167,48.13543],[11.69026,48.13549]]},"properties":{"id":"sl_e56c25f3","name":"Joseph-Wild-Straße","kind":"street","a":[48.13543,11.68167],"b":[48.13549,11.69026],"length_m":640,"max_offset_m":0.8,"bearing_ab":89.4,"bearing_ba":269.4,"obstruction_toward_a_deg":1.64,"obstruction_toward_b_deg":1.46,"canyon":false,"featured":false,"notes":null,"osm_way_ids":[32854175,152641136,734198771,916731083],"bearing_bucket":"060-090","stroke":"#ffd92f","stroke-width":2,"stroke-opacity":0.9}},
{"type":"Feature","geometry":{"type":"LineString","coordinates":[[11.52324,48.09484],[11.52395,48.10093]]},"properties":{"id":"sl_e576c283","name":"Aidenbachstraße","kind":"street","a":[48.09484,11.52324],"b":[48.10093,11.52395],"length_m":680,"max_offset_m":7.1,"bearing_ab":4.4,"bearing_ba":184.4,"obstruction_toward_a_deg":1.37,"obstruction_toward_b_deg":0.87,"canyon":false,"featured":false,"notes":null,"osm_way_ids":[4390378,30171931,34563621,37427650,37427651,38626506,51745489,55962713,149957617,149957618,149957619,150892621,155365540,155365544,185525035,266954743,266954744,295881536,297478156],"bearing_bucket":"000-030","stroke":"#e41a1c","stroke-width":2,"stroke-opacity":0.9}},
{"type":"Feature","geometry":{"type":"LineString","coordinates":[[11.58502,48.09965],[11.59753,48.10283]]},"properties":{"id":"sl_e5827524","name":"Stadelheimer Straße","kind":"street","a":[48.09965,11.58502],"b":[48.10283,11.59753],"length_m":996,"max_offset_m":7.0,"bearing_ab":69.2,"bearing_ba":249.2,"obstruction_toward_a_deg":0.75,"obstruction_toward_b_deg":0.29,"canyon":false,"featured":false,"notes":null,"osm_way_ids":[11672203,37429908,43331014,143417125,231851818,231852588,231852589,231852590,231852591,231852594,231852595,231855936,231855937,231855938,231855939,264478234,972333528,972333529,1551928062],"bearing_bucket":"060-090","stroke":"#ffd92f","stroke-width":2,"stroke-opacity":0.9}},
{"type":"Feature","geometry":{"type":"LineString","coordinates":[[11.50754,48.11089],[11.51587,48.11183]]},"properties":{"id":"sl_e5b43ce1","name":"Waxensteinstraße","kind":"street","a":[48.11089,11.50754],"b":[48.11183,11.51587],"length_m":630,"max_offset_m":5.9,"bearing_ab":80.4,"bearing_ba":260.4,"obstruction_toward_a_deg":0.61,"obstruction_toward_b_deg":0.61,"canyon":true,"featured":false,"notes":null,"osm_way_ids":[158301586,1160873818,1490661977,1490661978],"bearing_bucket":"060-090","stroke":"#ffd92f","stroke-width":2,"stroke-opacity":0.9}},
{"type":"Feature","geometry":{"type":"LineString","coordinates":[[11.52649,48.09269],[11.53005,48.10257]]},"properties":{"id":"sl_e5bbf097","name":"Hofmannstraße","kind":"street","a":[48.09269,11.52649],"b":[48.10257,11.53005],"length_m":1130,"max_offset_m":2.5,"bearing_ab":13.6,"bearing_ba":193.6,"obstruction_toward_a_deg":0.18,"obstruction_toward_b_deg":0.99,"canyon":false,"featured":false,"notes":null,"osm_way_ids":[44376642,49213911,56476637,59177598,381751046,1051113547,1099330648,1099840280,1425223838],"bearing_bucket":"000-030","stroke":"#e41a1c","stroke-width":2,"stroke-opacity":0.9}},
{"type":"Feature","geometry":{"type":"LineString","coordinates":[[11.54353,48.0909],[11.54113,48.08705]]},"properties":{"id":"sl_e5c38062","name":"Zentralländstraße","kind":"street","a":[48.0909,11.54353],"b":[48.08705,11.54113],"length_m":464,"max_offset_m":4.6,"bearing_ab":202.6,"bearing_ba":22.6,"obstruction_toward_a_deg":2.26,"obstruction_toward_b_deg":0.43,"canyon":false,"featured":false,"notes":null,"osm_way_ids":[27415836,162921834,1155893496,1526142174],"bearing_bucket":"000-030","stroke":"#e41a1c","stroke-width":2,"stroke-opacity":0.9}},
{"type":"Feature","geometry":{"type":"LineString","coordinates":[[11.54221,48.11684],[11.55013,48.11767]]},"properties":{"id":"sl_e61c2044","name":"Valleystraße","kind":"street","a":[48.11684,11.54221],"b":[48.11767,11.55013],"length_m":597,"max_offset_m":7.8,"bearing_ab":81.1,"bearing_ba":261.1,"obstruction_toward_a_deg":1.26,"obstruction_toward_b_deg":1.41,"canyon":false,"featured":false,"notes":null,"osm_way_ids":[4020024,39032515,40153642,1443184373,1495890697,1495890698,1495890699,1495890700,1496156820,1496156821],"bearing_bucket":"060-090","stroke":"#ffd92f","stroke-width":2,"stroke-opacity":0.9}},
{"type":"Feature","geometry":{"type":"LineString","coordinates":[[11.48981,48.09617],[11.499,48.10084]]},"properties":{"id":"sl_e62abb01","name":null,"kind":"street","a":[48.09617,11.48981],"b":[48.10084,11.499],"length_m":859,"max_offset_m":1.3,"bearing_ab":52.8,"bearing_ba":232.9,"obstruction_toward_a_deg":0.45,"obstruction_toward_b_deg":1.3,"canyon":false,"featured":false,"notes":null,"osm_way_ids":[1257541787],"bearing_bucket":"030-060","stroke":"#ff7f00","stroke-width":2,"stroke-opacity":0.9}},
{"type":"Feature","geometry":{"type":"LineString","coordinates":[[11.63811,48.19462],[11.63427,48.18809]]},"properties":{"id":"sl_e63f4a81","name":"Mittlere-Isar-Kanal","kind":"canal","a":[48.19462,11.63811],"b":[48.18809,11.63427],"length_m":780,"max_offset_m":3.9,"bearing_ab":201.5,"bearing_ba":21.5,"obstruction_toward_a_deg":1.34,"obstruction_toward_b_deg":1.34,"canyon":false,"featured":false,"notes":null,"osm_way_ids":[3811740],"bearing_bucket":"000-030","stroke":"#e41a1c","stroke-width":2,"stroke-opacity":0.9}},
{"type":"Feature","geometry":{"type":"LineString","coordinates":[[11.46998,48.11409],[11.47698,48.11466]]},"properties":{"id":"sl_e6ce4a15","name":"Haseneystraße","kind":"street","a":[48.11409,11.46998],"b":[48.11466,11.47698],"length_m":525,"max_offset_m":7.8,"bearing_ab":83.1,"bearing_ba":263.1,"obstruction_toward_a_deg":1.43,"obstruction_toward_b_deg":0.73,"canyon":true,"featured":false,"notes":null,"osm_way_ids":[17907924,1444282058,1444282059],"bearing_bucket":"060-090","stroke":"#ffd92f","stroke-width":2,"stroke-opacity":0.9}},
{"type":"Feature","geometry":{"type":"LineString","coordinates":[[11.47714,48.19768],[11.48503,48.19609]]},"properties":{"id":"sl_e7393b4e","name":"Ludwigsfelder Straße","kind":"street","a":[48.19768,11.47714],"b":[48.19609,11.48503],"length_m":612,"max_offset_m":6.7,"bearing_ab":106.7,"bearing_ba":286.7,"obstruction_toward_a_deg":1.71,"obstruction_toward_b_deg":1.71,"canyon":false,"featured":false,"notes":null,"osm_way_ids":[32623946,1044737838,1376686832,1376686834],"bearing_bucket":"090-120","stroke":"#4daf4a","stroke-width":2,"stroke-opacity":0.9}},
{"type":"Feature","geometry":{"type":"LineString","coordinates":[[11.69018,48.12497],[11.70172,48.12652]]},"properties":{"id":"sl_e75a79e7","name":null,"kind":"street","a":[48.12497,11.69018],"b":[48.12652,11.70172],"length_m":876,"max_offset_m":2.1,"bearing_ab":78.6,"bearing_ba":258.6,"obstruction_toward_a_deg":1.2,"obstruction_toward_b_deg":1.2,"canyon":false,"featured":false,"notes":null,"osm_way_ids":[90104674],"bearing_bucket":"060-090","stroke":"#ffd92f","stroke-width":2,"stroke-opacity":0.9}},
{"type":"Feature","geometry":{"type":"LineString","coordinates":[[11.63832,48.11734],[11.63056,48.1187]]},"properties":{"id":"sl_e764ce0a","name":"Heinrich-Wieland-Straße","kind":"street","a":[48.11734,11.63832],"b":[48.1187,11.63056],"length_m":598,"max_offset_m":6.5,"bearing_ab":284.8,"bearing_ba":104.8,"obstruction_toward_a_deg":0.64,"obstruction_toward_b_deg":0.34,"canyon":false,"featured":false,"notes":null,"osm_way_ids":[3576883,3576884,23394530,1113421805],"bearing_bucket":"090-120","stroke":"#4daf4a","stroke-width":2,"stroke-opacity":0.9}},
{"type":"Feature","geometry":{"type":"LineString","coordinates":[[11.54404,48.20902],[11.55025,48.20836]]},"properties":{"id":"sl_e775a0e3","name":null,"kind":"street","a":[48.20902,11.54404],"b":[48.20836,11.55025],"length_m":467,"max_offset_m":2.6,"bearing_ab":99.0,"bearing_ba":279.0,"obstruction_toward_a_deg":3.17,"obstruction_toward_b_deg":0.82,"canyon":false,"featured":false,"notes":null,"osm_way_ids":[1531011478,1531011479],"bearing_bucket":"090-120","stroke":"#4daf4a","stroke-width":2,"stroke-opacity":0.9}},
{"type":"Feature","geometry":{"type":"LineString","coordinates":[[11.69089,48.12396],[11.69521,48.12159]]},"properties":{"id":"sl_e776d2bd","name":"Rappenweg","kind":"street","a":[48.12396,11.69089],"b":[48.12159,11.69521],"length_m":416,"max_offset_m":7.6,"bearing_ab":129.3,"bearing_ba":309.3,"obstruction_toward_a_deg":2.52,"obstruction_toward_b_deg":2.52,"canyon":false,"featured":false,"notes":null,"osm_way_ids":[90104677],"bearing_bucket":"120-150","stroke":"#377eb8","stroke-width":2,"stroke-opacity":0.9}},
{"type":"Feature","geometry":{"type":"LineString","coordinates":[[11.49532,48.21754],[11.48959,48.21725]]},"properties":{"id":"sl_e789ddda","name":"Karlsfelder Straße","kind":"street","a":[48.21754,11.49532],"b":[48.21725,11.48959],"length_m":427,"max_offset_m":6.5,"bearing_ab":265.7,"bearing_ba":85.7,"obstruction_toward_a_deg":2.46,"obstruction_toward_b_deg":2.46,"canyon":false,"featured":false,"notes":null,"osm_way_ids":[4839110,493445121],"bearing_bucket":"060-090","stroke":"#ffd92f","stroke-width":2,"stroke-opacity":0.9}},
{"type":"Feature","geometry":{"type":"LineString","coordinates":[[11.62317,48.08458],[11.6243,48.09012]]},"properties":{"id":"sl_e793cb17","name":"Unterhachinger Straße","kind":"street","a":[48.08458,11.62317],"b":[48.09012,11.6243],"length_m":622,"max_offset_m":5.9,"bearing_ab":7.8,"bearing_ba":187.8,"obstruction_toward_a_deg":1.69,"obstruction_toward_b_deg":0.91,"canyon":false,"featured":false,"notes":null,"osm_way_ids":[4307724,174648574],"bearing_bucket":"000-030","stroke":"#e41a1c","stroke-width":2,"stroke-opacity":0.9}},
{"type":"Feature","geometry":{"type":"LineString","coordinates":[[11.65902,48.10686],[11.659,48.10178]]},"properties":{"id":"sl_e7b8d15d","name":"Karl-Marx-Ring","kind":"street","a":[48.10686,11.65902],"b":[48.10178,11.659],"length_m":565,"max_offset_m":6.7,"bearing_ab":180.2,"bearing_ba":0.2,"obstruction_toward_a_deg":2.3,"obstruction_toward_b_deg":1.0,"canyon":false,"featured":false,"notes":null,"osm_way_ids":[4061606,38625064,51785576,361156377,361156385,361156393,361262464,361262470,1273525665,1422668797,1534954601,1534954602],"bearing_bucket":"000-030","stroke":"#e41a1c","stroke-width":2,"stroke-opacity":0.9}},
{"type":"Feature","geometry":{"type":"LineString","coordinates":[[11.52229,48.09954],[11.515,48.09834]]},"properties":{"id":"sl_e7d8156a","name":"Boschetsrieder Straße","kind":"street","a":[48.09954,11.52229],"b":[48.09834,11.515],"length_m":559,"max_offset_m":7.6,"bearing_ab":256.2,"bearing_ba":76.2,"obstruction_toward_a_deg":1.06,"obstruction_toward_b_deg":2.0,"canyon":false,"featured":false,"notes":null,"osm_way_ids":[70909737,295881537],"bearing_bucket":"060-090","stroke":"#ffd92f","stroke-width":2,"stroke-opacity":0.9}},
{"type":"Feature","geometry":{"type":"LineString","coordinates":[[11.48913,48.11572],[11.49642,48.11508]]},"properties":{"id":"sl_e8119f98","name":"Holzapfelkreuther Straße","kind":"street","a":[48.11572,11.48913],"b":[48.11508,11.49642],"length_m":547,"max_offset_m":4.9,"bearing_ab":97.5,"bearing_ba":277.5,"obstruction_toward_a_deg":1.92,"obstruction_toward_b_deg":1.92,"canyon":false,"featured":false,"notes":null,"osm_way_ids":[1457138604,1457152094,1457152384,1457152385],"bearing_bucket":"090-120","stroke":"#4daf4a","stroke-width":2,"stroke-opacity":0.9}},
{"type":"Feature","geometry":{"type":"LineString","coordinates":[[11.57498,48.09623],[11.58034,48.09852]]},"properties":{"id":"sl_e81f3dc2","name":"Eschenstraße","kind":"street","a":[48.09623,11.57498],"b":[48.09852,11.58034],"length_m":474,"max_offset_m":0.9,"bearing_ab":57.5,"bearing_ba":237.5,"obstruction_toward_a_deg":1.58,"obstruction_toward_b_deg":1.2,"canyon":true,"featured":false,"notes":null,"osm_way_ids":[4978611,1381447349,1436872823],"bearing_bucket":"030-060","stroke":"#ff7f00","stroke-width":2,"stroke-opacity":0.9}},
{"type":"Feature","geometry":{"type":"LineString","coordinates":[[11.479,48.14478],[11.48727,48.14416]]},"properties":{"id":"sl_e827d31e","name":"Veldener Straße","kind":"street","a":[48.14478,11.479],"b":[48.14416,11.48727],"length_m":619,"max_offset_m":5.7,"bearing_ab":96.3,"bearing_ba":276.3,"obstruction_toward_a_deg":0.62,"obstruction_toward_b_deg":0.62,"canyon":true,"featured":false,"notes":null,"osm_way_ids":[16801129,1507052441],"bearing_bucket":"090-120","stroke":"#4daf4a","stroke-width":2,"stroke-opacity":0.9}},
{"type":"Feature","geometry":{"type":"LineString","coordinates":[[11.51704,48.18176],[11.51545,48.18639]]},"properties":{"id":"sl_e8363a7b","name":"Dresdner Straße","kind":"street","a":[48.18176,11.51704],"b":[48.18639,11.51545],"length_m":528,"max_offset_m":6.8,"bearing_ab":347.1,"bearing_ba":167.1,"obstruction_toward_a_deg":1.07,"obstruction_toward_b_deg":0.73,"canyon":true,"featured":false,"notes":null,"osm_way_ids":[30479200,90236807,90238667,90238674,902977979],"bearing_bucket":"150-180","stroke":"#984ea3","stroke-width":2,"stroke-opacity":0.9}},
{"type":"Feature","geometry":{"type":"LineString","coordinates":[[11.66181,48.08569],[11.6617,48.09024]]},"properties":{"id":"sl_e8798dc0","name":"Im Gefilde","kind":"street","a":[48.08569,11.66181],"b":[48.09024,11.6617],"length_m":506,"max_offset_m":7.8,"bearing_ab":359.1,"bearing_ba":179.1,"obstruction_toward_a_deg":0.76,"obstruction_toward_b_deg":0.58,"canyon":false,"featured":false,"notes":null,"osm_way_ids":[24770929,264018843,1173248154],"bearing_bucket":"150-180","stroke":"#984ea3","stroke-width":2,"stroke-opacity":0.9}},
{"type":"Feature","geometry":{"type":"LineString","coordinates":[[11.59748,48.19974],[11.60293,48.19903]]},"properties":{"id":"sl_e8be4bd5","name":"Helmut-Kohl-Allee","kind":"street","a":[48.19974,11.59748],"b":[48.19903,11.60293],"length_m":413,"max_offset_m":3.8,"bearing_ab":100.9,"bearing_ba":280.9,"obstruction_toward_a_deg":2.54,"obstruction_toward_b_deg":2.54,"canyon":false,"featured":false,"notes":null,"osm_way_ids":[1087612934,1317671116,1317671129],"bearing_bucket":"090-120","stroke":"#4daf4a","stroke-width":2,"stroke-opacity":0.9}},
{"type":"Feature","geometry":{"type":"LineString","coordinates":[[11.56666,48.13336],[11.55422,48.12749]]},"properties":{"id":"sl_e8d3e711","name":"Lindwurmstraße","kind":"street","a":[48.13336,11.56666],"b":[48.12749,11.55422],"length_m":1133,"max_offset_m":7.7,"bearing_ab":234.8,"bearing_ba":54.8,"obstruction_toward_a_deg":0.18,"obstruction_toward_b_deg":0.82,"canyon":false,"featured":false,"notes":null,"osm_way_ids":[30751935,52341874,146506071,147933814,147934628,176837682,315202564,315202565,315202566,315202573,315202575,315202576,623050999,659040683,850159611,852037229,984435668,984435669,1215613278,1428313995,1428314001,1496201402],"bearing_bucket":"030-060","stroke":"#ff7f00","stroke-width":2,"stroke-opacity":0.9}},
{"type":"Feature","geometry":{"type":"LineString","coordinates":[[11.5152,48.07072],[11.51878,48.06727]]},"properties":{"id":"sl_e9c8736f","name":"Wilhelm-Leibl-Straße","kind":"street","a":[48.07072,11.5152],"b":[48.06727,11.51878],"length_m":468,"max_offset_m":6.7,"bearing_ab":145.2,"bearing_ba":325.2,"obstruction_toward_a_deg":0.82,"obstruction_toward_b_deg":0.62,"canyon":false,"featured":false,"notes":null,"osm_way_ids":[159953253,161109130,170525681,1111528699,1111528700,1427525809,1427525811],"bearing_bucket":"120-150","stroke":"#377eb8","stroke-width":2,"stroke-opacity":0.9}},
{"type":"Feature","geometry":{"type":"LineString","coordinates":[[11.59753,48.10283],[11.60877,48.10544]]},"properties":{"id":"sl_e9f351e8","name":"Ständlerstraße","kind":"street","a":[48.10283,11.59753],"b":[48.10544,11.60877],"length_m":886,"max_offset_m":7.7,"bearing_ab":70.9,"bearing_ba":250.9,"obstruction_toward_a_deg":0.33,"obstruction_toward_b_deg":0.64,"canyon":false,"featured":false,"notes":null,"osm_way_ids":[23611509,38562403,38562404,38562405,38562406,49613026,231855940,260510554,260510555,326520704,366137235,533468116],"bearing_bucket":"060-090","stroke":"#ffd92f","stroke-width":2,"stroke-opacity":0.9}},
{"type":"Feature","geometry":{"type":"LineString","coordinates":[[11.54646,48.20043],[11.55422,48.19998]]},"properties":{"id":"sl_ea230a80","name":"Ebereschenstraße","kind":"street","a":[48.20043,11.54646],"b":[48.19998,11.55422],"length_m":579,"max_offset_m":2.9,"bearing_ab":94.9,"bearing_ba":274.9,"obstruction_toward_a_deg":0.66,"obstruction_toward_b_deg":0.66,"canyon":true,"featured":false,"notes":null,"osm_way_ids":[23544181,31351678,196297890],"bearing_bucket":"090-120","stroke":"#4daf4a","stroke-width":2,"stroke-opacity":0.9}},
{"type":"Feature","geometry":{"type":"LineString","coordinates":[[11.53493,48.09989],[11.53325,48.09579]]},"properties":{"id":"sl_ea357b8f","name":null,"kind":"street","a":[48.09989,11.53493],"b":[48.09579,11.53325],"length_m":473,"max_offset_m":1.0,"bearing_ab":195.4,"bearing_ba":15.4,"obstruction_toward_a_deg":1.97,"obstruction_toward_b_deg":1.78,"canyon":false,"featured":false,"notes":null,"osm_way_ids":[813336180],"bearing_bucket":"000-030","stroke":"#e41a1c","stroke-width":2,"stroke-opacity":0.9}},
{"type":"Feature","geometry":{"type":"LineString","coordinates":[[11.5754,48.15916],[11.58303,48.15858]]},"properties":{"id":"sl_ea36d703","name":"Ainmillerstraße","kind":"street","a":[48.15916,11.5754],"b":[48.15858,11.58303],"length_m":571,"max_offset_m":1.2,"bearing_ab":96.5,"bearing_ba":276.5,"obstruction_toward_a_deg":1.63,"obstruction_toward_b_deg":1.31,"canyon":true,"featured":false,"notes":null,"osm_way_ids":[4649339,80239249,86414052,152468883,154575767,1374973470],"bearing_bucket":"090-120","stroke":"#4daf4a","stroke-width":2,"stroke-opacity":0.9}},
{"type":"Feature","geometry":{"type":"LineString","coordinates":[[11.59526,48.14288],[11.59621,48.14696]]},"properties":{"id":"sl_ea3986ac","name":null,"kind":"street","a":[48.14288,11.59526],"b":[48.14696,11.59621],"length_m":459,"max_offset_m":6.2,"bearing_ab":8.8,"bearing_ba":188.8,"obstruction_toward_a_deg":2.23,"obstruction_toward_b_deg":1.83,"canyon":false,"featured":false,"notes":null,"osm_way_ids":[47171983],"bearing_bucket":"000-030","stroke":"#e41a1c","stroke-width":2,"stroke-opacity":0.9}},
{"type":"Feature","geometry":{"type":"LineString","coordinates":[[11.57238,48.15013],[11.55746,48.15442]]},"properties":{"id":"sl_ea614def","name":"Heßstraße","kind":"street","a":[48.15013,11.57238],"b":[48.15442,11.55746],"length_m":1208,"max_offset_m":8.0,"bearing_ab":293.3,"bearing_ba":113.3,"obstruction_toward_a_deg":0.92,"obstruction_toward_b_deg":0.47,"canyon":true,"featured":false,"notes":null,"osm_way_ids":[16786171,16786179,16786182,24998362,134929400,717957943,717957944],"bearing_bucket":"090-120","stroke":"#4daf4a","stroke-width":2,"stroke-opacity":0.9}},
{"type":"Feature","geometry":{"type":"LineString","coordinates":[[11.55361,48.20612],[11.56057,48.2063]]},"properties":{"id":"sl_ea9b0557","name":"Glockenbecherstraße","kind":"street","a":[48.20612,11.55361],"b":[48.2063,11.56057],"length_m":517,"max_offset_m":2.2,"bearing_ab":87.7,"bearing_ba":267.7,"obstruction_toward_a_deg":1.45,"obstruction_toward_b_deg":0.74,"canyon":true,"featured":false,"notes":null,"osm_way_ids":[4960421,23823444],"bearing_bucket":"060-090","stroke":"#ffd92f","stroke-width":2,"stroke-opacity":0.9}},
{"type":"Feature","geometry":{"type":"LineString","coordinates":[[11.50197,48.14309],[11.50746,48.14268]]},"properties":{"id":"sl_eac060d3","name":"Landsberger Straße","kind":"street","a":[48.14309,11.50197],"b":[48.14268,11.50746],"length_m":411,"max_offset_m":7.8,"bearing_ab":96.5,"bearing_ba":276.5,"obstruction_toward_a_deg":2.27,"obstruction_toward_b_deg":2.27,"canyon":false,"featured":false,"notes":null,"osm_way_ids":[134693375,134693376,141429262,148680007],"bearing_bucket":"090-120","stroke":"#4daf4a","stroke-width":2,"stroke-opacity":0.9}},
{"type":"Feature","geometry":{"type":"LineString","coordinates":[[11.64254,48.19941],[11.63811,48.19462]]},"properties":{"id":"sl_eac52d42","name":"Mittlere-Isar-Kanal","kind":"canal","a":[48.19941,11.64254],"b":[48.19462,11.63811],"length_m":625,"max_offset_m":5.8,"bearing_ab":211.8,"bearing_ba":31.8,"obstruction_toward_a_deg":1.68,"obstruction_toward_b_deg":1.68,"canyon":false,"featured":false,"notes":null,"osm_way_ids":[3811740],"bearing_bucket":"030-060","stroke":"#ff7f00","stroke-width":2,"stroke-opacity":0.9}},
{"type":"Feature","geometry":{"type":"LineString","coordinates":[[11.70223,48.11162],[11.693,48.1077]]},"properties":{"id":"sl_eadf1009","name":"Birkhahnweg","kind":"street","a":[48.11162,11.70223],"b":[48.1077,11.693],"length_m":814,"max_offset_m":6.0,"bearing_ab":237.6,"bearing_ba":57.6,"obstruction_toward_a_deg":0.47,"obstruction_toward_b_deg":0.36,"canyon":true,"featured":false,"notes":null,"osm_way_ids":[3701102,1182175653],"bearing_bucket":"030-060","stroke":"#ff7f00","stroke-width":2,"stroke-opacity":0.9}},
{"type":"Feature","geometry":{"type":"LineString","coordinates":[[11.56191,48.08674],[11.56654,48.08889]]},"properties":{"id":"sl_eb3207b5","name":"Bruggspergerstraße","kind":"street","a":[48.08674,11.56191],"b":[48.08889,11.56654],"length_m":420,"max_offset_m":6.5,"bearing_ab":55.3,"bearing_ba":235.3,"obstruction_toward_a_deg":0.91,"obstruction_toward_b_deg":0.91,"canyon":true,"featured":false,"notes":null,"osm_way_ids":[156422914,1054491747,1054491748,1435668176,1435670843,1435672489],"bearing_bucket":"030-060","stroke":"#ff7f00","stroke-width":2,"stroke-opacity":0.9}},
{"type":"Feature","geometry":{"type":"LineString","coordinates":[[11.59235,48.1149],[11.59999,48.11516]]},"properties":{"id":"sl_eb32a9a1","name":"Werinherstraße","kind":"street","a":[48.1149,11.59235],"b":[48.11516,11.59999],"length_m":570,"max_offset_m":7.9,"bearing_ab":87.0,"bearing_ba":267.0,"obstruction_toward_a_deg":1.96,"obstruction_toward_b_deg":1.32,"canyon":false,"featured":false,"notes":null,"osm_way_ids":[4673710,4673712,25219373,82511977,149873839,260756043,260756044,262486739,682126757,682126758,682126768,682126770,1344525187,1344525188,1344525191,1344525192,1344525193,1344525194,1346194586,1346194587,1346194588,1459345530,1459346837,1459346838,1459346839],"bearing_bucket":"060-090","stroke":"#ffd92f","stroke-width":2,"stroke-opacity":0.9}},
{"type":"Feature","geometry":{"type":"LineString","coordinates":[[11.55366,48.20688],[11.55348,48.20005]]},"properties":{"id":"sl_eb46dad8","name":"Eberwurzstraße","kind":"street","a":[48.20688,11.55366],"b":[48.20005,11.55348],"length_m":760,"max_offset_m":7.0,"bearing_ab":181.0,"bearing_ba":1.0,"obstruction_toward_a_deg":0.75,"obstruction_toward_b_deg":0.5,"canyon":false,"featured":false,"notes":null,"osm_way_ids":[4960481,8156923,1162849797,1162849798],"bearing_bucket":"000-030","stroke":"#e41a1c","stroke-width":2,"stroke-opacity":0.9}},
{"type":"Feature","geometry":{"type":"LineString","coordinates":[[11.5183,48.14011],[11.51202,48.14073]]},"properties":{"id":"sl_eb60607d","name":"Schäufeleinstraße","kind":"street","a":[48.14011,11.5183],"b":[48.14073,11.51202],"length_m":473,"max_offset_m":5.9,"bearing_ab":278.4,"bearing_ba":98.4,"obstruction_toward_a_deg":1.97,"obstruction_toward_b_deg":1.59,"canyon":true,"featured":false,"notes":null,"osm_way_ids":[152976884,1197075621],"bearing_bucket":"090-120","stroke":"#4daf4a","stroke-width":2,"stroke-opacity":0.9}},
{"type":"Feature","geometry":{"type":"LineString","coordinates":[[11.67973,48.12761],[11.67456,48.12982]]},"properties":{"id":"sl_eba42edb","name":"Truchthari-Anger","kind":"street","a":[48.12761,11.67973],"b":[48.12982,11.67456],"length_m":457,"max_offset_m":7.2,"bearing_ab":302.6,"bearing_ba":122.6,"obstruction_toward_a_deg":0.44,"obstruction_toward_b_deg":0.84,"canyon":false,"featured":false,"notes":null,"osm_way_ids":[4016963,884170852,1392901471],"bearing_bucket":"120-150","stroke":"#377eb8","stroke-width":2,"stroke-opacity":0.9}},
{"type":"Feature","geometry":{"type":"LineString","coordinates":[[11.7111,48.10664],[11.71269,48.11095]]},"properties":{"id":"sl_eba6293e","name":"Kameruner Straße","kind":"street","a":[48.10664,11.7111],"b":[48.11095,11.71269],"length_m":494,"max_offset_m":6.0,"bearing_ab":13.8,"bearing_ba":193.8,"obstruction_toward_a_deg":0.78,"obstruction_toward_b_deg":0.78,"canyon":true,"featured":false,"notes":null,"osm_way_ids":[3748918],"bearing_bucket":"000-030","stroke":"#e41a1c","stroke-width":2,"stroke-opacity":0.9}},
{"type":"Feature","geometry":{"type":"LineString","coordinates":[[11.58118,48.18119],[11.57207,48.18177]]},"properties":{"id":"sl_ebd9c2cc","name":"Keferloherstraße","kind":"street","a":[48.18119,11.58118],"b":[48.18177,11.57207],"length_m":681,"max_offset_m":8.0,"bearing_ab":275.5,"bearing_ba":95.5,"obstruction_toward_a_deg":1.54,"obstruction_toward_b_deg":0.83,"canyon":true,"featured":false,"notes":null,"osm_way_ids":[153583708,1536232571],"bearing_bucket":"090-120","stroke":"#4daf4a","stroke-width":2,"stroke-opacity":0.9}},
{"type":"Feature","geometry":{"type":"LineString","coordinates":[[11.43239,48.18914],[11.43794,48.18998]]},"properties":{"id":"sl_ebfc7367","name":"Paul-Ehrlich-Weg","kind":"street","a":[48.18914,11.43239],"b":[48.18998,11.43794],"length_m":423,"max_offset_m":7.3,"bearing_ab":77.2,"bearing_ba":257.2,"obstruction_toward_a_deg":2.47,"obstruction_toward_b_deg":2.47,"canyon":false,"featured":false,"notes":null,"osm_way_ids":[24774777,159240624,438418310],"bearing_bucket":"060-090","stroke":"#ffd92f","stroke-width":2,"stroke-opacity":0.9}},
{"type":"Feature","geometry":{"type":"LineString","coordinates":[[11.52631,48.15289],[11.51364,48.15402]]},"properties":{"id":"sl_ec063f65","name":"Nibelungenstraße","kind":"street","a":[48.15289,11.52631],"b":[48.15402,11.51364],"length_m":951,"max_offset_m":7.5,"bearing_ab":277.6,"bearing_ba":97.6,"obstruction_toward_a_deg":0.79,"obstruction_toward_b_deg":1.1,"canyon":false,"featured":false,"notes":null,"osm_way_ids":[4042898,189230337,1222532335],"bearing_bucket":"090-120","stroke":"#4daf4a","stroke-width":2,"stroke-opacity":0.9}},
{"type":"Feature","geometry":{"type":"LineString","coordinates":[[11.50329,48.14365],[11.50348,48.1499]]},"properties":{"id":"sl_ec292e8e","name":"Wotanstraße","kind":"street","a":[48.14365,11.50329],"b":[48.1499,11.50348],"length_m":695,"max_offset_m":7.7,"bearing_ab":1.2,"bearing_ba":181.2,"obstruction_toward_a_deg":2.4,"obstruction_toward_b_deg":0.82,"canyon":false,"featured":false,"notes":null,"osm_way_ids":[4058977,36106092,63104714,342863192,342863193,342863194,342863195,410922460,547482127,547482130,1353388686],"bearing_bucket":"000-030","stroke":"#e41a1c","stroke-width":2,"stroke-opacity":0.9}},
{"type":"Feature","geometry":{"type":"LineString","coordinates":[[11.65468,48.11367],[11.66144,48.11106]]},"properties":{"id":"sl_ec6c0ea2","name":"Matterhornstraße","kind":"street","a":[48.11367,11.65468],"b":[48.11106,11.66144],"length_m":581,"max_offset_m":7.7,"bearing_ab":120.0,"bearing_ba":300.0,"obstruction_toward_a_deg":0.66,"obstruction_toward_b_deg":0.66,"canyon":true,"featured":false,"notes":null,"osm_way_ids":[2898069],"bearing_bucket":"120-150","stroke":"#377eb8","stroke-width":2,"stroke-opacity":0.9}},
{"type":"Feature","geometry":{"type":"LineString","coordinates":[[11.64196,48.1209],[11.64945,48.11923]]},"properties":{"id":"sl_ec6d6bdc","name":"Hohenbrunner Straße","kind":"street","a":[48.1209,11.64196],"b":[48.11923,11.64945],"length_m":588,"max_offset_m":0.3,"bearing_ab":108.4,"bearing_ba":288.4,"obstruction_toward_a_deg":0.65,"obstruction_toward_b_deg":0.65,"canyon":true,"featured":false,"notes":null,"osm_way_ids":[3322133],"bearing_bucket":"090-120","stroke":"#4daf4a","stroke-width":2,"stroke-opacity":0.9}},
{"type":"Feature","geometry":{"type":"LineString","coordinates":[[11.41389,48.15226],[11.41566,48.14645]]},"properties":{"id":"sl_eca84c09","name":"Neideckstraße","kind":"street","a":[48.15226,11.41389],"b":[48.14645,11.41566],"length_m":659,"max_offset_m":6.5,"bearing_ab":168.5,"bearing_ba":348.5,"obstruction_toward_a_deg":0.58,"obstruction_toward_b_deg":1.14,"canyon":true,"featured":false,"notes":null,"osm_way_ids":[30300901],"bearing_bucket":"150-180","stroke":"#984ea3","stroke-width":2,"stroke-opacity":0.9}},
{"type":"Feature","geometry":{"type":"LineString","coordinates":[[11.46808,48.16287],[11.4735,48.16232]]},"properties":{"id":"sl_ecd49336","name":null,"kind":"street","a":[48.16287,11.46808],"b":[48.16232,11.4735],"length_m":408,"max_offset_m":8.0,"bearing_ab":98.6,"bearing_ba":278.6,"obstruction_toward_a_deg":2.57,"obstruction_toward_b_deg":2.57,"canyon":true,"featured":false,"notes":null,"osm_way_ids":[218779971],"bearing_bucket":"090-120","stroke":"#4daf4a","stroke-width":2,"stroke-opacity":0.9}},
{"type":"Feature","geometry":{"type":"LineString","coordinates":[[11.62914,48.15815],[11.6295,48.16484]]},"properties":{"id":"sl_ed2623a8","name":"Cosimastraße","kind":"street","a":[48.15815,11.62914],"b":[48.16484,11.6295],"length_m":744,"max_offset_m":7.2,"bearing_ab":2.1,"bearing_ba":182.1,"obstruction_toward_a_deg":0.52,"obstruction_toward_b_deg":1.25,"canyon":false,"featured":false,"notes":null,"osm_way_ids":[4209556,152902340,164366375,513315273,513315290,513315291,513315293,513315295,874500114],"bearing_bucket":"000-030","stroke":"#e41a1c","stroke-width":2,"stroke-opacity":0.9}},
{"type":"Feature","geometry":{"type":"LineString","coordinates":[[11.47735,48.15454],[11.46987,48.15465]]},"properties":{"id":"sl_ed60c850","name":"Kaspar-Kerll-Straße","kind":"street","a":[48.15454,11.47735],"b":[48.15465,11.46987],"length_m":557,"max_offset_m":6.4,"bearing_ab":271.2,"bearing_ba":91.2,"obstruction_toward_a_deg":0.69,"obstruction_toward_b_deg":0.69,"canyon":true,"featured":false,"notes":null,"osm_way_ids":[141425583,1549033175],"bearing_bucket":"090-120","stroke":"#4daf4a","stroke-width":2,"stroke-opacity":0.9}},
{"type":"Feature","geometry":{"type":"LineString","coordinates":[[11.51329,48.12743],[11.51966,48.12658]]},"properties":{"id":"sl_ed89978d","name":"Grüntenstraße","kind":"street","a":[48.12743,11.51329],"b":[48.12658,11.51966],"length_m":484,"max_offset_m":5.7,"bearing_ab":101.3,"bearing_ba":281.3,"obstruction_toward_a_deg":0.79,"obstruction_toward_b_deg":0.79,"canyon":true,"featured":false,"notes":null,"osm_way_ids":[1516162010,1516162011,1516162014,1516162015,1516162025,1516162026,1516162027,1516162028,1534235715],"bearing_bucket":"090-120","stroke":"#4daf4a","stroke-width":2,"stroke-opacity":0.9}},
{"type":"Feature","geometry":{"type":"LineString","coordinates":[[11.51165,48.18113],[11.50587,48.17691]]},"properties":{"id":"sl_ed8ad2eb","name":"Baubergerstraße","kind":"street","a":[48.18113,11.51165],"b":[48.17691,11.50587],"length_m":636,"max_offset_m":7.5,"bearing_ab":222.5,"bearing_ba":42.5,"obstruction_toward_a_deg":1.32,"obstruction_toward_b_deg":1.18,"canyon":true,"featured":false,"notes":null,"osm_way_ids":[4056070,26825289,27828607,32891028,32931717,316275746,1168126887,1427923382],"bearing_bucket":"030-060","stroke":"#ff7f00","stroke-width":2,"stroke-opacity":0.9}},
{"type":"Feature","geometry":{"type":"LineString","coordinates":[[11.52389,48.17494],[11.5123,48.18068]]},"properties":{"id":"sl_ee099e57","name":"Dachauer Straße","kind":"street","a":[48.17494,11.52389],"b":[48.18068,11.5123],"length_m":1072,"max_offset_m":5.9,"bearing_ab":306.5,"bearing_ba":126.5,"obstruction_toward_a_deg":0.36,"obstruction_toward_b_deg":0.7,"canyon":false,"featured":false,"notes":null,"osm_way_ids":[4009855,26824916,30478040,290579659,1113682314,1303946880,1303946881,1420303668,1420303669,1423348442],"bearing_bucket":"120-150","stroke":"#377eb8","stroke-width":2,"stroke-opacity":0.9}},
{"type":"Feature","geometry":{"type":"LineString","coordinates":[[11.68226,48.17258],[11.69072,48.17527]]},"properties":{"id":"sl_ee2c7e3a","name":"Abfanggraben","kind":"canal","a":[48.17258,11.68226],"b":[48.17527,11.69072],"length_m":697,"max_offset_m":0.0,"bearing_ab":64.6,"bearing_ba":244.6,"obstruction_toward_a_deg":1.5,"obstruction_toward_b_deg":1.5,"canyon":false,"featured":false,"notes":null,"osm_way_ids":[3401794],"bearing_bucket":"060-090","stroke":"#ffd92f","stroke-width":2,"stroke-opacity":0.9}},
{"type":"Feature","geometry":{"type":"LineString","coordinates":[[11.6501,48.10626],[11.64995,48.11077]]},"properties":{"id":"sl_ee556469","name":"Heinrich-Wieland-Straße","kind":"street","a":[48.10626,11.6501],"b":[48.11077,11.64995],"length_m":501,"max_offset_m":7.1,"bearing_ab":358.7,"bearing_ba":178.7,"obstruction_toward_a_deg":2.09,"obstruction_toward_b_deg":1.13,"canyon":false,"featured":false,"notes":null,"osm_way_ids":[4061623,258932736,258932738,258932741,258932742,258932744,258932745,258932746,258932747,258932748,258932753],"bearing_bucket":"150-180","stroke":"#984ea3","stroke-width":2,"stroke-opacity":0.9}},
{"type":"Feature","geometry":{"type":"LineString","coordinates":[[11.5174,48.11016],[11.5131,48.10794]]},"properties":{"id":"sl_ee721694","name":"Südparkallee","kind":"street","a":[48.11016,11.5174],"b":[48.10794,11.5131],"length_m":405,"max_offset_m":2.8,"bearing_ab":232.3,"bearing_ba":52.3,"obstruction_toward_a_deg":1.63,"obstruction_toward_b_deg":0.95,"canyon":false,"featured":false,"notes":null,"osm_way_ids":[4369343,136991744,184631530,444065310,853693543],"bearing_bucket":"030-060","stroke":"#ff7f00","stroke-width":2,"stroke-opacity":0.9}},
{"type":"Feature","geometry":{"type":"LineString","coordinates":[[11.52195,48.18974],[11.52373,48.1962]]},"properties":{"id":"sl_ee7a18aa","name":"Feldmochinger Straße","kind":"street","a":[48.18974,11.52195],"b":[48.1962,11.52373],"length_m":731,"max_offset_m":5.7,"bearing_ab":10.5,"bearing_ba":190.5,"obstruction_toward_a_deg":1.43,"obstruction_toward_b_deg":0.65,"canyon":false,"featured":false,"notes":null,"osm_way_ids":[19078817,28969252,31291984,31291985,93973288,151102722,757457498],"bearing_bucket":"000-030","stroke":"#e41a1c","stroke-width":2,"stroke-opacity":0.9}},
{"type":"Feature","geometry":{"type":"LineString","coordinates":[[11.48253,48.08384],[11.4797,48.08027]]},"properties":{"id":"sl_eecb6ecd","name":"Oberbrunner Straße","kind":"street","a":[48.08384,11.48253],"b":[48.08027,11.4797],"length_m":449,"max_offset_m":3.7,"bearing_ab":208.0,"bearing_ba":28.0,"obstruction_toward_a_deg":0.85,"obstruction_toward_b_deg":0.85,"canyon":true,"featured":false,"notes":null,"osm_way_ids":[157921998],"bearing_bucket":"000-030","stroke":"#e41a1c","stroke-width":2,"stroke-opacity":0.9}},
{"type":"Feature","geometry":{"type":"LineString","coordinates":[[11.64834,48.16938],[11.64824,48.17349]]},"properties":{"id":"sl_eee0b7ea","name":"Nußstraße","kind":"street","a":[48.16938,11.64834],"b":[48.17349,11.64824],"length_m":458,"max_offset_m":0.4,"bearing_ab":359.1,"bearing_ba":179.1,"obstruction_toward_a_deg":0.84,"obstruction_toward_b_deg":0.44,"canyon":false,"featured":false,"notes":null,"osm_way_ids":[10430319],"bearing_bucket":"150-180","stroke":"#984ea3","stroke-width":2,"stroke-opacity":0.9}},
{"type":"Feature","geometry":{"type":"LineString","coordinates":[[11.44973,48.1929],[11.45201,48.18908]]},"properties":{"id":"sl_eee308c3","name":"Gleichweg","kind":"street","a":[48.1929,11.44973],"b":[48.18908,11.45201],"length_m":458,"max_offset_m":3.9,"bearing_ab":158.2,"bearing_ba":338.2,"obstruction_toward_a_deg":0.84,"obstruction_toward_b_deg":2.29,"canyon":true,"featured":false,"notes":null,"osm_way_ids":[18834643,32821313],"bearing_bucket":"150-180","stroke":"#984ea3","stroke-width":2,"stroke-opacity":0.9}},
{"type":"Feature","geometry":{"type":"LineString","coordinates":[[11.52991,48.21204],[11.53302,48.20841]]},"properties":{"id":"sl_eee6b19f","name":"Lerchenauer Straße","kind":"street","a":[48.21204,11.52991],"b":[48.20841,11.53302],"length_m":465,"max_offset_m":7.2,"bearing_ab":150.2,"bearing_ba":330.2,"obstruction_toward_a_deg":0.83,"obstruction_toward_b_deg":1.22,"canyon":false,"featured":false,"notes":null,"osm_way_ids":[371750135,1120836494,1120836496],"bearing_bucket":"150-180","stroke":"#984ea3","stroke-width":2,"stroke-opacity":0.9}},
{"type":"Feature","geometry":{"type":"LineString","coordinates":[[11.51966,48.17475],[11.5124,48.17279]]},"properties":{"id":"sl_eef673fc","name":"Wintrichring","kind":"street","a":[48.17475,11.51966],"b":[48.17279,11.5124],"length_m":583,"max_offset_m":7.1,"bearing_ab":248.0,"bearing_ba":68.0,"obstruction_toward_a_deg":1.29,"obstruction_toward_b_deg":1.8,"canyon":false,"featured":false,"notes":null,"osm_way_ids":[96678477,220131873],"bearing_bucket":"060-090","stroke":"#ffd92f","stroke-width":2,"stroke-opacity":0.9}},
{"type":"Feature","geometry":{"type":"LineString","coordinates":[[11.55332,48.20416],[11.55871,48.20439]]},"properties":{"id":"sl_ef28e85e","name":"Gundermannstraße","kind":"street","a":[48.20416,11.55332],"b":[48.20439,11.55871],"length_m":401,"max_offset_m":7.1,"bearing_ab":86.4,"bearing_ba":266.4,"obstruction_toward_a_deg":0.96,"obstruction_toward_b_deg":2.61,"canyon":true,"featured":false,"notes":null,"osm_way_ids":[4704012,4961300,32109558],"bearing_bucket":"060-090","stroke":"#ffd92f","stroke-width":2,"stroke-opacity":0.9}},
{"type":"Feature","geometry":{"type":"LineString","coordinates":[[11.56301,48.15956],[11.56469,48.16506]]},"properties":{"id":"sl_ef4f8b5c","name":"Schleißheimer Straße","kind":"street","a":[48.15956,11.56301],"b":[48.16506,11.56469],"length_m":623,"max_offset_m":7.2,"bearing_ab":11.6,"bearing_ba":191.6,"obstruction_toward_a_deg":1.94,"obstruction_toward_b_deg":1.2,"canyon":true,"featured":false,"notes":null,"osm_way_ids":[4585573,38868058,39378779,39378780,371861005,552799309,552799310,874500364,1097574339,1097574350],"bearing_bucket":"000-030","stroke":"#e41a1c","stroke-width":2,"stroke-opacity":0.9}},
{"type":"Feature","geometry":{"type":"LineString","coordinates":[[11.53423,48.10891],[11.53369,48.115]]},"properties":{"id":"sl_ef53d5b6","name":"Passauerstraße","kind":"street","a":[48.10891,11.53423],"b":[48.115,11.53369],"length_m":678,"max_offset_m":6.7,"bearing_ab":356.6,"bearing_ba":176.6,"obstruction_toward_a_deg":0.97,"obstruction_toward_b_deg":1.38,"canyon":true,"featured":false,"notes":null,"osm_way_ids":[45511958,49023442,52718360,203008960,368849909,368992147,368992148,683526141,886457009,1425223839,1491266070,1491266071,1491266072,1491266073,1491266074,1491271134,1491271135,1491271136,1491271137,1491271138,1491271139,1491271140,1491271141],"bearing_bucket":"150-180","stroke":"#984ea3","stroke-width":2,"stroke-opacity":0.9}},
{"type":"Feature","geometry":{"type":"LineString","coordinates":[[11.66165,48.08508],[11.66691,48.08339]]},"properties":{"id":"sl_efe48476","name":"Sundergaustraße","kind":"street","a":[48.08508,11.66165],"b":[48.08339,11.66691],"length_m":435,"max_offset_m":2.2,"bearing_ab":115.6,"bearing_ba":295.6,"obstruction_toward_a_deg":0.88,"obstruction_toward_b_deg":0.46,"canyon":true,"featured":false,"notes":null,"osm_way_ids":[11526678],"bearing_bucket":"090-120","stroke":"#4daf4a","stroke-width":2,"stroke-opacity":0.9}},
{"type":"Feature","geometry":{"type":"LineString","coordinates":[[11.61703,48.114],[11.62266,48.11338]]},"properties":{"id":"sl_f01cb26d","name":"Uppenbornstraße","kind":"street","a":[48.114,11.61703],"b":[48.11338,11.62266],"length_m":425,"max_offset_m":6.3,"bearing_ab":99.3,"bearing_ba":279.3,"obstruction_toward_a_deg":0.47,"obstruction_toward_b_deg":0.9,"canyon":true,"featured":false,"notes":null,"osm_way_ids":[146390389],"bearing_bucket":"090-120","stroke":"#4daf4a","stroke-width":2,"stroke-opacity":0.9}},
{"type":"Feature","geometry":{"type":"LineString","coordinates":[[11.57966,48.12897],[11.58519,48.13182]]},"properties":{"id":"sl_f0682082","name":"Corneliusbrücke (Isar downstream)","kind":"bridge","a":[48.12897,11.57966],"b":[48.13182,11.58519],"length_m":520,"max_offset_m":3.0,"bearing_ab":52.4,"bearing_ba":232.4,"obstruction_toward_a_deg":0.5,"obstruction_toward_b_deg":0.5,"canyon":false,"featured":false,"notes":null,"osm_way_ids":[19437819,41480144],"bearing_bucket":"030-060","stroke":"#ff7f00","stroke-width":2,"stroke-opacity":0.9}},
{"type":"Feature","geometry":{"type":"LineString","coordinates":[[11.49119,48.10082],[11.496,48.10495]]},"properties":{"id":"sl_f080b935","name":null,"kind":"street","a":[48.10082,11.49119],"b":[48.10495,11.496],"length_m":582,"max_offset_m":6.1,"bearing_ab":38.0,"bearing_ba":218.0,"obstruction_toward_a_deg":1.8,"obstruction_toward_b_deg":1.8,"canyon":false,"featured":false,"notes":null,"osm_way_ids":[150944933],"bearing_bucket":"030-060","stroke":"#ff7f00","stroke-width":2,"stroke-opacity":0.9}},
{"type":"Feature","geometry":{"type":"LineString","coordinates":[[11.62432,48.12947],[11.62315,48.12428]]},"properties":{"id":"sl_f0900f46","name":"Fehwiesenstraße","kind":"street","a":[48.12947,11.62432],"b":[48.12428,11.62315],"length_m":583,"max_offset_m":2.9,"bearing_ab":188.6,"bearing_ba":8.6,"obstruction_toward_a_deg":1.6,"obstruction_toward_b_deg":1.29,"canyon":true,"featured":false,"notes":null,"osm_way_ids":[24253986,99861010],"bearing_bucket":"000-030","stroke":"#e41a1c","stroke-width":2,"stroke-opacity":0.9}},
{"type":"Feature","geometry":{"type":"LineString","coordinates":[[11.64227,48.12134],[11.64761,48.12016]]},"properties":{"id":"sl_f0bf7cc8","name":"Zwieselbergweg","kind":"street","a":[48.12134,11.64227],"b":[48.12016,11.64761],"length_m":419,"max_offset_m":4.8,"bearing_ab":108.3,"bearing_ba":288.3,"obstruction_toward_a_deg":0.92,"obstruction_toward_b_deg":0.92,"canyon":false,"featured":false,"notes":null,"osm_way_ids":[256177149],"bearing_bucket":"090-120","stroke":"#4daf4a","stroke-width":2,"stroke-opacity":0.9}},
{"type":"Feature","geometry":{"type":"LineString","coordinates":[[11.54633,48.16049],[11.53912,48.16493]]},"properties":{"id":"sl_f11282a2","name":"Dachauer Straße","kind":"street","a":[48.16049,11.54633],"b":[48.16493,11.53912],"length_m":729,"max_offset_m":4.4,"bearing_ab":312.6,"bearing_ba":132.6,"obstruction_toward_a_deg":1.03,"obstruction_toward_b_deg":1.53,"canyon":false,"featured":false,"notes":null,"osm_way_ids":[42750221,152524923,310819642,310832991],"bearing_bucket":"120-150","stroke":"#377eb8","stroke-width":2,"stroke-opacity":0.9}},
{"type":"Feature","geometry":{"type":"LineString","coordinates":[[11.37453,48.16616],[11.39308,48.16076]]},"properties":{"id":"sl_f131c27d","name":"Eichenauer Straße","kind":"street","a":[48.16616,11.37453],"b":[48.16076,11.39308],"length_m":1505,"max_offset_m":7.8,"bearing_ab":113.5,"bearing_ba":293.5,"obstruction_toward_a_deg":0.7,"obstruction_toward_b_deg":0.7,"canyon":false,"featured":false,"notes":null,"osm_way_ids":[40587461,40637837,1334006462,1334006463],"bearing_bucket":"090-120","stroke":"#4daf4a","stroke-width":2,"stroke-opacity":0.9}},
{"type":"Feature","geometry":{"type":"LineString","coordinates":[[11.59479,48.14257],[11.59621,48.14807]]},"properties":{"id":"sl_f1b0c827","name":"Widenmayerstraße","kind":"street","a":[48.14257,11.59479],"b":[48.14807,11.59621],"length_m":620,"max_offset_m":7.9,"bearing_ab":9.8,"bearing_ba":189.8,"obstruction_toward_a_deg":1.8,"obstruction_toward_b_deg":1.21,"canyon":false,"featured":false,"notes":null,"osm_way_ids":[35866492,51570611,112958699,138170194,150582539,1503837282,1503889212,1503889216,1503898846,1503898847,1503898848,1503898849,1503898850],"bearing_bucket":"000-030","stroke":"#e41a1c","stroke-width":2,"stroke-opacity":0.9}},
{"type":"Feature","geometry":{"type":"LineString","coordinates":[[11.56852,48.15585],[11.57562,48.15386]]},"properties":{"id":"sl_f1c85e2a","name":"Neureutherstraße","kind":"street","a":[48.15585,11.56852],"b":[48.15386,11.57562],"length_m":573,"max_offset_m":7.5,"bearing_ab":112.7,"bearing_ba":292.7,"obstruction_toward_a_deg":1.31,"obstruction_toward_b_deg":1.31,"canyon":true,"featured":false,"notes":null,"osm_way_ids":[4071767,89840548],"bearing_bucket":"090-120","stroke":"#4daf4a","stroke-width":2,"stroke-opacity":0.9}},
{"type":"Feature","geometry":{"type":"LineString","coordinates":[[11.4612,48.16824],[11.47557,48.16793]]},"properties":{"id":"sl_f2a1a16a","name":"Karwinskistraße","kind":"street","a":[48.16824,11.4612],"b":[48.16793,11.47557],"length_m":1070,"max_offset_m":5.7,"bearing_ab":91.9,"bearing_ba":271.9,"obstruction_toward_a_deg":0.98,"obstruction_toward_b_deg":0.36,"canyon":true,"featured":false,"notes":null,"osm_way_ids":[18844919,1161047057],"bearing_bucket":"090-120","stroke":"#4daf4a","stroke-width":2,"stroke-opacity":0.9}},
{"type":"Feature","geometry":{"type":"LineString","coordinates":[[11.51428,48.11807],[11.51397,48.11409]]},"properties":{"id":"sl_f2ee2afc","name":"Ettalstraße","kind":"street","a":[48.11807,11.51428],"b":[48.11409,11.51397],"length_m":444,"max_offset_m":5.9,"bearing_ab":183.0,"bearing_ba":3.0,"obstruction_toward_a_deg":0.86,"obstruction_toward_b_deg":0.86,"canyon":true,"featured":false,"notes":null,"osm_way_ids":[144964755,1490247843,1490247844,1490247845],"bearing_bucket":"000-030","stroke":"#e41a1c","stroke-width":2,"stroke-opacity":0.9}},
{"type":"Feature","geometry":{"type":"LineString","coordinates":[[11.6123,48.18954],[11.61435,48.19367]]},"properties":{"id":"sl_f2fb289b","name":"Georg-Wopfner-Straße","kind":"street","a":[48.18954,11.6123],"b":[48.19367,11.61435],"length_m":483,"max_offset_m":0.5,"bearing_ab":18.4,"bearing_ba":198.4,"obstruction_toward_a_deg":0.98,"obstruction_toward_b_deg":1.17,"canyon":false,"featured":false,"notes":null,"osm_way_ids":[20867790,27135803,42369330,42369332,1434704204,1434704205],"bearing_bucket":"000-030","stroke":"#e41a1c","stroke-width":2,"stroke-opacity":0.9}},
{"type":"Feature","geometry":{"type":"LineString","coordinates":[[11.71125,48.12593],[11.71122,48.12986]]},"properties":{"id":"sl_f3006ff1","name":null,"kind":"street","a":[48.12593,11.71125],"b":[48.12986,11.71122],"length_m":437,"max_offset_m":0.6,"bearing_ab":359.7,"bearing_ba":179.7,"obstruction_toward_a_deg":2.4,"obstruction_toward_b_deg":2.4,"canyon":false,"featured":false,"notes":null,"osm_way_ids":[4499662],"bearing_bucket":"150-180","stroke":"#984ea3","stroke-width":2,"stroke-opacity":0.9}},
{"type":"Feature","geometry":{"type":"LineString","coordinates":[[11.5841,48.17368],[11.5847,48.16983]]},"properties":{"id":"sl_f35abe29","name":"Tristanstraße","kind":"street","a":[48.17368,11.5841],"b":[48.16983,11.5847],"length_m":430,"max_offset_m":7.1,"bearing_ab":174.0,"bearing_ba":354.0,"obstruction_toward_a_deg":1.1,"obstruction_toward_b_deg":2.43,"canyon":true,"featured":false,"notes":null,"osm_way_ids":[5219134,22698135,23201317],"bearing_bucket":"150-180","stroke":"#984ea3","stroke-width":2,"stroke-opacity":0.9}},
{"type":"Feature","geometry":{"type":"LineString","coordinates":[[11.53,48.08564],[11.52837,48.08197]]},"properties":{"id":"sl_f382459b","name":"Bichler Straße","kind":"street","a":[48.08564,11.53],"b":[48.08197,11.52837],"length_m":427,"max_offset_m":7.2,"bearing_ab":196.6,"bearing_ba":16.6,"obstruction_toward_a_deg":0.68,"obstruction_toward_b_deg":0.9,"canyon":true,"featured":false,"notes":null,"osm_way_ids":[56077657,143685097,1430324659],"bearing_bucket":"000-030","stroke":"#e41a1c","stroke-width":2,"stroke-opacity":0.9}},
{"type":"Feature","geometry":{"type":"LineString","coordinates":[[11.60775,48.15031],[11.60381,48.14653]]},"properties":{"id":"sl_f3890816","name":"Ismaninger Straße","kind":"street","a":[48.15031,11.60775],"b":[48.14653,11.60381],"length_m":513,"max_offset_m":7.7,"bearing_ab":214.9,"bearing_ba":34.9,"obstruction_toward_a_deg":1.46,"obstruction_toward_b_deg":1.82,"canyon":false,"featured":false,"notes":null,"osm_way_ids":[451790951,504393139,1381079463],"bearing_bucket":"030-060","stroke":"#ff7f00","stroke-width":2,"stroke-opacity":0.9}},
{"type":"Feature","geometry":{"type":"LineString","coordinates":[[11.58215,48.15209],[11.57837,48.14428]]},"properties":{"id":"sl_f3a8c413","name":"Ludwigstraße","kind":"street","a":[48.15209,11.58215],"b":[48.14428,11.57837],"length_m":914,"max_offset_m":7.2,"bearing_ab":197.9,"bearing_ba":17.9,"obstruction_toward_a_deg":1.02,"obstruction_toward_b_deg":0.71,"canyon":true,"featured":false,"notes":null,"osm_way_ids":[39321854,40317919,40317920,48242678,50220178,51109545,89840540,123499640,145786280,242358060,242358064,365762134,1534237407],"bearing_bucket":"000-030","stroke":"#e41a1c","stroke-width":2,"stroke-opacity":0.9}},
{"type":"Feature","geometry":{"type":"LineString","coordinates":[[11.53336,48.21588],[11.54035,48.21495]]},"properties":{"id":"sl_f3bf35cb","name":"Dülferstraße","kind":"street","a":[48.21588,11.53336],"b":[48.21495,11.54035],"length_m":530,"max_offset_m":7.2,"bearing_ab":101.3,"bearing_ba":281.3,"obstruction_toward_a_deg":0.72,"obstruction_toward_b_deg":0.72,"canyon":true,"featured":false,"notes":null,"osm_way_ids":[4704018,31671070,31671072],"bearing_bucket":"090-120","stroke":"#4daf4a","stroke-width":2,"stroke-opacity":0.9}},
{"type":"Feature","geometry":{"type":"LineString","coordinates":[[11.49454,48.14843],[11.49059,48.152]]},"properties":{"id":"sl_f3d02f8e","name":"An der Schloßmauer","kind":"street","a":[48.14843,11.49454],"b":[48.152,11.49059],"length_m":494,"max_offset_m":4.0,"bearing_ab":323.6,"bearing_ba":143.6,"obstruction_toward_a_deg":2.12,"obstruction_toward_b_deg":2.12,"canyon":false,"featured":false,"notes":null,"osm_way_ids":[55189297],"bearing_bucket":"120-150","stroke":"#377eb8","stroke-width":2,"stroke-opacity":0.9}},
{"type":"Feature","geometry":{"type":"LineString","coordinates":[[11.60337,48.10409],[11.60512,48.10054]]},"properties":{"id":"sl_f3d4769e","name":"Traunreuter Straße","kind":"street","a":[48.10409,11.60337],"b":[48.10054,11.60512],"length_m":415,"max_offset_m":1.6,"bearing_ab":161.8,"bearing_ba":341.8,"obstruction_toward_a_deg":2.25,"obstruction_toward_b_deg":0.92,"canyon":true,"featured":false,"notes":null,"osm_way_ids":[145037492],"bearing_bucket":"150-180","stroke":"#984ea3","stroke-width":2,"stroke-opacity":0.9}},
{"type":"Feature","geometry":{"type":"LineString","coordinates":[[11.51202,48.22158],[11.51848,48.22345]]},"properties":{"id":"sl_f481c88d","name":"Heppstraße","kind":"street","a":[48.22158,11.51202],"b":[48.22345,11.51848],"length_m":523,"max_offset_m":2.9,"bearing_ab":66.6,"bearing_ba":246.6,"obstruction_toward_a_deg":2.0,"obstruction_toward_b_deg":2.0,"canyon":false,"featured":false,"notes":null,"osm_way_ids":[4956111],"bearing_bucket":"060-090","stroke":"#ffd92f","stroke-width":2,"stroke-opacity":0.9}},
{"type":"Feature","geometry":{"type":"LineString","coordinates":[[11.53519,48.10897],[11.53532,48.10534]]},"properties":{"id":"sl_f491f207","name":"Distlhofweg","kind":"street","a":[48.10897,11.53519],"b":[48.10534,11.53532],"length_m":404,"max_offset_m":5.7,"bearing_ab":178.7,"bearing_ba":358.7,"obstruction_toward_a_deg":1.86,"obstruction_toward_b_deg":0.95,"canyon":true,"featured":false,"notes":null,"osm_way_ids":[256936137],"bearing_bucket":"150-180","stroke":"#984ea3","stroke-width":2,"stroke-opacity":0.9}},
{"type":"Feature","geometry":{"type":"LineString","coordinates":[[11.53378,48.13319],[11.52789,48.13737]]},"properties":{"id":"sl_f5401bc8","name":"Ridlerstraße","kind":"street","a":[48.13319,11.53378],"b":[48.13737,11.52789],"length_m":639,"max_offset_m":7.2,"bearing_ab":316.7,"bearing_ba":136.7,"obstruction_toward_a_deg":1.46,"obstruction_toward_b_deg":1.46,"canyon":false,"featured":false,"notes":null,"osm_way_ids":[4009456,34563617,34563618,61599232,62334742,94722154,159817908,372036330,851127564],"bearing_bucket":"120-150","stroke":"#377eb8","stroke-width":2,"stroke-opacity":0.9}},
{"type":"Feature","geometry":{"type":"LineString","coordinates":[[11.47322,48.11603],[11.46735,48.11564]]},"properties":{"id":"sl_f54d9a8c","name":"Am Waldspitz","kind":"street","a":[48.11603,11.47322],"b":[48.11564,11.46735],"length_m":440,"max_offset_m":3.4,"bearing_ab":264.3,"bearing_ba":84.3,"obstruction_toward_a_deg":0.87,"obstruction_toward_b_deg":0.87,"canyon":true,"featured":false,"notes":null,"osm_way_ids":[17909308],"bearing_bucket":"060-090","stroke":"#ffd92f","stroke-width":2,"stroke-opacity":0.9}},
{"type":"Feature","geometry":{"type":"LineString","coordinates":[[11.6283,48.09432],[11.62784,48.08966]]},"properties":{"id":"sl_f5548b4d","name":"Unterbiberger Straße","kind":"street","a":[48.09432,11.6283],"b":[48.08966,11.62784],"length_m":519,"max_offset_m":5.4,"bearing_ab":183.8,"bearing_ba":3.8,"obstruction_toward_a_deg":0.74,"obstruction_toward_b_deg":0.39,"canyon":false,"featured":false,"notes":null,"osm_way_ids":[28606950,104405210,1091960707],"bearing_bucket":"000-030","stroke":"#e41a1c","stroke-width":2,"stroke-opacity":0.9}},
{"type":"Feature","geometry":{"type":"LineString","coordinates":[[11.47784,48.16219],[11.47928,48.1583]]},"properties":{"id":"sl_f5ae7d81","name":null,"kind":"street","a":[48.16219,11.47784],"b":[48.1583,11.47928],"length_m":445,"max_offset_m":7.7,"bearing_ab":166.1,"bearing_ba":346.1,"obstruction_toward_a_deg":0.86,"obstruction_toward_b_deg":0.66,"canyon":true,"featured":false,"notes":null,"osm_way_ids":[1548938501],"bearing_bucket":"150-180","stroke":"#984ea3","stroke-width":2,"stroke-opacity":0.9}},
{"type":"Feature","geometry":{"type":"LineString","coordinates":[[11.48253,48.17218],[11.48882,48.16818]]},"properties":{"id":"sl_f5ff49dd","name":"Nußhäherstraße","kind":"street","a":[48.17218,11.48253],"b":[48.16818,11.48882],"length_m":646,"max_offset_m":5.9,"bearing_ab":133.6,"bearing_ba":313.6,"obstruction_toward_a_deg":1.62,"obstruction_toward_b_deg":1.62,"canyon":false,"featured":false,"notes":null,"osm_way_ids":[18831015],"bearing_bucket":"120-150","stroke":"#377eb8","stroke-width":2,"stroke-opacity":0.9}},
{"type":"Feature","geometry":{"type":"LineString","coordinates":[[11.59174,48.113],[11.58488,48.11494]]},"properties":{"id":"sl_f6396d93","name":"Warngauer Straße","kind":"street","a":[48.113,11.59174],"b":[48.11494,11.58488],"length_m":554,"max_offset_m":6.4,"bearing_ab":292.9,"bearing_ba":112.9,"obstruction_toward_a_deg":1.35,"obstruction_toward_b_deg":1.68,"canyon":true,"featured":false,"notes":null,"osm_way_ids":[26778719,150966702,168601161,1091961623],"bearing_bucket":"090-120","stroke":"#4daf4a","stroke-width":2,"stroke-opacity":0.9}},
{"type":"Feature","geometry":{"type":"LineString","coordinates":[[11.4067,48.16266],[11.40469,48.16811]]},"properties":{"id":"sl_f645dc1b","name":"Imkerweg","kind":"street","a":[48.16266,11.4067],"b":[48.16811,11.40469],"length_m":624,"max_offset_m":6.0,"bearing_ab":346.2,"bearing_ba":166.2,"obstruction_toward_a_deg":0.32,"obstruction_toward_b_deg":1.68,"canyon":false,"featured":false,"notes":null,"osm_way_ids":[11529881,35318449,35318450,880614741],"bearing_bucket":"150-180","stroke":"#984ea3","stroke-width":2,"stroke-opacity":0.9}},
{"type":"Feature","geometry":{"type":"LineString","coordinates":[[11.57818,48.21112],[11.56529,48.2089]]},"properties":{"id":"sl_f646124c","name":"Neuherbergstraße","kind":"street","a":[48.21112,11.57818],"b":[48.2089,11.56529],"length_m":989,"max_offset_m":7.4,"bearing_ab":255.5,"bearing_ba":75.5,"obstruction_toward_a_deg":0.57,"obstruction_toward_b_deg":1.13,"canyon":false,"featured":false,"notes":null,"osm_way_ids":[34567688,34912945,333065984,333065987,362703954,362703955,364304264,364304266,364304267,364304268,528566073,1383942214,1420092675,1420092676,1420092677],"bearing_bucket":"060-090","stroke":"#ffd92f","stroke-width":2,"stroke-opacity":0.9}},
{"type":"Feature","geometry":{"type":"LineString","coordinates":[[11.44638,48.18781],[11.45003,48.19082]]},"properties":{"id":"sl_f6788539","name":"Ernst-Haeckel-Straße","kind":"street","a":[48.18781,11.44638],"b":[48.19082,11.45003],"length_m":431,"max_offset_m":7.2,"bearing_ab":39.0,"bearing_ba":219.0,"obstruction_toward_a_deg":2.43,"obstruction_toward_b_deg":2.43,"canyon":false,"featured":false,"notes":null,"osm_way_ids":[32821315,275823229],"bearing_bucket":"030-060","stroke":"#ff7f00","stroke-width":2,"stroke-opacity":0.9}},
{"type":"Feature","geometry":{"type":"LineString","coordinates":[[11.5195,48.10192],[11.5316,48.10274]]},"properties":{"id":"sl_f67c2d08","name":"Zielstattstraße","kind":"street","a":[48.10192,11.5195],"b":[48.10274,11.5316],"length_m":906,"max_offset_m":7.7,"bearing_ab":84.2,"bearing_ba":264.2,"obstruction_toward_a_deg":0.83,"obstruction_toward_b_deg":0.63,"canyon":true,"featured":false,"notes":null,"osm_way_ids":[4329057,24498224,27145416,35881907,58664303,174135713,262486743,405455161,961320746,961322276],"bearing_bucket":"060-090","stroke":"#ffd92f","stroke-width":2,"stroke-opacity":0.9}},
{"type":"Feature","geometry":{"type":"LineString","coordinates":[[11.50456,48.15185],[11.49911,48.15181]]},"properties":{"id":"sl_f69873ef","name":"Kemnatenstraße","kind":"street","a":[48.15185,11.50456],"b":[48.15181,11.49911],"length_m":405,"max_offset_m":3.3,"bearing_ab":269.4,"bearing_ba":89.4,"obstruction_toward_a_deg":1.4,"obstruction_toward_b_deg":2.59,"canyon":true,"featured":false,"notes":null,"osm_way_ids":[4623649],"bearing_bucket":"060-090","stroke":"#ffd92f","stroke-width":2,"stroke-opacity":0.9}},
{"type":"Feature","geometry":{"type":"LineString","coordinates":[[11.54392,48.12211],[11.54361,48.1159]]},"properties":{"id":"sl_f6d0b0ad","name":"Daiserstraße","kind":"street","a":[48.12211,11.54392],"b":[48.1159,11.54361],"length_m":691,"max_offset_m":6.6,"bearing_ab":182.0,"bearing_ba":2.0,"obstruction_toward_a_deg":1.35,"obstruction_toward_b_deg":0.56,"canyon":true,"featured":false,"notes":null,"osm_way_ids":[158425746,1033518380,1495889056],"bearing_bucket":"000-030","stroke":"#e41a1c","stroke-width":2,"stroke-opacity":0.9}},
{"type":"Feature","geometry":{"type":"LineString","coordinates":[[11.50155,48.08704],[11.50739,48.08873]]},"properties":{"id":"sl_f6e76b95","name":"Stäblistraße","kind":"street","a":[48.08704,11.50155],"b":[48.08873,11.50739],"length_m":473,"max_offset_m":7.9,"bearing_ab":66.7,"bearing_ba":246.7,"obstruction_toward_a_deg":0.42,"obstruction_toward_b_deg":0.81,"canyon":false,"featured":false,"notes":null,"osm_way_ids":[58422305,146918658,158424376,296774664,296774665,1430017252,1430017253],"bearing_bucket":"060-090","stroke":"#ffd92f","stroke-width":2,"stroke-opacity":0.9}},
{"type":"Feature","geometry":{"type":"LineString","coordinates":[[11.68489,48.20475],[11.67421,48.20631]]},"properties":{"id":"sl_f6f1dcef","name":"Mittlere-Isar-Kanal","kind":"canal","a":[48.20475,11.68489],"b":[48.20631,11.67421],"length_m":812,"max_offset_m":4.7,"bearing_ab":282.3,"bearing_ba":102.3,"obstruction_toward_a_deg":1.29,"obstruction_toward_b_deg":1.29,"canyon":false,"featured":false,"notes":null,"osm_way_ids":[3811740],"bearing_bucket":"090-120","stroke":"#4daf4a","stroke-width":2,"stroke-opacity":0.9}},
{"type":"Feature","geometry":{"type":"LineString","coordinates":[[11.6602,48.13029],[11.66529,48.12861]]},"properties":{"id":"sl_f6fa4f9e","name":"Kießlingerstraße","kind":"street","a":[48.13029,11.6602],"b":[48.12861,11.66529],"length_m":423,"max_offset_m":1.0,"bearing_ab":116.2,"bearing_ba":296.2,"obstruction_toward_a_deg":0.91,"obstruction_toward_b_deg":1.34,"canyon":true,"featured":false,"notes":null,"osm_way_ids":[4016939],"bearing_bucket":"090-120","stroke":"#4daf4a","stroke-width":2,"stroke-opacity":0.9}},
{"type":"Feature","geometry":{"type":"LineString","coordinates":[[11.58411,48.1958],[11.57198,48.19663]]},"properties":{"id":"sl_f7387517","name":"Sudetendeutschestraße","kind":"street","a":[48.1958,11.58411],"b":[48.19663,11.57198],"length_m":907,"max_offset_m":3.9,"bearing_ab":275.9,"bearing_ba":95.9,"obstruction_toward_a_deg":0.83,"obstruction_toward_b_deg":0.42,"canyon":true,"featured":false,"notes":null,"osm_way_ids":[4406773,31821081,36569994,102660435,392256090,1284983976,1503704931],"bearing_bucket":"090-120","stroke":"#4daf4a","stroke-width":2,"stroke-opacity":0.9}},
{"type":"Feature","geometry":{"type":"LineString","coordinates":[[11.52001,48.16406],[11.51222,48.16204]]},"properties":{"id":"sl_f794bc8c","name":"Dall'Armistraße","kind":"street","a":[48.16406,11.52001],"b":[48.16204,11.51222],"length_m":621,"max_offset_m":7.5,"bearing_ab":248.8,"bearing_ba":68.8,"obstruction_toward_a_deg":0.91,"obstruction_toward_b_deg":0.62,"canyon":true,"featured":false,"notes":null,"osm_way_ids":[4675740],"bearing_bucket":"060-090","stroke":"#ffd92f","stroke-width":2,"stroke-opacity":0.9}},
{"type":"Feature","geometry":{"type":"LineString","coordinates":[[11.6633,48.16531],[11.66269,48.16154]]},"properties":{"id":"sl_f7ac95d6","name":"Glücksburger Straße","kind":"street","a":[48.16531,11.6633],"b":[48.16154,11.66269],"length_m":422,"max_offset_m":7.6,"bearing_ab":186.2,"bearing_ba":6.2,"obstruction_toward_a_deg":1.13,"obstruction_toward_b_deg":2.48,"canyon":false,"featured":false,"notes":null,"osm_way_ids":[15955897,80118915,283609439,283609443,301972042,1381919932],"bearing_bucket":"000-030","stroke":"#e41a1c","stroke-width":2,"stroke-opacity":0.9}},
{"type":"Feature","geometry":{"type":"LineString","coordinates":[[11.50905,48.17763],[11.5096,48.17244]]},"properties":{"id":"sl_f7bf9e82","name":"Ernst-Platz-Straße","kind":"street","a":[48.17763,11.50905],"b":[48.17244,11.5096],"length_m":579,"max_offset_m":6.9,"bearing_ab":176.0,"bearing_ba":356.0,"obstruction_toward_a_deg":0.66,"obstruction_toward_b_deg":0.66,"canyon":true,"featured":false,"notes":null,"osm_way_ids":[16617913,1259768390],"bearing_bucket":"150-180","stroke":"#984ea3","stroke-width":2,"stroke-opacity":0.9}},
{"type":"Feature","geometry":{"type":"LineString","coordinates":[[11.5395,48.19229],[11.53986,48.19779]]},"properties":{"id":"sl_f7f5ea7c","name":"Heidelerchenstraße","kind":"street","a":[48.19229,11.5395],"b":[48.19779,11.53986],"length_m":613,"max_offset_m":2.3,"bearing_ab":2.5,"bearing_ba":182.5,"obstruction_toward_a_deg":1.71,"obstruction_toward_b_deg":1.71,"canyon":false,"featured":false,"notes":null,"osm_way_ids":[7380136],"bearing_bucket":"000-030","stroke":"#e41a1c","stroke-width":2,"stroke-opacity":0.9}},
{"type":"Feature","geometry":{"type":"LineString","coordinates":[[11.41751,48.18061],[11.42292,48.18105]]},"properties":{"id":"sl_f84df222","name":"Alprichstraße","kind":"street","a":[48.18061,11.41751],"b":[48.18105,11.42292],"length_m":405,"max_offset_m":5.4,"bearing_ab":83.0,"bearing_ba":263.0,"obstruction_toward_a_deg":0.72,"obstruction_toward_b_deg":0.95,"canyon":true,"featured":false,"notes":null,"osm_way_ids":[11980248,1031988037],"bearing_bucket":"060-090","stroke":"#ffd92f","stroke-width":2,"stroke-opacity":0.9}},
{"type":"Feature","geometry":{"type":"LineString","coordinates":[[11.66345,48.10867],[11.64965,48.11342]]},"properties":{"id":"sl_f8c86c44","name":"Zehntfeldstraße","kind":"street","a":[48.10867,11.66345],"b":[48.11342,11.64965],"length_m":1156,"max_offset_m":7.9,"bearing_ab":297.2,"bearing_ba":117.2,"obstruction_toward_a_deg":0.33,"obstruction_toward_b_deg":0.33,"canyon":true,"featured":false,"notes":null,"osm_way_ids":[157959493,218907681,771073854,834950895,834950896,834950901,834950902,1167566266,1279825053,1506610450,1506934218],"bearing_bucket":"090-120","stroke":"#4daf4a","stroke-width":2,"stroke-opacity":0.9}},
{"type":"Feature","geometry":{"type":"LineString","coordinates":[[11.57611,48.15502],[11.57011,48.15659]]},"properties":{"id":"sl_f8e80ae8","name":"Georgenstraße","kind":"street","a":[48.15502,11.57611],"b":[48.15659,11.57011],"length_m":479,"max_offset_m":7.3,"bearing_ab":291.4,"bearing_ba":111.4,"obstruction_toward_a_deg":1.57,"obstruction_toward_b_deg":1.95,"canyon":true,"featured":false,"notes":null,"osm_way_ids":[4071766,151996170,155055228,851113025,1093404772],"bearing_bucket":"090-120","stroke":"#4daf4a","stroke-width":2,"stroke-opacity":0.9}},
{"type":"Feature","geometry":{"type":"LineString","coordinates":[[11.56445,48.1216],[11.57571,48.12759]]},"properties":{"id":"sl_f91ad012","name":"Wittelsbacherstraße","kind":"street","a":[48.1216,11.56445],"b":[48.12759,11.57571],"length_m":1071,"max_offset_m":5.2,"bearing_ab":51.5,"bearing_ba":231.5,"obstruction_toward_a_deg":1.04,"obstruction_toward_b_deg":0.87,"canyon":false,"featured":false,"notes":null,"osm_way_ids":[31965787,31965788,151456184,171272240,171272242,1004519810,1004519811,1105750375,1498519596,1498519598,1498519600,1498519604,1498519606,1498519607,1498519608,1498519610,1498519612],"bearing_bucket":"030-060","stroke":"#ff7f00","stroke-width":2,"stroke-opacity":0.9}},
{"type":"Feature","geometry":{"type":"LineString","coordinates":[[11.57745,48.18058],[11.57808,48.18426]]},"properties":{"id":"sl_f9408fdf","name":"Abtstraße","kind":"street","a":[48.18058,11.57745],"b":[48.18426,11.57808],"length_m":412,"max_offset_m":5.1,"bearing_ab":6.6,"bearing_ba":186.6,"obstruction_toward_a_deg":2.54,"obstruction_toward_b_deg":1.6,"canyon":true,"featured":false,"notes":null,"osm_way_ids":[22325251,153625834],"bearing_bucket":"000-030","stroke":"#e41a1c","stroke-width":2,"stroke-opacity":0.9}},
{"type":"Feature","geometry":{"type":"LineString","coordinates":[[11.69999,48.10758],[11.70549,48.10164]]},"properties":{"id":"sl_f9843f63","name":"In der Heuluss","kind":"street","a":[48.10758,11.69999],"b":[48.10164,11.70549],"length_m":777,"max_offset_m":4.3,"bearing_ab":148.1,"bearing_ba":328.1,"obstruction_toward_a_deg":0.49,"obstruction_toward_b_deg":0.49,"canyon":false,"featured":false,"notes":null,"osm_way_ids":[3625904,3709038,53819224,1107297488],"bearing_bucket":"120-150","stroke":"#377eb8","stroke-width":2,"stroke-opacity":0.9}},
{"type":"Feature","geometry":{"type":"LineString","coordinates":[[11.49155,48.07946],[11.48698,48.07605]]},"properties":{"id":"sl_f9e48500","name":"Forstenrieder Allee","kind":"street","a":[48.07946,11.49155],"b":[48.07605,11.48698],"length_m":509,"max_offset_m":6.7,"bearing_ab":222.0,"bearing_ba":42.0,"obstruction_toward_a_deg":0.75,"obstruction_toward_b_deg":2.06,"canyon":false,"featured":false,"notes":null,"osm_way_ids":[56429126,144936129,158175318,1210213526,1210213528,1426878046,1426878047,1426878048,1426878049],"bearing_bucket":"030-060","stroke":"#ff7f00","stroke-width":2,"stroke-opacity":0.9}},
{"type":"Feature","geometry":{"type":"LineString","coordinates":[[11.52562,48.09736],[11.5328,48.09774]]},"properties":{"id":"sl_f9e5e7c6","name":"Gmunder Straße","kind":"street","a":[48.09736,11.52562],"b":[48.09774,11.5328],"length_m":537,"max_offset_m":7.8,"bearing_ab":85.4,"bearing_ba":265.4,"obstruction_toward_a_deg":1.23,"obstruction_toward_b_deg":1.74,"canyon":true,"featured":false,"notes":null,"osm_way_ids":[34565092,1384583252,1384583253],"bearing_bucket":"060-090","stroke":"#ffd92f","stroke-width":2,"stroke-opacity":0.9}},
{"type":"Feature","geometry":{"type":"LineString","coordinates":[[11.7051,48.10977],[11.69774,48.10668]]},"properties":{"id":"sl_fa0b295d","name":"Togostraße","kind":"street","a":[48.10977,11.7051],"b":[48.10668,11.69774],"length_m":647,"max_offset_m":8.0,"bearing_ab":237.9,"bearing_ba":57.9,"obstruction_toward_a_deg":0.59,"obstruction_toward_b_deg":0.59,"canyon":true,"featured":false,"notes":null,"osm_way_ids":[3655076,3846341,53815844],"bearing_bucket":"030-060","stroke":"#ff7f00","stroke-width":2,"stroke-opacity":0.9}},
{"type":"Feature","geometry":{"type":"LineString","coordinates":[[11.50432,48.2229],[11.51263,48.22423]]},"properties":{"id":"sl_fa17177a","name":"Würmhölzlstraße","kind":"street","a":[48.2229,11.50432],"b":[48.22423,11.51263],"length_m":635,"max_offset_m":7.5,"bearing_ab":76.5,"bearing_ba":256.5,"obstruction_toward_a_deg":1.65,"obstruction_toward_b_deg":1.65,"canyon":false,"featured":false,"notes":null,"osm_way_ids":[27683846,109152558,109152586],"bearing_bucket":"060-090","stroke":"#ffd92f","stroke-width":2,"stroke-opacity":0.9}},
{"type":"Feature","geometry":{"type":"LineString","coordinates":[[11.50624,48.13977],[11.49723,48.13968]]},"properties":{"id":"sl_fa2505e7","name":"Agnes-Bernauer-Straße","kind":"street","a":[48.13977,11.50624],"b":[48.13968,11.49723],"length_m":671,"max_offset_m":7.0,"bearing_ab":269.2,"bearing_ba":89.2,"obstruction_toward_a_deg":1.12,"obstruction_toward_b_deg":1.12,"canyon":false,"featured":false,"notes":null,"osm_way_ids":[4901752,343008951,343008966,343008968,343008969,343008970,343008972,1365982147,1365982148],"bearing_bucket":"060-090","stroke":"#ffd92f","stroke-width":2,"stroke-opacity":0.9}},
{"type":"Feature","geometry":{"type":"LineString","coordinates":[[11.54557,48.07589],[11.54796,48.08108]]},"properties":{"id":"sl_fa97e3bf","name":"Benediktenwandstraße","kind":"street","a":[48.07589,11.54557],"b":[48.08108,11.54796],"length_m":604,"max_offset_m":7.5,"bearing_ab":17.1,"bearing_ba":197.1,"obstruction_toward_a_deg":0.79,"obstruction_toward_b_deg":0.64,"canyon":true,"featured":false,"notes":null,"osm_way_ids":[28925097,1083289884,1083289886],"bearing_bucket":"000-030","stroke":"#e41a1c","stroke-width":2,"stroke-opacity":0.9}},
{"type":"Feature","geometry":{"type":"LineString","coordinates":[[11.47935,48.08869],[11.48688,48.08655]]},"properties":{"id":"sl_fab5c530","name":"Neurieder Straße","kind":"street","a":[48.08869,11.47935],"b":[48.08655,11.48688],"length_m":609,"max_offset_m":7.3,"bearing_ab":112.9,"bearing_ba":293.0,"obstruction_toward_a_deg":1.23,"obstruction_toward_b_deg":1.72,"canyon":false,"featured":false,"notes":null,"osm_way_ids":[30600009,30909904,142419788,307433591,383846811,383846812,383846813,500232264,673616473,673617391,673617392],"bearing_bucket":"090-120","stroke":"#4daf4a","stroke-width":2,"stroke-opacity":0.9}},
{"type":"Feature","geometry":{"type":"LineString","coordinates":[[11.44596,48.18556],[11.45507,48.18778]]},"properties":{"id":"sl_fb039e85","name":"Rudhartstraße","kind":"street","a":[48.18556,11.44596],"b":[48.18778,11.45507],"length_m":721,"max_offset_m":2.6,"bearing_ab":70.0,"bearing_ba":250.0,"obstruction_toward_a_deg":0.53,"obstruction_toward_b_deg":0.53,"canyon":true,"featured":false,"notes":null,"osm_way_ids":[18835006],"bearing_bucket":"060-090","stroke":"#ffd92f","stroke-width":2,"stroke-opacity":0.9}},
{"type":"Feature","geometry":{"type":"LineString","coordinates":[[11.51073,48.15033],[11.50583,48.15514]]},"properties":{"id":"sl_fb2a3998","name":"Hirschgartenallee","kind":"street","a":[48.15033,11.51073],"b":[48.15514,11.50583],"length_m":647,"max_offset_m":4.0,"bearing_ab":325.7,"bearing_ba":145.7,"obstruction_toward_a_deg":0.88,"obstruction_toward_b_deg":0.88,"canyon":true,"featured":false,"notes":null,"osm_way_ids":[27611640,153360593,626398257],"bearing_bucket":"120-150","stroke":"#377eb8","stroke-width":2,"stroke-opacity":0.9}},
{"type":"Feature","geometry":{"type":"LineString","coordinates":[[11.4987,48.15772],[11.48787,48.15734]]},"properties":{"id":"sl_fb550ff3","name":"Südliche Hochallee","kind":"street","a":[48.15772,11.4987],"b":[48.15734,11.48787],"length_m":807,"max_offset_m":4.4,"bearing_ab":267.0,"bearing_ba":87.0,"obstruction_toward_a_deg":1.3,"obstruction_toward_b_deg":1.3,"canyon":false,"featured":false,"notes":null,"osm_way_ids":[373545082],"bearing_bucket":"060-090","stroke":"#ffd92f","stroke-width":2,"stroke-opacity":0.9}},
{"type":"Feature","geometry":{"type":"LineString","coordinates":[[11.59228,48.13949],[11.59395,48.14345]]},"properties":{"id":"sl_fb56a278","name":"Reitmorstraße","kind":"street","a":[48.13949,11.59228],"b":[48.14345,11.59395],"length_m":457,"max_offset_m":7.8,"bearing_ab":15.7,"bearing_ba":195.7,"obstruction_toward_a_deg":1.64,"obstruction_toward_b_deg":2.04,"canyon":true,"featured":false,"notes":null,"osm_way_ids":[4645429,26593592,27375917,1503924888,1503924891,1503924893],"bearing_bucket":"000-030","stroke":"#e41a1c","stroke-width":2,"stroke-opacity":0.9}},
{"type":"Feature","geometry":{"type":"LineString","coordinates":[[11.66164,48.08894],[11.67033,48.08631]]},"properties":{"id":"sl_fb70a84a","name":"Hamannstraße","kind":"street","a":[48.08894,11.66164],"b":[48.08631,11.67033],"length_m":710,"max_offset_m":7.2,"bearing_ab":114.3,"bearing_ba":294.3,"obstruction_toward_a_deg":0.54,"obstruction_toward_b_deg":0.54,"canyon":true,"featured":false,"notes":null,"osm_way_ids":[6275621],"bearing_bucket":"090-120","stroke":"#4daf4a","stroke-width":2,"stroke-opacity":0.9}},
{"type":"Feature","geometry":{"type":"LineString","coordinates":[[11.59511,48.10029],[11.59734,48.0964]]},"properties":{"id":"sl_fb735c1b","name":null,"kind":"street","a":[48.10029,11.59511],"b":[48.0964,11.59734],"length_m":462,"max_offset_m":0.7,"bearing_ab":159.0,"bearing_ba":339.0,"obstruction_toward_a_deg":0.43,"obstruction_toward_b_deg":2.27,"canyon":false,"featured":false,"notes":null,"osm_way_ids":[23993688],"bearing_bucket":"150-180","stroke":"#984ea3","stroke-width":2,"stroke-opacity":0.9}},
{"type":"Feature","geometry":{"type":"LineString","coordinates":[[11.64639,48.15311],[11.63989,48.15323]]},"properties":{"id":"sl_fbc5e36a","name":"Memeler Straße","kind":"street","a":[48.15311,11.64639],"b":[48.15323,11.63989],"length_m":484,"max_offset_m":5.8,"bearing_ab":271.6,"bearing_ba":91.6,"obstruction_toward_a_deg":0.79,"obstruction_toward_b_deg":0.79,"canyon":true,"featured":false,"notes":null,"osm_way_ids":[6004046,1221397261],"bearing_bucket":"090-120","stroke":"#4daf4a","stroke-width":2,"stroke-opacity":0.9}},
{"type":"Feature","geometry":{"type":"LineString","coordinates":[[11.4766,48.12558],[11.46996,48.12579]]},"properties":{"id":"sl_fbf032a7","name":"Terofalstraße","kind":"street","a":[48.12558,11.4766],"b":[48.12579,11.46996],"length_m":494,"max_offset_m":7.5,"bearing_ab":272.7,"bearing_ba":92.7,"obstruction_toward_a_deg":3.37,"obstruction_toward_b_deg":2.26,"canyon":false,"featured":false,"notes":null,"osm_way_ids":[16943692,16943735,24649344,284925762,1026502431],"bearing_bucket":"090-120","stroke":"#4daf4a","stroke-width":2,"stroke-opacity":0.9}},
{"type":"Feature","geometry":{"type":"LineString","coordinates":[[11.52463,48.13563],[11.51837,48.1401]]},"properties":{"id":"sl_fc3c3511","name":"Elsenheimerstraße","kind":"street","a":[48.13563,11.52463],"b":[48.1401,11.51837],"length_m":681,"max_offset_m":6.1,"bearing_ab":316.8,"bearing_ba":136.8,"obstruction_toward_a_deg":1.12,"obstruction_toward_b_deg":1.37,"canyon":true,"featured":false,"notes":null,"osm_way_ids":[4009458,51734648,172485422,1421510627],"bearing_bucket":"120-150","stroke":"#377eb8","stroke-width":2,"stroke-opacity":0.9}},
{"type":"Feature","geometry":{"type":"LineString","coordinates":[[11.50615,48.18302],[11.50089,48.18222]]},"properties":{"id":"sl_fc5a6a76","name":"Puchheimer Straße","kind":"street","a":[48.18302,11.50615],"b":[48.18222,11.50089],"length_m":401,"max_offset_m":7.7,"bearing_ab":257.1,"bearing_ba":77.1,"obstruction_toward_a_deg":0.73,"obstruction_toward_b_deg":2.61,"canyon":true,"featured":false,"notes":null,"osm_way_ids":[5832498,164458773,1430585016],"bearing_bucket":"060-090","stroke":"#ffd92f","stroke-width":2,"stroke-opacity":0.9}},
{"type":"Feature","geometry":{"type":"LineString","coordinates":[[11.57132,48.15043],[11.57447,48.15541]]},"properties":{"id":"sl_fce6bfbb","name":"Schraudolphstraße","kind":"street","a":[48.15043,11.57132],"b":[48.15541,11.57447],"length_m":601,"max_offset_m":1.2,"bearing_ab":22.9,"bearing_ba":202.9,"obstruction_toward_a_deg":1.55,"obstruction_toward_b_deg":1.55,"canyon":true,"featured":false,"notes":null,"osm_way_ids":[4262211],"bearing_bucket":"000-030","stroke":"#e41a1c","stroke-width":2,"stroke-opacity":0.9}},
{"type":"Feature","geometry":{"type":"LineString","coordinates":[[11.51745,48.16685],[11.52167,48.16227]]},"properties":{"id":"sl_fcf47b5f","name":"Nederlinger Straße","kind":"street","a":[48.16685,11.51745],"b":[48.16227,11.52167],"length_m":598,"max_offset_m":6.5,"bearing_ab":148.4,"bearing_ba":328.4,"obstruction_toward_a_deg":1.75,"obstruction_toward_b_deg":0.8,"canyon":true,"featured":false,"notes":null,"osm_way_ids":[4075461,27828598,42399972,42399974,152102245,1393771556,1436231439],"bearing_bucket":"120-150","stroke":"#377eb8","stroke-width":2,"stroke-opacity":0.9}},
{"type":"Feature","geometry":{"type":"LineString","coordinates":[[11.49912,48.11975],[11.49746,48.11487]]},"properties":{"id":"sl_fd0056ff","name":"Kornwegerstraße","kind":"street","a":[48.11975,11.49912],"b":[48.11487,11.49746],"length_m":556,"max_offset_m":7.3,"bearing_ab":192.8,"bearing_ba":12.8,"obstruction_toward_a_deg":0.69,"obstruction_toward_b_deg":1.89,"canyon":false,"featured":false,"notes":null,"osm_way_ids":[15053928,158895089,1446544737,1446551587],"bearing_bucket":"000-030","stroke":"#e41a1c","stroke-width":2,"stroke-opacity":0.9}},
{"type":"Feature","geometry":{"type":"LineString","coordinates":[[11.42742,48.15747],[11.43358,48.15795]]},"properties":{"id":"sl_fd2f46b9","name":"Aubing-Ost-Straße","kind":"street","a":[48.15747,11.42742],"b":[48.15795,11.43358],"length_m":462,"max_offset_m":7.1,"bearing_ab":83.3,"bearing_ba":263.3,"obstruction_toward_a_deg":0.55,"obstruction_toward_b_deg":0.83,"canyon":true,"featured":false,"notes":null,"osm_way_ids":[19084726],"bearing_bucket":"060-090","stroke":"#ffd92f","stroke-width":2,"stroke-opacity":0.9}},
{"type":"Feature","geometry":{"type":"LineString","coordinates":[[11.41115,48.14297],[11.40329,48.14191]]},"properties":{"id":"sl_fd6a15ee","name":"Helmut-Schmidt-Allee","kind":"street","a":[48.14297,11.41115],"b":[48.14191,11.40329],"length_m":597,"max_offset_m":2.0,"bearing_ab":258.5,"bearing_ba":78.5,"obstruction_toward_a_deg":1.76,"obstruction_toward_b_deg":0.8,"canyon":false,"featured":false,"notes":null,"osm_way_ids":[513652433,721302669],"bearing_bucket":"060-090","stroke":"#ffd92f","stroke-width":2,"stroke-opacity":0.9}},
{"type":"Feature","geometry":{"type":"LineString","coordinates":[[11.61384,48.18883],[11.61985,48.187]]},"properties":{"id":"sl_fd8b17f7","name":"Leinthalerstraße","kind":"street","a":[48.18883,11.61384],"b":[48.187,11.61985],"length_m":491,"max_offset_m":1.7,"bearing_ab":114.5,"bearing_ba":294.5,"obstruction_toward_a_deg":1.16,"obstruction_toward_b_deg":2.14,"canyon":false,"featured":false,"notes":null,"osm_way_ids":[4822612,35765987,35765988,82488543,88749676],"bearing_bucket":"090-120","stroke":"#4daf4a","stroke-width":2,"stroke-opacity":0.9}},
{"type":"Feature","geometry":{"type":"LineString","coordinates":[[11.6033,48.10417],[11.60138,48.10804]]},"properties":{"id":"sl_fd91fd7d","name":"Paulsdorfferstraße","kind":"street","a":[48.10417,11.6033],"b":[48.10804,11.60138],"length_m":453,"max_offset_m":0.9,"bearing_ab":341.6,"bearing_ba":161.6,"obstruction_toward_a_deg":2.06,"obstruction_toward_b_deg":1.45,"canyon":true,"featured":false,"notes":null,"osm_way_ids":[4920901],"bearing_bucket":"150-180","stroke":"#984ea3","stroke-width":2,"stroke-opacity":0.9}},
{"type":"Feature","geometry":{"type":"LineString","coordinates":[[11.51876,48.08306],[11.50674,48.08739]]},"properties":{"id":"sl_fe1140c5","name":"Hofbrunnstraße","kind":"street","a":[48.08306,11.51876],"b":[48.08739,11.50674],"length_m":1016,"max_offset_m":6.1,"bearing_ab":298.3,"bearing_ba":118.3,"obstruction_toward_a_deg":0.2,"obstruction_toward_b_deg":0.38,"canyon":true,"featured":false,"notes":null,"osm_way_ids":[158261553,158261555,204851429,204851430,322667202,1430022885,1430022886],"bearing_bucket":"090-120","stroke":"#4daf4a","stroke-width":2,"stroke-opacity":0.9}},
{"type":"Feature","geometry":{"type":"LineString","coordinates":[[11.51206,48.08746],[11.51744,48.08602]]},"properties":{"id":"sl_fe443ed0","name":"Wilbrechtstraße","kind":"street","a":[48.08746,11.51206],"b":[48.08602,11.51744],"length_m":432,"max_offset_m":7.0,"bearing_ab":111.8,"bearing_ba":291.8,"obstruction_toward_a_deg":0.89,"obstruction_toward_b_deg":0.89,"canyon":true,"featured":false,"notes":null,"osm_way_ids":[1430296421,1430296422,1430296423,1430296425,1430303823,1430303824],"bearing_bucket":"090-120","stroke":"#4daf4a","stroke-width":2,"stroke-opacity":0.9}},
{"type":"Feature","geometry":{"type":"LineString","coordinates":[[11.62725,48.10186],[11.61935,48.10777]]},"properties":{"id":"sl_fee44dc9","name":"Ottobrunner Straße","kind":"street","a":[48.10186,11.62725],"b":[48.10777,11.61935],"length_m":882,"max_offset_m":6.5,"bearing_ab":318.2,"bearing_ba":138.2,"obstruction_toward_a_deg":0.64,"obstruction_toward_b_deg":0.64,"canyon":false,"featured":false,"notes":null,"osm_way_ids":[5832619,49712177,146645330,334738101,334738107,659124987,659124992,1098614014,1110497124,1424949184],"bearing_bucket":"120-150","stroke":"#377eb8","stroke-width":2,"stroke-opacity":0.9}},
{"type":"Feature","geometry":{"type":"LineString","coordinates":[[11.69662,48.10495],[11.69183,48.10304]]},"properties":{"id":"sl_fee63c06","name":"Eisvogelweg","kind":"street","a":[48.10495,11.69662],"b":[48.10304,11.69183],"length_m":416,"max_offset_m":1.9,"bearing_ab":239.2,"bearing_ba":59.2,"obstruction_toward_a_deg":0.7,"obstruction_toward_b_deg":0.92,"canyon":true,"featured":false,"notes":null,"osm_way_ids":[3846325,1116756785,1534903741,1534903743],"bearing_bucket":"030-060","stroke":"#ff7f00","stroke-width":2,"stroke-opacity":0.9}},
{"type":"Feature","geometry":{"type":"LineString","coordinates":[[11.52072,48.16978],[11.52036,48.17372]]},"properties":{"id":"sl_ff1d9bcf","name":null,"kind":"street","a":[48.16978,11.52072],"b":[48.17372,11.52036],"length_m":440,"max_offset_m":4.8,"bearing_ab":356.5,"bearing_ba":176.5,"obstruction_toward_a_deg":2.38,"obstruction_toward_b_deg":2.38,"canyon":false,"featured":false,"notes":null,"osm_way_ids":[15686859],"bearing_bucket":"150-180","stroke":"#984ea3","stroke-width":2,"stroke-opacity":0.9}},
{"type":"Feature","geometry":{"type":"LineString","coordinates":[[11.69554,48.12453],[11.70864,48.1246]]},"properties":{"id":"sl_ff3bde79","name":null,"kind":"street","a":[48.12453,11.69554],"b":[48.1246,11.70864],"length_m":976,"max_offset_m":3.0,"bearing_ab":89.5,"bearing_ba":269.5,"obstruction_toward_a_deg":1.07,"obstruction_toward_b_deg":1.07,"canyon":false,"featured":false,"notes":null,"osm_way_ids":[4515270],"bearing_bucket":"060-090","stroke":"#ffd92f","stroke-width":2,"stroke-opacity":0.9}},
{"type":"Feature","geometry":{"type":"LineString","coordinates":[[11.54858,48.1975],[11.55397,48.1986]]},"properties":{"id":"sl_ff71a8cc","name":"Irisstraße","kind":"street","a":[48.1975,11.54858],"b":[48.1986,11.55397],"length_m":419,"max_offset_m":7.4,"bearing_ab":73.0,"bearing_ba":253.0,"obstruction_toward_a_deg":2.5,"obstruction_toward_b_deg":0.92,"canyon":true,"featured":false,"notes":null,"osm_way_ids":[27661638],"bearing_bucket":"060-090","stroke":"#ffd92f","stroke-width":2,"stroke-opacity":0.9}},
{"type":"Feature","geometry":{"type":"LineString","coordinates":[[11.41966,48.15763],[11.42821,48.15955]]},"properties":{"id":"sl_ff7cd1f3","name":"Kastelburgstraße","kind":"street","a":[48.15763,11.41966],"b":[48.15955,11.42821],"length_m":671,"max_offset_m":7.3,"bearing_ab":71.4,"bearing_ba":251.5,"obstruction_toward_a_deg":0.57,"obstruction_toward_b_deg":0.57,"canyon":false,"featured":false,"notes":null,"osm_way_ids":[2129436,1382523925,1382524955],"bearing_bucket":"060-090","stroke":"#ffd92f","stroke-width":2,"stroke-opacity":0.9}},
{"type":"Feature","geometry":{"type":"LineString","coordinates":[[11.47394,48.15008],[11.46645,48.15006]]},"properties":{"id":"sl_ffb0723b","name":"Nusselstraße","kind":"street","a":[48.15008,11.47394],"b":[48.15006,11.46645],"length_m":557,"max_offset_m":5.1,"bearing_ab":269.7,"bearing_ba":89.7,"obstruction_toward_a_deg":1.35,"obstruction_toward_b_deg":0.69,"canyon":true,"featured":false,"notes":null,"osm_way_ids":[142988059,242247286,1222950698],"bearing_bucket":"060-090","stroke":"#ffd92f","stroke-width":2,"stroke-opacity":0.9}},
{"type":"Feature","geometry":{"type":"LineString","coordinates":[[11.52158,48.11067],[11.53172,48.11116]]},"properties":{"id":"sl_fffe6157","name":"Konrad-Celtis-Straße","kind":"street","a":[48.11067,11.52158],"b":[48.11116,11.53172],"length_m":757,"max_offset_m":7.8,"bearing_ab":85.9,"bearing_ba":265.9,"obstruction_toward_a_deg":0.99,"obstruction_toward_b_deg":0.99,"canyon":true,"featured":false,"notes":null,"osm_way_ids":[4757843,144655310,1491511099,1491511100,1491511101,1491511102,1491511103,1491511104,1491511105,1491569220,1491569221,1491569222,1491569224,1491569226,1491569229,1491569231],"bearing_bucket":"060-090","stroke":"#ffd92f","stroke-width":2,"stroke-opacity":0.9}},
{"type":"Feature","geometry":{"type":"Point","coordinates":[11.552,48.171]},"properties":{"id":"sl_open_olympiaberg","name":"Olympiaberg","kind":"open_horizon","a":[48.171,11.552],"b":[48.171,11.552],"length_m":0,"max_offset_m":0.0,"bearing_ab":null,"bearing_ba":null,"obstruction_toward_a_deg":0.5,"obstruction_toward_b_deg":0.5,"canyon":false,"featured":true,"notes":null,"osm_way_ids":[],"bearing_bucket":null,"stroke":"#000000","stroke-width":4,"stroke-opacity":0.9}}
]}
